Source,Location ID,City,State,Country,Latitude,Longitude,Time Zone,Elevation,Local Time Zone,Clearsky DHI Units,Clearsky DNI Units,Clearsky GHI Units,Dew Point Units,DHI Units,DNI Units,GHI Units,Solar Zenith Angle Units,Temperature Units,Pressure Units,Relative Humidity Units,Precipitable Water Units,Wind Direction Units,Wind Speed Units,Cloud Type -15,Cloud Type 0,Cloud Type 1,Cloud Type 2,Cloud Type 3,Cloud Type 4,Cloud Type 5,Cloud Type 6,Cloud Type 7,Cloud Type 8,Cloud Type 9,Cloud Type 10,Cloud Type 11,Cloud Type 12,Fill Flag 0,Fill Flag 1,Fill Flag 2,Fill Flag 3,Fill Flag 4,Fill Flag 5,Surface Albedo Units,Version
NSRDB,160296,-,-,-,38.45,-120.9,-8,212,-8,w/m2,w/m2,w/m2,c,w/m2,w/m2,w/m2,Degree,c,mbar,%,cm,Degrees,m/s,N/A,Clear,Probably Clear,Fog,Water,Super-Cooled Water,Mixed,Opaque Ice,Cirrus,Overlapping,Overshooting,Unknown,Dust,Smoke,N/A,Missing Image,Low Irradiance,Exceeds Clearsky,Missing CLoud Properties,Rayleigh Violation,N/A,v3.2.2
Year,Month,Day,Hour,Minute,Temperature,Clearsky DHI,Clearsky DNI,Clearsky GHI,Cloud Type,Dew Point,DHI,DNI,Fill Flag,GHI,Relative Humidity,Solar Zenith Angle,Surface Albedo,Pressure,Precipitable Water,Wind Direction,Wind Speed,Global Horizontal UV Irradiance (280-400nm),Global Horizontal UV Irradiance (295-385nm),,,,,,,,,,,,,,,,,,,,,,
2021,7,1,0,30,20.700000000000000,0,0,0,0,10.100000000000000,0,0,0,0,50.74,118.24000000000000,0.21,979,2.7,171,1.3,0.0000,0.0000,,,,,,,,,,,,,,,,,,,,,,
2021,7,1,1,30,20.1,0,0,0,0,10.4,0,0,0,0,53.78,115.5,0.21,980,2.7,158,1.3,0.0000,0.0000,,,,,,,,,,,,,,,,,,,,,,
2021,7,1,2,30,19.5,0,0,0,0,11,0,0,0,0,58.03,109.99000000000000,0.21,980,2.7,149,1.4000000000000000,0.0000,0.0000,,,,,,,,,,,,,,,,,,,,,,
2021,7,1,3,30,18.900000000000000,0,0,0,0,11.600000000000000,0,0,0,0,62.5,102.32000000000000,0.21,980,2.7,147,1.4000000000000000,0.0000,0.0000,,,,,,,,,,,,,,,,,,,,,,
2021,7,1,4,30,19.3,0,0,0,0,12.100000000000000,0,0,0,0,62.96,93.09,0.21,981,2.7,149,1.7000000000000000,0.0000,0.0000,,,,,,,,,,,,,,,,,,,,,,
2021,7,1,5,30,21.3,44,263,78,0,12.600000000000000,44,263,0,78,57.46,82.65,0.21,981,2.6,155,1.9000000000000000,0.0000,0.0000,,,,,,,,,,,,,,,,,,,,,,
2021,7,1,6,30,24,86,517,249,0,12.700000000000000,86,517,0,249,49.22,71.65,0.21,982,2.6,169,1.9000000000000000,12.5567,9.7023,,,,,,,,,,,,,,,,,,,,,,
2021,7,1,7,30,26.5,114,660,442,0,12,114,660,0,442,40.58,60.160000000000000,0.21,982,2.6,191,2,24.3450,19.0126,,,,,,,,,,,,,,,,,,,,,,
2021,7,1,8,30,28.700000000000000,132,746,627,0,11.8,132,746,0,627,35.13,48.45,0.21,982,2.5,212,2.1,36.4216,28.5734,,,,,,,,,,,,,,,,,,,,,,
2021,7,1,9,30,30.700000000000000,133,822,791,0,11.3,133,822,0,791,30.32,36.83,0.21,982,2.5,228,2.2,47.3944,37.2635,,,,,,,,,,,,,,,,,,,,,,
2021,7,1,10,30,32.6,121,884,916,0,10.5,121,884,0,916,25.82,25.88,0.21,981,2.4000000000000000,239,2.4000000000000000,55.8544,43.9644,,,,,,,,,,,,,,,,,,,,,,
2021,7,1,11,30,34.2,123,902,984,0,9.4,123,902,0,984,21.900000000000000,17.37,0.21,981,2.3000000000000000,248,2.5,60.5023,47.6468,,,,,,,,,,,,,,,,,,,,,,
2021,7,1,12,30,35.4,127,900,992,0,8.1,127,900,0,992,18.81,16.13,0.21,980,2.2,254,2.7,61.0490,48.0798,,,,,,,,,,,,,,,,,,,,,,
2021,7,1,13,30,36,129,883,940,0,7.1000000000000000,129,883,0,940,17.02,23.36,0.21,980,2.1,259,2.7,57.4834,45.2545,,,,,,,,,,,,,,,,,,,,,,
2021,7,1,14,30,35.800000000000000,124,860,837,0,6.800000000000000,124,860,0,837,16.84,33.96,0.21,979,2.1,262,2.7,50.4262,39.6615,,,,,,,,,,,,,,,,,,,,,,
2021,7,1,15,30,35.6,114,817,687,0,6.6000000000000000,114,817,0,687,16.81,45.49,0.21,979,2.1,263,2.8000000000000000,40.2870,31.6281,,,,,,,,,,,,,,,,,,,,,,
2021,7,1,16,30,33.6,100,747,505,0,6.6000000000000000,100,747,0,505,18.67,57.21,0.21,979,2.1,266,2.7,28.2713,22.1121,,,,,,,,,,,,,,,,,,,,,,
2021,7,1,17,30,31.200000000000000,82,625,308,0,6.800000000000000,82,625,0,308,21.69,68.79,0.21,980,2.1,269,2.6,15.9364,12.3588,,,,,,,,,,,,,,,,,,,,,,
2021,7,1,18,30,27.700000000000000,52,397,121,0,7.4,52,397,0,121,27.71,79.95,0.21,980,2.2,275,2.2,5.7691,4.3966,,,,,,,,,,,,,,,,,,,,,,
2021,7,1,19,30,24.5,4,25,4,7,8.200000000000000,4,8,36,4,35.32,90.05,0.21,980,2.2,293,1.7000000000000000,0.0000,0.0000,,,,,,,,,,,,,,,,,,,,,,
2021,7,1,20,30,23,0,0,0,7,8.5,0,0,0,0,39.44,100.14,0.21,981,2.3000000000000000,327,1.3,0.0000,0.0000,,,,,,,,,,,,,,,,,,,,,,
2021,7,1,21,30,22.3,0,0,0,3,8.4,0,0,0,0,41.050000000000000,108.27,0.21,981,2.4000000000000000,216,0.9,0.0000,0.0000,,,,,,,,,,,,,,,,,,,,,,
2021,7,1,22,30,21.700000000000000,0,0,0,0,8.4,0,0,0,0,42.43,114.4,0.21,980,2.5,110,0.9,0.0000,0.0000,,,,,,,,,,,,,,,,,,,,,,
2021,7,1,23,30,21.200000000000000,0,0,0,0,8.700000000000000,0,0,0,0,44.75,117.9,0.21,980,2.5,136,1,0.0000,0.0000,,,,,,,,,,,,,,,,,,,,,,
2021,7,2,0,30,20.6,0,0,0,0,9.200000000000000,0,0,0,0,48.01,118.31,0.21,980,2.6,131,1.1,0.0000,0.0000,,,,,,,,,,,,,,,,,,,,,,
2021,7,2,1,30,20.1,0,0,0,0,9.9,0,0,0,0,51.81,115.58,0.21,980,2.8000000000000000,125,1.1,0.0000,0.0000,,,,,,,,,,,,,,,,,,,,,,
2021,7,2,2,30,19.700000000000000,0,0,0,0,10.600000000000000,0,0,0,0,55.82,110.08,0.21,980,2.9000000000000000,130,1.1,0.0000,0.0000,,,,,,,,,,,,,,,,,,,,,,
2021,7,2,3,30,19.400000000000000,0,0,0,0,11.3,0,0,0,0,59.29,102.41,0.21,981,3,141,1.1,0.0000,0.0000,,,,,,,,,,,,,,,,,,,,,,
2021,7,2,4,30,19.700000000000000,0,0,0,3,11.700000000000000,0,0,0,0,60.04,93.17,0.21,981,3.1,158,1.2000000000000000,0.0000,0.0000,,,,,,,,,,,,,,,,,,,,,,
2021,7,2,5,30,21.5,45,237,75,0,12.100000000000000,45,237,0,75,55.24,82.73,0.21,982,3.1,173,1.4000000000000000,0.0000,0.0000,,,,,,,,,,,,,,,,,,,,,,
2021,7,2,6,30,24.1,87,504,245,0,12.4,87,504,0,245,48.02,71.73,0.21,982,3.1,186,1.5,12.3458,9.5383,,,,,,,,,,,,,,,,,,,,,,
2021,7,2,7,30,26.8,108,666,439,0,11.8,108,666,0,439,39.25,60.24,0.21,982,2.9000000000000000,210,1.6,24.1683,18.8737,,,,,,,,,,,,,,,,,,,,,,
2021,7,2,8,30,29.400000000000000,121,765,628,0,11.3,121,765,0,628,32.730000000000000,48.53,0.21,982,2.8000000000000000,234,1.8,36.4697,28.6105,,,,,,,,,,,,,,,,,,,,,,
2021,7,2,9,30,31.700000000000000,125,833,791,0,10.600000000000000,125,833,0,791,27.29,36.910000000000000,0.21,981,2.6,248,2.1,47.3866,37.2570,,,,,,,,,,,,,,,,,,,,,,
2021,7,2,10,30,33.7,125,876,913,0,9.600000000000000,125,876,0,913,22.79,25.96,0.21,981,2.5,255,2.4000000000000000,55.6661,43.8158,,,,,,,,,,,,,,,,,,,,,,
2021,7,2,11,30,35.4,126,895,980,0,8.3,126,895,0,980,18.990000000000000,17.46,0.21,980,2.4000000000000000,260,2.5,60.2523,47.4496,,,,,,,,,,,,,,,,,,,,,,
2021,7,2,12,30,36.7,125,903,992,0,7.1000000000000000,125,903,0,992,16.37,16.2,0.21,980,2.3000000000000000,262,2.6,61.0460,48.0773,,,,,,,,,,,,,,,,,,,,,,
2021,7,2,13,30,37.4,119,900,945,0,6.7,119,900,0,945,15.24,23.39,0.21,979,2.2,264,2.7,57.7873,45.4937,,,,,,,,,,,,,,,,,,,,,,
2021,7,2,14,30,37.300000000000000,112,880,842,0,6.800000000000000,112,880,0,842,15.43,33.96,0.21,979,2.1,265,2.8000000000000000,50.7274,39.8984,,,,,,,,,,,,,,,,,,,,,,
2021,7,2,15,30,37,104,839,692,0,6.7,104,839,0,692,15.63,45.49,0.21,979,2.1,266,2.9000000000000000,40.5802,31.8583,,,,,,,,,,,,,,,,,,,,,,
2021,7,2,16,30,34.800000000000000,93,772,511,0,6.6000000000000000,93,772,0,511,17.54,57.22,0.21,979,2,267,2.9000000000000000,28.6057,22.3735,,,,,,,,,,,,,,,,,,,,,,
2021,7,2,17,30,32.1,76,652,312,0,6.7,76,652,0,312,20.51,68.8,0.21,980,2,267,2.8000000000000000,16.1419,12.5181,,,,,,,,,,,,,,,,,,,,,,
2021,7,2,18,30,28.200000000000000,50,425,124,0,7.1000000000000000,50,425,0,124,26.43,79.96000000000000,0.21,980,2,270,2.3000000000000000,5.9122,4.5057,,,,,,,,,,,,,,,,,,,,,,
2021,7,2,19,30,24.8,5,29,5,0,7.9,5,29,0,5,33.99,90.07000000000000,0.21,981,2.1,279,1.7000000000000000,0.0000,0.0000,,,,,,,,,,,,,,,,,,,,,,
2021,7,2,20,30,23.200000000000000,0,0,0,0,8.4,0,0,0,0,38.81,100.18,0.21,981,2.2,302,1.3,0.0000,0.0000,,,,,,,,,,,,,,,,,,,,,,
2021,7,2,21,30,22.6,0,0,0,0,8.6,0,0,0,0,40.88,108.32000000000000,0.21,982,2.3000000000000000,337,1,0.0000,0.0000,,,,,,,,,,,,,,,,,,,,,,
2021,7,2,22,30,22.200000000000000,0,0,0,0,8.700000000000000,0,0,0,0,42.06,114.46000000000000,0.21,982,2.5,326,0.9,0.0000,0.0000,,,,,,,,,,,,,,,,,,,,,,
2021,7,2,23,30,21.700000000000000,0,0,0,0,8.8,0,0,0,0,43.58,117.97,0.21,982,2.6,298,0.8,0.0000,0.0000,,,,,,,,,,,,,,,,,,,,,,
2021,7,3,0,30,21.1,0,0,0,0,8.9,0,0,0,0,45.550000000000000,118.4,0.21,981,2.7,177,0.9,0.0000,0.0000,,,,,,,,,,,,,,,,,,,,,,
2021,7,3,1,30,20.400000000000000,0,0,0,0,9,0,0,0,0,48.08,115.67,0.21,981,2.8000000000000000,55,0.9,0.0000,0.0000,,,,,,,,,,,,,,,,,,,,,,
2021,7,3,2,30,19.900000000000000,0,0,0,0,9.200000000000000,0,0,0,0,49.99,110.17,0.21,981,2.8000000000000000,59,1,0.0000,0.0000,,,,,,,,,,,,,,,,,,,,,,
2021,7,3,3,30,19.6,0,0,0,0,9.200000000000000,0,0,0,0,51.18,102.5,0.21,981,2.8000000000000000,66,1,0.0000,0.0000,,,,,,,,,,,,,,,,,,,,,,
2021,7,3,4,30,19.900000000000000,0,0,0,0,9.4,0,0,0,0,50.89,93.26,0.21,982,2.8000000000000000,131,1,0.0000,0.0000,,,,,,,,,,,,,,,,,,,,,,
2021,7,3,5,30,21.5,41,282,76,0,9.8,41,282,0,76,47.12,82.81,0.21,982,2.9000000000000000,200,1.2000000000000000,0.0000,0.0000,,,,,,,,,,,,,,,,,,,,,,
2021,7,3,6,30,24.3,78,543,248,0,9.8,78,543,0,248,39.99,71.81,0.21,982,2.9000000000000000,218,1.5,12.4877,9.6468,,,,,,,,,,,,,,,,,,,,,,
2021,7,3,7,30,26.8,102,684,441,0,9.3,102,684,0,441,33.27,60.32,0.21,982,2.9000000000000000,233,1.8,24.2669,18.9498,,,,,,,,,,,,,,,,,,,,,,
2021,7,3,8,30,29,118,768,626,0,9.200000000000000,118,768,0,626,29,48.61,0.21,982,2.9000000000000000,245,2,36.3435,28.5109,,,,,,,,,,,,,,,,,,,,,,
2021,7,3,9,30,31.3,131,815,782,0,8.5,131,815,0,782,24.25,36.99,0.21,982,2.9000000000000000,252,2.2,46.8398,36.8267,,,,,,,,,,,,,,,,,,,,,,
2021,7,3,10,30,33.4,143,840,898,0,7.2,143,840,0,898,19.72,26.05,0.21,982,2.9000000000000000,256,2.2,54.7455,43.0909,,,,,,,,,,,,,,,,,,,,,,
2021,7,3,11,30,35.2,149,855,964,0,5.800000000000000,149,855,0,964,16.23,17.55,0.21,981,2.8000000000000000,260,2.2,59.2645,46.6716,,,,,,,,,,,,,,,,,,,,,,
2021,7,3,12,30,36.4,154,849,969,7,4.9,317,602,57,895,14.290000000000000,16.27,0.21,981,2.8000000000000000,261,2.3000000000000000,55.0741,43.3740,,,,,,,,,,,,,,,,,,,,,,
2021,7,3,13,30,36.9,160,825,917,7,4.7,402,363,36,735,13.72,23.42,0.21,981,2.8000000000000000,259,2.3000000000000000,44.9442,35.3827,,,,,,,,,,,,,,,,,,,,,,
2021,7,3,14,30,36.7,154,795,813,4,5.1000000000000000,360,267,29,581,14.200000000000000,33.980000000000000,0.21,980,2.9000000000000000,260,2.4000000000000000,35.0019,27.5298,,,,,,,,,,,,,,,,,,,,,,
2021,7,3,15,30,36.4,142,746,665,0,5.4,146,735,43,661,14.75,45.5,0.21,980,2.9000000000000000,262,2.4000000000000000,38.7612,30.4302,,,,,,,,,,,,,,,,,,,,,,
2021,7,3,16,30,34.2,124,667,485,3,5.6000000000000000,177,459,71,425,16.96,57.230000000000000,0.21,980,2.9000000000000000,271,2.6,23.7902,18.6071,,,,,,,,,,,,,,,,,,,,,,
2021,7,3,17,30,31.700000000000000,97,545,294,3,5.9,108,443,57,268,19.93,68.81,0.21,981,2.9000000000000000,275,2.6,13.8643,10.7517,,,,,,,,,,,,,,,,,,,,,,
2021,7,3,18,30,28.1,57,335,115,3,6.4,60,199,86,95,25.35,79.98,0.21,981,2.8000000000000000,279,2.4000000000000000,4.5297,3.4520,,,,,,,,,,,,,,,,,,,,,,
2021,7,3,19,30,25.1,4,18,4,7,7,3,0,43,3,31.470000000000000,90.09,0.21,982,2.7,283,1.9000000000000000,0.0000,0.0000,,,,,,,,,,,,,,,,,,,,,,
2021,7,3,20,30,23.6,0,0,0,3,7.1000000000000000,0,0,0,0,34.62,100.21000000000000,0.21,982,2.7,285,1.4000000000000000,0.0000,0.0000,,,,,,,,,,,,,,,,,,,,,,
2021,7,3,21,30,22.8,0,0,0,7,7,0,0,0,0,36.18,108.37,0.21,982,2.6,169,1,0.0000,0.0000,,,,,,,,,,,,,,,,,,,,,,
2021,7,3,22,30,22.400000000000000,0,0,0,0,6.9,0,0,0,0,36.86,114.52,0.21,982,2.5,73,0.9,0.0000,0.0000,,,,,,,,,,,,,,,,,,,,,,
2021,7,3,23,30,22,0,0,0,0,7.1000000000000000,0,0,0,0,38.12,118.05,0.21,982,2.5,114,1,0.0000,0.0000,,,,,,,,,,,,,,,,,,,,,,
2021,7,4,0,30,21.1,0,0,0,7,7.9,0,0,0,0,42.47,118.49000000000000,0.21,982,2.4000000000000000,143,1,0.0000,0.0000,,,,,,,,,,,,,,,,,,,,,,
2021,7,4,1,30,20.1,0,0,0,7,9,0,0,0,0,48.86,115.77,0.21,982,2.3000000000000000,154,1,0.0000,0.0000,,,,,,,,,,,,,,,,,,,,,,
2021,7,4,2,30,19.3,0,0,0,7,9.700000000000000,0,0,0,0,53.660000000000000,110.27,0.21,982,2.2,158,1.1,0.0000,0.0000,,,,,,,,,,,,,,,,,,,,,,
2021,7,4,3,30,18.6,0,0,0,0,10,0,0,0,0,57.410000000000000,102.59,0.21,982,2.1,154,1.2000000000000000,0.0000,0.0000,,,,,,,,,,,,,,,,,,,,,,
2021,7,4,4,30,18.8,0,0,0,0,10.200000000000000,0,0,0,0,57.47,93.35000000000000,0.21,983,2.1,162,1.3,0.0000,0.0000,,,,,,,,,,,,,,,,,,,,,,
2021,7,4,5,30,20.400000000000000,39,330,80,0,10.8,39,330,0,80,54.120000000000000,82.89,0.21,983,2,176,1.4000000000000000,0.0000,0.0000,,,,,,,,,,,,,,,,,,,,,,
2021,7,4,6,30,22.900000000000000,72,600,258,0,10.600000000000000,72,600,0,258,45.92,71.9,0.21,983,2,189,1.3,12.9804,10.0261,,,,,,,,,,,,,,,,,,,,,,
2021,7,4,7,30,25.700000000000000,91,738,456,0,8.8,91,738,0,456,34.2,60.4,0.21,983,2,213,1.3,25.0803,19.5841,,,,,,,,,,,,,,,,,,,,,,
2021,7,4,8,30,28.400000000000000,106,816,645,0,7.4,106,816,0,645,26.64,48.69,0.21,983,2,236,1.5,37.4363,29.3676,,,,,,,,,,,,,,,,,,,,,,
2021,7,4,9,30,30.8,114,867,806,0,6.800000000000000,114,867,0,806,22.3,37.07,0.21,983,2,246,1.8,48.2694,37.9503,,,,,,,,,,,,,,,,,,,,,,
2021,7,4,10,30,32.800000000000000,119,898,925,0,6.1000000000000000,119,898,0,925,18.89,26.14,0.21,983,2,251,2.1,56.3852,44.3813,,,,,,,,,,,,,,,,,,,,,,
2021,7,4,11,30,34.5,121,913,991,0,5.2,121,913,0,991,16.23,17.650000000000000,0.21,982,2,254,2.2,60.9197,47.9749,,,,,,,,,,,,,,,,,,,,,,
2021,7,4,12,30,35.9,116,921,1000,0,4.7,116,921,0,1000,14.49,16.34,0.21,982,2,253,2.3000000000000000,61.5323,48.4600,,,,,,,,,,,,,,,,,,,,,,
2021,7,4,13,30,36.6,109,921,954,0,4.4,109,921,0,954,13.66,23.46,0.21,981,1.9000000000000000,253,2.4000000000000000,58.3332,45.9233,,,,,,,,,,,,,,,,,,,,,,
2021,7,4,14,30,36.6,103,903,852,0,3.9000000000000000,103,903,0,852,13.15,34,0.21,981,1.8,255,2.5,51.3262,40.3692,,,,,,,,,,,,,,,,,,,,,,
2021,7,4,15,30,36.4,96,866,703,0,3.2,96,866,0,703,12.65,45.52,0.21,980,1.7000000000000000,257,2.6,41.2216,32.3616,,,,,,,,,,,,,,,,,,,,,,
2021,7,4,16,30,34.4,85,806,521,0,2.5,85,806,0,521,13.48,57.24,0.21,981,1.6,262,2.6,29.1625,22.8088,,,,,,,,,,,,,,,,,,,,,,
2021,7,4,17,30,31.900000000000000,68,700,321,0,2.1,68,700,0,321,15.07,68.83,0.21,981,1.5,266,2.6,16.6033,12.8754,,,,,,,,,,,,,,,,,,,,,,
2021,7,4,18,30,27.900000000000000,45,490,130,0,2.3000000000000000,45,490,0,130,19.27,80,0.21,981,1.4000000000000000,273,2.4000000000000000,6.1987,4.7238,,,,,,,,,,,,,,,,,,,,,,
2021,7,4,19,30,24.3,5,44,5,0,3.3000000000000000,5,44,0,5,25.490000000000000,90.12,0.21,982,1.5,283,1.9000000000000000,0.0000,0.0000,,,,,,,,,,,,,,,,,,,,,,
2021,7,4,20,30,22.400000000000000,0,0,0,0,3.8000000000000000,0,0,0,0,29.740000000000000,100.26,0.21,982,1.5,166,1.3,0.0000,0.0000,,,,,,,,,,,,,,,,,,,,,,
2021,7,4,21,30,21.200000000000000,0,0,0,0,4.3,0,0,0,0,32.99,108.43,0.21,982,1.6,60,1.1,0.0000,0.0000,,,,,,,,,,,,,,,,,,,,,,
2021,7,4,22,30,20.5,0,0,0,0,4.6000000000000000,0,0,0,0,35.13,114.60000000000000,0.21,982,1.6,93,1,0.0000,0.0000,,,,,,,,,,,,,,,,,,,,,,
2021,7,4,23,30,19.8,0,0,0,0,4.9,0,0,0,0,37.6,118.14,0.21,982,1.7000000000000000,116,1,0.0000,0.0000,,,,,,,,,,,,,,,,,,,,,,
2021,7,5,0,30,19.3,0,0,0,0,5.4,0,0,0,0,40.07,118.58,0.21,982,1.8,124,1.1,0.0000,0.0000,,,,,,,,,,,,,,,,,,,,,,
2021,7,5,1,30,18.7,0,0,0,0,5.9,0,0,0,0,43.15,115.87,0.21,982,1.8,127,1.1,0.0000,0.0000,,,,,,,,,,,,,,,,,,,,,,
2021,7,5,2,30,18,0,0,0,0,6.5,0,0,0,0,46.96,110.37,0.21,982,1.8,126,1.1,0.0000,0.0000,,,,,,,,,,,,,,,,,,,,,,
2021,7,5,3,30,17.400000000000000,0,0,0,0,7,0,0,0,0,50.5,102.69,0.21,982,1.8,123,1.1,0.0000,0.0000,,,,,,,,,,,,,,,,,,,,,,
2021,7,5,4,30,17.8,0,0,0,0,7.5,0,0,0,0,50.85,93.44,0.21,983,1.8,138,1.1,0.0000,0.0000,,,,,,,,,,,,,,,,,,,,,,
2021,7,5,5,30,20.1,37,357,81,0,8,37,357,0,81,45.54,82.98,0.21,983,1.8,173,1.4000000000000000,0.0000,0.0000,,,,,,,,,,,,,,,,,,,,,,
2021,7,5,6,30,23.3,68,620,260,0,8.4,68,620,0,260,38.47,71.98,0.21,984,1.9000000000000000,202,1.7000000000000000,13.0713,10.0951,,,,,,,,,,,,,,,,,,,,,,
2021,7,5,7,30,26,87,753,458,0,8.3,87,753,0,458,32.6,60.49,0.21,984,1.9000000000000000,222,1.9000000000000000,25.1767,19.6584,,,,,,,,,,,,,,,,,,,,,,
2021,7,5,8,30,28.400000000000000,100,829,646,0,8.3,100,829,0,646,28.240000000000000,48.77,0.21,984,2,237,2.1,37.4839,29.4043,,,,,,,,,,,,,,,,,,,,,,
2021,7,5,9,30,30.700000000000000,111,872,806,0,7.800000000000000,111,872,0,806,23.900000000000000,37.160000000000000,0.21,983,2,248,2.3000000000000000,48.2604,37.9428,,,,,,,,,,,,,,,,,,,,,,
2021,7,5,10,30,32.9,120,895,923,0,6.6000000000000000,120,895,0,923,19.45,26.23,0.21,983,2,257,2.4000000000000000,56.2571,44.2801,,,,,,,,,,,,,,,,,,,,,,
2021,7,5,11,30,34.800000000000000,123,909,989,0,4.9,123,909,0,989,15.57,17.76,0.21,983,2,264,2.5,60.7916,47.8738,,,,,,,,,,,,,,,,,,,,,,
2021,7,5,12,30,36.1,121,914,998,0,3.1,121,914,0,998,12.77,16.42,0.21,982,2,267,2.6,61.4057,48.3602,,,,,,,,,,,,,,,,,,,,,,
2021,7,5,13,30,36.7,116,908,949,0,1.8,116,908,0,949,11.28,23.5,0.21,982,2,266,2.6,58.0250,45.6805,,,,,,,,,,,,,,,,,,,,,,
2021,7,5,14,30,36.5,112,883,844,0,1.5,112,883,0,844,11.15,34.02,0.21,982,2,263,2.7,50.8425,39.9886,,,,,,,,,,,,,,,,,,,,,,
2021,7,5,15,30,36.1,106,840,694,0,1.7000000000000000,106,840,0,694,11.540000000000000,45.53,0.21,981,2,260,2.7,40.6926,31.9463,,,,,,,,,,,,,,,,,,,,,,
2021,7,5,16,30,33.5,96,766,510,0,2,96,766,0,510,13.69,57.26,0.21,982,2,257,2.6,28.5438,22.3247,,,,,,,,,,,,,,,,,,,,,,
2021,7,5,17,30,30.700000000000000,79,643,311,0,2.6,79,643,0,311,16.740000000000000,68.85000000000000,0.21,982,2,258,2.4000000000000000,16.0832,12.4719,,,,,,,,,,,,,,,,,,,,,,
2021,7,5,18,30,26.900000000000000,51,413,123,0,3.6,51,413,0,123,22.28,80.03,0.21,983,2,268,2,0.0000,0.0000,,,,,,,,,,,,,,,,,,,,,,
2021,7,5,19,30,23.8,4,26,4,0,4.800000000000000,4,26,0,4,29.22,90.15,0.21,983,2,279,1.6,0.0000,0.0000,,,,,,,,,,,,,,,,,,,,,,
2021,7,5,20,30,22.3,0,0,0,0,5.4,0,0,0,0,33.31,100.31,0.21,983,2.1,184,1.2000000000000000,0.0000,0.0000,,,,,,,,,,,,,,,,,,,,,,
2021,7,5,21,30,21.5,0,0,0,0,5.5,0,0,0,0,35.17,108.49000000000000,0.21,983,2.1,95,1.2000000000000000,0.0000,0.0000,,,,,,,,,,,,,,,,,,,,,,
2021,7,5,22,30,21.1,0,0,0,0,5.4,0,0,0,0,35.9,114.67,0.21,984,2.1,127,1.2000000000000000,0.0000,0.0000,,,,,,,,,,,,,,,,,,,,,,
2021,7,5,23,30,20.5,0,0,0,0,5.5,0,0,0,0,37.58,118.23,0.21,983,2.1,163,1.2000000000000000,0.0000,0.0000,,,,,,,,,,,,,,,,,,,,,,
2021,7,6,0,30,19.6,0,0,0,3,6,0,0,0,0,40.910000000000000,118.68,0.21,983,2.1,168,1.2000000000000000,0.0000,0.0000,,,,,,,,,,,,,,,,,,,,,,
2021,7,6,1,30,18.7,0,0,0,0,6.6000000000000000,0,0,0,0,45.39,115.97,0.21,983,2.1,145,1.2000000000000000,0.0000,0.0000,,,,,,,,,,,,,,,,,,,,,,
2021,7,6,2,30,18.1,0,0,0,0,7.2,0,0,0,0,49.06,110.47,0.21,984,2.1,127,1.2000000000000000,0.0000,0.0000,,,,,,,,,,,,,,,,,,,,,,
2021,7,6,3,30,17.7,0,0,0,0,7.6000000000000000,0,0,0,0,51.61,102.8,0.21,984,2.1,125,1.2000000000000000,0.0000,0.0000,,,,,,,,,,,,,,,,,,,,,,
2021,7,6,4,30,17.8,0,0,0,0,8,0,0,0,0,52.82,93.54,0.21,984,2.1,137,1.3,0.0000,0.0000,,,,,,,,,,,,,,,,,,,,,,
2021,7,6,5,30,19.8,41,292,76,0,8.6,41,292,0,76,48.370000000000000,83.07000000000000,0.21,984,2.1,163,1.5,0.0000,0.0000,,,,,,,,,,,,,,,,,,,,,,
2021,7,6,6,30,22.900000000000000,76,567,251,0,8.9,76,567,0,251,40.78,72.07000000000000,0.21,984,2.1,188,1.7000000000000000,12.6083,9.7362,,,,,,,,,,,,,,,,,,,,,,
2021,7,6,7,30,25.6,100,711,449,0,8.9,100,711,0,449,34.75,60.57,0.21,984,2.1,206,1.8,24.6701,19.2619,,,,,,,,,,,,,,,,,,,,,,
2021,7,6,8,30,27.900000000000000,114,796,638,0,9,114,796,0,638,30.6,48.86,0.21,984,2,221,2,37.0081,29.0304,,,,,,,,,,,,,,,,,,,,,,
2021,7,6,9,30,29.900000000000000,123,850,800,0,9.1,123,850,0,800,27.32,37.25,0.21,984,2,232,2.1,47.8923,37.6528,,,,,,,,,,,,,,,,,,,,,,
2021,7,6,10,30,31.900000000000000,130,882,920,0,8.3,130,882,0,920,23.11,26.330000000000000,0.21,983,2,238,2.1,56.0672,44.1303,,,,,,,,,,,,,,,,,,,,,,
2021,7,6,11,30,33.6,130,902,988,0,7.300000000000000,130,902,0,988,19.59,17.87,0.21,983,1.9000000000000000,244,2,60.7250,47.8210,,,,,,,,,,,,,,,,,,,,,,
2021,7,6,12,30,34.9,120,920,1002,0,5.9,120,920,0,1002,16.56,16.51,0.21,983,1.8,248,2,61.6479,48.5507,,,,,,,,,,,,,,,,,,,,,,
2021,7,6,13,30,35.9,106,929,958,0,4.7,106,929,0,958,14.43,23.55,0.21,982,1.7000000000000000,252,2.1,58.5721,46.1111,,,,,,,,,,,,,,,,,,,,,,
2021,7,6,14,30,36.2,99,914,856,0,3.8000000000000000,99,914,0,856,13.33,34.05,0.21,982,1.6,253,2.3000000000000000,51.5626,40.5549,,,,,,,,,,,,,,,,,,,,,,
2021,7,6,15,30,36.1,91,880,707,0,3.2,91,880,0,707,12.88,45.56,0.21,981,1.6,252,2.4000000000000000,41.4512,32.5416,,,,,,,,,,,,,,,,,,,,,,
2021,7,6,16,30,34.1,80,822,524,0,3.2,80,822,0,524,14.33,57.28,0.21,981,1.5,246,2.7,29.3244,22.9350,,,,,,,,,,,,,,,,,,,,,,
2021,7,6,17,30,31.3,66,714,323,0,3.7,66,714,0,323,17.39,68.88,0.21,982,1.5,240,2.7,16.6995,12.9493,,,,,,,,,,,,,,,,,,,,,,
2021,7,6,18,30,27.1,44,494,129,0,4.9,44,494,0,129,24.17,80.06,0.21,982,1.6,242,2.5,0.0000,0.0000,,,,,,,,,,,,,,,,,,,,,,
2021,7,6,19,30,23.6,5,42,5,0,6.4,5,42,0,5,33,90.18,0.21,983,1.6,250,1.9000000000000000,0.0000,0.0000,,,,,,,,,,,,,,,,,,,,,,
2021,7,6,20,30,22.1,0,0,0,0,7,0,0,0,0,37.75,100.36,0.21,983,1.7000000000000000,213,1.3,0.0000,0.0000,,,,,,,,,,,,,,,,,,,,,,
2021,7,6,21,30,21.400000000000000,0,0,0,0,7.1000000000000000,0,0,0,0,39.75,108.56,0.21,983,1.7000000000000000,173,1.1,0.0000,0.0000,,,,,,,,,,,,,,,,,,,,,,
2021,7,6,22,30,21,0,0,0,0,7.1000000000000000,0,0,0,0,40.54,114.76,0.21,983,1.8,176,1.2000000000000000,0.0000,0.0000,,,,,,,,,,,,,,,,,,,,,,
2021,7,6,23,30,20.5,0,0,0,0,7,0,0,0,0,41.64,118.33,0.21,982,1.8,172,1.3,0.0000,0.0000,,,,,,,,,,,,,,,,,,,,,,
2021,7,7,0,30,20.1,0,0,0,0,7,0,0,0,0,42.49,118.79,0.21,982,1.8,163,1.4000000000000000,0.0000,0.0000,,,,,,,,,,,,,,,,,,,,,,
2021,7,7,1,30,19.6,0,0,0,0,7.1000000000000000,0,0,0,0,44.34,116.09,0.21,982,1.8,154,1.4000000000000000,0.0000,0.0000,,,,,,,,,,,,,,,,,,,,,,
2021,7,7,2,30,19.200000000000000,0,0,0,0,7.5,0,0,0,0,46.74,110.59,0.21,982,1.7000000000000000,146,1.3,0.0000,0.0000,,,,,,,,,,,,,,,,,,,,,,
2021,7,7,3,30,18.7,0,0,0,0,7.9,0,0,0,0,49.36,102.9,0.21,982,1.6,138,1.3,0.0000,0.0000,,,,,,,,,,,,,,,,,,,,,,
2021,7,7,4,30,18.8,0,0,0,0,8.1,0,0,0,0,49.79,93.64,0.21,982,1.6,134,1.4000000000000000,0.0000,0.0000,,,,,,,,,,,,,,,,,,,,,,
2021,7,7,5,30,21,35,394,82,0,8.4,35,394,0,82,44.49,83.17,0.21,982,1.5,150,1.5,0.0000,0.0000,,,,,,,,,,,,,,,,,,,,,,
2021,7,7,6,30,24.200000000000000,60,669,265,0,8.8,60,669,0,265,37.62,72.17,0.21,982,1.5,180,1.5,13.2991,10.2682,,,,,,,,,,,,,,,,,,,,,,
2021,7,7,7,30,26.900000000000000,76,800,468,0,9,76,800,0,468,32.45,60.660000000000000,0.21,982,1.5,207,1.4000000000000000,25.7001,20.0651,,,,,,,,,,,,,,,,,,,,,,
2021,7,7,8,30,29.3,87,876,662,0,9.600000000000000,87,876,0,662,29.36,48.95,0.21,981,1.4000000000000000,228,1.5,38.3882,30.1123,,,,,,,,,,,,,,,,,,,,,,
2021,7,7,9,30,31.6,96,916,824,0,9.3,96,916,0,824,25.2,37.34,0.21,981,1.4000000000000000,240,1.8,49.3198,38.7747,,,,,,,,,,,,,,,,,,,,,,
2021,7,7,10,30,33.5,107,937,946,0,8.700000000000000,107,937,0,946,21.77,26.43,0.21,981,1.3,248,1.9000000000000000,57.6445,45.3715,,,,,,,,,,,,,,,,,,,,,,
2021,7,7,11,30,35.2,110,950,1014,0,7.800000000000000,110,950,0,1014,18.66,17.98,0.21,980,1.2000000000000000,256,2,62.3177,49.0750,,,,,,,,,,,,,,,,,,,,,,
2021,7,7,12,30,36.7,110,954,1024,0,7,110,954,0,1024,16.18,16.61,0.21,980,1.2000000000000000,260,2,62.9970,49.6130,,,,,,,,,,,,,,,,,,,,,,
2021,7,7,13,30,37.7,105,952,977,0,5.4,105,952,0,977,13.72,23.6,0.21,979,1.1,260,2.1,59.7306,47.0229,,,,,,,,,,,,,,,,,,,,,,
2021,7,7,14,30,38,102,929,871,0,3.8000000000000000,102,929,0,871,12.13,34.09,0.21,978,1.1,257,2.3000000000000000,52.4623,41.2624,,,,,,,,,,,,,,,,,,,,,,
2021,7,7,15,30,37.9,94,890,717,0,2.9000000000000000,94,890,0,717,11.43,45.59,0.21,978,1.1,256,2.4000000000000000,42.0337,32.9986,,,,,,,,,,,,,,,,,,,,,,
2021,7,7,16,30,35.7,84,825,530,0,2.7,84,825,0,530,12.67,57.31,0.21,978,1.1,252,2.4000000000000000,29.6555,23.1937,,,,,,,,,,,,,,,,,,,,,,
2021,7,7,17,30,32.800000000000000,69,709,324,0,3.1,69,709,0,324,15.33,68.91,0.21,978,1.1,249,2.2,16.7468,12.9856,,,,,,,,,,,,,,,,,,,,,,
2021,7,7,18,30,28.3,46,483,129,0,4.3,46,483,0,129,21.61,80.10000000000000,0.21,979,1.2000000000000000,252,1.9000000000000000,0.0000,0.0000,,,,,,,,,,,,,,,,,,,,,,
2021,7,7,19,30,24.5,5,36,5,0,5.9,5,36,0,5,30.18,90.23,0.21,979,1.2000000000000000,279,1.5,0.0000,0.0000,,,,,,,,,,,,,,,,,,,,,,
2021,7,7,20,30,23,0,0,0,0,6.6000000000000000,0,0,0,0,34.660000000000000,100.42,0.21,979,1.3,186,1.2000000000000000,0.0000,0.0000,,,,,,,,,,,,,,,,,,,,,,
2021,7,7,21,30,22.6,0,0,0,0,6.5,0,0,0,0,35.31,108.64,0.21,979,1.3,87,1.3,0.0000,0.0000,,,,,,,,,,,,,,,,,,,,,,
2021,7,7,22,30,22.400000000000000,0,0,0,0,6.2,0,0,0,0,35.050000000000000,114.85000000000000,0.21,979,1.3,128,1.3,0.0000,0.0000,,,,,,,,,,,,,,,,,,,,,,
2021,7,7,23,30,21.8,0,0,0,0,6.2,0,0,0,0,36.31,118.43,0.21,979,1.3,161,1.4000000000000000,0.0000,0.0000,,,,,,,,,,,,,,,,,,,,,,
2021,7,8,0,30,20.8,0,0,0,0,6.6000000000000000,0,0,0,0,39.58,118.91,0.21,979,1.3,165,1.4000000000000000,0.0000,0.0000,,,,,,,,,,,,,,,,,,,,,,
2021,7,8,1,30,20.1,0,0,0,0,7.1000000000000000,0,0,0,0,42.78,116.21000000000000,0.21,979,1.3,153,1.3,0.0000,0.0000,,,,,,,,,,,,,,,,,,,,,,
2021,7,8,2,30,19.700000000000000,0,0,0,0,7.5,0,0,0,0,45.11,110.7,0.21,979,1.4000000000000000,147,1.2000000000000000,0.0000,0.0000,,,,,,,,,,,,,,,,,,,,,,
2021,7,8,3,30,19.400000000000000,0,0,0,0,7.800000000000000,0,0,0,0,47.04,103.01,0.21,979,1.4000000000000000,149,1.2000000000000000,0.0000,0.0000,,,,,,,,,,,,,,,,,,,,,,
2021,7,8,4,30,19.8,0,0,0,0,8.1,0,0,0,0,46.93,93.75,0.21,979,1.4000000000000000,150,1.2000000000000000,0.0000,0.0000,,,,,,,,,,,,,,,,,,,,,,
2021,7,8,5,30,22.3,37,364,80,0,8.4,37,364,0,80,41,83.27,0.21,979,1.4000000000000000,148,1.2000000000000000,0.0000,0.0000,,,,,,,,,,,,,,,,,,,,,,
2021,7,8,6,30,25.8,65,647,262,0,8.5,65,647,0,262,33.46,72.26,0.21,980,1.4000000000000000,157,1.2000000000000000,13.1376,10.1421,,,,,,,,,,,,,,,,,,,,,,
2021,7,8,7,30,28.8,81,784,464,0,7.7,81,784,0,464,26.5,60.75,0.21,980,1.5,184,1.2000000000000000,25.4665,19.8817,,,,,,,,,,,,,,,,,,,,,,
2021,7,8,8,30,31.700000000000000,92,859,655,0,7.4,92,859,0,655,21.97,49.04,0.21,980,1.5,216,1.2000000000000000,37.9703,29.7837,,,,,,,,,,,,,,,,,,,,,,
2021,7,8,9,30,34.5,98,906,817,0,6.4,98,906,0,817,17.61,37.44,0.21,980,1.6,235,1.4000000000000000,48.8906,38.4367,,,,,,,,,,,,,,,,,,,,,,
2021,7,8,10,30,36.800000000000000,101,932,935,0,5.1000000000000000,101,932,0,935,14.16,26.53,0.21,979,1.7000000000000000,244,1.7000000000000000,56.9671,44.8379,,,,,,,,,,,,,,,,,,,,,,
2021,7,8,11,30,38.6,105,942,1000,0,4.3,105,942,0,1000,12.14,18.1,0.21,979,1.8,249,1.8,61.4515,48.3926,,,,,,,,,,,,,,,,,,,,,,
2021,7,8,12,30,40,109,936,1005,0,2.9000000000000000,119,921,7,1001,10.19,16.71,0.21,979,1.9000000000000000,252,1.8,61.5776,48.4949,,,,,,,,,,,,,,,,,,,,,,
2021,7,8,13,30,40.900000000000000,111,917,951,7,0.8,362,469,50,792,8.370000000000000,23.67,0.21,979,1.9000000000000000,254,1.8,48.4166,38.1158,,,,,,,,,,,,,,,,,,,,,,
2021,7,8,14,30,41.1,105,896,847,7,-0.6000000000000000,249,616,79,759,7.49,34.13,0.21,978,1.9000000000000000,257,1.8,45.7130,35.9538,,,,,,,,,,,,,,,,,,,,,,
2021,7,8,15,30,41,96,858,696,0,-1.4000000000000000,96,858,0,696,7.11,45.62,0.21,978,1.9000000000000000,259,1.8,40.7989,32.0290,,,,,,,,,,,,,,,,,,,,,,
2021,7,8,16,30,39.6,83,798,514,0,-2.1,83,798,0,514,7.28,57.34,0.21,978,1.9000000000000000,265,1.8,28.7558,22.4897,,,,,,,,,,,,,,,,,,,,,,
2021,7,8,17,30,37.1,68,690,316,0,-2.8000000000000000,68,690,0,316,7.890000000000000,68.94,0.21,979,1.9000000000000000,270,1.4000000000000000,16.3291,12.6612,,,,,,,,,,,,,,,,,,,,,,
2021,7,8,18,30,32.800000000000000,45,474,126,0,-2.9000000000000000,45,474,0,126,9.950000000000000,80.15,0.21,979,1.8,273,1,0.0000,0.0000,,,,,,,,,,,,,,,,,,,,,,
2021,7,8,19,30,29.700000000000000,5,35,4,0,-2.3000000000000000,5,35,0,4,12.370000000000000,90.85000000000000,0.21,980,1.9000000000000000,276,1,0.0000,0.0000,,,,,,,,,,,,,,,,,,,,,,
2021,7,8,20,30,28.400000000000000,0,0,0,0,-0.9,0,0,0,0,14.780000000000000,100.49000000000000,0.21,980,1.9000000000000000,179,0.8,0.0000,0.0000,,,,,,,,,,,,,,,,,,,,,,
2021,7,8,21,30,27,0,0,0,0,0.30000000000000000,0,0,0,0,17.52,108.72,0.21,980,2,86,0.9,0.0000,0.0000,,,,,,,,,,,,,,,,,,,,,,
2021,7,8,22,30,26.3,0,0,0,0,0.7000000000000000,0,0,0,0,18.830000000000000,114.95,0.21,980,2.2,102,1,0.0000,0.0000,,,,,,,,,,,,,,,,,,,,,,
2021,7,8,23,30,26.3,0,0,0,0,1.3,0,0,100,0,19.6,118.55,0.21,980,2.3000000000000000,120,1,0.0000,0.0000,,,,,,,,,,,,,,,,,,,,,,
2021,7,9,0,30,26.1,0,0,0,0,1.9000000000000000,0,0,100,0,20.75,119.03,0.21,980,2.5,135,1,0.0000,0.0000,,,,,,,,,,,,,,,,,,,,,,
2021,7,9,1,30,25.400000000000000,0,0,0,0,3,0,0,100,0,23.330000000000000,116.33,0.21,980,2.6,135,1,0.0000,0.0000,,,,,,,,,,,,,,,,,,,,,,
2021,7,9,2,30,24.5,0,0,0,0,4.1000000000000000,0,0,100,0,26.73,110.82000000000000,0.21,980,2.7,124,1,0.0000,0.0000,,,,,,,,,,,,,,,,,,,,,,
2021,7,9,3,30,24.1,0,0,0,0,5.2,0,0,100,0,29.45,103.13,0.21,980,2.8000000000000000,117,1,0.0000,0.0000,,,,,,,,,,,,,,,,,,,,,,
2021,7,9,4,30,24.8,0,0,0,0,6,0,0,14,0,29.97,93.86,0.21,981,2.8000000000000000,117,1,0.0000,0.0000,,,,,,,,,,,,,,,,,,,,,,
2021,7,9,5,30,27.8,35,338,74,0,6.7,35,338,0,74,26.32,83.37,0.21,981,2.8000000000000000,123,0.9,0.0000,0.0000,,,,,,,,,,,,,,,,,,,,,,
2021,7,9,6,30,31.6,64,611,249,0,7.1000000000000000,64,611,0,249,21.69,72.36,0.21,981,2.7,155,0.9,12.4741,9.6284,,,,,,,,,,,,,,,,,,,,,,
2021,7,9,7,30,34.5,82,743,444,0,6.4,101,670,29,427,17.59,60.85,0.21,982,2.8000000000000000,204,1,23.4215,18.2840,,,,,,,,,,,,,,,,,,,,,,
2021,7,9,8,30,36.9,97,817,631,0,6.7,115,770,43,619,15.77,49.14,0.21,982,2.8000000000000000,236,1.4000000000000000,35.8708,28.1361,,,,,,,,,,,,,,,,,,,,,,
2021,7,9,9,30,39,109,855,787,0,6.5,109,855,0,787,13.82,37.53,0.21,982,2.8000000000000000,250,1.7000000000000000,47.0865,37.0179,,,,,,,,,,,,,,,,,,,,,,
2021,7,9,10,30,40.900000000000000,121,874,902,0,5.800000000000000,136,852,14,898,11.9,26.64,0.21,981,2.9000000000000000,259,2,54.7052,43.0572,,,,,,,,,,,,,,,,,,,,,,
2021,7,9,11,30,42.400000000000000,125,886,967,0,5,125,886,0,967,10.42,18.22,0.21,981,2.9000000000000000,267,2.2,59.4179,46.7909,,,,,,,,,,,,,,,,,,,,,,
2021,7,9,12,30,43.300000000000000,129,883,974,0,5.2,129,883,0,974,10.09,16.82,0.21,981,2.9000000000000000,273,2.3000000000000000,59.9119,47.1829,,,,,,,,,,,,,,,,,,,,,,
2021,7,9,13,30,43.7,130,866,923,0,5.2,130,866,0,923,9.84,23.73,0.21,980,2.9000000000000000,277,2.4000000000000000,56.4212,44.4172,,,,,,,,,,,,,,,,,,,,,,
2021,7,9,14,30,43.6,126,839,820,0,4.7,126,839,0,820,9.57,34.17,0.21,980,2.9000000000000000,280,2.5,49.3834,38.8403,,,,,,,,,,,,,,,,,,,,,,
2021,7,9,15,30,43.400000000000000,117,796,673,0,4.2,117,796,0,673,9.31,45.660000000000000,0.21,980,2.8000000000000000,281,2.5,39.4459,30.9666,,,,,,,,,,,,,,,,,,,,,,
2021,7,9,16,30,41.5,102,728,494,0,3.8000000000000000,102,728,0,494,10.040000000000000,57.38,0.21,980,2.8000000000000000,279,2.5,27.6312,21.6098,,,,,,,,,,,,,,,,,,,,,,
2021,7,9,17,30,39.1,81,609,299,0,3.6,81,609,0,299,11.26,68.99,0.21,980,2.7,273,2.1,15.4439,11.9742,,,,,,,,,,,,,,,,,,,,,,
2021,7,9,18,30,35,51,381,116,0,3.5,51,381,0,116,13.98,80.2,0.21,981,2.8000000000000000,265,1.6,0.0000,0.0000,,,,,,,,,,,,,,,,,,,,,,
2021,7,9,19,30,31.6,4,21,4,0,3.5,4,21,0,4,16.9,90.9,0.21,982,2.8000000000000000,261,1.4000000000000000,0.0000,0.0000,,,,,,,,,,,,,,,,,,,,,,
2021,7,9,20,30,30,0,0,0,0,3.3000000000000000,0,0,0,0,18.28,100.56,0.21,983,2.8000000000000000,164,1.1,0.0000,0.0000,,,,,,,,,,,,,,,,,,,,,,
2021,7,9,21,30,28.6,0,0,0,0,3.5,0,0,0,0,20.1,108.81,0.21,983,2.8000000000000000,69,1,0.0000,0.0000,,,,,,,,,,,,,,,,,,,,,,
2021,7,9,22,30,28,0,0,0,0,3.9000000000000000,0,0,0,0,21.31,115.05,0.21,983,2.9000000000000000,71,1,0.0000,0.0000,,,,,,,,,,,,,,,,,,,,,,
2021,7,9,23,30,27.900000000000000,0,0,0,0,4.3,0,0,0,0,22.07,118.66,0.21,982,2.9000000000000000,74,0.9,0.0000,0.0000,,,,,,,,,,,,,,,,,,,,,,
2021,7,10,0,30,27.6,0,0,0,0,4.7,0,0,0,0,23.23,119.16,0.21,982,3,76,0.9,0.0000,0.0000,,,,,,,,,,,,,,,,,,,,,,
2021,7,10,1,30,26.700000000000000,0,0,0,0,5.4,0,0,0,0,25.69,116.46000000000000,0.21,981,3.1,79,1,0.0000,0.0000,,,,,,,,,,,,,,,,,,,,,,
2021,7,10,2,30,25.8,0,0,0,3,6.1000000000000000,0,0,0,0,28.47,110.95,0.21,981,3.1,84,1,0.0000,0.0000,,,,,,,,,,,,,,,,,,,,,,
2021,7,10,3,30,25.200000000000000,0,0,0,0,6.7,0,0,0,0,30.6,103.25,0.21,982,3.1,91,1,0.0000,0.0000,,,,,,,,,,,,,,,,,,,,,,
2021,7,10,4,30,25.700000000000000,0,0,0,7,7.1000000000000000,0,0,0,0,30.48,93.97,0.21,982,3.1,104,1,0.0000,0.0000,,,,,,,,,,,,,,,,,,,,,,
2021,7,10,5,30,28.200000000000000,36,294,69,0,7.5,36,294,0,69,27.11,83.48,0.21,982,3.1,124,0.9,0.0000,0.0000,,,,,,,,,,,,,,,,,,,,,,
2021,7,10,6,30,31.700000000000000,68,573,241,0,7.800000000000000,68,573,0,241,22.64,72.46000000000000,0.21,982,3,177,1,12.0620,9.3089,,,,,,,,,,,,,,,,,,,,,,
2021,7,10,7,30,34.7,87,718,436,0,7.800000000000000,87,718,14,436,19.080000000000000,60.95,0.21,982,3,237,1.1,23.9006,18.6569,,,,,,,,,,,,,,,,,,,,,,
2021,7,10,8,30,37.300000000000000,99,805,625,0,8.1,99,805,0,625,16.89,49.230000000000000,0.21,982,2.9000000000000000,259,1.5,36.2069,28.3991,,,,,,,,,,,,,,,,,,,,,,
2021,7,10,9,30,39.800000000000000,109,855,786,0,7.6000000000000000,109,855,0,786,14.27,37.63,0.21,982,2.8000000000000000,264,1.8,47.0168,36.9625,,,,,,,,,,,,,,,,,,,,,,
2021,7,10,10,30,42,115,882,903,0,6.7,115,882,0,903,11.92,26.75,0.21,982,2.8000000000000000,269,2.1,55.0021,43.2906,,,,,,,,,,,,,,,,,,,,,,
2021,7,10,11,30,43.900000000000000,119,898,971,0,5.7,119,898,0,971,10.08,18.36,0.21,981,2.7,275,2.4000000000000000,59.6570,46.9789,,,,,,,,,,,,,,,,,,,,,,
2021,7,10,12,30,45.1,121,898,980,0,5.4,121,898,0,980,9.32,16.94,0.21,980,2.6,280,2.5,60.2756,47.4691,,,,,,,,,,,,,,,,,,,,,,
2021,7,10,13,30,45.5,123,882,930,0,5.6000000000000000,123,882,0,930,9.23,23.81,0.21,980,2.6,282,2.6,56.8441,44.7499,,,,,,,,,,,,,,,,,,,,,,
2021,7,10,14,30,45.2,118,859,828,0,6,118,859,0,828,9.66,34.22,0.21,980,2.5,282,2.7,49.8606,39.2155,,,,,,,,,,,,,,,,,,,,,,
2021,7,10,15,30,44.900000000000000,109,816,679,0,6.300000000000000,109,816,0,679,10.01,45.7,0.21,980,2.5,281,2.8000000000000000,39.7927,31.2386,,,,,,,,,,,,,,,,,,,,,,
2021,7,10,16,30,42.800000000000000,95,747,497,0,6.4,95,747,0,497,11.25,57.42,0.21,979,2.6,276,2.8000000000000000,27.7932,21.7361,,,,,,,,,,,,,,,,,,,,,,
2021,7,10,17,30,40.2,76,630,301,0,6.5,76,630,0,301,12.97,69.03,0.21,980,2.6,273,2.4000000000000000,15.5418,12.0496,,,,,,,,,,,,,,,,,,,,,,
2021,7,10,18,30,36.2,49,404,117,0,6.6000000000000000,49,404,0,117,16.27,80.25,0.21,980,2.6,273,1.7000000000000000,0.0000,0.0000,,,,,,,,,,,,,,,,,,,,,,
2021,7,10,19,30,32.9,4,24,4,0,6.7,4,24,0,4,19.59,90.97,0.21,981,2.7,280,1.2000000000000000,0.0000,0.0000,,,,,,,,,,,,,,,,,,,,,,
2021,7,10,20,30,31.3,0,0,0,0,6.5,0,0,0,0,21.14,100.64,0.21,981,2.8000000000000000,170,1.1,0.0000,0.0000,,,,,,,,,,,,,,,,,,,,,,
2021,7,10,21,30,30.3,0,0,0,0,6.6000000000000000,0,0,0,0,22.51,108.9,0.21,982,2.8000000000000000,56,1.1,0.0000,0.0000,,,,,,,,,,,,,,,,,,,,,,
2021,7,10,22,30,30.1,0,0,0,0,6.7,0,0,0,0,23.02,115.16,0.21,981,2.9000000000000000,56,1.1,0.0000,0.0000,,,,,,,,,,,,,,,,,,,,,,
2021,7,10,23,30,30,0,0,0,0,7,0,0,0,0,23.59,118.79,0.21,981,2.9000000000000000,55,1,0.0000,0.0000,,,,,,,,,,,,,,,,,,,,,,
2021,7,11,0,30,29.5,0,0,0,0,7.2,0,0,0,0,24.63,119.29,0.21,980,2.9000000000000000,64,1,0.0000,0.0000,,,,,,,,,,,,,,,,,,,,,,
2021,7,11,1,30,28.3,0,0,0,0,7.5,0,0,0,0,27.060000000000000,116.60000000000000,0.21,980,2.9000000000000000,82,1.1,0.0000,0.0000,,,,,,,,,,,,,,,,,,,,,,
2021,7,11,2,30,27,0,0,0,0,8,0,0,0,0,30.1,111.08,0.21,980,2.9000000000000000,96,1.3,0.0000,0.0000,,,,,,,,,,,,,,,,,,,,,,
2021,7,11,3,30,26,0,0,0,0,8.4,0,0,0,0,32.81,103.37,0.21,980,2.9000000000000000,108,1.4000000000000000,0.0000,0.0000,,,,,,,,,,,,,,,,,,,,,,
2021,7,11,4,30,26.1,0,0,0,0,8.700000000000000,0,0,0,0,33.3,94.08,0.21,981,2.8000000000000000,123,1.4000000000000000,0.0000,0.0000,,,,,,,,,,,,,,,,,,,,,,
2021,7,11,5,30,28.200000000000000,35,306,69,0,8.9,35,306,0,69,29.93,83.58,0.21,981,2.7,141,1.6,0.0000,0.0000,,,,,,,,,,,,,,,,,,,,,,
2021,7,11,6,30,31.3,67,586,243,0,9,67,586,0,243,25.080000000000000,72.56,0.21,981,2.7,162,1.8,12.1508,9.3760,,,,,,,,,,,,,,,,,,,,,,
2021,7,11,7,30,34,86,731,440,0,8.700000000000000,86,731,0,440,21.080000000000000,61.04,0.21,981,2.6,189,1.7000000000000000,24.1065,18.8166,,,,,,,,,,,,,,,,,,,,,,
2021,7,11,8,30,36.7,99,814,629,0,7.9,99,814,0,629,17.2,49.33,0.21,981,2.6,219,1.7000000000000000,36.4257,28.5699,,,,,,,,,,,,,,,,,,,,,,
2021,7,11,9,30,39,111,856,788,0,7,111,856,0,788,14.32,37.74,0.21,981,2.6,239,1.9000000000000000,47.1254,37.0474,,,,,,,,,,,,,,,,,,,,,,
2021,7,11,10,30,40.900000000000000,123,875,904,0,6.1000000000000000,123,875,0,904,12.120000000000000,26.87,0.21,980,2.6,250,2.2,55.0546,43.3314,,,,,,,,,,,,,,,,,,,,,,
2021,7,11,11,30,42.300000000000000,127,889,970,0,4.9,127,889,0,970,10.38,18.490000000000000,0.21,980,2.5,257,2.4000000000000000,59.5893,46.9253,,,,,,,,,,,,,,,,,,,,,,
2021,7,11,12,30,43.2,120,902,982,0,3.7,120,902,0,982,9.11,17.06,0.21,979,2.6,260,2.5,60.3933,47.5616,,,,,,,,,,,,,,,,,,,,,,
2021,7,11,13,30,43.5,107,908,937,0,2.9000000000000000,107,908,0,937,8.45,23.89,0.21,978,2.6,259,2.7,57.2669,45.0825,,,,,,,,,,,,,,,,,,,,,,
2021,7,11,14,30,43.1,105,881,833,0,2.4000000000000000,105,881,0,833,8.33,34.28,0.21,978,2.6,255,2.8000000000000000,50.1563,39.4477,,,,,,,,,,,,,,,,,,,,,,
2021,7,11,15,30,42.7,99,838,684,0,2.1,99,838,0,684,8.33,45.75,0.21,978,2.6,253,2.8000000000000000,40.0797,31.4636,,,,,,,,,,,,,,,,,,,,,,
2021,7,11,16,30,39.7,91,765,502,0,1.8,91,765,0,502,9.57,57.47,0.22,978,2.5,249,2.8000000000000000,28.0656,21.9485,,,,,,,,,,,,,,,,,,,,,,
2021,7,11,17,30,36.4,74,647,305,0,1.7000000000000000,74,647,0,305,11.370000000000000,69.08,0.22,978,2.4000000000000000,247,2.4000000000000000,15.7415,12.2037,,,,,,,,,,,,,,,,,,,,,,
2021,7,11,18,30,32.2,48,422,119,0,2.1,48,422,0,119,14.8,80.31,0.22,979,2.3000000000000000,248,1.9000000000000000,0.0000,0.0000,,,,,,,,,,,,,,,,,,,,,,
2021,7,11,19,30,28.900000000000000,4,27,4,0,3,4,27,0,4,19,91.04,0.22,979,2.2,211,1.4000000000000000,0.0000,0.0000,,,,,,,,,,,,,,,,,,,,,,
2021,7,11,20,30,27.200000000000000,0,0,0,0,3.4000000000000000,0,0,0,0,21.7,100.73,0.22,980,2.1,156,1.3,0.0000,0.0000,,,,,,,,,,,,,,,,,,,,,,
2021,7,11,21,30,26.200000000000000,0,0,0,0,3.7,0,0,0,0,23.47,109,0.22,980,2,151,1.4000000000000000,0.0000,0.0000,,,,,,,,,,,,,,,,,,,,,,
2021,7,11,22,30,25.200000000000000,0,0,0,0,4,0,0,0,0,25.400000000000000,115.28,0.22,980,2,164,1.5,0.0000,0.0000,,,,,,,,,,,,,,,,,,,,,,
2021,7,11,23,30,24.200000000000000,0,0,0,0,4.4,0,0,0,0,27.64,118.92,0.22,980,2,166,1.5,0.0000,0.0000,,,,,,,,,,,,,,,,,,,,,,
2021,7,12,0,30,23.400000000000000,0,0,0,0,4.6000000000000000,0,0,0,0,29.55,119.43,0.22,980,2,162,1.5,0.0000,0.0000,,,,,,,,,,,,,,,,,,,,,,
2021,7,12,1,30,22.700000000000000,0,0,0,0,5.300000000000000,0,0,0,0,32.39,116.74000000000000,0.22,980,2,158,1.5,0.0000,0.0000,,,,,,,,,,,,,,,,,,,,,,
2021,7,12,2,30,22.200000000000000,0,0,0,0,6.4,0,0,0,0,35.9,111.22,0.22,980,2.1,157,1.6,0.0000,0.0000,,,,,,,,,,,,,,,,,,,,,,
2021,7,12,3,30,21.700000000000000,0,0,0,0,7.2,0,0,0,0,39.24,103.5,0.22,980,2.3000000000000000,157,1.6,0.0000,0.0000,,,,,,,,,,,,,,,,,,,,,,
2021,7,12,4,30,21.8,0,0,0,0,7.9,0,0,0,0,40.92,94.2,0.22,980,2.4000000000000000,157,1.6,0.0000,0.0000,,,,,,,,,,,,,,,,,,,,,,
2021,7,12,5,30,23.8,38,245,65,0,8.6,38,245,0,65,37.89,83.69,0.22,980,2.6,161,1.8,0.0000,0.0000,,,,,,,,,,,,,,,,,,,,,,
2021,7,12,6,30,26.6,83,506,234,0,9,83,506,0,234,32.92,72.66,0.22,981,2.7,173,2,11.6899,9.0189,,,,,,,,,,,,,,,,,,,,,,
2021,7,12,7,30,28.8,112,653,427,0,8.8,112,653,0,427,28.62,61.14,0.22,981,2.7,189,2,23.3798,18.2483,,,,,,,,,,,,,,,,,,,,,,
2021,7,12,8,30,30.8,129,747,615,0,8.8,129,747,0,615,25.41,49.43,0.22,981,2.7,203,2,35.6023,27.9233,,,,,,,,,,,,,,,,,,,,,,
2021,7,12,9,30,32.7,135,815,779,0,8.4,135,815,0,779,22.23,37.84,0.22,981,2.7,216,2,46.5773,36.6160,,,,,,,,,,,,,,,,,,,,,,
2021,7,12,10,30,34.6,135,860,901,0,7.7,135,860,0,901,19.1,26.990000000000000,0.22,981,2.6,225,1.9000000000000000,54.8634,43.1806,,,,,,,,,,,,,,,,,,,,,,
2021,7,12,11,30,36.300000000000000,138,877,969,0,6.6000000000000000,138,877,0,969,16.18,18.63,0.22,980,2.5,233,1.9000000000000000,59.5211,46.8713,,,,,,,,,,,,,,,,,,,,,,
2021,7,12,12,30,38,139,879,979,0,5.2,139,879,0,979,13.38,17.19,0.22,980,2.4000000000000000,239,2,60.2030,47.4114,,,,,,,,,,,,,,,,,,,,,,
2021,7,12,13,30,39.1,138,868,931,0,3.5,138,868,0,931,11.19,23.97,0.22,979,2.3000000000000000,242,2.2,56.8952,44.7897,,,,,,,,,,,,,,,,,,,,,,
2021,7,12,14,30,39.2,131,844,828,0,2.3000000000000000,131,844,0,828,10.21,34.34,0.22,979,2.2,246,2.5,49.8498,39.2064,,,,,,,,,,,,,,,,,,,,,,
2021,7,12,15,30,39.1,121,800,679,0,1.3,121,800,0,679,9.58,45.800000000000000,0.22,979,2.2,248,2.6,39.7807,31.2285,,,,,,,,,,,,,,,,,,,,,,
2021,7,12,16,30,36.300000000000000,105,731,498,0,0.8,105,731,0,498,10.75,57.52,0.22,979,2.1,249,2.4000000000000000,27.8347,21.7675,,,,,,,,,,,,,,,,,,,,,,
2021,7,12,17,30,33,84,611,302,0,1.4000000000000000,84,611,0,302,13.44,69.14,0.22,979,2,244,2,15.5785,12.0765,,,,,,,,,,,,,,,,,,,,,,
2021,7,12,18,30,29,51,383,115,0,2.7,51,383,0,115,18.53,80.37,0.22,979,2,238,1.6,0.0000,0.0000,,,,,,,,,,,,,,,,,,,,,,
2021,7,12,19,30,26.200000000000000,2,13,2,0,4,2,13,0,2,23.96,91.12,0.22,980,1.9000000000000000,186,1.3,0.0000,0.0000,,,,,,,,,,,,,,,,,,,,,,
2021,7,12,20,30,24.900000000000000,0,0,0,0,4.4,0,0,0,0,26.560000000000000,100.82000000000000,0.22,980,1.9000000000000000,140,1.3,0.0000,0.0000,,,,,,,,,,,,,,,,,,,,,,
2021,7,12,21,30,23.8,0,0,0,0,4.4,0,0,0,0,28.310000000000000,109.11,0.22,980,1.9000000000000000,156,1.4000000000000000,0.0000,0.0000,,,,,,,,,,,,,,,,,,,,,,
2021,7,12,22,30,22.8,0,0,0,0,4.5,0,0,0,0,30.38,115.4,0.22,979,2,169,1.4000000000000000,0.0000,0.0000,,,,,,,,,,,,,,,,,,,,,,
2021,7,12,23,30,21.900000000000000,0,0,0,0,4.800000000000000,0,0,0,0,32.81,119.06,0.22,979,2,169,1.4000000000000000,0.0000,0.0000,,,,,,,,,,,,,,,,,,,,,,
2021,7,13,0,30,21.200000000000000,0,0,0,0,5,0,0,0,0,34.69,119.58,0.22,979,2.1,164,1.3,0.0000,0.0000,,,,,,,,,,,,,,,,,,,,,,
2021,7,13,1,30,20.700000000000000,0,0,0,7,5.6000000000000000,0,0,0,0,37.42,116.88,0.22,979,2.2,159,1.3,0.0000,0.0000,,,,,,,,,,,,,,,,,,,,,,
2021,7,13,2,30,20.1,0,0,0,0,6.7,0,0,0,0,41.71,111.36,0.22,979,2.3000000000000000,157,1.2000000000000000,0.0000,0.0000,,,,,,,,,,,,,,,,,,,,,,
2021,7,13,3,30,19.6,0,0,0,0,7.5,0,0,0,0,45.64,103.63,0.22,979,2.3000000000000000,156,1.2000000000000000,0.0000,0.0000,,,,,,,,,,,,,,,,,,,,,,
2021,7,13,4,30,19.900000000000000,0,0,0,0,8.3,0,0,0,0,47.04,94.32000000000000,0.22,980,2.3000000000000000,156,1.3,0.0000,0.0000,,,,,,,,,,,,,,,,,,,,,,
2021,7,13,5,30,22,39,225,63,0,8.8,39,225,43,63,42.82,83.8,0.22,980,2.3000000000000000,159,1.6,0.0000,0.0000,,,,,,,,,,,,,,,,,,,,,,
2021,7,13,6,30,24.700000000000000,85,496,232,0,9.4,85,496,0,232,37.95,72.77,0.22,981,2.3000000000000000,166,1.9000000000000000,11.5781,8.9312,,,,,,,,,,,,,,,,,,,,,,
2021,7,13,7,30,27.3,113,656,429,0,9.700000000000000,113,656,0,429,33.27,61.25,0.22,981,2.2,176,2.1,23.4733,18.3200,,,,,,,,,,,,,,,,,,,,,,
2021,7,13,8,30,29.700000000000000,127,759,620,0,9.600000000000000,127,759,0,620,28.59,49.53,0.22,981,2.1,188,2.3000000000000000,35.8788,28.1394,,,,,,,,,,,,,,,,,,,,,,
2021,7,13,9,30,32,145,807,781,0,9.1,145,807,0,781,24.29,37.95,0.22,981,2,198,2.4000000000000000,46.6859,36.7008,,,,,,,,,,,,,,,,,,,,,,
2021,7,13,10,30,34,163,825,897,0,8.200000000000000,163,825,0,897,20.48,27.11,0.22,981,1.9000000000000000,205,2.6,54.6113,42.9818,,,,,,,,,,,,,,,,,,,,,,
2021,7,13,11,30,35.800000000000000,160,853,968,0,7.2,160,853,0,968,17.27,18.78,0.22,981,1.9000000000000000,210,2.7,59.4524,46.8168,,,,,,,,,,,,,,,,,,,,,,
2021,7,13,12,30,37.2,144,882,986,0,6,144,882,0,986,14.74,17.330000000000000,0.22,980,1.8,214,2.7,60.6271,47.7451,,,,,,,,,,,,,,,,,,,,,,
2021,7,13,13,30,38.1,124,899,945,0,4.800000000000000,124,899,0,945,12.88,24.07,0.22,980,1.8,218,2.7,57.7444,45.4578,,,,,,,,,,,,,,,,,,,,,,
2021,7,13,14,30,38.2,115,880,841,0,4.1000000000000000,115,880,0,841,12.23,34.410000000000000,0.22,979,1.8,225,2.7,50.6260,39.8165,,,,,,,,,,,,,,,,,,,,,,
2021,7,13,15,30,38,105,842,691,0,4,105,842,0,691,12.26,45.86,0.22,979,1.8,229,2.7,40.4764,31.7742,,,,,,,,,,,,,,,,,,,,,,
2021,7,13,16,30,35.2,89,781,508,0,4.4,89,781,0,508,14.74,57.58,0.22,979,1.8,241,2.7,28.3847,22.1970,,,,,,,,,,,,,,,,,,,,,,
2021,7,13,17,30,31.6,71,666,308,0,5.4,71,666,0,308,19.240000000000000,69.2,0.22,979,1.9000000000000000,249,2.6,15.8797,12.3091,,,,,,,,,,,,,,,,,,,,,,
2021,7,13,18,30,27.200000000000000,45,444,119,0,6.7,45,444,0,119,27.14,80.44,0.22,980,1.8,254,2.1,0.0000,0.0000,,,,,,,,,,,,,,,,,,,,,,
2021,7,13,19,30,23.8,2,18,2,0,7.5,2,18,0,2,35.21,91.2,0.22,981,1.8,235,1.5,0.0000,0.0000,,,,,,,,,,,,,,,,,,,,,,
2021,7,13,20,30,22.200000000000000,0,0,0,0,7.5,0,0,0,0,38.75,100.91,0.22,981,1.8,197,1.2000000000000000,0.0000,0.0000,,,,,,,,,,,,,,,,,,,,,,
2021,7,13,21,30,21.3,0,0,0,0,7.2,0,0,0,0,40.14,109.22,0.22,981,1.7000000000000000,180,1.2000000000000000,0.0000,0.0000,,,,,,,,,,,,,,,,,,,,,,
2021,7,13,22,30,20.6,0,0,0,0,7,0,0,0,0,41.21,115.53,0.22,981,1.7000000000000000,179,1.2000000000000000,0.0000,0.0000,,,,,,,,,,,,,,,,,,,,,,
2021,7,13,23,30,20,0,0,0,0,6.9,0,0,0,0,42.46,119.2,0.22,981,1.7000000000000000,175,1.2000000000000000,0.0000,0.0000,,,,,,,,,,,,,,,,,,,,,,
2021,7,14,0,30,19.5,0,0,0,0,6.7,0,0,0,0,43.4,119.73,0.22,981,1.7000000000000000,168,1.1,0.0000,0.0000,,,,,,,,,,,,,,,,,,,,,,
2021,7,14,1,30,19,0,0,0,0,6.6000000000000000,0,0,0,0,44.51,117.03,0.22,981,1.7000000000000000,163,1.1,0.0000,0.0000,,,,,,,,,,,,,,,,,,,,,,
2021,7,14,2,30,18.7,0,0,0,0,6.6000000000000000,0,0,0,0,45.230000000000000,111.5,0.22,981,1.7000000000000000,161,1,0.0000,0.0000,,,,,,,,,,,,,,,,,,,,,,
2021,7,14,3,30,18.3,0,0,0,0,6.5,0,0,0,0,46.15,103.77,0.22,981,1.7000000000000000,164,0.9,0.0000,0.0000,,,,,,,,,,,,,,,,,,,,,,
2021,7,14,4,30,18.7,0,0,0,0,6.5,0,0,0,0,44.88,94.45,0.22,981,1.8,169,0.9,0.0000,0.0000,,,,,,,,,,,,,,,,,,,,,,
2021,7,14,5,30,21,35,294,66,0,6.5,35,294,0,66,39,83.91,0.22,982,1.8,170,1.1,0.0000,0.0000,,,,,,,,,,,,,,,,,,,,,,
2021,7,14,6,30,24.200000000000000,70,583,242,0,6.300000000000000,70,583,0,242,31.6,72.88,0.22,982,1.8,176,1.3,12.0647,9.3050,,,,,,,,,,,,,,,,,,,,,,
2021,7,14,7,30,26.8,91,737,444,0,6.1000000000000000,91,737,0,444,26.8,61.35,0.22,982,1.7000000000000000,189,1.5,24.2789,18.9475,,,,,,,,,,,,,,,,,,,,,,
2021,7,14,8,30,29.3,102,824,636,0,6,102,824,0,636,22.92,49.64,0.22,982,1.7000000000000000,200,1.7000000000000000,36.7902,28.8533,,,,,,,,,,,,,,,,,,,,,,
2021,7,14,9,30,31.6,119,864,799,0,5.6000000000000000,119,864,0,799,19.62,38.06,0.22,982,1.6,205,2,47.7506,37.5372,,,,,,,,,,,,,,,,,,,,,,
2021,7,14,10,30,33.7,138,876,917,0,4.9,138,876,0,917,16.580000000000000,27.23,0.22,982,1.5,208,2.3000000000000000,55.8203,43.9329,,,,,,,,,,,,,,,,,,,,,,
2021,7,14,11,30,35.4,148,886,986,0,4,148,886,0,986,14.17,18.93,0.22,982,1.4000000000000000,211,2.5,60.5504,47.6811,,,,,,,,,,,,,,,,,,,,,,
2021,7,14,12,30,36.6,153,884,996,0,2.9000000000000000,153,884,0,996,12.23,17.47,0.22,981,1.3,216,2.6,61.2355,48.2239,,,,,,,,,,,,,,,,,,,,,,
2021,7,14,13,30,37.1,152,869,945,0,1.9000000000000000,152,869,0,945,11.08,24.17,0.22,981,1.3,222,2.7,57.7380,45.4525,,,,,,,,,,,,,,,,,,,,,,
2021,7,14,14,30,37.1,146,844,842,0,1.1,146,844,0,842,10.5,34.480000000000000,0.22,981,1.2000000000000000,229,2.7,50.6797,39.8585,,,,,,,,,,,,,,,,,,,,,,
2021,7,14,15,30,36.9,135,797,689,0,0.7000000000000000,135,797,0,689,10.3,45.92,0.22,980,1.2000000000000000,233,2.7,40.3518,31.6760,,,,,,,,,,,,,,,,,,,,,,
2021,7,14,16,30,34.5,115,725,503,0,0.7000000000000000,115,725,0,503,11.77,57.64,0.22,980,1.2000000000000000,250,2.7,28.0965,21.9710,,,,,,,,,,,,,,,,,,,,,,
2021,7,14,17,30,31.400000000000000,89,602,302,0,1.4000000000000000,89,602,0,302,14.76,69.27,0.22,981,1.2000000000000000,263,2.6,15.5608,12.0609,,,,,,,,,,,,,,,,,,,,,,
2021,7,14,18,30,27.3,52,377,114,0,3,52,377,0,114,20.96,80.52,0.22,981,1.2000000000000000,273,2.2,0.0000,0.0000,,,,,,,,,,,,,,,,,,,,,,
2021,7,14,19,30,24,2,13,2,0,4.7,2,13,0,2,28.66,91.29,0.22,982,1.2000000000000000,258,1.6,0.0000,0.0000,,,,,,,,,,,,,,,,,,,,,,
2021,7,14,20,30,22.200000000000000,0,0,0,0,5.6000000000000000,0,0,0,0,34.1,101.02,0.22,982,1.3,208,1.3,0.0000,0.0000,,,,,,,,,,,,,,,,,,,,,,
2021,7,14,21,30,20.8,0,0,0,0,6.1000000000000000,0,0,0,0,38.46,109.34,0.22,983,1.3,176,1.3,0.0000,0.0000,,,,,,,,,,,,,,,,,,,,,,
2021,7,14,22,30,19.8,0,0,0,0,6.5,0,0,0,0,41.99,115.67,0.22,983,1.4000000000000000,175,1.2000000000000000,0.0000,0.0000,,,,,,,,,,,,,,,,,,,,,,
2021,7,14,23,30,19.200000000000000,0,0,0,0,6.9,0,0,0,0,44.74,119.36,0.22,982,1.4000000000000000,171,1,0.0000,0.0000,,,,,,,,,,,,,,,,,,,,,,
2021,7,15,0,30,18.900000000000000,0,0,0,0,7.1000000000000000,0,0,0,0,46.37,119.89,0.22,982,1.3,164,0.9,0.0000,0.0000,,,,,,,,,,,,,,,,,,,,,,
2021,7,15,1,30,18.5,0,0,0,0,7.1000000000000000,0,0,0,0,47.550000000000000,117.19,0.22,982,1.3,160,0.9,0.0000,0.0000,,,,,,,,,,,,,,,,,,,,,,
2021,7,15,2,30,17.900000000000000,0,0,0,0,7,0,0,0,0,48.79,111.65,0.22,982,1.2000000000000000,164,0.9,0.0000,0.0000,,,,,,,,,,,,,,,,,,,,,,
2021,7,15,3,30,17.2,0,0,0,0,6.800000000000000,0,0,0,0,50.35,103.91,0.22,982,1.1,174,0.9,0.0000,0.0000,,,,,,,,,,,,,,,,,,,,,,
2021,7,15,4,30,17.3,0,0,0,0,6.7,0,0,0,0,49.82,94.58,0.22,983,1.1,182,1,0.0000,0.0000,,,,,,,,,,,,,,,,,,,,,,
2021,7,15,5,30,19.3,35,297,66,0,6.6000000000000000,35,297,0,66,43.72,84.03,0.22,983,1,182,1.4000000000000000,0.0000,0.0000,,,,,,,,,,,,,,,,,,,,,,
2021,7,15,6,30,21.900000000000000,73,591,246,0,6.300000000000000,73,591,0,246,36.4,72.99,0.22,984,1,180,1.7000000000000000,12.2516,9.4475,,,,,,,,,,,,,,,,,,,,,,
2021,7,15,7,30,24.200000000000000,95,743,450,0,6.1000000000000000,95,743,0,450,31.28,61.46,0.22,984,1,186,1.9000000000000000,24.5900,19.1890,,,,,,,,,,,,,,,,,,,,,,
2021,7,15,8,30,26.6,110,831,647,0,6.1000000000000000,110,831,0,647,27.1,49.74,0.22,984,1,195,2,37.4129,29.3409,,,,,,,,,,,,,,,,,,,,,,
2021,7,15,9,30,29.200000000000000,113,895,817,0,5.800000000000000,113,895,0,817,22.8,38.17,0.22,984,1,202,2.3000000000000000,48.8148,38.3731,,,,,,,,,,,,,,,,,,,,,,
2021,7,15,10,30,31.5,110,938,943,0,5.1000000000000000,110,938,0,943,19.01,27.36,0.22,983,1,209,2.6,57.3932,45.1703,,,,,,,,,,,,,,,,,,,,,,
2021,7,15,11,30,33.300000000000000,112,953,1013,0,3.9000000000000000,112,953,0,1013,15.780000000000000,19.080000000000000,0.22,983,1,217,2.7,62.2006,48.9803,,,,,,,,,,,,,,,,,,,,,,
2021,7,15,12,30,34.4,116,951,1022,0,2.7,116,951,0,1022,13.69,17.62,0.22,982,1,225,2.7,62.8269,49.4768,,,,,,,,,,,,,,,,,,,,,,
2021,7,15,13,30,35,118,937,972,0,1.7000000000000000,118,937,0,972,12.27,24.27,0.22,982,0.9,231,2.7,59.3810,46.7456,,,,,,,,,,,,,,,,,,,,,,
2021,7,15,14,30,34.800000000000000,112,914,865,0,0.8,112,914,0,865,11.64,34.56,0.22,981,0.9,238,2.7,52.0564,40.9408,,,,,,,,,,,,,,,,,,,,,,
2021,7,15,15,30,34.6,104,873,711,0,0.4,104,873,0,711,11.42,45.99,0.22,981,0.9,241,2.7,41.6314,32.6799,,,,,,,,,,,,,,,,,,,,,,
2021,7,15,16,30,32.1,90,810,523,0,0.30000000000000000,90,810,0,523,13.11,57.71,0.22,981,0.9,249,2.7,29.2029,22.8354,,,,,,,,,,,,,,,,,,,,,,
2021,7,15,17,30,29,72,696,318,0,1,72,696,0,318,16.46,69.34,0.22,981,0.9,255,2.5,16.3752,12.6911,,,,,,,,,,,,,,,,,,,,,,
2021,7,15,18,30,24.900000000000000,45,470,122,0,2.5,45,470,0,122,23.330000000000000,80.60000000000000,0.22,981,0.9,261,2.1,0.0000,0.0000,,,,,,,,,,,,,,,,,,,,,,
2021,7,15,19,30,21.8,2,19,2,0,3.8000000000000000,2,19,0,2,30.8,91.38,0.22,981,0.9,226,1.5,0.0000,0.0000,,,,,,,,,,,,,,,,,,,,,,
2021,7,15,20,30,20.3,0,0,0,0,4.1000000000000000,0,0,0,0,34.36,101.12,0.22,982,0.9,167,1.3,0.0000,0.0000,,,,,,,,,,,,,,,,,,,,,,
2021,7,15,21,30,19.200000000000000,0,0,0,0,3.8000000000000000,0,0,0,0,36.2,109.47,0.22,982,0.9,152,1.4000000000000000,0.0000,0.0000,,,,,,,,,,,,,,,,,,,,,,
2021,7,15,22,30,18.400000000000000,0,0,0,0,3.6,0,0,0,0,37.52,115.81,0.22,982,0.9,163,1.4000000000000000,0.0000,0.0000,,,,,,,,,,,,,,,,,,,,,,
2021,7,15,23,30,17.6,0,0,0,0,3.6,0,0,0,0,39.47,119.51,0.22,982,0.9,164,1.4000000000000000,0.0000,0.0000,,,,,,,,,,,,,,,,,,,,,,
2021,7,16,0,30,16.900000000000000,0,0,0,0,3.6,0,0,0,0,41.24,120.05,0.22,982,0.9,160,1.4000000000000000,0.0000,0.0000,,,,,,,,,,,,,,,,,,,,,,
2021,7,16,1,30,16.400000000000000,0,0,0,0,3.8000000000000000,0,0,0,0,43.12,117.35000000000000,0.22,981,0.9,152,1.3,0.0000,0.0000,,,,,,,,,,,,,,,,,,,,,,
2021,7,16,2,30,15.9,0,0,0,0,4.1000000000000000,0,0,0,0,45.42,111.81,0.22,981,0.9,146,1.2000000000000000,0.0000,0.0000,,,,,,,,,,,,,,,,,,,,,,
2021,7,16,3,30,15.5,0,0,0,0,4.2,0,0,0,0,46.86,104.05,0.22,981,0.9,147,1.2000000000000000,0.0000,0.0000,,,,,,,,,,,,,,,,,,,,,,
2021,7,16,4,30,16,0,0,0,0,4.3,0,0,0,0,45.79,94.71000000000000,0.22,982,1,152,1.2000000000000000,0.0000,0.0000,,,,,,,,,,,,,,,,,,,,,,
2021,7,16,5,30,18.6,33,356,69,0,4.5,33,356,0,69,39.480000000000000,84.15,0.22,982,1,159,1.3,0.0000,0.0000,,,,,,,,,,,,,,,,,,,,,,
2021,7,16,6,30,22,61,656,252,0,4.9,61,656,0,252,32.74,73.10000000000000,0.22,983,1,172,1.5,12.5376,9.6663,,,,,,,,,,,,,,,,,,,,,,
2021,7,16,7,30,24.700000000000000,78,800,459,0,5.300000000000000,78,800,0,459,28.73,61.57,0.22,983,1,190,1.6,25.0644,19.5579,,,,,,,,,,,,,,,,,,,,,,
2021,7,16,8,30,27.1,90,880,657,0,5.4,90,880,0,657,25.060000000000000,49.85,0.22,983,1,208,1.6,37.9760,29.7815,,,,,,,,,,,,,,,,,,,,,,
2021,7,16,9,30,29.5,101,920,823,0,4.800000000000000,101,920,0,823,20.84,38.28,0.22,983,1,220,1.7000000000000000,49.1616,38.6451,,,,,,,,,,,,,,,,,,,,,,
2021,7,16,10,30,31.6,113,936,943,0,3.7,113,936,0,943,17.17,27.490000000000000,0.22,982,1,227,1.8,57.3834,45.1621,,,,,,,,,,,,,,,,,,,,,,
2021,7,16,11,30,33.5,118,946,1011,0,2.5,118,946,0,1011,14.13,19.240000000000000,0.22,982,1,231,2,62.0695,48.8766,,,,,,,,,,,,,,,,,,,,,,
2021,7,16,12,30,34.9,117,949,1021,0,0.8,117,949,0,1021,11.55,17.78,0.22,981,1,234,2.1,62.7576,49.4219,,,,,,,,,,,,,,,,,,,,,,
2021,7,16,13,30,35.5,113,942,971,0,-0.4,113,942,0,971,10.28,24.38,0.22,981,1,239,2.1,59.3125,46.6913,,,,,,,,,,,,,,,,,,,,,,
2021,7,16,14,30,35.6,108,919,864,0,-0.9,108,919,0,864,9.86,34.65,0.22,980,1,244,2,51.9876,40.8863,,,,,,,,,,,,,,,,,,,,,,
2021,7,16,15,30,35.5,101,878,710,0,-1.2000000000000000,101,878,0,710,9.68,46.07,0.22,980,1,247,2,41.5626,32.6253,,,,,,,,,,,,,,,,,,,,,,
2021,7,16,16,30,33.800000000000000,91,802,519,0,-1.3,91,802,0,519,10.57,57.78,0.22,980,1,254,1.9000000000000000,28.9689,22.6517,,,,,,,,,,,,,,,,,,,,,,
2021,7,16,17,30,31.3,74,679,313,0,-1.1,74,679,0,313,12.39,69.42,0.22,980,1,261,1.6,16.1064,12.4815,,,,,,,,,,,,,,,,,,,,,,
2021,7,16,18,30,27.700000000000000,46,444,118,0,0,46,444,0,118,16.43,80.68,0.22,980,1,261,1.3,0.0000,0.0000,,,,,,,,,,,,,,,,,,,,,,
2021,7,16,19,30,24.6,2,16,2,0,1.4000000000000000,2,16,0,2,21.830000000000000,91.48,0.22,981,1,214,1.1,0.0000,0.0000,,,,,,,,,,,,,,,,,,,,,,
2021,7,16,20,30,22.900000000000000,0,0,0,0,2.5,0,0,0,0,26.25,101.24000000000000,0.22,981,1,135,1.1,0.0000,0.0000,,,,,,,,,,,,,,,,,,,,,,
2021,7,16,21,30,21.5,0,0,0,0,3.2,0,0,0,0,29.92,109.60000000000000,0.22,981,1,101,1.1,0.0000,0.0000,,,,,,,,,,,,,,,,,,,,,,
2021,7,16,22,30,20.700000000000000,0,0,0,0,3.4000000000000000,0,0,0,0,31.94,115.96000000000000,0.22,981,1,115,1.1,0.0000,0.0000,,,,,,,,,,,,,,,,,,,,,,
2021,7,16,23,30,20.200000000000000,0,0,0,0,3.4000000000000000,0,0,0,0,32.92,119.68,0.22,981,1,137,1.2000000000000000,0.0000,0.0000,,,,,,,,,,,,,,,,,,,,,,
2021,7,17,0,30,19.400000000000000,0,0,0,0,3.6,0,0,0,0,35.25,120.22,0.22,981,1.1,148,1.3,0.0000,0.0000,,,,,,,,,,,,,,,,,,,,,,
2021,7,17,1,30,18.5,0,0,0,0,4.1000000000000000,0,0,0,0,38.62,117.52,0.22,981,1.1,145,1.3,0.0000,0.0000,,,,,,,,,,,,,,,,,,,,,,
2021,7,17,2,30,17.8,0,0,0,0,4.5,0,0,0,0,41.36,111.96000000000000,0.22,981,1.2000000000000000,139,1.2000000000000000,0.0000,0.0000,,,,,,,,,,,,,,,,,,,,,,
2021,7,17,3,30,17.400000000000000,0,0,0,0,4.5,0,0,0,0,42.410000000000000,104.19,0.22,981,1.2000000000000000,137,1.2000000000000000,0.0000,0.0000,,,,,,,,,,,,,,,,,,,,,,
2021,7,17,4,30,17.900000000000000,0,0,0,0,4.4,0,0,0,0,40.84,94.84,0.22,982,1.2000000000000000,141,1.2000000000000000,0.0000,0.0000,,,,,,,,,,,,,,,,,,,,,,
2021,7,17,5,30,20.400000000000000,36,205,56,0,4.4,36,205,0,56,35.01,84.27,0.22,982,1.3,156,1.2000000000000000,0.0000,0.0000,,,,,,,,,,,,,,,,,,,,,,
2021,7,17,6,30,23.900000000000000,85,496,228,0,4.9,85,496,0,228,29.26,73.22,0.22,982,1.3,175,1.3,11.3309,8.7342,,,,,,,,,,,,,,,,,,,,,,
2021,7,17,7,30,27,108,680,431,0,5.6000000000000000,108,680,0,431,25.59,61.68,0.22,983,1.3,195,1.3,23.5190,18.3508,,,,,,,,,,,,,,,,,,,,,,
2021,7,17,8,30,30,118,794,629,0,5.6000000000000000,118,794,0,629,21.400000000000000,49.96,0.22,983,1.4000000000000000,216,1.4000000000000000,36.3429,28.4999,,,,,,,,,,,,,,,,,,,,,,
2021,7,17,9,30,32.7,125,858,797,0,4.800000000000000,125,858,0,797,17.38,38.4,0.22,983,1.4000000000000000,232,1.7000000000000000,47.5960,37.4138,,,,,,,,,,,,,,,,,,,,,,
2021,7,17,10,30,35,133,888,920,0,4,133,888,0,920,14.43,27.62,0.22,982,1.3,238,1.9000000000000000,55.9742,44.0526,,,,,,,,,,,,,,,,,,,,,,
2021,7,17,11,30,36.800000000000000,136,905,990,0,3,136,905,0,990,12.200000000000000,19.400000000000000,0.22,982,1.3,240,2,60.7719,47.8544,,,,,,,,,,,,,,,,,,,,,,
2021,7,17,12,30,37.9,145,897,998,0,2.1,145,897,0,998,10.8,17.94,0.22,981,1.3,243,2.1,61.3363,48.3023,,,,,,,,,,,,,,,,,,,,,,
2021,7,17,13,30,38.400000000000000,145,880,946,0,1.7000000000000000,145,880,0,946,10.21,24.5,0.22,981,1.3,246,2.1,57.7776,45.4826,,,,,,,,,,,,,,,,,,,,,,
2021,7,17,14,30,38.400000000000000,129,870,844,0,1.4000000000000000,129,870,0,844,9.98,34.74,0.22,981,1.3,252,2.2,50.7758,39.9328,,,,,,,,,,,,,,,,,,,,,,
2021,7,17,15,30,38.300000000000000,115,834,693,0,1.1,115,834,0,693,9.8,46.15,0.22,980,1.3,256,2.3000000000000000,40.5575,31.8358,,,,,,,,,,,,,,,,,,,,,,
2021,7,17,16,30,36.4,95,776,508,0,0.9,95,776,0,508,10.71,57.86,0.22,980,1.3,264,2.4000000000000000,28.3429,22.1614,,,,,,,,,,,,,,,,,,,,,,
2021,7,17,17,30,33.7,77,654,306,0,0.9,77,654,0,306,12.49,69.5,0.22,981,1.4000000000000000,268,2.1,15.7351,12.1926,,,,,,,,,,,,,,,,,,,,,,
2021,7,17,18,30,29.6,47,416,114,0,1.5,47,416,0,114,16.44,80.77,0.22,981,1.4000000000000000,274,1.6,0.0000,0.0000,,,,,,,,,,,,,,,,,,,,,,
2021,7,17,19,30,26.5,2,13,2,0,2.3000000000000000,2,13,0,2,20.89,91.58,0.22,982,1.5,286,1.2000000000000000,0.0000,0.0000,,,,,,,,,,,,,,,,,,,,,,
2021,7,17,20,30,25.200000000000000,0,0,0,0,3,0,0,0,0,23.62,101.36,0.22,982,1.5,175,0.9,0.0000,0.0000,,,,,,,,,,,,,,,,,,,,,,
2021,7,17,21,30,24.200000000000000,0,0,0,0,3.5,0,0,0,0,25.95,109.73,0.22,983,1.6,70,0.8,0.0000,0.0000,,,,,,,,,,,,,,,,,,,,,,
2021,7,17,22,30,23.700000000000000,0,0,0,0,3.6,0,0,0,0,26.95,116.12,0.22,983,1.6,98,0.9,0.0000,0.0000,,,,,,,,,,,,,,,,,,,,,,
2021,7,17,23,30,23.5,0,0,0,0,3.6,0,0,0,0,27.25,119.85000000000000,0.22,982,1.7000000000000000,123,1,0.0000,0.0000,,,,,,,,,,,,,,,,,,,,,,
2021,7,18,0,30,23,0,0,0,0,3.8000000000000000,0,0,0,0,28.490000000000000,120.4,0.22,982,1.7000000000000000,141,1.1,0.0000,0.0000,,,,,,,,,,,,,,,,,,,,,,
2021,7,18,1,30,22.3,0,0,0,0,4.2,0,0,0,0,30.72,117.69,0.22,982,1.8,142,1.2000000000000000,0.0000,0.0000,,,,,,,,,,,,,,,,,,,,,,
2021,7,18,2,30,21.700000000000000,0,0,0,0,4.7,0,0,0,0,32.99,112.13,0.22,982,1.9000000000000000,133,1.2000000000000000,0.0000,0.0000,,,,,,,,,,,,,,,,,,,,,,
2021,7,18,3,30,21.3,0,0,0,0,5,0,0,0,0,34.42,104.34,0.22,983,2,127,1.1,0.0000,0.0000,,,,,,,,,,,,,,,,,,,,,,
2021,7,18,4,30,21.5,0,0,0,0,5.1000000000000000,0,0,0,0,34.33,94.98,0.22,983,2.2,126,1.1,0.0000,0.0000,,,,,,,,,,,,,,,,,,,,,,
2021,7,18,5,30,23.5,34,203,54,0,5.300000000000000,34,203,0,54,30.88,84.39,0.22,983,2.3000000000000000,146,1.1,0.0000,0.0000,,,,,,,,,,,,,,,,,,,,,,
2021,7,18,6,30,26.700000000000000,84,460,216,0,5.7,84,460,0,216,26.13,73.33,0.22,983,2.5,183,1.1,10.7236,8.2646,,,,,,,,,,,,,,,,,,,,,,
2021,7,18,7,30,29.5,121,608,408,0,6.1000000000000000,121,608,0,408,22.830000000000000,61.79,0.22,983,2.6,216,1.3,22.2484,17.3581,,,,,,,,,,,,,,,,,,,,,,
2021,7,18,8,30,31.900000000000000,143,702,594,0,6.5,143,702,0,594,20.490000000000000,50.07,0.22,983,2.7,239,1.5,34.3068,26.9024,,,,,,,,,,,,,,,,,,,,,,
2021,7,18,9,30,33.9,171,736,747,0,6.5,171,736,0,747,18.29,38.52,0.22,983,2.9000000000000000,249,1.7000000000000000,44.5984,35.0568,,,,,,,,,,,,,,,,,,,,,,
2021,7,18,10,30,35.5,206,736,857,0,5.9,206,736,0,857,16.01,27.76,0.22,983,3,252,2,52.1314,41.0278,,,,,,,,,,,,,,,,,,,,,,
2021,7,18,11,30,36.7,216,747,920,0,4.6000000000000000,289,621,14,874,13.77,19.57,0.22,983,3.1,251,2.2,53.6433,42.2407,,,,,,,,,,,,,,,,,,,,,,
2021,7,18,12,30,37.6,221,743,927,7,3.8000000000000000,401,425,50,805,12.35,18.11,0.22,983,3.2,246,2.3000000000000000,49.4680,38.9557,,,,,,,,,,,,,,,,,,,,,,
2021,7,18,13,30,37.9,224,716,875,7,3.2,343,495,43,793,11.65,24.63,0.22,983,3.3000000000000000,237,2.5,48.4258,38.1206,,,,,,,,,,,,,,,,,,,,,,
2021,7,18,14,30,37.6,231,655,769,3,2.7,250,614,64,754,11.43,34.83,0.22,983,3.3000000000000000,223,2.6,45.3537,35.6682,,,,,,,,,,,,,,,,,,,,,,
2021,7,18,15,30,37.300000000000000,223,573,619,0,2.4000000000000000,223,573,7,619,11.370000000000000,46.230000000000000,0.22,983,3.3000000000000000,215,2.7,36.2177,28.4287,,,,,,,,,,,,,,,,,,,,,,
2021,7,18,16,30,35,224,381,426,0,2.8000000000000000,224,381,0,426,13.290000000000000,57.95,0.22,984,3.5,191,2.6,23.7565,18.5744,,,,,,,,,,,,,,,,,,,,,,
2021,7,18,17,30,32.7,161,203,232,0,4.2,161,203,0,232,16.65,69.59,0.22,984,3.7,183,1.8,11.9204,9.2357,,,,,,,,,,,,,,,,,,,,,,
2021,7,18,18,30,30.3,50,57,59,0,5.4,50,57,21,59,20.82,80.87,0.22,984,3.9000000000000000,196,1,0.0000,0.0000,,,,,,,,,,,,,,,,,,,,,,
2021,7,18,19,30,28.900000000000000,0,0,0,7,5.800000000000000,0,0,21,0,23.150000000000000,91.69,0.22,984,4.1000000000000000,216,0.9,0.0000,0.0000,,,,,,,,,,,,,,,,,,,,,,
2021,7,18,20,30,28.1,0,0,0,7,5.6000000000000000,0,0,0,0,23.95,101.48,0.22,985,4.2,203,1,0.0000,0.0000,,,,,,,,,,,,,,,,,,,,,,
2021,7,18,21,30,27.200000000000000,0,0,0,7,5.800000000000000,0,0,0,0,25.53,109.88,0.22,985,4.3,172,0.9,0.0000,0.0000,,,,,,,,,,,,,,,,,,,,,,
2021,7,18,22,30,26.5,0,0,0,0,6.2,0,0,0,0,27.35,116.28,0.22,985,4.4,151,0.8,0.0000,0.0000,,,,,,,,,,,,,,,,,,,,,,
2021,7,18,23,30,26.200000000000000,0,0,0,0,6.6000000000000000,0,0,0,0,28.67,120.02,0.22,985,4.3,135,0.6000000000000000,0.0000,0.0000,,,,,,,,,,,,,,,,,,,,,,
2021,7,19,0,30,26.1,0,0,0,7,7.1000000000000000,0,0,0,0,29.94,120.58,0.22,984,4.2,120,0.6000000000000000,0.0000,0.0000,,,,,,,,,,,,,,,,,,,,,,
2021,7,19,1,30,25.700000000000000,0,0,0,0,7.6000000000000000,0,0,0,0,31.63,117.87,0.22,984,3.9000000000000000,111,0.7000000000000000,0.0000,0.0000,,,,,,,,,,,,,,,,,,,,,,
2021,7,19,2,30,24.8,0,0,0,7,7.800000000000000,0,0,0,0,33.78,112.29,0.22,984,3.6,124,0.8,0.0000,0.0000,,,,,,,,,,,,,,,,,,,,,,
2021,7,19,3,30,23.8,0,0,0,0,7.9,0,0,0,0,36.24,104.49000000000000,0.22,984,3.3000000000000000,149,1,0.0000,0.0000,,,,,,,,,,,,,,,,,,,,,,
2021,7,19,4,30,23.200000000000000,0,0,0,7,8.1,0,0,0,0,38.08,95.12,0.22,984,3.2,165,1.2000000000000000,0.0000,0.0000,,,,,,,,,,,,,,,,,,,,,,
2021,7,19,5,30,24.400000000000000,33,207,53,0,8.5,33,207,0,53,36.45,84.52,0.22,984,3.1,160,1.3,0.0000,0.0000,,,,,,,,,,,,,,,,,,,,,,
2021,7,19,6,30,27,77,500,219,0,9,85,388,21,196,32.2,73.45,0.22,985,3.2,157,1.5,9.7198,7.4896,,,,,,,,,,,,,,,,,,,,,,
2021,7,19,7,30,29.6,103,655,412,0,8,114,610,21,401,25.84,61.9,0.22,985,3.2,178,1.6,21.8513,17.0471,,,,,,,,,,,,,,,,,,,,,,
2021,7,19,8,30,31.6,122,741,597,0,7.4,122,741,0,597,22.1,50.18,0.22,985,3.3000000000000000,204,1.8,34.4660,27.0264,,,,,,,,,,,,,,,,,,,,,,
2021,7,19,9,30,33.1,139,790,756,0,6.9,139,790,0,756,19.63,38.64,0.22,985,3.4000000000000000,218,2,45.1238,35.4692,,,,,,,,,,,,,,,,,,,,,,
2021,7,19,10,30,34.6,149,819,873,0,6.2,149,819,0,873,17.240000000000000,27.900000000000000,0.22,985,3.4000000000000000,225,2.3000000000000000,53.0947,41.7854,,,,,,,,,,,,,,,,,,,,,,
2021,7,19,11,30,36,152,837,940,7,5.4,409,301,43,692,15.07,19.75,0.22,985,3.4000000000000000,228,2.5,42.4661,33.4390,,,,,,,,,,,,,,,,,,,,,,
2021,7,19,12,30,36.800000000000000,170,815,944,0,4.5,179,804,7,942,13.530000000000000,18.29,0.22,984,3.4000000000000000,227,2.7,57.8785,45.5785,,,,,,,,,,,,,,,,,,,,,,
2021,7,19,13,30,36.800000000000000,181,780,889,0,3.8000000000000000,181,780,0,889,12.88,24.76,0.22,984,3.5,226,2.5,54.2801,42.7286,,,,,,,,,,,,,,,,,,,,,,
2021,7,19,14,30,36.4,163,766,791,0,3.7,166,763,7,791,13.1,34.94,0.22,984,3.5,236,2.4000000000000000,47.5695,37.4103,,,,,,,,,,,,,,,,,,,,,,
2021,7,19,15,30,36.2,147,719,644,0,4,147,719,0,644,13.540000000000000,46.32,0.22,984,3.5,243,2.3000000000000000,37.6699,29.5680,,,,,,,,,,,,,,,,,,,,,,
2021,7,19,16,30,34.800000000000000,143,602,462,0,4.2,143,602,7,462,14.81,58.04,0.22,984,3.4000000000000000,262,2.2,25.7517,20.1336,,,,,,,,,,,,,,,,,,,,,,
2021,7,19,17,30,32.7,110,462,270,0,4,110,462,0,270,16.48,69.68,0.22,984,3.3000000000000000,273,2,13.8618,10.7387,,,,,,,,,,,,,,,,,,,,,,
2021,7,19,18,30,29.700000000000000,55,257,95,0,3.9000000000000000,55,257,0,95,19.44,80.97,0.22,984,3.2,280,1.7000000000000000,0.0000,0.0000,,,,,,,,,,,,,,,,,,,,,,
2021,7,19,19,30,27.1,1,5,1,0,4.3,1,5,0,1,23.12,91.81,0.22,984,3.1,286,1.4000000000000000,0.0000,0.0000,,,,,,,,,,,,,,,,,,,,,,
2021,7,19,20,30,25.5,0,0,0,0,5,0,0,0,0,26.8,101.61,0.22,985,3,202,1.2000000000000000,0.0000,0.0000,,,,,,,,,,,,,,,,,,,,,,
2021,7,19,21,30,24.3,0,0,0,0,5.9,0,0,0,0,30.51,110.03,0.22,985,3,123,1.3,0.0000,0.0000,,,,,,,,,,,,,,,,,,,,,,
2021,7,19,22,30,23.3,0,0,0,0,6.5,0,0,0,0,33.77,116.45,0.22,984,2.9000000000000000,140,1.4000000000000000,0.0000,0.0000,,,,,,,,,,,,,,,,,,,,,,
2021,7,19,23,30,22.6,0,0,0,0,6.9,0,0,0,0,36.34,120.2,0.22,984,2.9000000000000000,154,1.5,0.0000,0.0000,,,,,,,,,,,,,,,,,,,,,,
2021,7,20,0,30,21.900000000000000,0,0,0,0,7.300000000000000,0,0,0,0,38.82,120.77,0.22,984,3,160,1.5,0.0000,0.0000,,,,,,,,,,,,,,,,,,,,,,
2021,7,20,1,30,21.3,0,0,0,0,7.800000000000000,0,0,0,0,41.72,118.05,0.22,984,3,160,1.4000000000000000,0.0000,0.0000,,,,,,,,,,,,,,,,,,,,,,
2021,7,20,2,30,20.700000000000000,0,0,0,0,8.4,0,0,0,0,45.03,112.46000000000000,0.22,984,3,159,1.5,0.0000,0.0000,,,,,,,,,,,,,,,,,,,,,,
2021,7,20,3,30,20.3,0,0,0,0,8.8,0,0,0,0,47.65,104.65,0.22,984,3,158,1.5,0.0000,0.0000,,,,,,,,,,,,,,,,,,,,,,
2021,7,20,4,30,20.6,0,0,0,0,9.1,0,0,0,0,47.82,95.26,0.22,984,2.9000000000000000,159,1.6,0.0000,0.0000,,,,,,,,,,,,,,,,,,,,,,
2021,7,20,5,30,22.6,31,268,56,0,9.3,31,268,0,56,42.76,84.64,0.22,985,2.7,163,1.9000000000000000,0.0000,0.0000,,,,,,,,,,,,,,,,,,,,,,
2021,7,20,6,30,25.400000000000000,63,584,228,0,9.4,63,584,0,228,36.36,73.57000000000000,0.22,985,2.6,172,2.2,11.2942,8.7010,,,,,,,,,,,,,,,,,,,,,,
2021,7,20,7,30,27.6,81,742,429,0,9.600000000000000,81,742,0,429,32.35,62.02,0.22,985,2.4000000000000000,185,2.4000000000000000,23.3590,18.2219,,,,,,,,,,,,,,,,,,,,,,
2021,7,20,8,30,29.700000000000000,92,831,623,0,9.1,92,831,0,623,27.77,50.300000000000000,0.22,985,2.3000000000000000,199,2.4000000000000000,35.9510,28.1899,,,,,,,,,,,,,,,,,,,,,,
2021,7,20,9,30,31.8,103,879,788,0,8.200000000000000,103,879,0,788,23.1,38.76,0.22,985,2.1,209,2.5,47.0213,36.9600,,,,,,,,,,,,,,,,,,,,,,
2021,7,20,10,30,33.800000000000000,111,905,910,0,7.2,111,905,0,910,19.29,28.04,0.22,985,2,214,2.6,55.3345,43.5476,,,,,,,,,,,,,,,,,,,,,,
2021,7,20,11,30,35.4,113,924,982,0,6.300000000000000,113,924,0,982,16.66,19.93,0.22,984,1.9000000000000000,219,2.8000000000000000,60.2530,47.4445,,,,,,,,,,,,,,,,,,,,,,
2021,7,20,12,30,36.4,111,933,996,0,5.6000000000000000,111,933,0,996,15.02,18.47,0.22,984,1.7000000000000000,226,2.8000000000000000,61.1876,48.1839,,,,,,,,,,,,,,,,,,,,,,
2021,7,20,13,30,36.7,106,933,952,0,5,106,933,0,952,14.08,24.900000000000000,0.22,983,1.6,231,2.8000000000000000,58.1173,45.7488,,,,,,,,,,,,,,,,,,,,,,
2021,7,20,14,30,36.4,98,918,850,0,4.5,98,918,0,850,13.83,35.050000000000000,0.22,983,1.5,234,2.8000000000000000,51.1071,40.1919,,,,,,,,,,,,,,,,,,,,,,
2021,7,20,15,30,36.1,91,880,698,0,3.9000000000000000,91,880,0,698,13.55,46.42,0.22,982,1.5,235,2.8000000000000000,40.8159,32.0366,,,,,,,,,,,,,,,,,,,,,,
2021,7,20,16,30,33.9,79,822,513,0,3.4000000000000000,79,822,0,513,14.780000000000000,58.13,0.22,982,1.3,236,2.7,28.5807,22.3444,,,,,,,,,,,,,,,,,,,,,,
2021,7,20,17,30,31.3,64,711,310,0,3.4000000000000000,64,711,0,310,17.080000000000000,69.78,0.22,982,1.3,235,2.4000000000000000,15.9013,12.3172,,,,,,,,,,,,,,,,,,,,,,
2021,7,20,18,30,27.3,41,479,115,0,4.1000000000000000,41,479,0,115,22.62,81.08,0.22,982,1.3,237,1.9000000000000000,0.0000,0.0000,,,,,,,,,,,,,,,,,,,,,,
2021,7,20,19,30,24.1,3,17,2,0,5.2,3,17,0,2,29.51,91.93,0.22,982,1.3,225,1.5,0.0000,0.0000,,,,,,,,,,,,,,,,,,,,,,
2021,7,20,20,30,22.6,0,0,0,0,6,0,0,0,0,34.12,101.75,0.22,982,1.3,183,1.3,0.0000,0.0000,,,,,,,,,,,,,,,,,,,,,,
2021,7,20,21,30,21.6,0,0,0,0,6.4,0,0,0,0,37.19,110.18,0.22,982,1.3,156,1.3,0.0000,0.0000,,,,,,,,,,,,,,,,,,,,,,
2021,7,20,22,30,20.8,0,0,0,0,6.4,0,0,0,0,39.230000000000000,116.62,0.22,982,1.3,161,1.5,0.0000,0.0000,,,,,,,,,,,,,,,,,,,,,,
2021,7,20,23,30,20,0,0,0,0,6.5,0,0,14,0,41.56,120.39,0.22,982,1.3,166,1.5,0.0000,0.0000,,,,,,,,,,,,,,,,,,,,,,
2021,7,21,0,30,19.3,0,0,0,0,6.800000000000000,0,0,0,0,44.12,120.96000000000000,0.22,982,1.4000000000000000,162,1.6,0.0000,0.0000,,,,,,,,,,,,,,,,,,,,,,
2021,7,21,1,30,18.8,0,0,0,0,7,0,0,0,0,46.15,118.24000000000000,0.22,982,1.4000000000000000,155,1.6,0.0000,0.0000,,,,,,,,,,,,,,,,,,,,,,
2021,7,21,2,30,18.5,0,0,0,0,7.1000000000000000,0,0,0,0,47.29,112.64,0.22,982,1.4000000000000000,152,1.6,0.0000,0.0000,,,,,,,,,,,,,,,,,,,,,,
2021,7,21,3,30,18.1,0,0,0,0,7.1000000000000000,0,0,0,0,48.5,104.81,0.22,982,1.5,153,1.5,0.0000,0.0000,,,,,,,,,,,,,,,,,,,,,,
2021,7,21,4,30,18.5,0,0,0,0,7.1000000000000000,0,0,0,0,47.35,95.4,0.22,982,1.5,153,1.5,0.0000,0.0000,,,,,,,,,,,,,,,,,,,,,,
2021,7,21,5,30,21,29,339,60,0,7.1000000000000000,29,339,0,60,40.56,84.77,0.22,982,1.6,154,1.7000000000000000,0.0000,0.0000,,,,,,,,,,,,,,,,,,,,,,
2021,7,21,6,30,24.5,56,648,238,0,6.9,56,648,0,238,32.44,73.69,0.22,982,1.6,163,1.9000000000000000,11.7765,9.0708,,,,,,,,,,,,,,,,,,,,,,
2021,7,21,7,30,27.200000000000000,73,792,443,0,6.300000000000000,73,792,0,443,26.57,62.13,0.22,982,1.6,183,1.9000000000000000,24.1041,18.8018,,,,,,,,,,,,,,,,,,,,,,
2021,7,21,8,30,29.700000000000000,83,870,637,0,6,83,870,14,637,22.490000000000000,50.410000000000000,0.22,982,1.6,205,1.9000000000000000,36.7438,28.8106,,,,,,,,,,,,,,,,,,,,,,
2021,7,21,9,30,31.900000000000000,96,903,799,0,5.5,96,903,0,799,19.16,38.88,0.22,982,1.7000000000000000,222,2,47.6650,37.4653,,,,,,,,,,,,,,,,,,,,,,
2021,7,21,10,30,33.800000000000000,110,917,918,0,5.2,110,917,0,918,16.86,28.19,0.22,982,1.7000000000000000,232,2.1,55.8096,43.9209,,,,,,,,,,,,,,,,,,,,,,
2021,7,21,11,30,35.300000000000000,114,930,987,0,4.6000000000000000,114,930,0,987,14.88,20.11,0.22,981,1.7000000000000000,240,2.3000000000000000,60.5501,47.6780,,,,,,,,,,,,,,,,,,,,,,
2021,7,21,12,30,36.5,114,934,999,0,3.4000000000000000,114,934,0,999,12.81,18.66,0.22,980,1.6,245,2.5,61.3624,48.3211,,,,,,,,,,,,,,,,,,,,,,
2021,7,21,13,30,37.1,109,928,950,0,1.8,109,928,0,950,11.06,25.04,0.22,980,1.6,248,2.7,57.9858,45.6448,,,,,,,,,,,,,,,,,,,,,,
2021,7,21,14,30,37,100,915,848,0,0.6000000000000000,100,915,0,848,10.17,35.160000000000000,0.22,979,1.5,249,2.9000000000000000,50.9763,40.0884,,,,,,,,,,,,,,,,,,,,,,
2021,7,21,15,30,36.7,91,879,696,0,-0.1,91,879,0,696,9.84,46.52,0.22,979,1.5,249,3,40.6862,31.9341,,,,,,,,,,,,,,,,,,,,,,
2021,7,21,16,30,34.300000000000000,81,813,509,0,-0.5,81,813,0,509,10.870000000000000,58.230000000000000,0.22,980,1.5,248,2.8000000000000000,28.3426,22.1571,,,,,,,,,,,,,,,,,,,,,,
2021,7,21,17,30,31.5,65,697,305,0,-0.7000000000000000,65,697,0,305,12.6,69.89,0.22,980,1.5,246,2.4000000000000000,15.6295,12.1050,,,,,,,,,,,,,,,,,,,,,,
2021,7,21,18,30,27.400000000000000,41,462,112,0,0,41,462,0,112,16.71,81.19,0.22,980,1.4000000000000000,247,1.8,0.0000,0.0000,,,,,,,,,,,,,,,,,,,,,,
2021,7,21,19,30,24.3,0,0,0,0,1.3,0,0,0,0,22.09,92.05,0.22,981,1.4000000000000000,241,1.3,0.0000,0.0000,,,,,,,,,,,,,,,,,,,,,,
2021,7,21,20,30,23.200000000000000,0,0,0,0,2.3000000000000000,0,0,0,0,25.45,101.89,0.22,981,1.4000000000000000,193,1.2000000000000000,0.0000,0.0000,,,,,,,,,,,,,,,,,,,,,,
2021,7,21,21,30,22.400000000000000,0,0,0,0,2.9000000000000000,0,0,43,0,27.900000000000000,110.34,0.22,982,1.3,159,1.2000000000000000,0.0000,0.0000,,,,,,,,,,,,,,,,,,,,,,
2021,7,21,22,30,21.5,0,0,0,0,3.2,0,0,100,0,29.97,116.8,0.22,981,1.3,166,1.4000000000000000,0.0000,0.0000,,,,,,,,,,,,,,,,,,,,,,
2021,7,21,23,30,20.6,0,0,0,0,3.6,0,0,100,0,32.53,120.58,0.22,981,1.3,168,1.5,0.0000,0.0000,,,,,,,,,,,,,,,,,,,,,,
2021,7,22,0,30,19.900000000000000,0,0,0,0,4,0,0,100,0,35,121.16,0.22,981,1.3,162,1.5,0.0000,0.0000,,,,,,,,,,,,,,,,,,,,,,
2021,7,22,1,30,19.5,0,0,0,0,4.2,0,0,100,0,36.46,118.43,0.22,981,1.3,155,1.5,0.0000,0.0000,,,,,,,,,,,,,,,,,,,,,,
2021,7,22,2,30,19.200000000000000,0,0,0,0,4.2,0,0,100,0,37.12,112.81,0.22,981,1.4000000000000000,148,1.4000000000000000,0.0000,0.0000,,,,,,,,,,,,,,,,,,,,,,
2021,7,22,3,30,19,0,0,0,0,4.1000000000000000,0,0,100,0,37.19,104.97,0.22,981,1.5,145,1.4000000000000000,0.0000,0.0000,,,,,,,,,,,,,,,,,,,,,,
2021,7,22,4,30,19.200000000000000,0,0,0,0,4,0,0,100,0,36.480000000000000,95.55,0.22,981,1.6,146,1.4000000000000000,0.0000,0.0000,,,,,,,,,,,,,,,,,,,,,,
2021,7,22,5,30,21.5,29,311,57,0,4,29,311,100,57,31.82,84.9,0.22,981,1.6,157,1.5,0.0000,0.0000,,,,,,,,,,,,,,,,,,,,,,
2021,7,22,6,30,24.900000000000000,59,623,233,0,4,59,623,100,233,25.87,73.82000000000000,0.22,981,1.7000000000000000,173,1.6,11.5153,8.8676,,,,,,,,,,,,,,,,,,,,,,
2021,7,22,7,30,27.5,77,769,435,0,5,77,769,100,435,23.82,62.25,0.22,982,1.8,190,1.7000000000000000,23.6504,18.4464,,,,,,,,,,,,,,,,,,,,,,
2021,7,22,8,30,29.8,88,851,629,0,5.5,88,851,100,629,21.5,50.53,0.22,982,1.8,209,1.8,36.2660,28.4350,,,,,,,,,,,,,,,,,,,,,,
2021,7,22,9,30,32.1,94,905,797,0,5.300000000000000,94,905,100,797,18.580000000000000,39.01,0.22,982,1.8,224,1.9000000000000000,47.5318,37.3599,,,,,,,,,,,,,,,,,,,,,,
2021,7,22,10,30,34.1,94,938,920,0,4.3,94,938,100,920,15.56,28.34,0.22,982,1.8,233,2,55.9197,44.0070,,,,,,,,,,,,,,,,,,,,,,
2021,7,22,11,30,35.9,100,947,988,0,2.9000000000000000,100,947,100,988,12.700000000000000,20.3,0.22,982,1.8,237,2.2,60.6012,47.7177,,,,,,,,,,,,,,,,,,,,,,
2021,7,22,12,30,37.1,112,932,994,0,1.1,112,932,100,994,10.51,18.85,0.22,982,1.8,241,2.4000000000000000,61.0457,48.0713,,,,,,,,,,,,,,,,,,,,,,
2021,7,22,13,30,37.5,118,909,941,0,0,118,909,100,941,9.46,25.19,0.22,981,1.8,245,2.5,57.4263,45.2039,,,,,,,,,,,,,,,,,,,,,,
2021,7,22,14,30,37.300000000000000,105,902,841,0,-0.5,105,902,100,841,9.27,35.28,0.22,981,1.7000000000000000,247,2.6,50.5440,39.7479,,,,,,,,,,,,,,,,,,,,,,
2021,7,22,15,30,37,94,866,689,0,-0.5,94,866,100,689,9.41,46.63,0.22,981,1.7000000000000000,248,2.6,40.2631,31.6012,,,,,,,,,,,,,,,,,,,,,,
2021,7,22,16,30,34.5,80,807,504,0,-0.30000000000000000,80,807,100,504,10.92,58.33,0.22,982,1.6,248,2.6,28.0490,21.9265,,,,,,,,,,,,,,,,,,,,,,
2021,7,22,17,30,31.6,65,693,302,0,0.1,65,693,100,302,13.280000000000000,69.99,0.22,982,1.6,250,2.3000000000000000,15.4619,11.9737,,,,,,,,,,,,,,,,,,,,,,
2021,7,22,18,30,27.5,41,450,109,0,1.2000000000000000,41,450,100,109,18.18,81.31,0.22,983,1.6,256,1.8,0.0000,0.0000,,,,,,,,,,,,,,,,,,,,,,
2021,7,22,19,30,24.5,0,0,0,0,2.5,0,0,100,0,23.79,92.18,0.22,983,1.6,263,1.3,0.0000,0.0000,,,,,,,,,,,,,,,,,,,,,,
2021,7,22,20,30,23.400000000000000,0,0,0,0,3.3000000000000000,0,0,100,0,26.85,102.04,0.22,984,1.6,178,1.1,0.0000,0.0000,,,,,,,,,,,,,,,,,,,,,,
2021,7,22,21,30,22.900000000000000,0,0,0,0,3.6,0,0,100,0,28.35,110.51,0.22,984,1.6,121,1,0.0000,0.0000,,,,,,,,,,,,,,,,,,,,,,
2021,7,22,22,30,22.6,0,0,0,0,3.8000000000000000,0,0,100,0,29.19,116.99000000000000,0.22,984,1.6,160,1.1,0.0000,0.0000,,,,,,,,,,,,,,,,,,,,,,
2021,7,22,23,30,22.200000000000000,0,0,0,0,3.9000000000000000,0,0,100,0,30.25,120.78,0.22,984,1.7000000000000000,166,1.2000000000000000,0.0000,0.0000,,,,,,,,,,,,,,,,,,,,,,
2021,7,23,0,30,21.8,0,0,0,0,4.2,0,0,100,0,31.52,121.36,0.22,983,1.7000000000000000,156,1.2000000000000000,0.0000,0.0000,,,,,,,,,,,,,,,,,,,,,,
2021,7,23,1,30,21.400000000000000,0,0,0,0,4.5,0,0,100,0,33.11,118.63,0.22,983,1.8,144,1.1,0.0000,0.0000,,,,,,,,,,,,,,,,,,,,,,
2021,7,23,2,30,20.900000000000000,0,0,0,0,4.9,0,0,100,0,34.980000000000000,112.99000000000000,0.22,983,1.9000000000000000,134,1.1,0.0000,0.0000,,,,,,,,,,,,,,,,,,,,,,
2021,7,23,3,30,20.5,0,0,0,0,5,0,0,100,0,36.32,105.13,0.22,983,1.9000000000000000,127,1.1,0.0000,0.0000,,,,,,,,,,,,,,,,,,,,,,
2021,7,23,4,30,20.400000000000000,0,0,0,0,5.1000000000000000,0,0,100,0,36.77,95.69,0.22,984,2,124,1.1,0.0000,0.0000,,,,,,,,,,,,,,,,,,,,,,
2021,7,23,5,30,22.3,30,217,49,0,5.2,30,217,0,49,32.86,85.03,0.22,984,2,147,1.1,0.0000,0.0000,,,,,,,,,,,,,,,,,,,,,,
2021,7,23,6,30,25.400000000000000,75,496,212,0,5.4,75,496,0,212,27.67,73.94,0.22,984,2,191,1.1,10.4659,8.0579,,,,,,,,,,,,,,,,,,,,,,
2021,7,23,7,30,28.200000000000000,109,644,408,0,6.5,109,644,0,408,25.34,62.370000000000000,0.22,984,2,222,1.3,22.1650,17.2865,,,,,,,,,,,,,,,,,,,,,,
2021,7,23,8,30,30.700000000000000,129,741,599,0,7,129,741,0,599,22.66,50.65,0.22,984,2,240,1.5,34.5207,27.0656,,,,,,,,,,,,,,,,,,,,,,
2021,7,23,9,30,33.4,132,822,770,0,6.5,132,822,0,770,18.85,39.14,0.22,984,2,254,1.8,45.9081,36.0830,,,,,,,,,,,,,,,,,,,,,,
2021,7,23,10,30,35.9,127,879,900,0,5.1000000000000000,127,879,0,900,14.82,28.490000000000000,0.22,984,2,262,2,54.6927,43.0409,,,,,,,,,,,,,,,,,,,,,,
2021,7,23,11,30,37.800000000000000,129,898,970,0,3.6,129,898,0,970,12.08,20.490000000000000,0.22,983,1.9000000000000000,265,2.2,59.4868,46.8398,,,,,,,,,,,,,,,,,,,,,,
2021,7,23,12,30,39.1,127,903,981,0,1.8,127,903,0,981,9.870000000000000,19.05,0.22,983,1.9000000000000000,266,2.3000000000000000,60.2373,47.4343,,,,,,,,,,,,,,,,,,,,,,
2021,7,23,13,30,39.7,126,894,934,0,0.6000000000000000,126,894,0,934,8.78,25.35,0.22,982,1.9000000000000000,263,2.3000000000000000,56.9884,44.8586,,,,,,,,,,,,,,,,,,,,,,
2021,7,23,14,30,39.400000000000000,123,864,827,0,0,123,864,0,827,8.58,35.410000000000000,0.22,982,1.9000000000000000,261,2.4000000000000000,49.6903,39.0759,,,,,,,,,,,,,,,,,,,,,,
2021,7,23,15,30,39.2,115,814,673,0,-0.4,115,814,0,673,8.41,46.74,0.22,982,1.9000000000000000,259,2.4000000000000000,39.3144,30.8558,,,,,,,,,,,,,,,,,,,,,,
2021,7,23,16,30,37,113,700,479,0,-0.7000000000000000,113,700,0,479,9.24,58.44,0.22,982,1.9000000000000000,259,2.5,26.6418,20.8253,,,,,,,,,,,,,,,,,,,,,,
2021,7,23,17,30,34.1,95,526,274,0,-1.1,95,526,0,274,10.58,70.11,0.22,983,2,263,2.2,14.0133,10.8503,,,,,,,,,,,,,,,,,,,,,,
2021,7,23,18,30,29.8,51,254,89,0,-1.2000000000000000,51,254,0,89,13.39,81.43,0.22,983,2.1,272,1.8,0.0000,0.0000,,,,,,,,,,,,,,,,,,,,,,
2021,7,23,19,30,26.5,0,0,0,0,-1,0,0,0,0,16.42,92.32000000000000,0.22,984,2.1,285,1.5,0.0000,0.0000,,,,,,,,,,,,,,,,,,,,,,
2021,7,23,20,30,25,0,0,0,0,-0.8,0,0,0,0,18.28,102.19,0.22,984,2.2,163,1.1,0.0000,0.0000,,,,,,,,,,,,,,,,,,,,,,
2021,7,23,21,30,24,0,0,0,0,-0.4,0,0,0,0,19.98,110.68,0.22,984,2.2,38,0.9,0.0000,0.0000,,,,,,,,,,,,,,,,,,,,,,
2021,7,23,22,30,23.700000000000000,0,0,0,0,-0.2,0,0,0,0,20.52,117.18,0.22,984,2.2,37,0.9,0.0000,0.0000,,,,,,,,,,,,,,,,,,,,,,
2021,7,23,23,30,23.6,0,0,0,0,-0.1,0,0,0,0,20.87,120.99000000000000,0.22,984,2.2,28,0.9,0.0000,0.0000,,,,,,,,,,,,,,,,,,,,,,
2021,7,24,0,30,23.200000000000000,0,0,0,0,0.4,0,0,0,0,22.11,121.57000000000000,0.22,983,2.2,48,0.9,0.0000,0.0000,,,,,,,,,,,,,,,,,,,,,,
2021,7,24,1,30,22.400000000000000,0,0,0,0,1.2000000000000000,0,0,0,0,24.62,118.83,0.22,983,2.2,79,1,0.0000,0.0000,,,,,,,,,,,,,,,,,,,,,,
2021,7,24,2,30,21.8,0,0,0,0,2.1,0,0,0,0,27.35,113.18,0.22,983,2.2,93,1.1,0.0000,0.0000,,,,,,,,,,,,,,,,,,,,,,
2021,7,24,3,30,21.400000000000000,0,0,0,0,2.9000000000000000,0,0,0,0,29.650000000000000,105.3,0.22,983,2.2,105,1.2000000000000000,0.0000,0.0000,,,,,,,,,,,,,,,,,,,,,,
2021,7,24,4,30,21.200000000000000,0,0,0,0,3.6,0,0,0,0,31.46,95.84,0.22,984,2.2,115,1.1,0.0000,0.0000,,,,,,,,,,,,,,,,,,,,,,
2021,7,24,5,30,22.1,20,57,25,0,4.4,20,57,0,25,31.39,85.17,0.22,984,2.2,152,1,0.0000,0.0000,,,,,,,,,,,,,,,,,,,,,,
2021,7,24,6,30,24.5,109,209,166,0,5,109,209,0,166,28.48,74.07000000000000,0.22,984,2.2,201,1,8.1852,6.3006,,,,,,,,,,,,,,,,,,,,,,
2021,7,24,7,30,27.700000000000000,191,342,349,0,5.4,191,342,14,349,24.21,62.49,0.22,984,2.3000000000000000,242,1.2000000000000000,18.9448,14.7739,,,,,,,,,,,,,,,,,,,,,,
2021,7,24,8,30,30.8,250,445,531,0,4.9,250,445,0,531,19.47,50.77,0.22,984,2.3000000000000000,269,1.6,30.5879,23.9812,,,,,,,,,,,,,,,,,,,,,,
2021,7,24,9,30,33.6,259,574,703,0,4.4,259,574,0,703,16.07,39.27,0.22,983,2.3000000000000000,271,2.1,41.9012,32.9330,,,,,,,,,,,,,,,,,,,,,,
2021,7,24,10,30,36,230,696,841,0,3.5,230,696,0,841,13.19,28.64,0.22,983,2.4000000000000000,272,2.5,51.0966,40.2104,,,,,,,,,,,,,,,,,,,,,,
2021,7,24,11,30,37.800000000000000,233,726,912,0,2.2,233,726,0,912,10.92,20.68,0.22,982,2.4000000000000000,275,2.8000000000000000,55.9201,44.0309,,,,,,,,,,,,,,,,,,,,,,
2021,7,24,12,30,39.2,225,743,926,0,0.2,225,743,0,926,8.77,19.26,0.22,981,2.4000000000000000,276,2.8000000000000000,56.8500,44.7664,,,,,,,,,,,,,,,,,,,,,,
2021,7,24,13,30,39.900000000000000,213,743,884,0,-1.4000000000000000,213,743,0,884,7.51,25.51,0.22,981,2.3000000000000000,275,2.7,53.9273,42.4486,,,,,,,,,,,,,,,,,,,,,,
2021,7,24,14,30,39.7,202,711,781,0,-2.1,202,711,0,781,7.21,35.54,0.22,980,2.3000000000000000,273,2.7,46.9147,36.8926,,,,,,,,,,,,,,,,,,,,,,
2021,7,24,15,30,39.5,184,653,631,0,-2.3000000000000000,184,653,0,631,7.17,46.86,0.22,980,2.3000000000000000,271,2.7,36.8469,28.9184,,,,,,,,,,,,,,,,,,,,,,
2021,7,24,16,30,36.9,168,533,446,0,-2.2,168,533,0,446,8.34,58.56,0.22,980,2.2,264,2.7,24.7901,19.3767,,,,,,,,,,,,,,,,,,,,,,
2021,7,24,17,30,33.800000000000000,126,363,249,0,-1.5,126,363,0,249,10.42,70.23,0.22,981,2.1,261,2.4000000000000000,12.7209,9.8481,,,,,,,,,,,,,,,,,,,,,,
2021,7,24,18,30,29.3,51,145,72,0,0,51,145,0,72,15.01,81.56,0.22,981,2.1,266,1.9000000000000000,0.0000,0.0000,,,,,,,,,,,,,,,,,,,,,,
2021,7,24,19,30,26,0,0,0,0,1.4000000000000000,0,0,0,0,20.2,92.46000000000000,0.22,982,2,286,1.5,0.0000,0.0000,,,,,,,,,,,,,,,,,,,,,,
2021,7,24,20,30,24.900000000000000,0,0,0,0,2,0,0,0,0,22.37,102.35000000000000,0.22,982,2,167,1.2000000000000000,0.0000,0.0000,,,,,,,,,,,,,,,,,,,,,,
2021,7,24,21,30,24.5,0,0,0,0,2,0,0,0,0,23.04,110.86,0.22,983,2.1,64,1.1,0.0000,0.0000,,,,,,,,,,,,,,,,,,,,,,
2021,7,24,22,30,24.200000000000000,0,0,0,0,2,0,0,0,0,23.490000000000000,117.38,0.22,983,2.1,135,1.1,0.0000,0.0000,,,,,,,,,,,,,,,,,,,,,,
2021,7,24,23,30,23.6,0,0,0,0,2.4000000000000000,0,0,0,0,24.900000000000000,121.2,0.22,983,2.3000000000000000,186,1.1,0.0000,0.0000,,,,,,,,,,,,,,,,,,,,,,
2021,7,25,0,30,23,0,0,0,0,2.8000000000000000,0,0,0,0,26.7,121.78,0.22,983,2.6,189,1,0.0000,0.0000,,,,,,,,,,,,,,,,,,,,,,
2021,7,25,1,30,22.700000000000000,0,0,0,0,3.6,0,0,0,0,28.69,119.03,0.22,982,2.8000000000000000,200,0.9,0.0000,0.0000,,,,,,,,,,,,,,,,,,,,,,
2021,7,25,2,30,22.400000000000000,0,0,0,0,4.4,0,0,0,0,30.830000000000000,113.37,0.22,982,3,287,0.8,0.0000,0.0000,,,,,,,,,,,,,,,,,,,,,,
2021,7,25,3,30,22,0,0,0,0,4.9,0,0,0,0,32.86,105.47,0.22,982,3.1,195,0.8,0.0000,0.0000,,,,,,,,,,,,,,,,,,,,,,
2021,7,25,4,30,21.8,0,0,0,0,5.2,0,0,0,0,34,96,0.22,982,3.1,188,0.8,0.0000,0.0000,,,,,,,,,,,,,,,,,,,,,,
2021,7,25,5,30,22.6,17,39,20,0,5.6000000000000000,17,39,0,20,33.19,85.3,0.22,982,3.1,323,0.9,0.0000,0.0000,,,,,,,,,,,,,,,,,,,,,,
2021,7,25,6,30,24.3,110,165,155,0,5.7,110,165,0,155,30.27,74.19,0.22,982,3,291,1,7.6345,5.8755,,,,,,,,,,,,,,,,,,,,,,
2021,7,25,7,30,26.3,205,292,339,0,5.7,205,292,0,339,26.7,62.61,0.22,982,3,274,1.1,18.3874,14.3380,,,,,,,,,,,,,,,,,,,,,,
2021,7,25,8,30,28.6,270,398,521,0,5.4,270,398,0,521,22.86,50.9,0.22,982,2.9000000000000000,273,1.3,29.9970,23.5170,,,,,,,,,,,,,,,,,,,,,,
2021,7,25,9,30,31.1,283,531,693,0,4.7,283,531,0,693,18.98,39.4,0.22,982,2.8000000000000000,274,1.7000000000000000,41.2930,32.4542,,,,,,,,,,,,,,,,,,,,,,
2021,7,25,10,30,33.5,254,657,830,0,4.2,254,657,0,830,15.950000000000000,28.8,0.22,981,2.8000000000000000,275,2.1,50.4170,39.6750,,,,,,,,,,,,,,,,,,,,,,
2021,7,25,11,30,35.7,255,692,902,0,3.2,255,692,0,902,13.19,20.89,0.22,981,2.7,277,2.4000000000000000,55.2962,43.5391,,,,,,,,,,,,,,,,,,,,,,
2021,7,25,12,30,37.6,254,699,913,0,1.7000000000000000,262,690,14,913,10.68,19.47,0.22,980,2.7,280,2.6,56.0418,44.1296,,,,,,,,,,,,,,,,,,,,,,
2021,7,25,13,30,38.6,249,681,863,0,0.30000000000000000,249,681,21,863,9.14,25.68,0.22,979,2.8000000000000000,279,2.7,52.6355,41.4312,,,,,,,,,,,,,,,,,,,,,,
2021,7,25,14,30,38.6,231,654,762,0,-0.4,231,654,7,762,8.67,35.68,0.22,979,2.8000000000000000,275,2.8000000000000000,45.7611,35.9847,,,,,,,,,,,,,,,,,,,,,,
2021,7,25,15,30,38.400000000000000,208,597,615,0,-0.7000000000000000,208,597,7,615,8.58,46.980000000000000,0.22,979,2.8000000000000000,272,2.9000000000000000,35.8988,28.1735,,,,,,,,,,,,,,,,,,,,,,
2021,7,25,16,30,35.4,182,483,433,3,-0.7000000000000000,182,460,100,421,10.14,58.68,0.22,979,2.8000000000000000,257,3.1,23.3851,18.2774,,,,,,,,,,,,,,,,,,,,,,
2021,7,25,17,30,32.2,134,314,240,4,-0.1,111,63,21,132,12.61,70.35000000000000,0.22,980,2.8000000000000000,245,2.9000000000000000,6.7363,5.2143,,,,,,,,,,,,,,,,,,,,,,
2021,7,25,18,30,28.400000000000000,51,112,67,3,1,49,99,100,63,16.990000000000000,81.69,0.22,981,2.8000000000000000,227,2.1,0.0000,0.0000,,,,,,,,,,,,,,,,,,,,,,
2021,7,25,19,30,26,0,0,0,4,1.9000000000000000,0,0,14,0,20.82,92.61,0.22,982,2.8000000000000000,193,1.4000000000000000,0.0000,0.0000,,,,,,,,,,,,,,,,,,,,,,
2021,7,25,20,30,25,0,0,0,7,2,0,0,0,0,22.25,102.52,0.22,982,2.8000000000000000,145,0.9,0.0000,0.0000,,,,,,,,,,,,,,,,,,,,,,
2021,7,25,21,30,24.900000000000000,0,0,0,7,1.5,0,0,0,0,21.650000000000000,111.05,0.22,981,2.7,125,0.8,0.0000,0.0000,,,,,,,,,,,,,,,,,,,,,,
2021,7,25,22,30,25.1,0,0,0,0,0.9,0,0,0,0,20.57,117.58,0.22,981,2.7,134,0.8,0.0000,0.0000,,,,,,,,,,,,,,,,,,,,,,
2021,7,25,23,30,25.1,0,0,0,0,0.7000000000000000,0,0,0,0,20.2,121.42,0.22,980,2.8000000000000000,136,0.7000000000000000,0.0000,0.0000,,,,,,,,,,,,,,,,,,,,,,
2021,7,26,0,30,24.400000000000000,0,0,0,4,0.7000000000000000,0,0,0,0,21,122,0.22,980,2.9000000000000000,148,0.8,0.0000,0.0000,,,,,,,,,,,,,,,,,,,,,,
2021,7,26,1,30,23.5,0,0,0,0,1.3,0,0,0,0,23.2,119.24000000000000,0.22,980,3,169,1.1,0.0000,0.0000,,,,,,,,,,,,,,,,,,,,,,
2021,7,26,2,30,22.6,0,0,0,7,2.8000000000000000,0,0,0,0,27.36,113.56,0.22,980,3,169,1.2000000000000000,0.0000,0.0000,,,,,,,,,,,,,,,,,,,,,,
2021,7,26,3,30,21.8,0,0,0,7,4.7,0,0,0,0,32.8,105.64,0.22,980,3,166,1.4000000000000000,0.0000,0.0000,,,,,,,,,,,,,,,,,,,,,,
2021,7,26,4,30,20.900000000000000,0,0,0,4,6.7,0,0,0,0,39.72,96.15,0.22,981,3,172,1.9000000000000000,0.0000,0.0000,,,,,,,,,,,,,,,,,,,,,,
2021,7,26,5,30,21,16,34,19,3,8.8,16,34,64,19,45.480000000000000,85.44,0.22,982,3,164,1.9000000000000000,0.0000,0.0000,,,,,,,,,,,,,,,,,,,,,,
2021,7,26,6,30,22.6,110,141,148,4,9.1,96,68,43,114,42.09,74.32000000000000,0.22,982,3,136,1.5,5.6084,4.3153,,,,,,,,,,,,,,,,,,,,,,
2021,7,26,7,30,24.6,223,234,330,4,8.8,147,88,21,187,36.730000000000000,62.730000000000000,0.22,982,3.1,115,1.1,10.1348,7.9022,,,,,,,,,,,,,,,,,,,,,,
2021,7,26,8,30,26.900000000000000,308,318,508,8,8.6,137,2,0,138,31.490000000000000,51.02,0.22,982,3.1,192,1.1,7.9418,6.2260,,,,,,,,,,,,,,,,,,,,,,
2021,7,26,9,30,29.1,325,452,674,8,8.700000000000000,259,26,0,279,28.01,39.53,0.22,982,3.1,268,1.7000000000000000,16.6195,13.0618,,,,,,,,,,,,,,,,,,,,,,
2021,7,26,10,30,30.8,300,585,812,0,8.6,327,518,36,780,25.1,28.96,0.22,982,3,261,2.5,47.3691,37.2760,,,,,,,,,,,,,,,,,,,,,,
2021,7,26,11,30,32,300,626,884,0,8,300,626,14,884,22.54,21.09,0.22,981,2.9000000000000000,258,2.8000000000000000,54.1825,42.6618,,,,,,,,,,,,,,,,,,,,,,
2021,7,26,12,30,32.6,300,628,891,0,7.4,300,628,0,891,20.95,19.69,0.22,981,2.9000000000000000,259,2.9000000000000000,54.6810,43.0575,,,,,,,,,,,,,,,,,,,,,,
2021,7,26,13,30,32.800000000000000,302,599,841,0,6.7,302,599,0,841,19.76,25.86,0.22,980,2.8000000000000000,261,2.9000000000000000,51.2825,40.3657,,,,,,,,,,,,,,,,,,,,,,
2021,7,26,14,30,32.7,289,552,737,0,5.6000000000000000,289,552,0,737,18.43,35.82,0.22,980,2.8000000000000000,263,3,44.2477,34.7941,,,,,,,,,,,,,,,,,,,,,,
2021,7,26,15,30,32.5,266,480,593,0,4,266,480,0,593,16.68,47.11,0.22,980,2.8000000000000000,263,3,34.6002,27.1535,,,,,,,,,,,,,,,,,,,,,,
2021,7,26,16,30,30.5,245,316,409,0,2.3000000000000000,245,316,0,409,16.54,58.81,0.22,981,2.9000000000000000,254,2.7,22.7022,17.7425,,,,,,,,,,,,,,,,,,,,,,
2021,7,26,17,30,28.200000000000000,160,164,215,0,1.1,138,138,0,184,17.29,70.48,0.22,982,3,244,2,9.3790,7.2586,,,,,,,,,,,,,,,,,,,,,,
2021,7,26,18,30,25.700000000000000,41,49,48,4,1.1,28,0,100,28,20.03,81.83,0.22,982,3.2,233,1,0.0000,0.0000,,,,,,,,,,,,,,,,,,,,,,
2021,7,26,19,30,24.200000000000000,0,0,0,4,1.9000000000000000,0,0,14,0,23.22,92.76,0.22,983,3.3000000000000000,235,0.7000000000000000,0.0000,0.0000,,,,,,,,,,,,,,,,,,,,,,
2021,7,26,20,30,23.8,0,0,0,4,2.7,0,0,0,0,25.14,102.69,0.22,983,3.4000000000000000,294,0.7000000000000000,0.0000,0.0000,,,,,,,,,,,,,,,,,,,,,,
2021,7,26,21,30,23.6,0,0,0,7,3.2,0,0,0,0,26.43,111.24000000000000,0.22,983,3.4000000000000000,353,0.8,0.0000,0.0000,,,,,,,,,,,,,,,,,,,,,,
2021,7,26,22,30,23.3,0,0,0,7,3.6,0,0,0,0,27.59,117.79,0.22,983,3.3000000000000000,187,0.7000000000000000,0.0000,0.0000,,,,,,,,,,,,,,,,,,,,,,
2021,7,26,23,30,22.900000000000000,0,0,0,7,3.6,0,0,0,0,28.41,121.64,0.22,983,3.2,99,0.5,0.0000,0.0000,,,,,,,,,,,,,,,,,,,,,,
2021,7,27,0,30,22.200000000000000,0,0,0,8,3.7,0,0,0,0,29.89,122.23,0.22,982,3.2,188,0.5,0.0000,0.0000,,,,,,,,,,,,,,,,,,,,,,
2021,7,27,1,30,21.5,0,0,0,8,4,0,0,0,0,31.66,119.46000000000000,0.22,983,3.3000000000000000,190,0.6000000000000000,0.0000,0.0000,,,,,,,,,,,,,,,,,,,,,,
2021,7,27,2,30,20.900000000000000,0,0,0,8,4.2,0,0,0,0,33.53,113.76,0.22,983,3.4000000000000000,174,0.5,0.0000,0.0000,,,,,,,,,,,,,,,,,,,,,,
2021,7,27,3,30,20.400000000000000,0,0,0,4,4.7,0,0,0,0,35.61,105.82000000000000,0.22,983,3.4000000000000000,144,0.5,0.0000,0.0000,,,,,,,,,,,,,,,,,,,,,,
2021,7,27,4,30,20.5,0,0,0,8,5.2,0,0,0,0,36.63,96.31,0.22,984,3.5,122,0.6000000000000000,0.0000,0.0000,,,,,,,,,,,,,,,,,,,,,,
2021,7,27,5,30,22.1,23,47,27,4,5.6000000000000000,16,2,100,16,34.29,85.57000000000000,0.22,984,3.5,114,0.9,0.0000,0.0000,,,,,,,,,,,,,,,,,,,,,,
2021,7,27,6,30,24.5,118,215,176,4,5.9,38,2,29,39,30.330000000000000,74.45,0.22,985,3.5,111,1.1,1.9164,1.4742,,,,,,,,,,,,,,,,,,,,,,
2021,7,27,7,30,27,185,394,365,4,5.300000000000000,78,0,0,78,24.98,62.86,0.22,985,3.5,99,0.9,4.2237,3.2929,,,,,,,,,,,,,,,,,,,,,,
2021,7,27,8,30,30,199,569,556,8,5.300000000000000,73,0,0,73,21.080000000000000,51.15,0.22,985,3.4000000000000000,223,0.6000000000000000,4.1990,3.2917,,,,,,,,,,,,,,,,,,,,,,
2021,7,27,9,30,33.2,173,729,734,8,5.9,190,8,0,196,18.22,39.67,0.22,985,3.1,323,0.9,11.6716,9.1729,,,,,,,,,,,,,,,,,,,,,,
2021,7,27,10,30,35.9,144,836,874,0,6,296,463,29,700,15.8,29.13,0.22,984,2.7,282,1.6,42.5004,33.4442,,,,,,,,,,,,,,,,,,,,,,
2021,7,27,11,30,37.5,136,877,953,0,5.6000000000000000,241,693,21,887,14.1,21.3,0.22,984,2.5,276,2.2,54.3556,42.7975,,,,,,,,,,,,,,,,,,,,,,
2021,7,27,12,30,38.2,128,896,970,0,4.9,128,896,0,970,12.92,19.92,0.22,983,2.3000000000000000,275,2.4000000000000000,59.5173,46.8652,,,,,,,,,,,,,,,,,,,,,,
2021,7,27,13,30,38.400000000000000,120,895,924,0,4.5,120,895,0,924,12.43,26.04,0.22,983,2.2,278,2.3000000000000000,56.3312,44.3391,,,,,,,,,,,,,,,,,,,,,,
2021,7,27,14,30,38.1,112,876,821,0,4.5,112,876,0,821,12.6,35.97,0.22,982,2.1,284,2.1,49.2764,38.7477,,,,,,,,,,,,,,,,,,,,,,
2021,7,27,15,30,37.9,104,833,669,0,4.4,104,833,0,669,12.69,47.25,0.22,982,2.1,287,2,39.0169,30.6187,,,,,,,,,,,,,,,,,,,,,,
2021,7,27,16,30,36.2,91,760,483,0,4.4,91,760,0,483,13.89,58.94,0.22,982,2.1,303,2,26.7903,20.9361,,,,,,,,,,,,,,,,,,,,,,
2021,7,27,17,30,33.800000000000000,73,631,282,0,4.5,73,631,0,282,15.98,70.62,0.22,982,2.1,315,1.6,14.3561,11.1084,,,,,,,,,,,,,,,,,,,,,,
2021,7,27,18,30,29.900000000000000,41,378,94,0,4.800000000000000,41,378,0,94,20.34,81.97,0.22,983,2.1,334,1.1,0.0000,0.0000,,,,,,,,,,,,,,,,,,,,,,
2021,7,27,19,30,27.1,0,0,0,0,5.2,0,0,0,0,24.77,92.92,0.22,984,2.1,181,1,0.0000,0.0000,,,,,,,,,,,,,,,,,,,,,,
2021,7,27,20,30,26.200000000000000,0,0,0,0,5.9,0,0,0,0,27.32,102.87,0.22,984,2.1,29,0.9,0.0000,0.0000,,,,,,,,,,,,,,,,,,,,,,
2021,7,27,21,30,25.3,0,0,0,0,6.5,0,0,0,0,30.11,111.43,0.22,984,2.1,50,0.9,0.0000,0.0000,,,,,,,,,,,,,,,,,,,,,,
2021,7,27,22,30,24.3,0,0,0,0,7,0,0,0,0,33.08,118.01,0.22,984,2.1,63,0.8,0.0000,0.0000,,,,,,,,,,,,,,,,,,,,,,
2021,7,27,23,30,23.200000000000000,0,0,0,0,7.5,0,0,0,0,36.39,121.87,0.22,985,2.2,71,0.8,0.0000,0.0000,,,,,,,,,,,,,,,,,,,,,,
2021,7,28,0,30,22.400000000000000,0,0,0,0,8,0,0,0,0,39.51,122.46000000000000,0.22,985,2.3000000000000000,76,0.9,0.0000,0.0000,,,,,,,,,,,,,,,,,,,,,,
2021,7,28,1,30,21.8,0,0,0,0,8.4,0,0,0,0,42.32,119.68,0.22,985,2.3000000000000000,82,1,0.0000,0.0000,,,,,,,,,,,,,,,,,,,,,,
2021,7,28,2,30,21.5,0,0,0,0,8.6,0,0,0,0,43.71,113.96000000000000,0.22,985,2.3000000000000000,89,1,0.0000,0.0000,,,,,,,,,,,,,,,,,,,,,,
2021,7,28,3,30,21.3,0,0,0,0,8.8,0,0,0,0,44.75,106,0.22,985,2.3000000000000000,96,1,0.0000,0.0000,,,,,,,,,,,,,,,,,,,,,,
2021,7,28,4,30,21.3,0,0,0,0,9,0,0,0,0,45.31,96.47,0.22,985,2.4000000000000000,103,1.1,0.0000,0.0000,,,,,,,,,,,,,,,,,,,,,,
2021,7,28,5,30,23,27,199,42,0,9.200000000000000,27,199,0,42,41.480000000000000,85.71000000000000,0.22,985,2.4000000000000000,114,1.1,0.0000,0.0000,,,,,,,,,,,,,,,,,,,,,,
2021,7,28,6,30,26.3,71,508,206,0,9.4,71,508,0,206,34.52,74.58,0.22,986,2.4000000000000000,144,1.1,10.1109,7.7760,,,,,,,,,,,,,,,,,,,,,,
2021,7,28,7,30,29.3,100,666,402,0,9.200000000000000,100,666,0,402,28.59,62.99,0.22,986,2.5,192,1.1,21.7491,16.9549,,,,,,,,,,,,,,,,,,,,,,
2021,7,28,8,30,31.900000000000000,118,754,590,0,9.200000000000000,118,754,0,590,24.6,51.27,0.22,986,2.6,230,1.5,33.9212,26.5906,,,,,,,,,,,,,,,,,,,,,,
2021,7,28,9,30,34.4,132,807,752,8,8.700000000000000,340,301,29,571,20.72,39.81,0.22,985,2.7,244,1.8,33.9914,26.7138,,,,,,,,,,,,,,,,,,,,,,
2021,7,28,10,30,36.300000000000000,143,835,871,4,8.5,409,271,7,645,18.35,29.29,0.22,985,2.9000000000000000,253,2.1,39.1521,30.8089,,,,,,,,,,,,,,,,,,,,,,
2021,7,28,11,30,37.7,153,842,936,3,8.200000000000000,302,616,71,875,16.62,21.51,0.22,984,2.9000000000000000,261,2.3000000000000000,53.6094,42.2094,,,,,,,,,,,,,,,,,,,,,,
2021,7,28,12,30,38.6,160,833,942,3,7.6000000000000000,311,623,93,896,15.25,20.150000000000000,0.22,984,3,264,2.5,54.9655,43.2805,,,,,,,,,,,,,,,,,,,,,,
2021,7,28,13,30,39,163,812,891,0,7.300000000000000,180,789,21,888,14.61,26.23,0.22,983,3,265,2.7,54.1238,42.6010,,,,,,,,,,,,,,,,,,,,,,
2021,7,28,14,30,38.900000000000000,154,785,788,0,7.2,181,734,43,774,14.63,36.13,0.22,982,2.9000000000000000,265,2.9000000000000000,46.4409,36.5172,,,,,,,,,,,,,,,,,,,,,,
2021,7,28,15,30,38.6,140,735,638,0,7.300000000000000,141,734,21,638,14.950000000000000,47.39,0.22,982,2.9000000000000000,265,3,37.1920,29.1856,,,,,,,,,,,,,,,,,,,,,,
2021,7,28,16,30,36.5,120,654,456,0,7.4,120,654,0,456,16.86,59.07,0.22,982,2.9000000000000000,263,3.2,25.2743,19.7500,,,,,,,,,,,,,,,,,,,,,,
2021,7,28,17,30,33.9,92,512,261,0,7.6000000000000000,92,512,0,261,19.67,70.76,0.22,983,2.9000000000000000,259,3.1,13.2701,10.2662,,,,,,,,,,,,,,,,,,,,,,
2021,7,28,18,30,30.200000000000000,47,259,83,3,7.800000000000000,48,199,64,75,24.650000000000000,82.12,0.22,983,2.9000000000000000,256,2.6,0.0000,0.0000,,,,,,,,,,,,,,,,,,,,,,
2021,7,28,19,30,27.1,0,0,0,3,7.9,0,0,14,0,29.740000000000000,93.09,0.22,984,2.9000000000000000,272,1.8,0.0000,0.0000,,,,,,,,,,,,,,,,,,,,,,
2021,7,28,20,30,25.400000000000000,0,0,0,3,7.7,0,0,0,0,32.480000000000000,103.05,0.22,984,2.9000000000000000,156,1.2000000000000000,0.0000,0.0000,,,,,,,,,,,,,,,,,,,,,,
2021,7,28,21,30,24.5,0,0,0,0,7.5,0,0,0,0,33.72,111.64,0.22,984,2.9000000000000000,31,1,0.0000,0.0000,,,,,,,,,,,,,,,,,,,,,,
2021,7,28,22,30,24,0,0,0,0,7.2,0,0,0,0,34.07,118.23,0.22,984,2.9000000000000000,44,0.9,0.0000,0.0000,,,,,,,,,,,,,,,,,,,,,,
2021,7,28,23,30,23.900000000000000,0,0,0,0,7.1000000000000000,0,0,0,0,34.03,122.10000000000000,0.22,984,2.9000000000000000,74,0.8,0.0000,0.0000,,,,,,,,,,,,,,,,,,,,,,
2021,7,29,0,30,23.8,0,0,0,7,7.300000000000000,0,0,0,0,34.81,122.69,0.22,984,3,113,0.9,0.0000,0.0000,,,,,,,,,,,,,,,,,,,,,,
2021,7,29,1,30,23.5,0,0,0,7,7.9,0,0,0,0,36.86,119.9,0.22,983,3,132,1,0.0000,0.0000,,,,,,,,,,,,,,,,,,,,,,
2021,7,29,2,30,23.1,0,0,0,7,8.6,0,0,0,0,39.43,114.16,0.22,983,3,136,0.9,0.0000,0.0000,,,,,,,,,,,,,,,,,,,,,,
2021,7,29,3,30,22.5,0,0,0,3,9.1,0,0,0,0,42.300000000000000,106.18,0.22,983,3,113,0.8,0.0000,0.0000,,,,,,,,,,,,,,,,,,,,,,
2021,7,29,4,30,22.6,0,0,0,3,9.4,0,0,0,0,43,96.63,0.22,983,3,88,0.8,0.0000,0.0000,,,,,,,,,,,,,,,,,,,,,,
2021,7,29,5,30,24.5,27,157,38,0,9.4,27,157,0,38,38.480000000000000,85.85000000000000,0.22,983,3,94,0.9,0.0000,0.0000,,,,,,,,,,,,,,,,,,,,,,
2021,7,29,6,30,27.700000000000000,77,461,198,0,9.4,77,461,0,198,31.79,74.72,0.22,983,3,158,1,9.7061,7.4629,,,,,,,,,,,,,,,,,,,,,,
2021,7,29,7,30,30.6,107,630,392,0,9,107,630,0,392,26.18,63.11,0.22,983,3,231,1.3,21.1909,16.5183,,,,,,,,,,,,,,,,,,,,,,
2021,7,29,8,30,33.1,128,728,582,0,8.700000000000000,175,547,29,516,22.18,51.4,0.22,983,3,252,1.8,29.6517,23.2428,,,,,,,,,,,,,,,,,,,,,,
2021,7,29,9,30,35.2,142,785,744,0,8.5,142,785,0,744,19.46,39.95,0.22,982,3,256,2.1,44.2755,34.7954,,,,,,,,,,,,,,,,,,,,,,
2021,7,29,10,30,37,153,815,863,0,8.1,153,815,0,863,17.23,29.46,0.22,982,3.1,259,2.3000000000000000,52.3721,41.2111,,,,,,,,,,,,,,,,,,,,,,
2021,7,29,11,30,38.6,158,833,932,0,7.800000000000000,158,833,0,932,15.46,21.73,0.22,981,3,262,2.4000000000000000,57.0894,44.9489,,,,,,,,,,,,,,,,,,,,,,
2021,7,29,12,30,39.800000000000000,159,836,943,0,7.300000000000000,159,836,0,943,14,20.38,0.22,981,3,265,2.5,57.8368,45.5408,,,,,,,,,,,,,,,,,,,,,,
2021,7,29,13,30,40.400000000000000,157,822,893,0,6.6000000000000000,157,822,0,893,12.93,26.43,0.22,980,3,268,2.6,54.4150,42.8295,,,,,,,,,,,,,,,,,,,,,,
2021,7,29,14,30,40.300000000000000,152,790,789,0,6,152,790,0,789,12.43,36.29,0.22,980,2.9000000000000000,268,2.8000000000000000,47.3259,37.2123,,,,,,,,,,,,,,,,,,,,,,
2021,7,29,15,30,40,142,735,638,0,5.4,142,735,0,638,12.120000000000000,47.53,0.22,979,2.9000000000000000,268,2.9000000000000000,37.1750,29.1712,,,,,,,,,,,,,,,,,,,,,,
2021,7,29,16,30,37.6,127,639,454,4,4.9,136,334,50,307,13.31,59.22,0.23,980,2.8000000000000000,260,2.8000000000000000,17.0015,13.2844,,,,,,,,,,,,,,,,,,,,,,
2021,7,29,17,30,34.9,96,493,257,7,4.5,122,214,93,192,15.09,70.9,0.23,980,2.8000000000000000,253,2.6,9.7494,7.5410,,,,,,,,,,,,,,,,,,,,,,
2021,7,29,18,30,31.400000000000000,48,241,80,7,4.800000000000000,45,153,100,66,18.75,82.27,0.23,981,2.7,244,1.9000000000000000,0.0000,0.0000,,,,,,,,,,,,,,,,,,,,,,
2021,7,29,19,30,28.8,0,0,0,0,4.9,0,0,0,0,21.91,93.25,0.23,981,2.7,243,1.3,0.0000,0.0000,,,,,,,,,,,,,,,,,,,,,,
2021,7,29,20,30,27.5,0,0,0,0,4.9,0,0,0,0,23.66,103.23,0.23,982,2.6,154,1.1,0.0000,0.0000,,,,,,,,,,,,,,,,,,,,,,
2021,7,29,21,30,27,0,0,0,0,4.800000000000000,0,0,0,0,24.150000000000000,111.84,0.23,982,2.6,65,1.1,0.0000,0.0000,,,,,,,,,,,,,,,,,,,,,,
2021,7,29,22,30,26.6,0,0,0,0,4.6000000000000000,0,0,0,0,24.330000000000000,118.45,0.23,981,2.7,78,1.1,0.0000,0.0000,,,,,,,,,,,,,,,,,,,,,,
2021,7,29,23,30,25.900000000000000,0,0,0,7,4.5,0,0,0,0,25.32,122.34,0.23,981,2.7,108,1,0.0000,0.0000,,,,,,,,,,,,,,,,,,,,,,
2021,7,30,0,30,25.200000000000000,0,0,0,0,4.9,0,0,0,0,27.13,122.93,0.23,981,2.8000000000000000,139,1.1,0.0000,0.0000,,,,,,,,,,,,,,,,,,,,,,
2021,7,30,1,30,24.3,0,0,0,0,6.300000000000000,0,0,0,0,31.38,120.12,0.23,981,2.9000000000000000,148,1.1,0.0000,0.0000,,,,,,,,,,,,,,,,,,,,,,
2021,7,30,2,30,23.6,0,0,0,0,8.8,0,0,0,0,38.97,114.36,0.23,980,3,141,1.1,0.0000,0.0000,,,,,,,,,,,,,,,,,,,,,,
2021,7,30,3,30,23.1,0,0,0,0,10.600000000000000,0,0,0,0,45.12,106.36,0.23,980,3.1,140,1.1,0.0000,0.0000,,,,,,,,,,,,,,,,,,,,,,
2021,7,30,4,30,23.1,0,0,0,7,11.4,0,0,0,0,47.800000000000000,96.79,0.23,981,3.1,163,1,0.0000,0.0000,,,,,,,,,,,,,,,,,,,,,,
2021,7,30,5,30,24.1,24,83,30,7,12.100000000000000,25,74,86,30,47.08,86,0.23,981,3.2,188,1.1,0.0000,0.0000,,,,,,,,,,,,,,,,,,,,,,
2021,7,30,6,30,26.3,100,305,180,0,13.200000000000000,99,295,29,176,44.28,74.85000000000000,0.23,981,3.2,178,1.2000000000000000,8.6177,6.6245,,,,,,,,,,,,,,,,,,,,,,
2021,7,30,7,30,29.3,161,452,365,0,11.700000000000000,160,452,7,364,33.71,63.24,0.23,982,3.2,171,1.2000000000000000,19.6598,15.3234,,,,,,,,,,,,,,,,,,,,,,
2021,7,30,8,30,32.300000000000000,207,547,547,3,9.9,214,487,57,517,25.22,51.53,0.23,982,3.2,210,1.4000000000000000,29.6940,23.2750,,,,,,,,,,,,,,,,,,,,,,
2021,7,30,9,30,34.800000000000000,218,646,712,0,9.1,218,646,29,712,20.82,40.09,0.23,982,3.2,245,2,42.3573,33.2871,,,,,,,,,,,,,,,,,,,,,,
2021,7,30,10,30,36.800000000000000,203,734,841,0,8.5,203,734,0,841,17.830000000000000,29.64,0.23,981,3.2,253,2.5,51.0236,40.1493,,,,,,,,,,,,,,,,,,,,,,
2021,7,30,11,30,38.6,202,764,911,3,7.800000000000000,374,398,57,743,15.5,21.95,0.23,980,3.3000000000000000,260,2.8000000000000000,45.5024,35.8255,,,,,,,,,,,,,,,,,,,,,,
2021,7,30,12,30,39.800000000000000,196,778,924,3,7.300000000000000,367,469,64,806,14.030000000000000,20.62,0.23,980,3.2,266,3,49.4234,38.9156,,,,,,,,,,,,,,,,,,,,,,
2021,7,30,13,30,40.2,187,772,877,0,7,187,772,0,877,13.44,26.63,0.23,979,3.2,269,3.2,53.4265,42.0509,,,,,,,,,,,,,,,,,,,,,,
2021,7,30,14,30,39.7,176,745,775,0,6.800000000000000,176,745,0,775,13.63,36.46,0.23,980,3.2,266,3.1,46.4704,36.5388,,,,,,,,,,,,,,,,,,,,,,
2021,7,30,15,30,39.2,158,695,626,7,6.4,185,612,64,597,13.59,47.68,0.23,980,3.1,264,3.1,34.7688,27.2821,,,,,,,,,,,,,,,,,,,,,,
2021,7,30,16,30,36.1,127,631,449,7,5.800000000000000,171,431,100,391,15.41,59.36,0.22,980,3,252,3,21.6361,16.9045,,,,,,,,,,,,,,,,,,,,,,
2021,7,30,17,30,33.2,95,496,256,7,5.2,117,256,86,200,17.37,71.05,0.22,981,2.9000000000000000,240,2.5,10.1417,7.8429,,,,,,,,,,,,,,,,,,,,,,
2021,7,30,18,30,30,46,248,79,7,5.1000000000000000,44,29,100,48,20.66,82.43,0.22,981,2.8000000000000000,237,1.7000000000000000,0.0000,0.0000,,,,,,,,,,,,,,,,,,,,,,
2021,7,30,19,30,27.700000000000000,0,0,0,7,5.5,0,0,0,0,24.26,93.43,0.22,982,2.7,131,1.2000000000000000,0.0000,0.0000,,,,,,,,,,,,,,,,,,,,,,
2021,7,30,20,30,26.900000000000000,0,0,0,7,5.7,0,0,0,0,25.86,103.42,0.22,982,2.7,35,1,0.0000,0.0000,,,,,,,,,,,,,,,,,,,,,,
2021,7,30,21,30,26.5,0,0,0,7,5.9,0,0,0,0,26.76,112.05,0.22,982,2.7,115,1.2000000000000000,0.0000,0.0000,,,,,,,,,,,,,,,,,,,,,,
2021,7,30,22,30,25.8,0,0,0,7,6.1000000000000000,0,0,0,0,28.46,118.69,0.22,983,2.7,185,1.3,0.0000,0.0000,,,,,,,,,,,,,,,,,,,,,,
2021,7,30,23,30,24.900000000000000,0,0,0,7,6.6000000000000000,0,0,0,0,30.89,122.59,0.22,983,2.7,188,1.2000000000000000,0.0000,0.0000,,,,,,,,,,,,,,,,,,,,,,
2021,7,31,0,30,24.1,0,0,0,7,7.1000000000000000,0,0,0,0,33.54,123.18,0.22,982,2.7,191,1.2000000000000000,0.0000,0.0000,,,,,,,,,,,,,,,,,,,,,,
2021,7,31,1,30,23.400000000000000,0,0,0,7,7.4,0,0,0,0,35.87,120.35000000000000,0.22,982,2.6,186,1.4000000000000000,0.0000,0.0000,,,,,,,,,,,,,,,,,,,,,,
2021,7,31,2,30,22.700000000000000,0,0,0,7,7.7,0,0,0,0,38.13,114.57000000000000,0.22,983,2.5,173,1.6,0.0000,0.0000,,,,,,,,,,,,,,,,,,,,,,
2021,7,31,3,30,22.1,0,0,0,0,8,0,0,0,0,40.28,106.54,0.22,983,2.4000000000000000,163,1.7000000000000000,0.0000,0.0000,,,,,,,,,,,,,,,,,,,,,,
2021,7,31,4,30,22.1,0,0,0,7,8.200000000000000,0,0,0,0,40.82,96.95,0.22,984,2.3000000000000000,157,1.6,0.0000,0.0000,,,,,,,,,,,,,,,,,,,,,,
2021,7,31,5,30,23.3,26,120,34,0,8.200000000000000,26,120,0,34,38.14,86.14,0.22,984,2.2,164,1.6,0.0000,0.0000,,,,,,,,,,,,,,,,,,,,,,
2021,7,31,6,30,25.700000000000000,85,420,194,0,8,85,420,0,194,32.42,74.99,0.22,985,2.1,183,1.9000000000000000,9.4874,7.2912,,,,,,,,,,,,,,,,,,,,,,
2021,7,31,7,30,27.900000000000000,123,599,391,0,6.5,127,564,29,380,25.810000000000000,63.370000000000000,0.22,985,2.1,201,2,20.5057,15.9813,,,,,,,,,,,,,,,,,,,,,,
2021,7,31,8,30,29.8,146,705,583,0,6.1000000000000000,146,705,0,583,22.41,51.660000000000000,0.22,985,2.1,218,2,33.4675,26.2317,,,,,,,,,,,,,,,,,,,,,,
2021,7,31,9,30,31.6,156,779,751,0,5.7,156,779,0,751,19.69,40.24,0.22,985,2.1,230,2,44.6616,35.0972,,,,,,,,,,,,,,,,,,,,,,
2021,7,31,10,30,33.300000000000000,158,829,877,0,5.1000000000000000,191,762,7,852,17.18,29.810000000000000,0.22,985,2.1,236,2.2,51.6780,40.6636,,,,,,,,,,,,,,,,,,,,,,
2021,7,31,11,30,34.9,157,855,949,0,4.2,157,855,0,949,14.8,22.18,0.22,985,2.1,240,2.3000000000000000,58.1048,45.7471,,,,,,,,,,,,,,,,,,,,,,
2021,7,31,12,30,36.300000000000000,160,853,957,0,3.1,258,687,36,900,12.67,20.87,0.22,985,2.1,244,2.3000000000000000,55.1746,43.4434,,,,,,,,,,,,,,,,,,,,,,
2021,7,31,13,30,37,162,831,903,0,2.2,249,673,36,849,11.4,26.84,0.22,984,2.1,250,2.4000000000000000,51.7070,40.6968,,,,,,,,,,,,,,,,,,,,,,
2021,7,31,14,30,37.1,152,803,796,7,1.8,309,442,14,664,11.040000000000000,36.63,0.22,984,2.2,255,2.5,39.8010,31.2941,,,,,,,,,,,,,,,,,,,,,,
2021,7,31,15,30,36.9,139,753,644,7,1.7000000000000000,240,453,93,544,11.07,47.84,0.22,984,2.2,257,2.5,31.6654,24.8459,,,,,,,,,,,,,,,,,,,,,,
2021,7,31,16,30,34.9,120,665,457,7,1.7000000000000000,207,243,36,330,12.4,59.52,0.23,984,2.3000000000000000,261,2.6,18.2440,14.2529,,,,,,,,,,,,,,,,,,,,,,
2021,7,31,17,30,32.2,92,514,258,7,2.1,116,135,50,159,14.75,71.21000000000000,0.23,984,2.3000000000000000,268,2.3000000000000000,8.0508,6.2245,,,,,,,,,,,,,,,,,,,,,,
2021,7,31,18,30,28.700000000000000,46,249,78,7,2.9000000000000000,43,105,100,57,19.150000000000000,82.59,0.23,985,2.4000000000000000,278,1.7000000000000000,0.0000,0.0000,,,,,,,,,,,,,,,,,,,,,,
2021,7,31,19,30,26.3,0,0,0,7,4.3,0,0,0,0,24.35,93.61,0.23,985,2.5,288,1.3,0.0000,0.0000,,,,,,,,,,,,,,,,,,,,,,
2021,7,31,20,30,25.3,0,0,0,7,5.300000000000000,0,0,0,0,27.6,103.62,0.23,985,2.5,317,1,0.0000,0.0000,,,,,,,,,,,,,,,,,,,,,,
2021,7,31,21,30,24.400000000000000,0,0,0,0,6,0,0,0,0,30.6,112.27,0.23,985,2.5,191,0.9,0.0000,0.0000,,,,,,,,,,,,,,,,,,,,,,
2021,7,31,22,30,23.6,0,0,0,0,6.7,0,0,0,0,33.72,118.92,0.23,985,2.5,70,0.9,0.0000,0.0000,,,,,,,,,,,,,,,,,,,,,,
2021,7,31,23,30,22.900000000000000,0,0,0,0,7.5,0,0,0,0,37.17,122.84,0.23,985,2.6,100,0.9,0.0000,0.0000,,,,,,,,,,,,,,,,,,,,,,
2021,8,1,0,30,22.5,0,0,0,0,8.4,0,0,0,0,40.51,123.43,0.23,985,2.5,98,0.9,0.0000,0.0000,,,,,,,,,,,,,,,,,,,,,,
2021,8,1,1,30,22.3,0,0,0,0,9.200000000000000,0,0,0,0,43.29,120.59,0.23,985,2.4000000000000000,99,0.8,0.0000,0.0000,,,,,,,,,,,,,,,,,,,,,,
2021,8,1,2,30,22,0,0,0,0,9.700000000000000,0,0,0,0,45.480000000000000,114.78,0.23,985,2.2,115,0.8,0.0000,0.0000,,,,,,,,,,,,,,,,,,,,,,
2021,8,1,3,30,21.3,0,0,0,0,10.100000000000000,0,0,0,0,48.660000000000000,106.73,0.23,985,2.1,134,0.9,0.0000,0.0000,,,,,,,,,,,,,,,,,,,,,,
2021,8,1,4,30,20.6,0,0,0,0,10.5,0,0,0,0,52.26,97.12,0.23,985,2,144,1,0.0000,0.0000,,,,,,,,,,,,,,,,,,,,,,
2021,8,1,5,30,21.700000000000000,26,158,36,0,11.100000000000000,26,158,0,36,50.910000000000000,86.28,0.23,986,1.9000000000000000,169,1.1,0.0000,0.0000,,,,,,,,,,,,,,,,,,,,,,
2021,8,1,6,30,24.8,75,487,200,0,11.9,75,487,0,200,44.62,75.12,0.23,986,1.8,199,1.3,9.7698,7.5065,,,,,,,,,,,,,,,,,,,,,,
2021,8,1,7,30,27.6,104,665,401,0,10.200000000000000,104,665,0,401,33.67,63.5,0.23,986,1.8,220,1.6,21.6196,16.8477,,,,,,,,,,,,,,,,,,,,,,
2021,8,1,8,30,29.900000000000000,121,767,595,0,9.4,121,767,0,595,27.990000000000000,51.800000000000000,0.23,986,1.8,237,1.9000000000000000,34.1373,26.7555,,,,,,,,,,,,,,,,,,,,,,
2021,8,1,9,30,32,127,836,764,0,8.8,127,836,0,764,23.76,40.39,0.23,986,1.9000000000000000,245,2.1,45.4185,35.6911,,,,,,,,,,,,,,,,,,,,,,
2021,8,1,10,30,34,127,882,891,0,7.800000000000000,127,882,0,891,19.85,29.990000000000000,0.23,986,1.9000000000000000,252,2.2,54.0291,42.5129,,,,,,,,,,,,,,,,,,,,,,
2021,8,1,11,30,35.6,128,902,962,0,6.6000000000000000,128,902,0,962,16.81,22.41,0.23,985,1.9000000000000000,257,2.4000000000000000,58.8871,46.3624,,,,,,,,,,,,,,,,,,,,,,
2021,8,1,12,30,36.9,123,910,972,0,5.6000000000000000,123,910,0,972,14.55,21.12,0.23,985,2,260,2.6,59.5746,46.9072,,,,,,,,,,,,,,,,,,,,,,
2021,8,1,13,30,37.5,116,906,923,0,4.7,116,906,0,923,13.290000000000000,27.05,0.23,984,2,261,2.7,56.1987,44.2313,,,,,,,,,,,,,,,,,,,,,,
2021,8,1,14,30,37.4,110,884,818,0,4.7,110,884,0,818,13.35,36.81,0.23,984,1.9000000000000000,262,2.8000000000000000,49.0141,38.5371,,,,,,,,,,,,,,,,,,,,,,
2021,8,1,15,30,37.1,101,840,663,0,4.9,101,840,0,663,13.76,48,0.23,984,1.9000000000000000,263,2.8000000000000000,38.5715,30.2635,,,,,,,,,,,,,,,,,,,,,,
2021,8,1,16,30,34.5,89,765,475,0,4.9,89,765,0,475,15.83,59.67,0.23,984,1.9000000000000000,270,2.8000000000000000,26.2376,20.4962,,,,,,,,,,,,,,,,,,,,,,
2021,8,1,17,30,31.400000000000000,70,632,272,0,4.7,70,632,0,272,18.63,71.37,0.23,985,1.9000000000000000,278,2.6,13.7521,10.6302,,,,,,,,,,,,,,,,,,,,,,
2021,8,1,18,30,27.3,38,364,84,0,4.7,38,364,0,84,23.490000000000000,82.76,0.23,985,1.9000000000000000,287,2.2,0.0000,0.0000,,,,,,,,,,,,,,,,,,,,,,
2021,8,1,19,30,24.400000000000000,0,0,0,0,5.1000000000000000,0,0,0,0,28.79,93.79,0.23,986,1.9000000000000000,294,1.9000000000000000,0.0000,0.0000,,,,,,,,,,,,,,,,,,,,,,
2021,8,1,20,30,23.200000000000000,0,0,0,0,5.6000000000000000,0,0,0,0,31.970000000000000,103.82000000000000,0.23,987,1.9000000000000000,311,1.5,0.0000,0.0000,,,,,,,,,,,,,,,,,,,,,,
2021,8,1,21,30,22.400000000000000,0,0,0,0,6.1000000000000000,0,0,0,0,34.69,112.49000000000000,0.23,987,1.9000000000000000,175,1.1,0.0000,0.0000,,,,,,,,,,,,,,,,,,,,,,
2021,8,1,22,30,21.6,0,0,0,0,6.5,0,0,0,0,37.65,119.16,0.23,987,1.9000000000000000,82,1,0.0000,0.0000,,,,,,,,,,,,,,,,,,,,,,
2021,8,1,23,30,20.8,0,0,0,0,7.1000000000000000,0,0,0,0,40.97,123.09,0.23,986,1.9000000000000000,149,1.1,0.0000,0.0000,,,,,,,,,,,,,,,,,,,,,,
2021,8,2,0,30,19.900000000000000,0,0,0,0,7.6000000000000000,0,0,0,0,44.87,123.68,0.23,986,1.9000000000000000,165,1.2000000000000000,0.0000,0.0000,,,,,,,,,,,,,,,,,,,,,,
2021,8,2,1,30,19,0,0,0,0,8.1,0,0,0,0,49.21,120.83,0.23,986,1.8,171,1.2000000000000000,0.0000,0.0000,,,,,,,,,,,,,,,,,,,,,,
2021,8,2,2,30,18.400000000000000,0,0,0,0,8.6,0,0,0,0,52.79,115,0.23,987,1.8,172,1,0.0000,0.0000,,,,,,,,,,,,,,,,,,,,,,
2021,8,2,3,30,17.900000000000000,0,0,0,0,8.9,0,0,0,0,55.76,106.92,0.23,987,1.7000000000000000,170,0.9,0.0000,0.0000,,,,,,,,,,,,,,,,,,,,,,
2021,8,2,4,30,18,0,0,0,0,9.200000000000000,0,0,0,0,56.33,97.29,0.23,987,1.6,170,0.9,0.0000,0.0000,,,,,,,,,,,,,,,,,,,,,,
2021,8,2,5,30,20,24,246,39,0,9.4,23,228,7,37,50.33,86.42,0.23,987,1.6,182,1.1,0.0000,0.0000,,,,,,,,,,,,,,,,,,,,,,
2021,8,2,6,30,23.200000000000000,57,606,211,0,9,68,411,14,173,40.51,75.26,0.23,988,1.5,200,1.3,8.4407,6.4837,,,,,,,,,,,,,,,,,,,,,,
2021,8,2,7,30,25.900000000000000,76,769,417,0,8.3,96,672,0,394,32.72,63.64,0.23,988,1.5,211,1.4000000000000000,21.2215,16.5359,,,,,,,,,,,,,,,,,,,,,,
2021,8,2,8,30,28.3,87,857,615,0,7.800000000000000,87,857,0,615,27.52,51.93,0.23,987,1.5,222,1.6,35.2665,27.6394,,,,,,,,,,,,,,,,,,,,,,
2021,8,2,9,30,30.700000000000000,97,903,783,0,7.4,97,903,0,783,23.34,40.54,0.23,987,1.5,233,1.8,46.5313,36.5647,,,,,,,,,,,,,,,,,,,,,,
2021,8,2,10,30,32.9,106,926,906,0,6.800000000000000,106,926,0,906,19.77,30.18,0.23,987,1.5,241,1.9000000000000000,54.9231,43.2156,,,,,,,,,,,,,,,,,,,,,,
2021,8,2,11,30,34.6,109,941,977,0,6.1000000000000000,109,941,0,977,17.13,22.650000000000000,0.23,986,1.5,246,2.1,59.7906,47.0730,,,,,,,,,,,,,,,,,,,,,,
2021,8,2,12,30,35.9,114,939,988,0,5.1000000000000000,130,913,14,980,14.89,21.38,0.23,986,1.4000000000000000,249,2.1,60.0500,47.2809,,,,,,,,,,,,,,,,,,,,,,
2021,8,2,13,30,36.300000000000000,117,919,934,0,3.8000000000000000,188,791,43,891,13.25,27.27,0.23,985,1.4000000000000000,253,2.2,54.2348,42.6848,,,,,,,,,,,,,,,,,,,,,,
2021,8,2,14,30,35.7,112,894,826,0,2.6,113,890,21,824,12.57,36.99,0.23,985,1.4000000000000000,259,2.2,49.3555,38.8046,,,,,,,,,,,,,,,,,,,,,,
2021,8,2,15,30,35.2,103,853,672,0,2,103,853,0,672,12.450000000000000,48.17,0.23,985,1.3,263,2.1,39.0728,30.6555,,,,,,,,,,,,,,,,,,,,,,
2021,8,2,16,30,32.9,88,781,481,3,1.8,157,478,71,397,13.89,59.83,0.23,985,1.3,274,1.9000000000000000,21.9088,17.1132,,,,,,,,,,,,,,,,,,,,,,
2021,8,2,17,30,30.3,69,651,275,0,1.8,80,525,29,246,16.13,71.53,0.23,985,1.3,285,1.6,12.4192,9.5977,,,,,,,,,,,,,,,,,,,,,,
2021,8,2,18,30,27.400000000000000,38,379,85,0,2.7,39,349,14,82,20.32,82.93,0.23,985,1.2000000000000000,302,1.3,0.0000,0.0000,,,,,,,,,,,,,,,,,,,,,,
2021,8,2,19,30,25.5,0,0,0,7,2.8000000000000000,0,0,0,0,22.86,93.98,0.23,985,1.2000000000000000,179,1,0.0000,0.0000,,,,,,,,,,,,,,,,,,,,,,
2021,8,2,20,30,24.400000000000000,0,0,0,7,2.5,0,0,0,0,23.94,104.03,0.23,985,1.2000000000000000,63,0.9,0.0000,0.0000,,,,,,,,,,,,,,,,,,,,,,
2021,8,2,21,30,23.400000000000000,0,0,0,0,2.5,0,0,0,0,25.400000000000000,112.72,0.23,985,1.2000000000000000,86,0.9,0.0000,0.0000,,,,,,,,,,,,,,,,,,,,,,
2021,8,2,22,30,22.5,0,0,0,0,2.8000000000000000,0,0,0,0,27.39,119.41,0.23,985,1.3,99,1,0.0000,0.0000,,,,,,,,,,,,,,,,,,,,,,
2021,8,2,23,30,21.900000000000000,0,0,0,0,3.3000000000000000,0,0,0,0,29.42,123.35000000000000,0.23,985,1.4000000000000000,111,1.2000000000000000,0.0000,0.0000,,,,,,,,,,,,,,,,,,,,,,
2021,8,3,0,30,21.400000000000000,0,0,0,0,3.9000000000000000,0,0,0,0,31.650000000000000,123.94,0.23,984,1.5,120,1.3,0.0000,0.0000,,,,,,,,,,,,,,,,,,,,,,
2021,8,3,1,30,20.6,0,0,0,0,4.7,0,0,0,0,35.21,121.07000000000000,0.23,984,1.7000000000000000,122,1.3,0.0000,0.0000,,,,,,,,,,,,,,,,,,,,,,
2021,8,3,2,30,19.700000000000000,0,0,0,0,5.5,0,0,0,0,39.43,115.21000000000000,0.23,984,1.8,120,1.4000000000000000,0.0000,0.0000,,,,,,,,,,,,,,,,,,,,,,
2021,8,3,3,30,19.200000000000000,0,0,0,0,6.2,0,0,0,0,42.660000000000000,107.11,0.23,985,1.8,122,1.4000000000000000,0.0000,0.0000,,,,,,,,,,,,,,,,,,,,,,
2021,8,3,4,30,19.1,0,0,0,0,6.800000000000000,0,0,0,0,44.63,97.45,0.23,985,1.9000000000000000,129,1.3,0.0000,0.0000,,,,,,,,,,,,,,,,,,,,,,
2021,8,3,5,30,21.200000000000000,22,181,33,0,7.4,22,181,0,33,40.86,86.57000000000000,0.23,985,1.9000000000000000,144,1.3,0.0000,0.0000,,,,,,,,,,,,,,,,,,,,,,
2021,8,3,6,30,24.8,64,544,201,0,8.1,64,544,0,201,34.42,75.4,0.23,986,1.9000000000000000,164,1.4000000000000000,9.7951,7.5222,,,,,,,,,,,,,,,,,,,,,,
2021,8,3,7,30,28,85,725,405,0,8,85,725,0,405,28.39,63.77,0.23,986,1.8,187,1.3,21.7942,16.9805,,,,,,,,,,,,,,,,,,,,,,
2021,8,3,8,30,30.8,95,830,605,0,7.5,95,830,0,605,23.35,52.07,0.23,985,1.7000000000000000,214,1.4000000000000000,34.6735,27.1734,,,,,,,,,,,,,,,,,,,,,,
2021,8,3,9,30,33.300000000000000,102,891,778,0,6.6000000000000000,102,891,0,778,19.1,40.69,0.23,985,1.5,233,1.7000000000000000,46.2175,36.3171,,,,,,,,,,,,,,,,,,,,,,
2021,8,3,10,30,35.4,110,925,908,0,5.4,110,925,0,908,15.6,30.36,0.23,985,1.4000000000000000,244,1.9000000000000000,55.0294,43.2985,,,,,,,,,,,,,,,,,,,,,,
2021,8,3,11,30,37.2,111,946,983,0,3.7,111,946,0,983,12.59,22.89,0.23,984,1.2000000000000000,249,1.9000000000000000,60.1428,47.3496,,,,,,,,,,,,,,,,,,,,,,
2021,8,3,12,30,38.6,109,955,997,0,1.7000000000000000,109,955,0,997,10.09,21.64,0.23,983,1.1,250,2,61.0763,48.0882,,,,,,,,,,,,,,,,,,,,,,
2021,8,3,13,30,39.400000000000000,106,947,946,0,-0.30000000000000000,106,947,0,946,8.36,27.5,0.23,983,1.1,251,2.1,57.5652,45.3052,,,,,,,,,,,,,,,,,,,,,,
2021,8,3,14,30,39.300000000000000,101,926,839,0,-1.8,101,926,0,839,7.53,37.18,0.23,982,1,252,2.1,50.2343,39.4945,,,,,,,,,,,,,,,,,,,,,,
2021,8,3,15,30,39.1,94,884,682,0,-2.9000000000000000,94,884,0,682,7.05,48.34,0.23,982,1,253,2.2,39.6314,31.0924,,,,,,,,,,,,,,,,,,,,,,
2021,8,3,16,30,37.2,85,803,486,0,-3.6,85,803,0,486,7.41,60,0.23,982,1.1,255,2,26.7937,20.9268,,,,,,,,,,,,,,,,,,,,,,
2021,8,3,17,30,33.9,68,662,276,0,-4,68,662,0,276,8.64,71.7,0.23,982,1.1,262,1.6,13.9118,10.7486,,,,,,,,,,,,,,,,,,,,,,
2021,8,3,18,30,29.5,38,369,82,0,-3.1,38,369,0,82,11.78,83.11,0.23,982,1.2000000000000000,279,1.3,0.0000,0.0000,,,,,,,,,,,,,,,,,,,,,,
2021,8,3,19,30,26.6,0,0,0,0,-1.8,0,0,0,0,15.42,94.17,0.23,982,1.4000000000000000,323,1.2000000000000000,0.0000,0.0000,,,,,,,,,,,,,,,,,,,,,,
2021,8,3,20,30,25.200000000000000,0,0,0,0,0,0,0,0,0,19.080000000000000,104.24000000000000,0.23,982,1.5,210,1,0.0000,0.0000,,,,,,,,,,,,,,,,,,,,,,
2021,8,3,21,30,24.400000000000000,0,0,0,0,0.9,0,0,0,0,21.45,112.96000000000000,0.23,982,1.6,78,1.1,0.0000,0.0000,,,,,,,,,,,,,,,,,,,,,,
2021,8,3,22,30,24.1,0,0,0,0,1.4000000000000000,0,0,0,0,22.57,119.67,0.23,982,1.7000000000000000,113,1.2000000000000000,0.0000,0.0000,,,,,,,,,,,,,,,,,,,,,,
2021,8,3,23,30,23.400000000000000,0,0,0,0,2,0,0,0,0,24.48,123.62,0.23,982,1.8,145,1.4000000000000000,0.0000,0.0000,,,,,,,,,,,,,,,,,,,,,,
2021,8,4,0,30,22.200000000000000,0,0,0,0,2.7,0,0,0,0,27.67,124.2,0.23,982,1.7000000000000000,157,1.5,0.0000,0.0000,,,,,,,,,,,,,,,,,,,,,,
2021,8,4,1,30,21.1,0,0,0,0,3.4000000000000000,0,0,0,0,31.29,121.31,0.23,982,1.6,151,1.5,0.0000,0.0000,,,,,,,,,,,,,,,,,,,,,,
2021,8,4,2,30,20.400000000000000,0,0,0,0,4,0,0,0,0,33.980000000000000,115.43,0.23,982,1.5,146,1.4000000000000000,0.0000,0.0000,,,,,,,,,,,,,,,,,,,,,,
2021,8,4,3,30,19.8,0,0,0,0,4.3,0,0,0,0,36.08,107.3,0.23,982,1.3,150,1.4000000000000000,0.0000,0.0000,,,,,,,,,,,,,,,,,,,,,,
2021,8,4,4,30,19.5,0,0,0,0,4.7,0,0,0,0,37.85,97.62,0.23,982,1.1,155,1.4000000000000000,0.0000,0.0000,,,,,,,,,,,,,,,,,,,,,,
2021,8,4,5,30,21.400000000000000,22,169,32,0,5.300000000000000,22,169,0,32,35.01,86.72,0.23,982,1.1,158,1.6,0.0000,0.0000,,,,,,,,,,,,,,,,,,,,,,
2021,8,4,6,30,24.900000000000000,70,525,201,0,5.9,70,525,0,201,29.47,75.54,0.23,983,1,164,1.8,9.7836,7.5114,,,,,,,,,,,,,,,,,,,,,,
2021,8,4,7,30,28,97,702,406,0,6.4,97,702,0,406,25.44,63.9,0.23,983,1.1,179,1.9000000000000000,21.8281,17.0052,,,,,,,,,,,,,,,,,,,,,,
2021,8,4,8,30,30.6,111,807,606,0,6.1000000000000000,111,807,0,606,21.45,52.21,0.23,983,1.1,200,2,34.7111,27.2016,,,,,,,,,,,,,,,,,,,,,,
2021,8,4,9,30,32.9,118,871,777,0,5.300000000000000,118,871,0,777,17.84,40.84,0.23,983,1.2000000000000000,221,2.2,46.1413,36.2564,,,,,,,,,,,,,,,,,,,,,,
2021,8,4,10,30,34.9,120,911,905,0,4.2,120,911,0,905,14.74,30.55,0.23,982,1.2000000000000000,234,2.3000000000000000,54.8317,43.1421,,,,,,,,,,,,,,,,,,,,,,
2021,8,4,11,30,36.6,123,928,976,0,2.6,123,928,0,976,12.030000000000000,23.13,0.23,982,1.2000000000000000,239,2.5,59.6995,46.9998,,,,,,,,,,,,,,,,,,,,,,
2021,8,4,12,30,37.7,123,928,984,0,0.9,123,928,0,984,9.98,21.91,0.23,982,1.2000000000000000,240,2.8000000000000000,60.2640,47.4478,,,,,,,,,,,,,,,,,,,,,,
2021,8,4,13,30,38,120,918,933,0,-0.4,120,918,0,933,8.99,27.73,0.23,981,1.3,242,3.1,56.7568,44.6681,,,,,,,,,,,,,,,,,,,,,,
2021,8,4,14,30,37.300000000000000,112,896,824,0,-1,112,896,0,824,8.93,37.38,0.23,981,1.3,244,3.2,49.3157,38.7712,,,,,,,,,,,,,,,,,,,,,,
2021,8,4,15,30,36.800000000000000,103,853,668,0,-1.3,103,853,0,668,8.97,48.52,0.23,981,1.3,245,3.2,38.7939,30.4340,,,,,,,,,,,,,,,,,,,,,,
2021,8,4,16,30,33.7,88,783,477,0,-1.3,88,783,0,477,10.6,60.17,0.23,981,1.3,247,2.9000000000000000,26.2712,20.5168,,,,,,,,,,,,,,,,,,,,,,
2021,8,4,17,30,30.400000000000000,67,655,271,0,-0.8,67,655,0,271,13.280000000000000,71.88,0.23,981,1.2000000000000000,247,2.4000000000000000,13.6370,10.5335,,,,,,,,,,,,,,,,,,,,,,
2021,8,4,18,30,26.3,36,377,80,0,0.6000000000000000,36,377,0,80,18.72,83.29,0.23,982,1.2000000000000000,243,1.6,0.0000,0.0000,,,,,,,,,,,,,,,,,,,,,,
2021,8,4,19,30,23.3,0,0,0,0,2.3000000000000000,0,0,0,0,25.21,94.37,0.23,982,1.2000000000000000,213,1.2000000000000000,0.0000,0.0000,,,,,,,,,,,,,,,,,,,,,,
2021,8,4,20,30,21.8,0,0,0,0,3.2,0,0,0,0,29.42,104.46000000000000,0.23,983,1.2000000000000000,180,1.3,0.0000,0.0000,,,,,,,,,,,,,,,,,,,,,,
2021,8,4,21,30,20.6,0,0,0,0,3.9000000000000000,0,0,0,0,33.32,113.19,0.23,982,1.2000000000000000,177,1.3,0.0000,0.0000,,,,,,,,,,,,,,,,,,,,,,
2021,8,4,22,30,19.5,0,0,0,0,4.7,0,0,0,0,37.69,119.92,0.23,982,1.1,177,1.2000000000000000,0.0000,0.0000,,,,,,,,,,,,,,,,,,,,,,
2021,8,4,23,30,18.8,0,0,0,0,5.300000000000000,0,0,0,0,41.19,123.89,0.23,982,1.1,171,1.2000000000000000,0.0000,0.0000,,,,,,,,,,,,,,,,,,,,,,
2021,8,5,0,30,18.2,0,0,0,0,5.800000000000000,0,0,0,0,44.19,124.47,0.23,982,1,164,1.2000000000000000,0.0000,0.0000,,,,,,,,,,,,,,,,,,,,,,
2021,8,5,1,30,17.6,0,0,0,0,6.300000000000000,0,0,0,0,47.38,121.56,0.23,982,1,154,1.2000000000000000,0.0000,0.0000,,,,,,,,,,,,,,,,,,,,,,
2021,8,5,2,30,17,0,0,0,0,6.4,0,0,0,0,49.77,115.66,0.23,982,0.9,151,1.3,0.0000,0.0000,,,,,,,,,,,,,,,,,,,,,,
2021,8,5,3,30,16.400000000000000,0,0,0,0,6.300000000000000,0,0,0,0,51.4,107.5,0.23,983,0.9,160,1.3,0.0000,0.0000,,,,,,,,,,,,,,,,,,,,,,
2021,8,5,4,30,16.3,0,0,0,0,6.4,0,0,0,0,51.74,97.8,0.23,983,0.9,169,1.3,0.0000,0.0000,,,,,,,,,,,,,,,,,,,,,,
2021,8,5,5,30,18.1,21,249,35,0,6.5,21,249,0,35,46.79,86.86,0.23,983,0.9,171,1.5,0.0000,0.0000,,,,,,,,,,,,,,,,,,,,,,
2021,8,5,6,30,21.200000000000000,54,641,213,0,6.7,54,641,0,213,39,75.68,0.23,984,0.8,175,1.8,10.3556,7.9485,,,,,,,,,,,,,,,,,,,,,,
2021,8,5,7,30,23.700000000000000,72,801,423,0,6.4,72,801,0,423,32.86,64.04,0.23,984,0.8,185,2,22.7196,17.6978,,,,,,,,,,,,,,,,,,,,,,
2021,8,5,8,30,25.900000000000000,86,884,626,0,6.4,86,884,0,626,28.82,52.35,0.23,984,0.8,196,2.1,35.8362,28.0820,,,,,,,,,,,,,,,,,,,,,,
2021,8,5,9,30,28.1,95,931,798,0,6.4,95,931,0,798,25.37,41,0.23,984,0.8,206,2.1,47.3698,37.2207,,,,,,,,,,,,,,,,,,,,,,
2021,8,5,10,30,30.3,99,957,922,0,5.800000000000000,99,957,0,922,21.330000000000000,30.740000000000000,0.23,984,0.9,217,2.2,55.8454,43.9389,,,,,,,,,,,,,,,,,,,,,,
2021,8,5,11,30,32.2,103,968,992,0,4.9,103,968,0,992,18,23.38,0.23,983,0.9,228,2.2,60.6620,47.7568,,,,,,,,,,,,,,,,,,,,,,
2021,8,5,12,30,33.7,104,969,1001,0,3.4000000000000000,104,969,0,1001,14.86,22.18,0.23,983,0.9,237,2.4000000000000000,61.2886,48.2538,,,,,,,,,,,,,,,,,,,,,,
2021,8,5,13,30,34.4,101,957,946,0,1.7000000000000000,101,957,0,946,12.700000000000000,27.96,0.23,982,1,245,2.5,57.5298,45.2756,,,,,,,,,,,,,,,,,,,,,,
2021,8,5,14,30,34.300000000000000,98,931,836,0,1.2000000000000000,98,931,0,836,12.370000000000000,37.58,0.23,982,1,251,2.5,50.0129,39.3183,,,,,,,,,,,,,,,,,,,,,,
2021,8,5,15,30,34,91,887,676,0,1.2000000000000000,91,887,0,676,12.56,48.7,0.23,982,1,253,2.5,39.2342,30.7779,,,,,,,,,,,,,,,,,,,,,,
2021,8,5,16,30,31.8,81,811,482,0,1.4000000000000000,81,811,0,482,14.35,60.35,0.23,982,1,256,2.4000000000000000,26.5183,20.7076,,,,,,,,,,,,,,,,,,,,,,
2021,8,5,17,30,28.700000000000000,64,671,271,0,1.8,64,671,0,271,17.740000000000000,72.06,0.23,982,1,259,2.1,13.6142,10.5131,,,,,,,,,,,,,,,,,,,,,,
2021,8,5,18,30,24.6,35,368,77,0,3.1,35,368,0,77,24.67,83.48,0.23,982,1,267,1.7000000000000000,0.0000,0.0000,,,,,,,,,,,,,,,,,,,,,,
2021,8,5,19,30,22,0,0,0,0,4.4,0,0,0,0,31.57,94.58,0.23,983,1,313,1.3,0.0000,0.0000,,,,,,,,,,,,,,,,,,,,,,
2021,8,5,20,30,20.8,0,0,0,0,4.7,0,0,0,0,34.910000000000000,104.68,0.23,983,1,201,1,0.0000,0.0000,,,,,,,,,,,,,,,,,,,,,,
2021,8,5,21,30,20.3,0,0,0,0,4.6000000000000000,0,0,0,0,35.67,113.44,0.23,983,1,53,1,0.0000,0.0000,,,,,,,,,,,,,,,,,,,,,,
2021,8,5,22,30,20.1,0,0,0,0,4.2,0,0,100,0,35.06,120.19,0.23,983,1.1,58,0.9,0.0000,0.0000,,,,,,,,,,,,,,,,,,,,,,
2021,8,5,23,30,19.8,0,0,0,0,3.9000000000000000,0,0,100,0,34.99,124.16,0.23,983,1.1,53,0.8,0.0000,0.0000,,,,,,,,,,,,,,,,,,,,,,
2021,8,6,0,30,19.3,0,0,0,0,3.8000000000000000,0,0,100,0,35.96,124.74000000000000,0.23,982,1.2000000000000000,45,0.8,0.0000,0.0000,,,,,,,,,,,,,,,,,,,,,,
2021,8,6,1,30,18.7,0,0,0,0,4.3,0,0,100,0,38.550000000000000,121.82000000000000,0.23,982,1.2000000000000000,43,0.9,0.0000,0.0000,,,,,,,,,,,,,,,,,,,,,,
2021,8,6,2,30,18.1,0,0,0,0,4.9,0,0,100,0,41.9,115.88,0.23,982,1.3,45,0.8,0.0000,0.0000,,,,,,,,,,,,,,,,,,,,,,
2021,8,6,3,30,17.8,0,0,0,0,5.300000000000000,0,0,100,0,43.9,107.7,0.23,982,1.3,54,0.6000000000000000,0.0000,0.0000,,,,,,,,,,,,,,,,,,,,,,
2021,8,6,4,30,17.8,0,0,0,0,5.6000000000000000,0,0,0,0,44.730000000000000,97.97,0.23,982,1.3,68,0.5,0.0000,0.0000,,,,,,,,,,,,,,,,,,,,,,
2021,8,6,5,30,19.3,10,37,12,0,6,10,37,0,12,41.74,87.01,0.23,982,1.4000000000000000,83,0.7000000000000000,0.0000,0.0000,,,,,,,,,,,,,,,,,,,,,,
2021,8,6,6,30,22.3,91,175,134,0,6.4,91,175,0,134,35.63,75.82000000000000,0.23,983,1.4000000000000000,100,0.8,6.5074,4.9935,,,,,,,,,,,,,,,,,,,,,,
2021,8,6,7,30,25.5,187,282,310,0,6.7,187,282,0,310,30.07,64.18,0.23,983,1.5,184,0.7000000000000000,16.6338,12.9557,,,,,,,,,,,,,,,,,,,,,,
2021,8,6,8,30,28.3,270,356,487,0,6.5,270,356,0,487,25.1,52.49,0.23,983,1.5,267,1,27.8630,21.8330,,,,,,,,,,,,,,,,,,,,,,
2021,8,6,9,30,30.200000000000000,345,377,629,0,6.1000000000000000,345,377,0,629,21.990000000000000,41.15,0.23,983,1.5,277,1.5,37.3241,29.3266,,,,,,,,,,,,,,,,,,,,,,
2021,8,6,10,30,31.700000000000000,412,366,726,0,5.9,412,366,0,726,19.91,30.94,0.23,983,1.5,277,1.8,43.9601,34.5869,,,,,,,,,,,,,,,,,,,,,,
2021,8,6,11,30,32.9,445,372,786,0,5.7,445,372,0,786,18.36,23.63,0.23,982,1.5,279,2,48.0519,37.8288,,,,,,,,,,,,,,,,,,,,,,
2021,8,6,12,30,33.9,458,347,779,0,5.300000000000000,458,347,0,779,16.87,22.45,0.23,982,1.5,283,2.1,47.6831,37.5413,,,,,,,,,,,,,,,,,,,,,,
2021,8,6,13,30,34.300000000000000,446,301,711,0,4.7,446,301,0,711,15.780000000000000,28.21,0.23,981,1.5,288,2.1,43.2239,34.0162,,,,,,,,,,,,,,,,,,,,,,
2021,8,6,14,30,34.2,394,266,604,0,4.3,394,266,0,604,15.46,37.79,0.23,981,1.5,294,1.9000000000000000,36.1177,28.3935,,,,,,,,,,,,,,,,,,,,,,
2021,8,6,15,30,34,312,222,458,0,4.1000000000000000,312,222,0,458,15.42,48.89,0.23,980,1.5,297,1.8,26.5642,20.8377,,,,,,,,,,,,,,,,,,,,,,
2021,8,6,16,30,31.6,206,169,289,0,4.1000000000000000,206,169,0,289,17.66,60.53,0.23,980,1.4000000000000000,309,0.9,15.8828,12.4013,,,,,,,,,,,,,,,,,,,,,,
2021,8,6,17,30,28.5,95,106,127,0,4.3,95,106,0,127,21.44,72.24,0.23,980,1.4000000000000000,331,0.6000000000000000,6.3694,4.9172,,,,,,,,,,,,,,,,,,,,,,
2021,8,6,18,30,25.700000000000000,18,36,22,0,4.7,18,36,0,22,25.96,83.67,0.23,981,1.4000000000000000,185,0.7000000000000000,0.0000,0.0000,,,,,,,,,,,,,,,,,,,,,,
2021,8,6,19,30,24.200000000000000,0,0,0,0,4.9,0,0,0,0,28.71,94.78,0.23,981,1.4000000000000000,33,0.7000000000000000,0.0000,0.0000,,,,,,,,,,,,,,,,,,,,,,
2021,8,6,20,30,23.400000000000000,0,0,0,0,5.1000000000000000,0,0,0,0,30.61,104.91,0.23,981,1.5,50,0.8,0.0000,0.0000,,,,,,,,,,,,,,,,,,,,,,
2021,8,6,21,30,22.900000000000000,0,0,0,0,5.6000000000000000,0,0,0,0,32.59,113.69,0.23,981,1.5,64,0.9,0.0000,0.0000,,,,,,,,,,,,,,,,,,,,,,
2021,8,6,22,30,22.6,0,0,0,0,6,0,0,100,0,34.08,120.46000000000000,0.23,981,1.6,78,1,0.0000,0.0000,,,,,,,,,,,,,,,,,,,,,,
2021,8,6,23,30,22.1,0,0,0,0,6.2,0,0,100,0,35.59,124.44,0.23,981,1.6,91,0.9,0.0000,0.0000,,,,,,,,,,,,,,,,,,,,,,
2021,8,7,0,30,21.400000000000000,0,0,0,0,6.2,0,0,100,0,37.24,125.01,0.23,980,1.6,102,0.9,0.0000,0.0000,,,,,,,,,,,,,,,,,,,,,,
2021,8,7,1,30,20.5,0,0,0,0,6.300000000000000,0,0,100,0,39.61,122.07000000000000,0.23,980,1.7000000000000000,111,0.9,0.0000,0.0000,,,,,,,,,,,,,,,,,,,,,,
2021,8,7,2,30,19.8,0,0,0,0,6.4,0,0,100,0,41.64,116.11,0.23,980,1.7000000000000000,118,1,0.0000,0.0000,,,,,,,,,,,,,,,,,,,,,,
2021,8,7,3,30,19.3,0,0,0,0,6.4,0,0,100,0,42.9,107.9,0.23,980,1.6,123,1.1,0.0000,0.0000,,,,,,,,,,,,,,,,,,,,,,
2021,8,7,4,30,19.1,0,0,0,0,6.4,0,0,0,0,43.4,98.14,0.23,981,1.6,128,1.1,0.0000,0.0000,,,,,,,,,,,,,,,,,,,,,,
2021,8,7,5,30,20.200000000000000,8,23,9,0,6.4,8,23,0,9,40.54,87.16,0.23,981,1.6,135,1.1,0.0000,0.0000,,,,,,,,,,,,,,,,,,,,,,
2021,8,7,6,30,22.900000000000000,82,125,112,0,6.4,82,125,0,112,34.36,75.96000000000000,0.23,981,1.7000000000000000,144,1.1,5.4328,4.1679,,,,,,,,,,,,,,,,,,,,,,
2021,8,7,7,30,25.8,192,226,290,0,6.6000000000000000,192,226,14,290,29.41,64.32000000000000,0.23,982,1.7000000000000000,163,1.3,15.5450,12.1064,,,,,,,,,,,,,,,,,,,,,,
2021,8,7,8,30,28.3,284,313,474,0,6.800000000000000,284,313,0,474,25.73,52.63,0.23,982,1.7000000000000000,191,1.3,27.1035,21.2369,,,,,,,,,,,,,,,,,,,,,,
2021,8,7,9,30,30.700000000000000,333,415,645,0,6.800000000000000,333,415,0,645,22.39,41.31,0.23,981,1.7000000000000000,221,1.4000000000000000,38.2584,30.0598,,,,,,,,,,,,,,,,,,,,,,
2021,8,7,10,30,33,343,509,779,0,6.5,343,509,0,779,19.27,31.13,0.23,981,1.8,241,1.5,47.1553,37.1001,,,,,,,,,,,,,,,,,,,,,,
2021,8,7,11,30,34.800000000000000,352,545,850,0,5.9,352,545,0,850,16.71,23.88,0.23,981,1.8,251,1.6,51.9503,40.8971,,,,,,,,,,,,,,,,,,,,,,
2021,8,7,12,30,35.7,390,486,838,0,5.300000000000000,390,486,0,838,15.26,22.740000000000000,0.23,980,1.8,258,1.6,51.2793,40.3718,,,,,,,,,,,,,,,,,,,,,,
2021,8,7,13,30,35.9,421,390,764,0,4.7,421,390,0,764,14.42,28.46,0.23,979,1.7000000000000000,265,1.6,46.4299,36.5385,,,,,,,,,,,,,,,,,,,,,,
2021,8,7,14,30,35.800000000000000,363,382,664,0,4.2,363,382,0,664,14.040000000000000,38,0.23,979,1.7000000000000000,273,1.6,39.6877,31.1991,,,,,,,,,,,,,,,,,,,,,,
2021,8,7,15,30,35.6,299,343,524,0,3.8000000000000000,299,343,0,524,13.76,49.09,0.23,979,1.6,276,1.6,30.3709,23.8225,,,,,,,,,,,,,,,,,,,,,,
2021,8,7,16,30,33.300000000000000,215,294,359,0,3.5,215,294,0,359,15.32,60.72,0.23,979,1.5,278,1.5,19.7072,15.3856,,,,,,,,,,,,,,,,,,,,,,
2021,8,7,17,30,29.900000000000000,119,200,179,0,3.8000000000000000,119,200,0,179,18.97,72.43,0.23,979,1.5,284,1.4000000000000000,8.9614,6.9164,,,,,,,,,,,,,,,,,,,,,,
2021,8,7,18,30,26.5,25,73,33,0,4.9,25,73,0,33,25,83.86,0.23,979,1.4000000000000000,305,1.1,0.0000,0.0000,,,,,,,,,,,,,,,,,,,,,,
2021,8,7,19,30,24.900000000000000,0,0,0,0,5.6000000000000000,0,0,0,0,28.900000000000000,95,0.23,980,1.4000000000000000,189,0.8,0.0000,0.0000,,,,,,,,,,,,,,,,,,,,,,
2021,8,7,20,30,24.1,0,0,0,0,5.800000000000000,0,0,0,0,30.77,105.14,0.23,980,1.4000000000000000,86,0.6000000000000000,0.0000,0.0000,,,,,,,,,,,,,,,,,,,,,,
2021,8,7,21,30,23.6,0,0,0,0,5.9,0,0,0,0,31.98,113.94,0.23,980,1.4000000000000000,139,0.7000000000000000,0.0000,0.0000,,,,,,,,,,,,,,,,,,,,,,
2021,8,7,22,30,22.900000000000000,0,0,0,0,6,0,0,100,0,33.47,120.73,0.23,980,1.4000000000000000,171,0.9,0.0000,0.0000,,,,,,,,,,,,,,,,,,,,,,
2021,8,7,23,30,22,0,0,0,0,6.1000000000000000,0,0,100,0,35.58,124.72,0.23,980,1.4000000000000000,179,1,0.0000,0.0000,,,,,,,,,,,,,,,,,,,,,,
2021,8,8,0,30,21.200000000000000,0,0,0,0,6.2,0,0,100,0,37.68,125.29,0.23,979,1.4000000000000000,171,1.1,0.0000,0.0000,,,,,,,,,,,,,,,,,,,,,,
2021,8,8,1,30,20.3,0,0,0,0,6.4,0,0,100,0,40.51,122.33,0.23,979,1.4000000000000000,155,1.1,0.0000,0.0000,,,,,,,,,,,,,,,,,,,,,,
2021,8,8,2,30,19.6,0,0,0,0,6.6000000000000000,0,0,100,0,42.72,116.34,0.23,979,1.4000000000000000,143,1.1,0.0000,0.0000,,,,,,,,,,,,,,,,,,,,,,
2021,8,8,3,30,19.1,0,0,0,0,6.5,0,0,100,0,43.71,108.10000000000000,0.23,980,1.4000000000000000,145,1.2000000000000000,0.0000,0.0000,,,,,,,,,,,,,,,,,,,,,,
2021,8,8,4,30,18.7,0,0,0,0,6.4,0,0,0,0,44.61,98.32000000000000,0.23,980,1.4000000000000000,149,1.2000000000000000,0.0000,0.0000,,,,,,,,,,,,,,,,,,,,,,
2021,8,8,5,30,19.8,11,44,13,0,6.6000000000000000,11,44,0,13,42.15,87.31,0.23,980,1.4000000000000000,152,1.2000000000000000,0.0000,0.0000,,,,,,,,,,,,,,,,,,,,,,
2021,8,8,6,30,22.900000000000000,91,246,150,0,6.800000000000000,91,246,0,150,35.49,76.11,0.23,980,1.4000000000000000,159,1.3,7.2675,5.5738,,,,,,,,,,,,,,,,,,,,,,
2021,8,8,7,30,26.1,163,416,342,0,7.2,163,416,0,342,29.96,64.45,0.23,981,1.4000000000000000,175,1.5,18.3153,14.2624,,,,,,,,,,,,,,,,,,,,,,
2021,8,8,8,30,28.8,206,545,536,0,6.9,206,545,0,536,25.19,52.77,0.23,981,1.4000000000000000,199,1.5,30.6309,23.9996,,,,,,,,,,,,,,,,,,,,,,
2021,8,8,9,30,31.3,227,643,709,0,6.5,227,643,0,709,21.14,41.480000000000000,0.23,981,1.5,220,1.6,42.0367,33.0275,,,,,,,,,,,,,,,,,,,,,,
2021,8,8,10,30,33.7,228,715,839,0,5.300000000000000,228,715,0,839,17.01,31.330000000000000,0.23,981,1.5,232,1.9000000000000000,50.7713,39.9443,,,,,,,,,,,,,,,,,,,,,,
2021,8,8,11,30,35.5,224,756,914,0,3.6,224,756,0,914,13.68,24.14,0.23,980,1.5,239,2.2,55.8458,43.9630,,,,,,,,,,,,,,,,,,,,,,
2021,8,8,12,30,36.7,207,783,928,0,2.4000000000000000,207,783,0,928,11.77,23.02,0.23,980,1.6,244,2.3000000000000000,56.7700,44.6939,,,,,,,,,,,,,,,,,,,,,,
2021,8,8,13,30,37.2,185,797,884,0,1.8,185,797,0,884,10.96,28.71,0.23,979,1.6,248,2.4000000000000000,53.7039,42.2619,,,,,,,,,,,,,,,,,,,,,,
2021,8,8,14,30,37.1,163,787,781,0,1.7000000000000000,163,787,0,781,10.96,38.22,0.23,979,1.6,252,2.5,46.6588,36.6780,,,,,,,,,,,,,,,,,,,,,,
2021,8,8,15,30,36.800000000000000,141,746,628,0,2,141,746,0,628,11.35,49.29,0.23,979,1.6,254,2.6,36.3730,28.5289,,,,,,,,,,,,,,,,,,,,,,
2021,8,8,16,30,34.300000000000000,112,683,444,0,2.5,112,683,0,444,13.57,60.910000000000000,0.23,979,1.6,257,2.6,24.3451,19.0043,,,,,,,,,,,,,,,,,,,,,,
2021,8,8,17,30,31,80,546,243,0,3.6,80,546,0,243,17.61,72.63,0.23,979,1.6,263,2.3000000000000000,12.1429,9.3689,,,,,,,,,,,,,,,,,,,,,,
2021,8,8,18,30,27,36,264,63,0,5.2,36,264,0,63,24.900000000000000,84.06,0.23,979,1.6,272,1.7000000000000000,0.0000,0.0000,,,,,,,,,,,,,,,,,,,,,,
2021,8,8,19,30,24.700000000000000,0,0,0,0,6.300000000000000,0,0,0,0,30.78,95.21000000000000,0.23,980,1.6,178,1.1,0.0000,0.0000,,,,,,,,,,,,,,,,,,,,,,
2021,8,8,20,30,23.5,0,0,0,0,6.5,0,0,0,0,33.4,105.38,0.23,980,1.6,95,0.9,0.0000,0.0000,,,,,,,,,,,,,,,,,,,,,,
2021,8,8,21,30,22.5,0,0,0,0,6.1000000000000000,0,0,0,0,34.6,114.2,0.23,980,1.5,121,1.1,0.0000,0.0000,,,,,,,,,,,,,,,,,,,,,,
2021,8,8,22,30,21.700000000000000,0,0,0,0,5.7,0,0,100,0,35.410000000000000,121.01,0.23,980,1.5,139,1.2000000000000000,0.0000,0.0000,,,,,,,,,,,,,,,,,,,,,,
2021,8,8,23,30,21,0,0,0,0,5.6000000000000000,0,0,100,0,36.64,125.01,0.23,980,1.4000000000000000,148,1.3,0.0000,0.0000,,,,,,,,,,,,,,,,,,,,,,
2021,8,9,0,30,20.3,0,0,0,0,5.6000000000000000,0,0,100,0,38.28,125.58,0.23,980,1.4000000000000000,147,1.3,0.0000,0.0000,,,,,,,,,,,,,,,,,,,,,,
2021,8,9,1,30,19.700000000000000,0,0,0,0,5.800000000000000,0,0,100,0,40.21,122.59,0.23,980,1.5,143,1.3,0.0000,0.0000,,,,,,,,,,,,,,,,,,,,,,
2021,8,9,2,30,19.3,0,0,0,0,6,0,0,100,0,41.82,116.57000000000000,0.23,980,1.5,141,1.2000000000000000,0.0000,0.0000,,,,,,,,,,,,,,,,,,,,,,
2021,8,9,3,30,18.900000000000000,0,0,0,0,6,0,0,100,0,42.97,108.3,0.23,981,1.5,141,1.1,0.0000,0.0000,,,,,,,,,,,,,,,,,,,,,,
2021,8,9,4,30,18.6,0,0,0,0,6,0,0,0,0,43.83,98.5,0.23,981,1.5,141,1.2000000000000000,0.0000,0.0000,,,,,,,,,,,,,,,,,,,,,,
2021,8,9,5,30,20.200000000000000,18,123,23,0,6.2,18,123,0,23,40.04,87.46000000000000,0.23,981,1.5,148,1.2000000000000000,0.0000,0.0000,,,,,,,,,,,,,,,,,,,,,,
2021,8,9,6,30,23.5,66,500,185,0,6.2,66,500,0,185,32.77,76.25,0.23,981,1.5,164,1.3,8.9535,6.8650,,,,,,,,,,,,,,,,,,,,,,
2021,8,9,7,30,26.6,93,687,388,0,6.1000000000000000,93,687,0,388,27.07,64.59,0.23,982,1.5,185,1.4000000000000000,20.7577,16.1626,,,,,,,,,,,,,,,,,,,,,,
2021,8,9,8,30,29.3,111,790,587,0,5.9,111,790,0,587,22.76,52.92,0.23,982,1.5,209,1.5,33.5243,26.2653,,,,,,,,,,,,,,,,,,,,,,
2021,8,9,9,30,31.700000000000000,120,853,757,0,5.1000000000000000,120,853,0,757,18.81,41.64,0.23,981,1.5,232,1.7000000000000000,44.8646,35.2484,,,,,,,,,,,,,,,,,,,,,,
2021,8,9,10,30,33.800000000000000,124,890,883,0,4.1000000000000000,124,890,0,883,15.55,31.54,0.23,981,1.6,245,1.9000000000000000,53.4160,42.0241,,,,,,,,,,,,,,,,,,,,,,
2021,8,9,11,30,35.5,125,910,954,0,3.1,125,910,0,954,13.24,24.41,0.23,980,1.6,251,2,58.2721,45.8722,,,,,,,,,,,,,,,,,,,,,,
2021,8,9,12,30,36.800000000000000,126,912,964,0,2.3000000000000000,126,912,0,964,11.65,23.31,0.23,980,1.6,255,2.1,58.9542,46.4126,,,,,,,,,,,,,,,,,,,,,,
2021,8,9,13,30,37.4,125,898,911,0,1.6,125,898,0,911,10.72,28.97,0.23,979,1.6,261,2.1,55.3239,43.5358,,,,,,,,,,,,,,,,,,,,,,
2021,8,9,14,30,37.4,117,875,802,0,1,117,875,0,802,10.26,38.44,0.23,979,1.6,267,2.1,47.8904,37.6450,,,,,,,,,,,,,,,,,,,,,,
2021,8,9,15,30,37.2,106,830,645,0,0.5,106,830,0,645,9.96,49.49,0.23,979,1.6,269,2.1,37.3309,29.2786,,,,,,,,,,,,,,,,,,,,,,
2021,8,9,16,30,35.300000000000000,90,753,454,0,-0.1,90,753,0,454,10.65,61.11,0.23,979,1.6,275,2.1,24.8628,19.4061,,,,,,,,,,,,,,,,,,,,,,
2021,8,9,17,30,32.1,69,610,249,0,-0.4,69,610,0,249,12.38,72.83,0.23,979,1.5,282,1.9000000000000000,12.4195,9.5793,,,,,,,,,,,,,,,,,,,,,,
2021,8,9,18,30,27.900000000000000,34,303,64,0,-0.1,34,303,0,64,16.14,84.27,0.23,980,1.5,294,1.6,0.0000,0.0000,,,,,,,,,,,,,,,,,,,,,,
2021,8,9,19,30,25.200000000000000,0,0,0,0,0.7000000000000000,0,0,0,0,20.03,95.44,0.23,980,1.5,151,1.3,0.0000,0.0000,,,,,,,,,,,,,,,,,,,,,,
2021,8,9,20,30,23.700000000000000,0,0,0,0,1.7000000000000000,0,0,0,0,23.66,105.62,0.23,981,1.6,26,1,0.0000,0.0000,,,,,,,,,,,,,,,,,,,,,,
2021,8,9,21,30,22.6,0,0,0,0,2.6,0,0,0,0,26.85,114.46000000000000,0.23,981,1.6,57,0.9,0.0000,0.0000,,,,,,,,,,,,,,,,,,,,,,
2021,8,9,22,30,22.1,0,0,0,0,3,0,0,100,0,28.55,121.29,0.23,981,1.6,71,0.8,0.0000,0.0000,,,,,,,,,,,,,,,,,,,,,,
2021,8,9,23,30,21.8,0,0,0,0,3.5,0,0,100,0,30.1,125.31,0.23,981,1.7000000000000000,86,0.9,0.0000,0.0000,,,,,,,,,,,,,,,,,,,,,,
2021,8,10,0,30,21.3,0,0,0,0,4.1000000000000000,0,0,100,0,32.37,125.86,0.23,981,1.7000000000000000,101,1,0.0000,0.0000,,,,,,,,,,,,,,,,,,,,,,
2021,8,10,1,30,20.900000000000000,0,0,0,0,5,0,0,100,0,35.25,122.86,0.23,981,1.8,112,1.1,0.0000,0.0000,,,,,,,,,,,,,,,,,,,,,,
2021,8,10,2,30,20.5,0,0,0,0,5.7,0,0,100,0,38.050000000000000,116.8,0.23,981,1.8,121,1.1,0.0000,0.0000,,,,,,,,,,,,,,,,,,,,,,
2021,8,10,3,30,19.8,0,0,0,0,6.300000000000000,0,0,100,0,41.38,108.5,0.23,981,1.9000000000000000,130,1.2000000000000000,0.0000,0.0000,,,,,,,,,,,,,,,,,,,,,,
2021,8,10,4,30,19.3,0,0,0,0,6.9,0,0,0,0,44.46,98.67,0.23,982,1.9000000000000000,133,1.2000000000000000,0.0000,0.0000,,,,,,,,,,,,,,,,,,,,,,
2021,8,10,5,30,20.6,13,60,16,0,7.300000000000000,13,60,0,16,42.28,87.61,0.23,982,2,143,1.2000000000000000,0.0000,0.0000,,,,,,,,,,,,,,,,,,,,,,
2021,8,10,6,30,23.8,86,319,161,0,7.7,86,319,0,161,35.730000000000000,76.4,0.23,983,2,165,1.2000000000000000,7.7831,5.9660,,,,,,,,,,,,,,,,,,,,,,
2021,8,10,7,30,27.1,142,491,352,0,7.9,142,491,0,352,29.740000000000000,64.74,0.23,983,2,193,1.2000000000000000,18.8111,14.6452,,,,,,,,,,,,,,,,,,,,,,
2021,8,10,8,30,30.3,181,601,542,0,7.5,181,601,0,542,24.05,53.07,0.23,983,2,224,1.2000000000000000,30.9347,24.2352,,,,,,,,,,,,,,,,,,,,,,
2021,8,10,9,30,33.2,194,693,711,0,6.5,194,693,0,711,18.97,41.81,0.23,983,2,247,1.5,42.1202,33.0912,,,,,,,,,,,,,,,,,,,,,,
2021,8,10,10,30,35.7,192,764,842,0,5.1000000000000000,192,764,0,842,15.02,31.740000000000000,0.23,982,2,258,1.8,50.9194,40.0591,,,,,,,,,,,,,,,,,,,,,,
2021,8,10,11,30,37.6,196,789,913,0,3.5,196,789,0,913,12.13,24.67,0.23,982,2,264,2.1,55.7512,43.8870,,,,,,,,,,,,,,,,,,,,,,
2021,8,10,12,30,39,197,792,923,0,2,197,792,0,923,10.09,23.61,0.23,981,1.9000000000000000,267,2.1,56.4286,44.4234,,,,,,,,,,,,,,,,,,,,,,
2021,8,10,13,30,39.6,196,772,870,0,1.2000000000000000,196,772,0,870,9.22,29.23,0.23,981,1.9000000000000000,269,2.1,52.8144,41.5600,,,,,,,,,,,,,,,,,,,,,,
2021,8,10,14,30,39.5,186,735,760,0,0.8,186,735,0,760,9.01,38.67,0.23,980,1.9000000000000000,271,2,45.3595,35.6543,,,,,,,,,,,,,,,,,,,,,,
2021,8,10,15,30,39.300000000000000,170,673,605,0,0.5,170,673,0,605,8.92,49.7,0.23,980,1.9000000000000000,272,2,34.9893,27.4405,,,,,,,,,,,,,,,,,,,,,,
2021,8,10,16,30,37.4,146,566,418,0,0.2,146,566,0,418,9.67,61.31,0.23,980,1.9000000000000000,276,1.8,22.8629,17.8429,,,,,,,,,,,,,,,,,,,,,,
2021,8,10,17,30,33.9,103,402,220,0,-0.1,103,402,0,220,11.5,73.03,0.23,981,1.9000000000000000,282,1.3,10.9526,8.4453,,,,,,,,,,,,,,,,,,,,,,
2021,8,10,18,30,29.700000000000000,34,145,48,0,-0.1,34,145,0,48,14.56,84.48,0.23,981,1.9000000000000000,290,1,0.0000,0.0000,,,,,,,,,,,,,,,,,,,,,,
2021,8,10,19,30,27.3,0,0,0,0,0,0,0,0,0,16.82,95.66,0.23,982,2,310,1.1,0.0000,0.0000,,,,,,,,,,,,,,,,,,,,,,
2021,8,10,20,30,25.900000000000000,0,0,0,0,0.2,0,0,0,0,18.62,105.86,0.23,983,2,180,1,0.0000,0.0000,,,,,,,,,,,,,,,,,,,,,,
2021,8,10,21,30,24.5,0,0,0,0,0.6000000000000000,0,0,0,0,20.740000000000000,114.73,0.23,983,2,44,1,0.0000,0.0000,,,,,,,,,,,,,,,,,,,,,,
2021,8,10,22,30,23.8,0,0,0,0,1.1,0,0,100,0,22.400000000000000,121.58,0.23,983,2,56,1,0.0000,0.0000,,,,,,,,,,,,,,,,,,,,,,
2021,8,10,23,30,24,0,0,0,0,1.6,0,0,100,0,23.04,125.61,0.23,983,2,59,1,0.0000,0.0000,,,,,,,,,,,,,,,,,,,,,,
2021,8,11,0,30,24.200000000000000,0,0,0,0,2.3000000000000000,0,0,100,0,23.94,126.16,0.23,983,2,62,0.9,0.0000,0.0000,,,,,,,,,,,,,,,,,,,,,,
2021,8,11,1,30,24.1,0,0,0,0,3.1,0,0,100,0,25.5,123.13000000000000,0.23,982,2,66,0.9,0.0000,0.0000,,,,,,,,,,,,,,,,,,,,,,
2021,8,11,2,30,23.6,0,0,0,0,4,0,0,100,0,27.95,117.04,0.23,983,2,72,0.9,0.0000,0.0000,,,,,,,,,,,,,,,,,,,,,,
2021,8,11,3,30,22.900000000000000,0,0,0,0,4.7,0,0,100,0,30.68,108.71000000000000,0.23,983,2.1,83,1,0.0000,0.0000,,,,,,,,,,,,,,,,,,,,,,
2021,8,11,4,30,22.400000000000000,0,0,0,0,5.4,0,0,0,0,33.1,98.85000000000000,0.23,983,2.1,98,1.1,0.0000,0.0000,,,,,,,,,,,,,,,,,,,,,,
2021,8,11,5,30,23.200000000000000,11,41,13,0,6,11,41,0,13,32.88,87.76,0.23,983,2.1,114,1.1,0.0000,0.0000,,,,,,,,,,,,,,,,,,,,,,
2021,8,11,6,30,25.8,90,249,148,0,6.5,90,249,0,148,29.21,76.54,0.23,984,2.1,148,1.1,7.1472,5.4771,,,,,,,,,,,,,,,,,,,,,,
2021,8,11,7,30,29.200000000000000,161,409,335,0,6.300000000000000,161,409,0,335,23.650000000000000,64.88,0.23,984,2.1,204,1.1,17.8842,13.9220,,,,,,,,,,,,,,,,,,,,,,
2021,8,11,8,30,32.4,210,520,521,0,5,210,520,0,521,17.91,53.21,0.23,984,2.1,249,1.4000000000000000,29.7185,23.2812,,,,,,,,,,,,,,,,,,,,,,
2021,8,11,9,30,35.2,225,632,695,0,3.9000000000000000,225,632,0,695,14.17,41.97,0.23,984,2,269,1.8,41.1556,32.3324,,,,,,,,,,,,,,,,,,,,,,
2021,8,11,10,30,37.5,216,724,830,0,2.6,216,724,0,830,11.450000000000000,31.95,0.23,983,2,276,2.3000000000000000,50.1766,39.4739,,,,,,,,,,,,,,,,,,,,,,
2021,8,11,11,30,39.2,223,745,899,0,1.8,223,745,0,899,9.83,24.94,0.23,982,2,281,2.8000000000000000,54.8792,43.1997,,,,,,,,,,,,,,,,,,,,,,
2021,8,11,12,30,40.400000000000000,236,728,902,0,1.4000000000000000,236,728,0,902,8.94,23.91,0.23,982,2,285,3,55.1266,43.3975,,,,,,,,,,,,,,,,,,,,,,
2021,8,11,13,30,40.900000000000000,247,686,844,0,0.8,247,686,0,844,8.39,29.5,0.23,981,2,285,3.2,51.2160,40.3013,,,,,,,,,,,,,,,,,,,,,,
2021,8,11,14,30,40.6,236,644,737,0,0.4,236,644,0,737,8.290000000000000,38.910000000000000,0.23,980,1.9000000000000000,283,3.3000000000000000,43.9634,34.5556,,,,,,,,,,,,,,,,,,,,,,
2021,8,11,15,30,40.300000000000000,210,577,582,0,0.5,210,577,0,582,8.47,49.92,0.23,980,1.9000000000000000,282,3.3000000000000000,33.6322,26.3745,,,,,,,,,,,,,,,,,,,,,,
2021,8,11,16,30,37.1,177,452,393,0,1.2000000000000000,177,452,0,393,10.59,61.52,0.23,981,1.9000000000000000,268,3.2,21.4672,16.7515,,,,,,,,,,,,,,,,,,,,,,
2021,8,11,17,30,33.1,116,277,196,0,2.4000000000000000,116,277,0,196,14.39,73.24,0.23,981,1.9000000000000000,255,2.7,9.7388,7.5068,,,,,,,,,,,,,,,,,,,,,,
2021,8,11,18,30,28.5,27,74,34,3,3.6,27,71,64,34,20.3,84.69,0.23,982,2,235,1.8,0.0000,0.0000,,,,,,,,,,,,,,,,,,,,,,
2021,8,11,19,30,25.6,0,0,0,0,4.2,0,0,0,0,25.11,95.89,0.23,983,2.1,155,1.3,0.0000,0.0000,,,,,,,,,,,,,,,,,,,,,,
2021,8,11,20,30,24.8,0,0,0,0,4.1000000000000000,0,0,0,0,26.16,106.11,0.23,984,2.2,76,1.3,0.0000,0.0000,,,,,,,,,,,,,,,,,,,,,,
2021,8,11,21,30,24.900000000000000,0,0,0,0,3.7,0,0,0,0,25.27,115,0.23,984,2.3000000000000000,58,1.2000000000000000,0.0000,0.0000,,,,,,,,,,,,,,,,,,,,,,
2021,8,11,22,30,25.200000000000000,0,0,0,0,3.4000000000000000,0,0,100,0,24.32,121.87,0.23,984,2.4000000000000000,28,1,0.0000,0.0000,,,,,,,,,,,,,,,,,,,,,,
2021,8,11,23,30,25.1,0,0,0,0,3.5,0,0,100,0,24.64,125.91,0.23,983,2.5,174,0.9,0.0000,0.0000,,,,,,,,,,,,,,,,,,,,,,
2021,8,12,0,30,24.8,0,0,0,0,3.8000000000000000,0,0,100,0,25.57,126.45,0.23,983,2.5,342,0.9,0.0000,0.0000,,,,,,,,,,,,,,,,,,,,,,
2021,8,12,1,30,24.3,0,0,0,0,4,0,0,100,0,26.89,123.4,0.23,983,2.4000000000000000,176,0.9,0.0000,0.0000,,,,,,,,,,,,,,,,,,,,,,
2021,8,12,2,30,24.1,0,0,0,0,4.3,0,0,100,0,27.8,117.28,0.23,982,2.4000000000000000,26,0.9,0.0000,0.0000,,,,,,,,,,,,,,,,,,,,,,
2021,8,12,3,30,23.900000000000000,0,0,0,0,4.5,0,0,100,0,28.43,108.91,0.23,982,2.3000000000000000,49,0.9,0.0000,0.0000,,,,,,,,,,,,,,,,,,,,,,
2021,8,12,4,30,23.900000000000000,0,0,0,0,4.6000000000000000,0,0,0,0,28.59,99.03,0.23,982,2.3000000000000000,69,0.9,0.0000,0.0000,,,,,,,,,,,,,,,,,,,,,,
2021,8,12,5,30,24.3,7,22,8,0,4.800000000000000,7,22,0,8,28.36,87.91,0.23,983,2.3000000000000000,134,1.1,0.0000,0.0000,,,,,,,,,,,,,,,,,,,,,,
2021,8,12,6,30,25.700000000000000,89,164,127,0,5.5,89,164,0,127,27.330000000000000,76.69,0.23,983,2.2,194,1.6,6.1264,4.6935,,,,,,,,,,,,,,,,,,,,,,
2021,8,12,7,30,27.5,183,302,311,0,6.2,183,302,0,311,25.79,65.02,0.23,984,2.2,201,2.1,16.5858,12.9097,,,,,,,,,,,,,,,,,,,,,,
2021,8,12,8,30,29.400000000000000,251,414,498,0,6.4,251,414,0,498,23.47,53.36,0.23,984,2.1,205,2.1,28.3883,22.2380,,,,,,,,,,,,,,,,,,,,,,
2021,8,12,9,30,31.400000000000000,293,497,662,0,6.2,293,497,0,662,20.580000000000000,42.14,0.23,984,2,215,1.9000000000000000,39.1843,30.7828,,,,,,,,,,,,,,,,,,,,,,
2021,8,12,10,30,33.300000000000000,318,551,784,0,5.5,318,551,0,784,17.63,32.160000000000000,0.23,984,2,230,1.8,47.3794,37.2725,,,,,,,,,,,,,,,,,,,,,,
2021,8,12,11,30,35.2,329,579,853,0,4.3,329,579,0,853,14.63,25.22,0.23,983,2,244,1.9000000000000000,52.0541,40.9750,,,,,,,,,,,,,,,,,,,,,,
2021,8,12,12,30,36.6,343,563,856,0,2.6,343,563,0,856,11.98,24.21,0.23,983,2,254,2.1,52.2979,41.1698,,,,,,,,,,,,,,,,,,,,,,
2021,8,12,13,30,37.300000000000000,349,525,805,0,1.1,349,525,0,805,10.38,29.78,0.23,982,2,261,2.2,48.8294,38.4223,,,,,,,,,,,,,,,,,,,,,,
2021,8,12,14,30,37.2,317,497,702,0,0.5,317,497,0,702,10,39.15,0.23,982,2,266,2.3000000000000000,41.8530,32.8957,,,,,,,,,,,,,,,,,,,,,,
2021,8,12,15,30,37,269,444,554,0,0.4,269,444,0,554,10.040000000000000,50.13,0.23,981,2,267,2.3000000000000000,31.9895,25.0848,,,,,,,,,,,,,,,,,,,,,,
2021,8,12,16,30,34.5,197,371,373,0,0.8,197,371,0,373,11.81,61.730000000000000,0.23,981,2.1,258,2.1,20.3476,15.8757,,,,,,,,,,,,,,,,,,,,,,
2021,8,12,17,30,30.900000000000000,116,245,186,0,1.7000000000000000,116,245,0,186,15.49,73.45,0.23,982,2.1,247,1.8,9.2239,7.1075,,,,,,,,,,,,,,,,,,,,,,
2021,8,12,18,30,26.700000000000000,25,72,31,0,3.2,25,72,0,31,21.95,84.9,0.23,982,2.2,245,1.5,0.0000,0.0000,,,,,,,,,,,,,,,,,,,,,,
2021,8,12,19,30,24.400000000000000,0,0,0,0,4.1000000000000000,0,0,0,0,26.900000000000000,96.13,0.23,983,2.2,157,1.3,0.0000,0.0000,,,,,,,,,,,,,,,,,,,,,,
2021,8,12,20,30,24,0,0,0,0,4.1000000000000000,0,0,0,0,27.54,106.37,0.23,984,2.2,75,1.3,0.0000,0.0000,,,,,,,,,,,,,,,,,,,,,,
2021,8,12,21,30,24.1,0,0,0,0,3.7,0,0,0,0,26.580000000000000,115.28,0.23,984,2.1,108,1.4000000000000000,0.0000,0.0000,,,,,,,,,,,,,,,,,,,,,,
2021,8,12,22,30,24,0,0,0,0,3.4000000000000000,0,0,100,0,26.18,122.17,0.23,984,2.1,144,1.4000000000000000,0.0000,0.0000,,,,,,,,,,,,,,,,,,,,,,
2021,8,12,23,30,23.5,0,0,0,0,3.5,0,0,100,0,27.150000000000000,126.21000000000000,0.23,984,2.1,160,1.4000000000000000,0.0000,0.0000,,,,,,,,,,,,,,,,,,,,,,
2021,8,13,0,30,22.900000000000000,0,0,0,0,3.8000000000000000,0,0,100,0,28.84,126.75,0.23,983,2.1,156,1.5,0.0000,0.0000,,,,,,,,,,,,,,,,,,,,,,
2021,8,13,1,30,22.400000000000000,0,0,0,0,4.6000000000000000,0,0,100,0,31.29,123.67,0.23,983,2.2,146,1.5,0.0000,0.0000,,,,,,,,,,,,,,,,,,,,,,
2021,8,13,2,30,22,0,0,0,0,5.4,0,0,100,0,33.86,117.52,0.23,984,2.2,141,1.5,0.0000,0.0000,,,,,,,,,,,,,,,,,,,,,,
2021,8,13,3,30,21.5,0,0,0,0,5.9,0,0,100,0,36.35,109.12,0.23,984,2.3000000000000000,143,1.5,0.0000,0.0000,,,,,,,,,,,,,,,,,,,,,,
2021,8,13,4,30,21,0,0,0,0,6.6000000000000000,0,0,0,0,39.300000000000000,99.21000000000000,0.23,984,2.3000000000000000,145,1.5,0.0000,0.0000,,,,,,,,,,,,,,,,,,,,,,
2021,8,13,5,30,21.6,9,28,10,0,7.4,9,28,0,10,39.95,88.05,0.23,985,2.4000000000000000,149,1.6,0.0000,0.0000,,,,,,,,,,,,,,,,,,,,,,
2021,8,13,6,30,23.8,91,204,137,0,8.200000000000000,91,203,21,137,36.85,76.84,0.23,985,2.4000000000000000,157,1.9000000000000000,6.6018,5.0563,,,,,,,,,,,,,,,,,,,,,,
2021,8,13,7,30,26.400000000000000,169,362,321,0,8.9,169,362,0,321,33.08,65.17,0.23,985,2.4000000000000000,169,2,17.1001,13.3083,,,,,,,,,,,,,,,,,,,,,,
2021,8,13,8,30,28.8,222,480,507,0,9.4,222,480,0,507,29.82,53.51,0.23,986,2.4000000000000000,184,2.1,28.8827,22.6241,,,,,,,,,,,,,,,,,,,,,,
2021,8,13,9,30,30.900000000000000,253,567,672,0,9.3,253,567,0,672,26.310000000000000,42.32,0.23,985,2.4000000000000000,201,2.2,39.7577,31.2323,,,,,,,,,,,,,,,,,,,,,,
2021,8,13,10,30,32.7,265,629,796,0,8.9,265,629,0,796,23.04,32.38,0.23,985,2.4000000000000000,217,2.3000000000000000,48.0870,37.8283,,,,,,,,,,,,,,,,,,,,,,
2021,8,13,11,30,34.2,269,662,867,0,8.200000000000000,269,662,0,867,20.22,25.490000000000000,0.23,985,2.4000000000000000,229,2.3000000000000000,52.8915,41.6334,,,,,,,,,,,,,,,,,,,,,,
2021,8,13,12,30,35.300000000000000,276,655,872,0,7.7,276,655,0,872,18.330000000000000,24.52,0.23,984,2.4000000000000000,238,2.2,53.2568,41.9238,,,,,,,,,,,,,,,,,,,,,,
2021,8,13,13,30,35.800000000000000,276,622,814,0,7.300000000000000,276,622,0,814,17.45,30.060000000000000,0.23,984,2.4000000000000000,244,2,49.3548,38.8347,,,,,,,,,,,,,,,,,,,,,,
2021,8,13,14,30,35.9,250,594,709,0,7.300000000000000,250,594,0,709,17.29,39.39,0.23,984,2.4000000000000000,248,2,42.2473,33.2044,,,,,,,,,,,,,,,,,,,,,,
2021,8,13,15,30,35.800000000000000,218,535,559,0,7.300000000000000,218,535,0,559,17.45,50.36,0.23,984,2.4000000000000000,249,1.9000000000000000,32.2506,25.2879,,,,,,,,,,,,,,,,,,,,,,
2021,8,13,16,30,33.6,169,446,379,0,7.6000000000000000,169,446,0,379,20.13,61.95,0.23,984,2.4000000000000000,244,2,20.6458,16.1061,,,,,,,,,,,,,,,,,,,,,,
2021,8,13,17,30,30.5,106,302,191,0,8.4,106,302,0,191,25.3,73.67,0.23,985,2.5,243,1.8,9.4526,7.2811,,,,,,,,,,,,,,,,,,,,,,
2021,8,13,18,30,27.1,26,96,34,7,9.700000000000000,26,96,64,34,33.59,85.13,0.23,985,2.5,249,1.4000000000000000,0.0000,0.0000,,,,,,,,,,,,,,,,,,,,,,
2021,8,13,19,30,25.3,0,0,0,7,10.3,0,0,0,0,38.89,96.37,0.23,985,2.6,169,1.2000000000000000,0.0000,0.0000,,,,,,,,,,,,,,,,,,,,,,
2021,8,13,20,30,24.6,0,0,0,7,10,0,0,0,0,39.800000000000000,106.63,0.23,986,2.7,92,1.2000000000000000,0.0000,0.0000,,,,,,,,,,,,,,,,,,,,,,
2021,8,13,21,30,24.5,0,0,0,7,9.5,0,0,0,0,38.68,115.56,0.23,986,2.8000000000000000,115,1.1,0.0000,0.0000,,,,,,,,,,,,,,,,,,,,,,
2021,8,13,22,30,24.3,0,0,0,7,9.200000000000000,0,0,100,0,38.300000000000000,122.47,0.23,986,2.9000000000000000,149,1.1,0.0000,0.0000,,,,,,,,,,,,,,,,,,,,,,
2021,8,13,23,30,23.8,0,0,0,7,9.200000000000000,0,0,100,0,39.47,126.53,0.23,986,3,163,1,0.0000,0.0000,,,,,,,,,,,,,,,,,,,,,,
2021,8,14,0,30,23.400000000000000,0,0,0,7,9.200000000000000,0,0,100,0,40.32,127.05,0.23,986,3,146,0.9,0.0000,0.0000,,,,,,,,,,,,,,,,,,,,,,
2021,8,14,1,30,23,0,0,0,3,9,0,0,100,0,40.82,123.95,0.23,986,3,122,0.8,0.0000,0.0000,,,,,,,,,,,,,,,,,,,,,,
2021,8,14,2,30,22.5,0,0,0,3,8.700000000000000,0,0,100,0,41.19,117.76,0.23,986,2.9000000000000000,112,0.9,0.0000,0.0000,,,,,,,,,,,,,,,,,,,,,,
2021,8,14,3,30,22,0,0,0,3,8.3,0,0,100,0,41.52,109.33,0.23,986,2.8000000000000000,110,0.9,0.0000,0.0000,,,,,,,,,,,,,,,,,,,,,,
2021,8,14,4,30,21.6,0,0,0,0,8,0,0,0,0,41.63,99.39,0.23,986,2.7,106,1,0.0000,0.0000,,,,,,,,,,,,,,,,,,,,,,
2021,8,14,5,30,22.6,9,35,10,0,7.7,9,35,0,10,38.39,88.2,0.23,986,2.6,115,1.1,0.0000,0.0000,,,,,,,,,,,,,,,,,,,,,,
2021,8,14,6,30,25.5,83,256,141,0,7.5,83,256,0,141,31.78,76.98,0.23,986,2.6,146,1.2000000000000000,6.7880,5.1976,,,,,,,,,,,,,,,,,,,,,,
2021,8,14,7,30,28.8,149,425,327,0,7.2,149,425,0,327,25.69,65.31,0.23,986,2.5,182,1.5,17.4015,13.5413,,,,,,,,,,,,,,,,,,,,,,
2021,8,14,8,30,31.3,198,535,515,0,7.800000000000000,198,535,0,515,23.23,53.67,0.23,986,2.6,212,1.6,29.3181,22.9639,,,,,,,,,,,,,,,,,,,,,,
2021,8,14,9,30,33.7,214,637,684,0,7.7,214,637,0,684,20.1,42.49,0.23,986,2.6,234,1.7000000000000000,40.4497,31.7749,,,,,,,,,,,,,,,,,,,,,,
2021,8,14,10,30,35.800000000000000,208,719,814,0,7.2,208,719,0,814,17.27,32.6,0.23,986,2.6,251,1.8,49.1564,38.6686,,,,,,,,,,,,,,,,,,,,,,
2021,8,14,11,30,37.6,217,737,881,0,6.7,217,737,0,881,15.09,25.78,0.23,985,2.6,264,1.9000000000000000,53.7268,42.2900,,,,,,,,,,,,,,,,,,,,,,
2021,8,14,12,30,38.900000000000000,236,713,883,0,6.2,263,653,14,856,13.6,24.84,0.23,985,2.6,274,2,52.2604,41.1385,,,,,,,,,,,,,,,,,,,,,,
2021,8,14,13,30,39.7,249,664,822,4,5.5,344,36,0,375,12.47,30.34,0.23,984,2.6,281,2.1,22.7276,17.8827,,,,,,,,,,,,,,,,,,,,,,
2021,8,14,14,30,39.800000000000000,234,625,715,4,4.800000000000000,351,120,0,443,11.76,39.64,0.23,984,2.6,281,2.1,26.3820,20.7342,,,,,,,,,,,,,,,,,,,,,,
2021,8,14,15,30,39.7,210,559,565,0,4.2,210,559,0,565,11.34,50.59,0.23,984,2.6,280,2.1,32.5687,25.5355,,,,,,,,,,,,,,,,,,,,,,
2021,8,14,16,30,37,171,449,381,0,4.3,171,449,0,381,13.200000000000000,62.17,0.23,984,2.5,260,2.3000000000000000,20.7253,16.1658,,,,,,,,,,,,,,,,,,,,,,
2021,8,14,17,30,32.800000000000000,109,289,189,0,5.5,109,289,0,189,18.1,73.89,0.23,984,2.5,249,2.1,9.3347,7.1876,,,,,,,,,,,,,,,,,,,,,,
2021,8,14,18,30,28.1,25,81,32,0,7.4,25,81,0,32,27.150000000000000,85.35000000000000,0.23,985,2.5,253,1.7000000000000000,0.0000,0.0000,,,,,,,,,,,,,,,,,,,,,,
2021,8,14,19,30,25.8,0,0,0,0,8.3,0,0,0,0,32.89,96.61,0.23,985,2.5,163,1.4000000000000000,0.0000,0.0000,,,,,,,,,,,,,,,,,,,,,,
2021,8,14,20,30,25.1,0,0,0,0,7.7,0,0,0,0,32.97,106.89,0.23,986,2.4000000000000000,75,1.2000000000000000,0.0000,0.0000,,,,,,,,,,,,,,,,,,,,,,
2021,8,14,21,30,24.8,0,0,0,0,6.800000000000000,0,0,0,0,31.5,115.84,0.23,986,2.4000000000000000,87,1.2000000000000000,0.0000,0.0000,,,,,,,,,,,,,,,,,,,,,,
2021,8,14,22,30,24.700000000000000,0,0,0,0,6,0,0,100,0,30.07,122.77,0.23,985,2.3000000000000000,88,1.2000000000000000,0.0000,0.0000,,,,,,,,,,,,,,,,,,,,,,
2021,8,14,23,30,24.700000000000000,0,0,0,0,5.5,0,0,100,0,29.04,126.84,0.23,985,2.3000000000000000,76,1,0.0000,0.0000,,,,,,,,,,,,,,,,,,,,,,
2021,8,15,0,30,24.5,0,0,0,0,5,0,0,100,0,28.44,127.36,0.23,985,2.3000000000000000,57,1,0.0000,0.0000,,,,,,,,,,,,,,,,,,,,,,
2021,8,15,1,30,23.900000000000000,0,0,0,0,5.5,0,0,100,0,30.42,124.22,0.23,984,2.3000000000000000,47,1,0.0000,0.0000,,,,,,,,,,,,,,,,,,,,,,
2021,8,15,2,30,23.200000000000000,0,0,0,0,6.6000000000000000,0,0,100,0,34.19,118,0.23,984,2.4000000000000000,49,1,0.0000,0.0000,,,,,,,,,,,,,,,,,,,,,,
2021,8,15,3,30,22.8,0,0,0,0,7.300000000000000,0,0,100,0,36.76,109.54,0.23,984,2.4000000000000000,64,1,0.0000,0.0000,,,,,,,,,,,,,,,,,,,,,,
2021,8,15,4,30,22.400000000000000,0,0,0,0,7.9,0,0,0,0,39.29,99.57000000000000,0.23,984,2.5,92,0.9,0.0000,0.0000,,,,,,,,,,,,,,,,,,,,,,
2021,8,15,5,30,22.900000000000000,5,12,5,0,8.4,5,12,0,5,39.54,88.35000000000000,0.23,984,2.6,116,0.9,0.0000,0.0000,,,,,,,,,,,,,,,,,,,,,,
2021,8,15,6,30,25.200000000000000,68,102,91,0,8.9,68,102,0,91,35.660000000000000,77.13,0.23,984,2.6,141,0.9,4.3766,3.3502,,,,,,,,,,,,,,,,,,,,,,
2021,8,15,7,30,27.900000000000000,177,189,255,0,9.5,177,189,0,255,31.7,65.46000000000000,0.23,984,2.7,179,0.8,13.5546,10.5465,,,,,,,,,,,,,,,,,,,,,,
2021,8,15,8,30,30.400000000000000,277,259,430,0,10,277,259,0,430,28.28,53.82,0.23,984,2.7,221,1,24.4632,19.1601,,,,,,,,,,,,,,,,,,,,,,
2021,8,15,9,30,32.800000000000000,349,326,589,0,10.200000000000000,349,326,0,589,24.95,42.67,0.23,983,2.7,252,1.4000000000000000,34.8152,27.3479,,,,,,,,,,,,,,,,,,,,,,
2021,8,15,10,30,34.800000000000000,391,382,712,0,9.8,391,382,0,712,21.75,32.82,0.23,983,2.7,266,1.7000000000000000,42.9807,33.8098,,,,,,,,,,,,,,,,,,,,,,
2021,8,15,11,30,36.4,417,398,775,0,8.700000000000000,417,398,0,775,18.57,26.060000000000000,0.23,982,2.6,277,1.9000000000000000,47.2463,37.1882,,,,,,,,,,,,,,,,,,,,,,
2021,8,15,12,30,37.6,420,402,784,0,7.4,420,402,0,784,15.91,25.150000000000000,0.23,981,2.6,284,2.1,47.8474,37.6638,,,,,,,,,,,,,,,,,,,,,,
2021,8,15,13,30,38.300000000000000,400,389,735,0,6.5,400,389,0,735,14.370000000000000,30.63,0.23,980,2.6,287,2.1,44.5264,35.0335,,,,,,,,,,,,,,,,,,,,,,
2021,8,15,14,30,38.5,371,341,633,0,6.2,371,341,0,633,13.89,39.9,0.23,980,2.6,287,2,37.6743,29.6078,,,,,,,,,,,,,,,,,,,,,,
2021,8,15,15,30,38.400000000000000,306,280,483,0,6,306,280,0,483,13.83,50.82,0.23,979,2.6,285,2,27.8176,21.8090,,,,,,,,,,,,,,,,,,,,,,
2021,8,15,16,30,35.6,214,182,298,0,6.4,214,182,0,298,16.52,62.4,0.23,980,2.6,252,1.6,16.1860,12.6232,,,,,,,,,,,,,,,,,,,,,,
2021,8,15,17,30,31.700000000000000,91,96,117,0,7.6000000000000000,91,96,0,117,22.32,74.11,0.23,980,2.6,218,1.4000000000000000,5.7670,4.4389,,,,,,,,,,,,,,,,,,,,,,
2021,8,15,18,30,28.400000000000000,11,22,13,0,9.200000000000000,11,22,0,13,30.16,85.58,0.23,981,2.7,144,1.3,0.0000,0.0000,,,,,,,,,,,,,,,,,,,,,,
2021,8,15,19,30,27,0,0,0,0,9.700000000000000,0,0,0,0,33.86,96.86,0.23,981,2.7,74,1.1,0.0000,0.0000,,,,,,,,,,,,,,,,,,,,,,
2021,8,15,20,30,26.900000000000000,0,0,0,0,9.3,0,0,0,0,33.05,107.16,0.23,981,2.7,60,1.1,0.0000,0.0000,,,,,,,,,,,,,,,,,,,,,,
2021,8,15,21,30,27,0,0,0,0,8.8,0,0,0,0,31.75,116.13,0.23,980,2.7,51,1,0.0000,0.0000,,,,,,,,,,,,,,,,,,,,,,
2021,8,15,22,30,26.700000000000000,0,0,0,0,8.5,0,0,100,0,31.66,123.08,0.23,980,2.7,43,0.9,0.0000,0.0000,,,,,,,,,,,,,,,,,,,,,,
2021,8,15,23,30,26.3,0,0,0,0,8.200000000000000,0,0,100,0,31.89,127.16,0.23,980,2.7,40,1,0.0000,0.0000,,,,,,,,,,,,,,,,,,,,,,
2021,8,16,0,30,26,0,0,0,0,7.9,0,0,100,0,31.69,127.67,0.23,979,2.7,42,1,0.0000,0.0000,,,,,,,,,,,,,,,,,,,,,,
2021,8,16,1,30,25.400000000000000,0,0,0,0,8.200000000000000,0,0,100,0,33.45,124.51,0.23,979,2.7,48,1,0.0000,0.0000,,,,,,,,,,,,,,,,,,,,,,
2021,8,16,2,30,24.5,0,0,0,0,8.9,0,0,100,0,37.14,118.25,0.23,979,2.7,60,1,0.0000,0.0000,,,,,,,,,,,,,,,,,,,,,,
2021,8,16,3,30,23.8,0,0,0,0,9.5,0,0,100,0,40.25,109.75,0.23,979,2.6,74,1,0.0000,0.0000,,,,,,,,,,,,,,,,,,,,,,
2021,8,16,4,30,23.400000000000000,0,0,0,0,9.9,0,0,0,0,42.28,99.76,0.23,979,2.6,87,1,0.0000,0.0000,,,,,,,,,,,,,,,,,,,,,,
2021,8,16,5,30,23.5,3,7,3,0,10.100000000000000,3,7,0,3,42.85,88.51,0.23,979,2.6,99,1,0.0000,0.0000,,,,,,,,,,,,,,,,,,,,,,
2021,8,16,6,30,24.5,48,59,61,0,10.5,48,59,0,61,41.29,77.28,0.23,979,2.5,115,1,2.9309,2.2430,,,,,,,,,,,,,,,,,,,,,,
2021,8,16,7,30,26.5,148,119,197,0,10.9,148,119,0,197,37.61,65.6,0.23,979,2.5,157,0.8,10.4605,8.1380,,,,,,,,,,,,,,,,,,,,,,
2021,8,16,8,30,28.700000000000000,258,177,362,0,10.9,258,177,0,362,33.08,53.97,0.23,979,2.4000000000000000,205,0.9,20.5810,16.1186,,,,,,,,,,,,,,,,,,,,,,
2021,8,16,9,30,31.400000000000000,347,297,565,0,10.4,347,297,0,565,27.490000000000000,42.84,0.23,979,2.3000000000000000,229,1.1,33.3815,26.2209,,,,,,,,,,,,,,,,,,,,,,
2021,8,16,10,30,34.1,372,430,732,0,9.8,372,430,0,732,22.6,33.04,0.23,978,2.3000000000000000,245,1.3,44.1715,34.7456,,,,,,,,,,,,,,,,,,,,,,
2021,8,16,11,30,36.1,393,440,787,0,8.6,393,440,0,787,18.63,26.35,0.23,978,2.2,260,1.5,47.9607,37.7496,,,,,,,,,,,,,,,,,,,,,,
2021,8,16,12,30,37.5,394,449,799,0,7.1000000000000000,394,449,0,799,15.66,25.47,0.23,977,2.1,268,1.6,48.7443,38.3690,,,,,,,,,,,,,,,,,,,,,,
2021,8,16,13,30,38.400000000000000,369,448,753,0,6.2,369,448,0,753,14.030000000000000,30.93,0.23,977,2.1,266,1.7000000000000000,45.5957,35.8738,,,,,,,,,,,,,,,,,,,,,,
2021,8,16,14,30,38.7,325,430,654,0,5.7,325,430,0,654,13.33,40.160000000000000,0.23,976,2.2,257,2,38.9004,30.5701,,,,,,,,,,,,,,,,,,,,,,
2021,8,16,15,30,38.6,267,389,511,0,5.7,267,389,0,511,13.4,51.06,0.23,976,2.2,250,2.2,29.4032,23.0504,,,,,,,,,,,,,,,,,,,,,,
2021,8,16,16,30,36.1,197,299,334,0,6.2,197,299,0,334,15.88,62.63,0.24,975,2.2,230,2.4000000000000000,18.1138,14.1244,,,,,,,,,,,,,,,,,,,,,,
2021,8,16,17,30,32.300000000000000,103,180,152,0,7.2,103,180,0,152,20.93,74.34,0.24,976,2.2,216,2.1,7.4766,5.7524,,,,,,,,,,,,,,,,,,,,,,
2021,8,16,18,30,28.3,16,43,19,0,8.200000000000000,16,43,0,19,28.36,85.81,0.24,976,2.1,191,1.8,0.0000,0.0000,,,,,,,,,,,,,,,,,,,,,,
2021,8,16,19,30,26,0,0,0,0,8.9,0,0,0,0,33.85,97.11,0.24,977,2,167,1.8,0.0000,0.0000,,,,,,,,,,,,,,,,,,,,,,
2021,8,16,20,30,24.400000000000000,0,0,0,0,9.1,0,0,0,0,37.86,107.43,0.24,977,1.8,159,1.8,0.0000,0.0000,,,,,,,,,,,,,,,,,,,,,,
2021,8,16,21,30,23.200000000000000,0,0,0,0,9.3,0,0,0,0,41.18,116.42,0.24,977,1.7000000000000000,159,1.7000000000000000,0.0000,0.0000,,,,,,,,,,,,,,,,,,,,,,
2021,8,16,22,30,22.200000000000000,0,0,0,0,9.600000000000000,0,0,100,0,44.74,123.39,0.24,977,1.5,158,1.6,0.0000,0.0000,,,,,,,,,,,,,,,,,,,,,,
2021,8,16,23,30,21.400000000000000,0,0,0,0,10,0,0,100,0,48.11,127.48,0.24,977,1.4000000000000000,150,1.5,0.0000,0.0000,,,,,,,,,,,,,,,,,,,,,,
2021,8,17,0,30,20.900000000000000,0,0,0,0,10.200000000000000,0,0,100,0,50.38,127.98,0.24,976,1.4000000000000000,144,1.5,0.0000,0.0000,,,,,,,,,,,,,,,,,,,,,,
2021,8,17,1,30,20.5,0,0,0,0,10.5,0,0,100,0,52.52,124.79,0.24,976,1.4000000000000000,142,1.5,0.0000,0.0000,,,,,,,,,,,,,,,,,,,,,,
2021,8,17,2,30,20,0,0,0,0,10.8,0,0,100,0,55.28,118.49000000000000,0.24,977,1.5,141,1.5,0.0000,0.0000,,,,,,,,,,,,,,,,,,,,,,
2021,8,17,3,30,19.400000000000000,0,0,0,0,10.9,0,0,100,0,57.72,109.96000000000000,0.24,977,1.6,141,1.5,0.0000,0.0000,,,,,,,,,,,,,,,,,,,,,,
2021,8,17,4,30,19.3,0,0,0,0,10.9,0,0,0,0,58.14,99.94,0.24,977,1.7000000000000000,145,1.7000000000000000,0.0000,0.0000,,,,,,,,,,,,,,,,,,,,,,
2021,8,17,5,30,20.6,6,25,7,0,10.9,6,25,0,7,53.78,88.65,0.24,977,1.9000000000000000,151,2,0.0000,0.0000,,,,,,,,,,,,,,,,,,,,,,
2021,8,17,6,30,22.900000000000000,83,208,128,0,11.200000000000000,83,208,0,128,47.51,77.43,0.24,978,2,160,2.3000000000000000,6.1445,4.7010,,,,,,,,,,,,,,,,,,,,,,
2021,8,17,7,30,25.200000000000000,167,341,307,0,11.3,167,341,0,307,41.7,65.75,0.24,978,2.1,172,2.4000000000000000,16.2828,12.6660,,,,,,,,,,,,,,,,,,,,,,
2021,8,17,8,30,27.400000000000000,239,406,477,0,11.100000000000000,239,406,0,477,36.27,54.13,0.24,978,2.2,186,2.4000000000000000,27.1000,21.2229,,,,,,,,,,,,,,,,,,,,,,
2021,8,17,9,30,29.400000000000000,316,414,619,0,11.3,316,414,0,619,32.68,43.02,0.24,978,2.3000000000000000,199,2.5,36.5544,28.7122,,,,,,,,,,,,,,,,,,,,,,
2021,8,17,10,30,30.900000000000000,394,373,706,0,11.4,394,373,0,706,30.26,33.27,0.24,977,2.4000000000000000,212,2.5,42.5856,33.4973,,,,,,,,,,,,,,,,,,,,,,
2021,8,17,11,30,31.8,454,316,736,0,11.5,454,316,0,736,28.77,26.64,0.24,977,2.4000000000000000,221,2.4000000000000000,44.8363,35.2897,,,,,,,,,,,,,,,,,,,,,,
2021,8,17,12,30,32.800000000000000,454,323,745,0,11.4,454,323,0,745,27.05,25.8,0.24,976,2.4000000000000000,226,2.3000000000000000,45.4319,35.7607,,,,,,,,,,,,,,,,,,,,,,
2021,8,17,13,30,33.1,427,323,703,0,11.100000000000000,427,323,0,703,26.09,31.23,0.24,976,2.4000000000000000,231,2.3000000000000000,42.5481,33.4750,,,,,,,,,,,,,,,,,,,,,,
2021,8,17,14,30,32.5,383,268,587,0,10.700000000000000,383,268,0,587,26.29,40.42,0.24,975,2.4000000000000000,236,2.2,34.8937,27.4202,,,,,,,,,,,,,,,,,,,,,,
2021,8,17,15,30,32.1,303,231,447,0,10.700000000000000,303,231,0,447,26.830000000000000,51.300000000000000,0.24,975,2.3000000000000000,237,2.2,25.6967,20.1432,,,,,,,,,,,,,,,,,,,,,,
2021,8,17,16,30,29.700000000000000,207,220,307,0,10.700000000000000,207,220,0,307,30.93,62.86,0.24,975,2.2,228,2.1,16.6240,12.9607,,,,,,,,,,,,,,,,,,,,,,
2021,8,17,17,30,26.900000000000000,104,147,143,0,10.9,104,147,0,143,36.87,74.58,0.24,975,2.1,229,1.9000000000000000,7.0187,5.3979,,,,,,,,,,,,,,,,,,,,,,
2021,8,17,18,30,23.900000000000000,15,33,17,0,11.3,15,33,0,17,45.18,86.04,0.24,976,1.9000000000000000,226,1.6,0.0000,0.0000,,,,,,,,,,,,,,,,,,,,,,
2021,8,17,19,30,22,0,0,0,0,11.5,0,0,0,0,51.480000000000000,97.37,0.24,976,1.8,184,1.4000000000000000,0.0000,0.0000,,,,,,,,,,,,,,,,,,,,,,
2021,8,17,20,30,20.8,0,0,0,0,11.600000000000000,0,0,0,0,55.46,107.7,0.24,977,1.8,139,1.3,0.0000,0.0000,,,,,,,,,,,,,,,,,,,,,,
2021,8,17,21,30,20.1,0,0,0,0,11.5,0,0,0,0,57.660000000000000,116.72,0.24,977,1.8,132,1.2000000000000000,0.0000,0.0000,,,,,,,,,,,,,,,,,,,,,,
2021,8,17,22,30,19.8,0,0,0,0,11.3,0,0,100,0,58.13,123.71000000000000,0.24,977,1.8,148,1.1,0.0000,0.0000,,,,,,,,,,,,,,,,,,,,,,
2021,8,17,23,30,19.400000000000000,0,0,0,0,11.200000000000000,0,0,100,0,59.050000000000000,127.81,0.24,977,1.9000000000000000,172,0.9,0.0000,0.0000,,,,,,,,,,,,,,,,,,,,,,
2021,8,18,0,30,18.900000000000000,0,0,0,0,11.200000000000000,0,0,100,0,60.800000000000000,128.3,0.24,977,1.9000000000000000,203,0.8,0.0000,0.0000,,,,,,,,,,,,,,,,,,,,,,
2021,8,18,1,30,18.400000000000000,0,0,0,0,11.200000000000000,0,0,100,0,62.980000000000000,125.07000000000000,0.24,977,1.8,230,0.7000000000000000,0.0000,0.0000,,,,,,,,,,,,,,,,,,,,,,
2021,8,18,2,30,17.900000000000000,0,0,0,0,11.3,0,0,100,0,65.41,118.74000000000000,0.24,977,1.8,144,0.6000000000000000,0.0000,0.0000,,,,,,,,,,,,,,,,,,,,,,
2021,8,18,3,30,17.6,0,0,0,0,11.3,0,0,100,0,66.64,110.17,0.24,977,1.6,40,0.6000000000000000,0.0000,0.0000,,,,,,,,,,,,,,,,,,,,,,
2021,8,18,4,30,17.3,0,0,0,0,11.200000000000000,0,0,0,0,67.17,100.12,0.24,978,1.5,25,0.6000000000000000,0.0000,0.0000,,,,,,,,,,,,,,,,,,,,,,
2021,8,18,5,30,17.7,4,8,4,0,10.700000000000000,4,8,0,4,63.76,88.8,0.24,978,1.4000000000000000,9,0.8,0.0000,0.0000,,,,,,,,,,,,,,,,,,,,,,
2021,8,18,6,30,19.5,60,82,78,0,10.100000000000000,60,82,0,78,54.56,77.58,0.24,978,1.3,166,0.9,3.7411,2.8614,,,,,,,,,,,,,,,,,,,,,,
2021,8,18,7,30,21.8,173,164,240,0,9.4,172,160,0,237,45.13,65.9,0.24,979,1.2000000000000000,300,0.9,12.5556,9.7654,,,,,,,,,,,,,,,,,,,,,,
2021,8,18,8,30,23.900000000000000,284,229,418,0,9,284,229,0,418,38.78,54.29,0.24,979,1.2000000000000000,258,1.1,23.7310,18.5835,,,,,,,,,,,,,,,,,,,,,,
2021,8,18,9,30,26.200000000000000,360,318,592,0,8.700000000000000,358,316,0,588,33.05,43.21,0.24,979,1.2000000000000000,249,1.6,34.7060,27.2593,,,,,,,,,,,,,,,,,,,,,,
2021,8,18,10,30,28.1,398,376,712,0,7.800000000000000,398,376,0,712,27.78,33.5,0.24,979,1.3,254,1.9000000000000000,42.9303,33.7676,,,,,,,,,,,,,,,,,,,,,,
2021,8,18,11,30,29.200000000000000,451,326,742,0,6.4,451,326,0,742,23.73,26.94,0.24,978,1.3,260,2,45.1845,35.5629,,,,,,,,,,,,,,,,,,,,,,
2021,8,18,12,30,29.8,460,317,745,0,5.6000000000000000,460,317,0,745,21.73,26.13,0.24,978,1.3,266,1.8,45.4135,35.7454,,,,,,,,,,,,,,,,,,,,,,
2021,8,18,13,30,30.1,441,307,703,0,4.9,441,307,0,703,20.3,31.53,0.24,978,1.3,272,1.7000000000000000,42.5278,33.4580,,,,,,,,,,,,,,,,,,,,,,
2021,8,18,14,30,29.900000000000000,389,246,576,0,4,389,246,0,576,19.27,40.69,0.24,978,1.2000000000000000,278,1.7000000000000000,34.2176,26.8878,,,,,,,,,,,,,,,,,,,,,,
2021,8,18,15,30,29.700000000000000,298,198,421,0,3.1,298,198,0,421,18.32,51.550000000000000,0.24,978,1.2000000000000000,280,1.7000000000000000,24.1783,18.9515,,,,,,,,,,,,,,,,,,,,,,
2021,8,18,16,30,27.8,181,152,250,0,2.3000000000000000,181,152,0,250,19.37,63.1,0.23,978,1.2000000000000000,284,1.3,13.5155,10.5354,,,,,,,,,,,,,,,,,,,,,,
2021,8,18,17,30,24.900000000000000,73,91,97,0,2,73,91,0,97,22.45,74.81,0.23,978,1.2000000000000000,285,0.9,4.7512,3.6526,,,,,,,,,,,,,,,,,,,,,,
2021,8,18,18,30,22.5,10,22,11,0,2.2,10,22,0,11,26.310000000000000,86.28,0.23,978,1.3,273,1,0.0000,0.0000,,,,,,,,,,,,,,,,,,,,,,
2021,8,18,19,30,21.1,0,0,0,0,3.1,0,0,0,0,30.61,97.63,0.23,979,1.3,221,1,0.0000,0.0000,,,,,,,,,,,,,,,,,,,,,,
2021,8,18,20,30,19.8,0,0,0,0,4.6000000000000000,0,0,0,0,36.89,107.98,0.23,979,1.4000000000000000,155,1.1,0.0000,0.0000,,,,,,,,,,,,,,,,,,,,,,
2021,8,18,21,30,18.8,0,0,0,0,6,0,0,0,0,43.21,117.02,0.23,980,1.5,118,1.1,0.0000,0.0000,,,,,,,,,,,,,,,,,,,,,,
2021,8,18,22,30,18.5,0,0,0,0,6.6000000000000000,0,0,100,0,45.75,124.03,0.23,980,1.5,105,1,0.0000,0.0000,,,,,,,,,,,,,,,,,,,,,,
2021,8,18,23,30,18.5,0,0,0,0,6.6000000000000000,0,0,100,0,45.87,128.14000000000000,0.23,980,1.6,99,0.8,0.0000,0.0000,,,,,,,,,,,,,,,,,,,,,,
2021,8,19,0,30,18.6,0,0,0,0,6.6000000000000000,0,0,100,0,45.47,128.61,0.23,980,1.7000000000000000,98,0.6000000000000000,0.0000,0.0000,,,,,,,,,,,,,,,,,,,,,,
2021,8,19,1,30,18.2,0,0,0,0,6.800000000000000,0,0,100,0,47.21,125.36,0.23,980,1.7000000000000000,104,0.5,0.0000,0.0000,,,,,,,,,,,,,,,,,,,,,,
2021,8,19,2,30,17.7,0,0,0,0,7.2,0,0,100,0,50.31,118.99000000000000,0.23,980,1.7000000000000000,114,0.5,0.0000,0.0000,,,,,,,,,,,,,,,,,,,,,,
2021,8,19,3,30,17,0,0,0,0,7.9,0,0,100,0,54.84,110.38,0.23,980,1.7000000000000000,121,0.6000000000000000,0.0000,0.0000,,,,,,,,,,,,,,,,,,,,,,
2021,8,19,4,30,16.5,0,0,0,0,8.4,0,0,0,0,58.82,100.31,0.23,980,1.7000000000000000,122,0.7000000000000000,0.0000,0.0000,,,,,,,,,,,,,,,,,,,,,,
2021,8,19,5,30,17,4,12,4,0,8.8,4,12,0,4,58.56,88.94,0.23,981,1.7000000000000000,132,0.8,0.0000,0.0000,,,,,,,,,,,,,,,,,,,,,,
2021,8,19,6,30,19,70,121,96,0,9.200000000000000,70,121,0,96,52.910000000000000,77.73,0.23,981,1.7000000000000000,161,1.1,4.6005,3.5178,,,,,,,,,,,,,,,,,,,,,,
2021,8,19,7,30,21.5,178,222,268,0,9.4,178,222,0,268,46.07,66.05,0.23,981,1.8,199,1.3,14.1815,11.0285,,,,,,,,,,,,,,,,,,,,,,
2021,8,19,8,30,23.700000000000000,273,292,443,0,9.5,273,292,0,443,40.6,54.45,0.23,982,1.9000000000000000,228,1.6,25.1323,19.6796,,,,,,,,,,,,,,,,,,,,,,
2021,8,19,9,30,25.8,342,355,600,0,9.600000000000000,342,355,0,600,36.12,43.39,0.23,982,2,244,1.8,35.3970,27.8011,,,,,,,,,,,,,,,,,,,,,,
2021,8,19,10,30,27.900000000000000,391,385,711,0,9.5,391,385,0,711,31.53,33.730000000000000,0.23,981,2.1,258,1.9000000000000000,42.8527,33.7056,,,,,,,,,,,,,,,,,,,,,,
2021,8,19,11,30,29.700000000000000,446,340,748,0,8.6,446,340,0,748,26.86,27.23,0.23,981,2.1,270,2,45.5328,35.8362,,,,,,,,,,,,,,,,,,,,,,
2021,8,19,12,30,30.900000000000000,460,307,735,0,7.4,460,307,0,735,23,26.46,0.23,980,2.1,276,2.1,44.7856,35.2502,,,,,,,,,,,,,,,,,,,,,,
2021,8,19,13,30,31.400000000000000,438,272,669,0,6.2,438,272,0,669,20.580000000000000,31.84,0.23,979,2.1,278,2,40.4508,31.8230,,,,,,,,,,,,,,,,,,,,,,
2021,8,19,14,30,31.200000000000000,378,221,545,0,5.2,378,221,0,545,19.51,40.97,0.23,979,2,278,1.9000000000000000,32.3539,25.4222,,,,,,,,,,,,,,,,,,,,,,
2021,8,19,15,30,31,286,177,395,0,4.6000000000000000,286,177,0,395,18.84,51.81,0.23,978,2,277,1.8,22.6617,17.7613,,,,,,,,,,,,,,,,,,,,,,
2021,8,19,16,30,28.400000000000000,173,131,232,0,4.3,173,131,0,232,21.47,63.34,0.24,978,2,265,1.3,12.5219,9.7592,,,,,,,,,,,,,,,,,,,,,,
2021,8,19,17,30,25.3,67,76,87,0,4.7,67,76,0,87,26.54,75.06,0.24,979,2,262,1.2000000000000000,4.2521,3.2674,,,,,,,,,,,,,,,,,,,,,,
2021,8,19,18,30,22.6,8,17,9,0,6.300000000000000,8,17,0,9,34.76,86.52,0.24,979,2,269,1.4000000000000000,0.0000,0.0000,,,,,,,,,,,,,,,,,,,,,,
2021,8,19,19,30,20.700000000000000,0,0,0,0,8.200000000000000,0,0,0,0,44.44,97.89,0.24,980,2,193,1.3,0.0000,0.0000,,,,,,,,,,,,,,,,,,,,,,
2021,8,19,20,30,19.5,0,0,0,0,9,0,0,0,0,50.660000000000000,108.27,0.24,980,2,122,1.1,0.0000,0.0000,,,,,,,,,,,,,,,,,,,,,,
2021,8,19,21,30,19.3,0,0,0,0,9,0,0,0,0,51.38,117.33,0.24,980,2,134,1,0.0000,0.0000,,,,,,,,,,,,,,,,,,,,,,
2021,8,19,22,30,19.6,0,0,0,0,8.700000000000000,0,0,100,0,49.29,124.36,0.24,980,1.9000000000000000,129,0.8,0.0000,0.0000,,,,,,,,,,,,,,,,,,,,,,
2021,8,19,23,30,19.5,0,0,0,0,8.200000000000000,0,0,100,0,48.11,128.47,0.24,979,1.9000000000000000,117,0.8,0.0000,0.0000,,,,,,,,,,,,,,,,,,,,,,
2021,8,20,0,30,18.900000000000000,0,0,0,0,7.800000000000000,0,0,100,0,48.51,128.94,0.24,979,1.9000000000000000,104,0.8,0.0000,0.0000,,,,,,,,,,,,,,,,,,,,,,
2021,8,20,1,30,18.400000000000000,0,0,0,0,7.4,0,0,100,0,48.59,125.65,0.24,979,1.9000000000000000,97,0.8,0.0000,0.0000,,,,,,,,,,,,,,,,,,,,,,
2021,8,20,2,30,17.8,0,0,0,0,7,0,0,100,0,49.07,119.24000000000000,0.24,979,1.9000000000000000,101,0.7000000000000000,0.0000,0.0000,,,,,,,,,,,,,,,,,,,,,,
2021,8,20,3,30,17.3,0,0,0,0,6.6000000000000000,0,0,100,0,49.410000000000000,110.60000000000000,0.24,979,1.8,106,0.6000000000000000,0.0000,0.0000,,,,,,,,,,,,,,,,,,,,,,
2021,8,20,4,30,17,0,0,0,0,6.300000000000000,0,0,0,0,49.24,100.49000000000000,0.24,979,1.8,108,0.6000000000000000,0.0000,0.0000,,,,,,,,,,,,,,,,,,,,,,
2021,8,20,5,30,17.8,3,10,3,0,6,3,10,0,3,45.92,89.09,0.24,980,1.9000000000000000,112,0.7000000000000000,0.0000,0.0000,,,,,,,,,,,,,,,,,,,,,,
2021,8,20,6,30,20.1,67,123,93,0,5.800000000000000,67,123,0,93,39.34,77.89,0.24,980,1.9000000000000000,127,0.9,4.4531,3.4041,,,,,,,,,,,,,,,,,,,,,,
2021,8,20,7,30,22.900000000000000,175,239,271,0,6.300000000000000,173,234,0,267,34.24,66.2,0.24,980,1.9000000000000000,158,1.1,14.1121,10.9730,,,,,,,,,,,,,,,,,,,,,,
2021,8,20,8,30,25.3,265,330,456,0,7.1000000000000000,265,330,0,456,31.32,54.61,0.24,980,1.9000000000000000,191,1.4000000000000000,25.8511,20.2412,,,,,,,,,,,,,,,,,,,,,,
2021,8,20,9,30,27.400000000000000,333,383,610,0,7.4,333,383,0,610,28.18,43.58,0.24,979,1.9000000000000000,212,1.6,35.9682,28.2487,,,,,,,,,,,,,,,,,,,,,,
2021,8,20,10,30,29,392,386,712,0,7.4,392,386,0,712,25.69,33.97,0.24,979,2,222,1.8,42.8946,33.7377,,,,,,,,,,,,,,,,,,,,,,
2021,8,20,11,30,30,440,356,756,0,7.300000000000000,440,356,0,756,24.1,27.54,0.24,978,2,225,1.9000000000000000,46.0010,36.2038,,,,,,,,,,,,,,,,,,,,,,
2021,8,20,12,30,30.900000000000000,446,351,759,0,7.300000000000000,446,351,0,759,22.86,26.79,0.24,978,2,225,1.9000000000000000,46.2286,36.3851,,,,,,,,,,,,,,,,,,,,,,
2021,8,20,13,30,31.3,421,344,712,0,7.2,421,344,0,712,22.27,32.15,0.24,977,1.9000000000000000,228,1.9000000000000000,43.0289,33.8501,,,,,,,,,,,,,,,,,,,,,,
2021,8,20,14,30,31.1,375,300,601,0,7.2,375,300,0,601,22.46,41.25,0.24,977,1.9000000000000000,237,1.9000000000000000,35.6538,28.0137,,,,,,,,,,,,,,,,,,,,,,
2021,8,20,15,30,30.900000000000000,298,256,455,0,7.1000000000000000,298,256,0,455,22.6,52.06,0.24,976,1.9000000000000000,242,2,26.0778,20.4371,,,,,,,,,,,,,,,,,,,,,,
2021,8,20,16,30,28.400000000000000,197,200,286,0,7.1000000000000000,197,200,0,286,26.1,63.59,0.24,976,1.8,259,2.1,15.4098,12.0078,,,,,,,,,,,,,,,,,,,,,,
2021,8,20,17,30,25.200000000000000,84,115,113,0,7.5,84,115,0,113,32.29,75.3,0.24,977,1.8,270,1.9000000000000000,5.5114,4.2332,,,,,,,,,,,,,,,,,,,,,,
2021,8,20,18,30,22.200000000000000,9,22,10,0,8.3,9,22,0,10,40.9,86.77,0.24,977,1.7000000000000000,277,1.5,0.0000,0.0000,,,,,,,,,,,,,,,,,,,,,,
2021,8,20,19,30,20.6,0,0,0,0,9,0,0,0,0,47.37,98.16,0.24,978,1.7000000000000000,199,1.1,0.0000,0.0000,,,,,,,,,,,,,,,,,,,,,,
2021,8,20,20,30,19.900000000000000,0,0,0,0,9.200000000000000,0,0,0,0,50.15,108.55,0.24,978,1.7000000000000000,129,0.9,0.0000,0.0000,,,,,,,,,,,,,,,,,,,,,,
2021,8,20,21,30,19.3,0,0,0,0,9.200000000000000,0,0,0,0,52.1,117.64,0.24,978,1.8,157,1,0.0000,0.0000,,,,,,,,,,,,,,,,,,,,,,
2021,8,20,22,30,18.5,0,0,0,0,9.3,0,0,100,0,54.870000000000000,124.69,0.24,978,1.8,178,1.1,0.0000,0.0000,,,,,,,,,,,,,,,,,,,,,,
2021,8,20,23,30,17.7,0,0,0,0,9.4,0,0,100,0,58.28,128.81,0.24,977,1.8,184,1,0.0000,0.0000,,,,,,,,,,,,,,,,,,,,,,
2021,8,21,0,30,16.900000000000000,0,0,0,0,9.600000000000000,0,0,100,0,62.24,129.26,0.24,977,1.9000000000000000,181,0.8,0.0000,0.0000,,,,,,,,,,,,,,,,,,,,,,
2021,8,21,1,30,16.3,0,0,0,0,9.9,0,0,100,0,65.79,125.94,0.24,977,1.9000000000000000,173,0.7000000000000000,0.0000,0.0000,,,,,,,,,,,,,,,,,,,,,,
2021,8,21,2,30,15.9,0,0,0,0,10.100000000000000,0,0,100,0,68.5,119.49000000000000,0.24,977,2,168,0.6000000000000000,0.0000,0.0000,,,,,,,,,,,,,,,,,,,,,,
2021,8,21,3,30,15.5,0,0,0,0,10.3,0,0,100,0,71.09,110.81,0.24,977,2,169,0.6000000000000000,0.0000,0.0000,,,,,,,,,,,,,,,,,,,,,,
2021,8,21,4,30,15.3,0,0,0,0,10.5,0,0,0,0,72.89,100.67,0.24,977,2,168,0.6000000000000000,0.0000,0.0000,,,,,,,,,,,,,,,,,,,,,,
2021,8,21,5,30,16.1,3,8,3,0,10.5,3,8,0,3,69.56,89.23,0.24,977,2.1,174,0.9,0.0000,0.0000,,,,,,,,,,,,,,,,,,,,,,
2021,8,21,6,30,18.2,66,101,87,0,10.5,66,101,0,87,60.9,78.04,0.24,977,2.1,187,1.4000000000000000,4.1627,3.1813,,,,,,,,,,,,,,,,,,,,,,
2021,8,21,7,30,20.3,179,211,264,0,10.700000000000000,179,211,0,264,54.03,66.35,0.24,978,2.1,196,1.7000000000000000,13.9372,10.8355,,,,,,,,,,,,,,,,,,,,,,
2021,8,21,8,30,22.200000000000000,274,311,453,0,10.8,274,311,0,453,48.49,54.77,0.24,978,2,200,1.9000000000000000,25.6623,20.0921,,,,,,,,,,,,,,,,,,,,,,
2021,8,21,9,30,24.200000000000000,330,405,622,0,10.700000000000000,329,359,0,588,42.67,43.77,0.24,978,1.9000000000000000,207,2,34.6528,27.2146,,,,,,,,,,,,,,,,,,,,,,
2021,8,21,10,30,26.1,373,441,738,0,10.4,373,441,0,738,37.300000000000000,34.21,0.24,977,1.8,214,2.1,44.4418,34.9536,,,,,,,,,,,,,,,,,,,,,,
2021,8,21,11,30,27.400000000000000,429,404,786,0,9.9,429,404,0,786,33.49,27.84,0.24,977,1.8,220,2.2,47.8073,37.6245,,,,,,,,,,,,,,,,,,,,,,
2021,8,21,12,30,28.6,423,423,799,0,9.3,423,423,0,799,30.02,27.13,0.24,976,1.7000000000000000,225,2.3000000000000000,48.6436,38.2848,,,,,,,,,,,,,,,,,,,,,,
2021,8,21,13,30,29.200000000000000,392,431,756,0,8.700000000000000,392,431,0,756,27.830000000000000,32.47,0.24,976,1.6,231,2.3000000000000000,45.6638,35.9217,,,,,,,,,,,,,,,,,,,,,,
2021,8,21,14,30,28.900000000000000,363,375,644,0,8.1,363,375,0,644,27.080000000000000,41.53,0.24,976,1.5,239,2.2,38.1781,29.9956,,,,,,,,,,,,,,,,,,,,,,
2021,8,21,15,30,28.6,295,329,496,0,7.7,295,329,0,496,26.810000000000000,52.32,0.24,976,1.5,243,2.2,28.3977,22.2533,,,,,,,,,,,,,,,,,,,,,,
2021,8,21,16,30,26.5,197,315,336,0,7.6000000000000000,197,315,0,336,30.07,63.84,0.24,976,1.4000000000000000,256,2,18.0723,14.0798,,,,,,,,,,,,,,,,,,,,,,
2021,8,21,17,30,23.8,102,211,155,0,7.9,102,211,0,155,36.08,75.55,0.24,976,1.3,266,1.7000000000000000,7.5439,5.7918,,,,,,,,,,,,,,,,,,,,,,
2021,8,21,18,30,21,13,41,15,0,8.700000000000000,13,41,0,15,45.18,87.01,0.24,977,1.3,297,1.3,0.0000,0.0000,,,,,,,,,,,,,,,,,,,,,,
2021,8,21,19,30,19,0,0,0,0,9.4,0,0,0,0,53.63,98.43,0.24,977,1.2000000000000000,200,0.9,0.0000,0.0000,,,,,,,,,,,,,,,,,,,,,,
2021,8,21,20,30,17.7,0,0,0,0,9.700000000000000,0,0,0,0,59.47,108.84,0.24,978,1.2000000000000000,86,0.8,0.0000,0.0000,,,,,,,,,,,,,,,,,,,,,,
2021,8,21,21,30,16.900000000000000,0,0,0,0,9.700000000000000,0,0,0,0,62.71,117.95,0.24,978,1.2000000000000000,106,0.7000000000000000,0.0000,0.0000,,,,,,,,,,,,,,,,,,,,,,
2021,8,21,22,30,16.400000000000000,0,0,0,0,9.600000000000000,0,0,100,0,64.16,125.02,0.24,978,1.1,127,0.6000000000000000,0.0000,0.0000,,,,,,,,,,,,,,,,,,,,,,
2021,8,21,23,30,15.9,0,0,0,0,9.4,0,0,100,0,65.53,129.15,0.24,978,1.1,137,0.7000000000000000,0.0000,0.0000,,,,,,,,,,,,,,,,,,,,,,
2021,8,22,0,30,15.4,0,0,0,0,9.3,0,0,100,0,67.11,129.59,0.24,977,1.1,133,0.7000000000000000,0.0000,0.0000,,,,,,,,,,,,,,,,,,,,,,
2021,8,22,1,30,15,0,0,0,0,9.200000000000000,0,0,100,0,68.43,126.24000000000000,0.24,977,1.1,123,0.8,0.0000,0.0000,,,,,,,,,,,,,,,,,,,,,,
2021,8,22,2,30,14.700000000000000,0,0,0,0,9.1,0,0,100,0,68.9,119.74000000000000,0.24,977,1.2000000000000000,119,0.8,0.0000,0.0000,,,,,,,,,,,,,,,,,,,,,,
2021,8,22,3,30,14.4,0,0,0,0,8.9,0,0,100,0,69.55,111.02,0.24,978,1.2000000000000000,123,0.8,0.0000,0.0000,,,,,,,,,,,,,,,,,,,,,,
2021,8,22,4,30,14.200000000000000,0,0,0,0,8.8,0,0,0,0,69.99,100.86,0.24,978,1.3,128,0.8,0.0000,0.0000,,,,,,,,,,,,,,,,,,,,,,
2021,8,22,5,30,15.100000000000000,4,13,4,0,8.8,4,13,0,4,65.88,89.37,0.24,978,1.3,153,0.9,0.0000,0.0000,,,,,,,,,,,,,,,,,,,,,,
2021,8,22,6,30,17.900000000000000,77,171,112,0,8.700000000000000,77,171,0,112,55.01,78.19,0.24,978,1.4000000000000000,180,1,5.3553,4.0916,,,,,,,,,,,,,,,,,,,,,,
2021,8,22,7,30,20.900000000000000,167,334,300,0,9.1,167,334,0,300,46.76,66.5,0.24,979,1.5,198,1.1,15.8190,12.2968,,,,,,,,,,,,,,,,,,,,,,
2021,8,22,8,30,23.400000000000000,226,461,491,0,9.3,226,461,0,491,40.730000000000000,54.93,0.24,979,1.5,223,1.3,27.7945,21.7602,,,,,,,,,,,,,,,,,,,,,,
2021,8,22,9,30,25.6,251,571,662,0,9.3,251,571,0,662,35.68,43.96,0.24,979,1.6,241,1.5,38.9932,30.6222,,,,,,,,,,,,,,,,,,,,,,
2021,8,22,10,30,27.6,269,627,786,0,9.3,269,627,0,786,31.64,34.45,0.24,978,1.6,248,1.6,47.3117,37.2097,,,,,,,,,,,,,,,,,,,,,,
2021,8,22,11,30,29.1,317,590,837,0,9.1,317,590,0,837,28.62,28.150000000000000,0.24,978,1.6,249,1.8,50.8880,40.0479,,,,,,,,,,,,,,,,,,,,,,
2021,8,22,12,30,30.400000000000000,320,588,842,0,8.6,320,588,0,842,25.740000000000000,27.48,0.24,978,1.6,246,1.9000000000000000,51.2380,40.3256,,,,,,,,,,,,,,,,,,,,,,
2021,8,22,13,30,31.200000000000000,303,581,791,0,7.5,303,581,0,791,22.89,32.79,0.24,977,1.6,246,2,47.7521,37.5632,,,,,,,,,,,,,,,,,,,,,,
2021,8,22,14,30,31.200000000000000,288,522,677,0,6.4,288,522,0,677,21.22,41.82,0.24,977,1.5,250,2.1,40.1050,31.5079,,,,,,,,,,,,,,,,,,,,,,
2021,8,22,15,30,31,245,460,524,0,5.5,245,460,0,524,20.07,52.59,0.24,977,1.5,252,2.1,29.9675,23.4813,,,,,,,,,,,,,,,,,,,,,,
2021,8,22,16,30,29,181,369,342,0,4.5,181,369,0,342,21.11,64.09,0.24,977,1.4000000000000000,259,2.1,18.3625,14.3033,,,,,,,,,,,,,,,,,,,,,,
2021,8,22,17,30,26,98,223,153,0,3.9000000000000000,98,223,0,153,24.060000000000000,75.81,0.24,977,1.3,266,1.9000000000000000,7.4306,5.7021,,,,,,,,,,,,,,,,,,,,,,
2021,8,22,18,30,22.6,11,38,13,0,4.1000000000000000,11,38,0,13,29.990000000000000,87.26,0.24,978,1.3,281,1.6,0.0000,0.0000,,,,,,,,,,,,,,,,,,,,,,
2021,8,22,19,30,20.5,0,0,0,0,5.2,0,0,0,0,36.62,98.71000000000000,0.24,978,1.3,185,1.2000000000000000,0.0000,0.0000,,,,,,,,,,,,,,,,,,,,,,
2021,8,22,20,30,19.3,0,0,0,0,6.2,0,0,0,0,42.480000000000000,109.14,0.24,979,1.2000000000000000,94,0.9,0.0000,0.0000,,,,,,,,,,,,,,,,,,,,,,
2021,8,22,21,30,18.400000000000000,0,0,0,0,7,0,0,0,0,47.31,118.27,0.24,979,1.2000000000000000,117,0.9,0.0000,0.0000,,,,,,,,,,,,,,,,,,,,,,
2021,8,22,22,30,17.8,0,0,0,0,7.300000000000000,0,0,100,0,50.18,125.36,0.24,979,1.2000000000000000,140,0.9,0.0000,0.0000,,,,,,,,,,,,,,,,,,,,,,
2021,8,22,23,30,17.1,0,0,0,0,7.4,0,0,100,0,52.95,129.5,0.24,979,1.2000000000000000,157,1,0.0000,0.0000,,,,,,,,,,,,,,,,,,,,,,
2021,8,23,0,30,16.400000000000000,0,0,0,0,7.6000000000000000,0,0,100,0,55.97,129.92000000000000,0.24,978,1.1,155,1,0.0000,0.0000,,,,,,,,,,,,,,,,,,,,,,
2021,8,23,1,30,15.8,0,0,0,0,7.800000000000000,0,0,100,0,58.84,126.53,0.24,978,1.2000000000000000,143,1,0.0000,0.0000,,,,,,,,,,,,,,,,,,,,,,
2021,8,23,2,30,15.4,0,0,0,0,7.800000000000000,0,0,100,0,60.69,120,0.24,978,1.2000000000000000,137,0.9,0.0000,0.0000,,,,,,,,,,,,,,,,,,,,,,
2021,8,23,3,30,15.100000000000000,0,0,0,0,7.9,0,0,100,0,61.940000000000000,111.24000000000000,0.24,978,1.2000000000000000,139,0.9,0.0000,0.0000,,,,,,,,,,,,,,,,,,,,,,
2021,8,23,4,30,14.700000000000000,0,0,0,0,7.9,0,0,0,0,63.78,101.04,0.24,978,1.3,146,0.9,0.0000,0.0000,,,,,,,,,,,,,,,,,,,,,,
2021,8,23,5,30,15.600000000000000,4,14,4,0,8,4,14,0,4,60.71,89.52,0.24,978,1.3,160,1,0.0000,0.0000,,,,,,,,,,,,,,,,,,,,,,
2021,8,23,6,30,18.400000000000000,77,199,117,0,8.200000000000000,77,199,0,117,51.45,78.34,0.24,979,1.4000000000000000,179,1.3,5.5909,4.2705,,,,,,,,,,,,,,,,,,,,,,
2021,8,23,7,30,21.5,157,387,310,0,8.6,157,387,0,310,43.51,66.66,0.24,979,1.4000000000000000,192,1.4000000000000000,16.3256,12.6887,,,,,,,,,,,,,,,,,,,,,,
2021,8,23,8,30,24,206,516,501,0,8.700000000000000,206,516,0,501,37.81,55.1,0.24,980,1.5,206,1.5,28.3382,22.1844,,,,,,,,,,,,,,,,,,,,,,
2021,8,23,9,30,26.400000000000000,226,624,674,0,8.4,226,624,0,674,31.95,44.15,0.24,980,1.5,222,1.7000000000000000,39.6789,31.1594,,,,,,,,,,,,,,,,,,,,,,
2021,8,23,10,30,28.6,256,651,791,0,7.4,256,651,0,791,26.38,34.69,0.24,980,1.5,230,1.9000000000000000,47.5916,37.4288,,,,,,,,,,,,,,,,,,,,,,
2021,8,23,11,30,30.200000000000000,334,562,828,0,6,334,562,0,828,21.78,28.46,0.24,979,1.5,235,2.2,50.3194,39.5993,,,,,,,,,,,,,,,,,,,,,,
2021,8,23,12,30,31.200000000000000,348,545,830,0,5,348,545,0,830,19.16,27.82,0.24,979,1.4000000000000000,241,2.3000000000000000,50.4849,39.7318,,,,,,,,,,,,,,,,,,,,,,
2021,8,23,13,30,31.700000000000000,336,525,776,0,4.1000000000000000,336,525,0,776,17.59,33.12,0.24,978,1.4000000000000000,247,2.3000000000000000,46.8201,36.8288,,,,,,,,,,,,,,,,,,,,,,
2021,8,23,14,30,31.5,323,448,655,0,3.4000000000000000,323,448,0,655,16.82,42.11,0.24,978,1.4000000000000000,251,2.4000000000000000,38.7730,30.4599,,,,,,,,,,,,,,,,,,,,,,
2021,8,23,15,30,31.200000000000000,268,390,503,0,2.7,268,390,0,503,16.29,52.86,0.24,978,1.4000000000000000,254,2.4000000000000000,28.7342,22.5129,,,,,,,,,,,,,,,,,,,,,,
2021,8,23,16,30,28.8,184,352,336,0,2.3000000000000000,184,352,0,336,18.2,64.35,0.24,978,1.3,261,2.4000000000000000,18.0069,14.0234,,,,,,,,,,,,,,,,,,,,,,
2021,8,23,17,30,25.5,96,230,151,0,2.4000000000000000,96,230,0,151,22.27,76.06,0.24,978,1.3,267,2,7.3188,5.6137,,,,,,,,,,,,,,,,,,,,,,
2021,8,23,18,30,22.3,11,39,13,0,3.2,11,39,0,13,28.62,87.51,0.24,979,1.3,274,1.5,0.0000,0.0000,,,,,,,,,,,,,,,,,,,,,,
2021,8,23,19,30,20.6,0,0,0,0,4.2,0,0,0,0,34.01,98.98,0.24,980,1.3,230,1,0.0000,0.0000,,,,,,,,,,,,,,,,,,,,,,
2021,8,23,20,30,19.5,0,0,0,0,4.9,0,0,0,0,38.2,109.43,0.24,980,1.3,164,0.8,0.0000,0.0000,,,,,,,,,,,,,,,,,,,,,,
2021,8,23,21,30,18.5,0,0,0,0,5.5,0,0,0,0,42.34,118.58,0.24,980,1.3,153,0.9,0.0000,0.0000,,,,,,,,,,,,,,,,,,,,,,
2021,8,23,22,30,17.6,0,0,0,0,5.9,0,0,100,0,46.22,125.7,0.24,980,1.3,167,1.1,0.0000,0.0000,,,,,,,,,,,,,,,,,,,,,,
2021,8,23,23,30,16.7,0,0,0,0,6.4,0,0,100,0,50.63,129.84,0.24,980,1.3,171,1.1,0.0000,0.0000,,,,,,,,,,,,,,,,,,,,,,
2021,8,24,0,30,15.9,0,0,0,0,6.800000000000000,0,0,100,0,54.89,130.25,0.24,981,1.3,163,1,0.0000,0.0000,,,,,,,,,,,,,,,,,,,,,,
2021,8,24,1,30,15.4,0,0,0,0,7,0,0,100,0,57.49,126.83,0.24,981,1.3,157,0.9,0.0000,0.0000,,,,,,,,,,,,,,,,,,,,,,
2021,8,24,2,30,15,0,0,0,0,7.1000000000000000,0,0,100,0,59.15,120.25,0.24,981,1.3,157,0.9,0.0000,0.0000,,,,,,,,,,,,,,,,,,,,,,
2021,8,24,3,30,14.600000000000000,0,0,0,0,7.1000000000000000,0,0,100,0,60.84,111.46000000000000,0.24,981,1.3,158,0.8,0.0000,0.0000,,,,,,,,,,,,,,,,,,,,,,
2021,8,24,4,30,14.3,0,0,0,0,7.2,0,0,0,0,62.56,101.23,0.24,981,1.3,157,0.8,0.0000,0.0000,,,,,,,,,,,,,,,,,,,,,,
2021,8,24,5,30,15.5,5,22,5,0,7.4,5,22,0,5,58.54,89.66,0.24,981,1.3,163,0.9,0.0000,0.0000,,,,,,,,,,,,,,,,,,,,,,
2021,8,24,6,30,18.7,74,290,132,0,7.5,74,290,0,132,47.97,78.5,0.24,982,1.3,178,1.1,6.3039,4.8139,,,,,,,,,,,,,,,,,,,,,,
2021,8,24,7,30,21.8,131,500,328,0,7.300000000000000,131,500,0,328,39.15,66.81,0.24,982,1.3,199,1.2000000000000000,17.2529,13.4075,,,,,,,,,,,,,,,,,,,,,,
2021,8,24,8,30,24.3,169,617,521,0,6.9,169,617,0,521,32.88,55.26,0.24,982,1.3,223,1.3,29.4475,23.0513,,,,,,,,,,,,,,,,,,,,,,
2021,8,24,9,30,26.6,211,657,681,0,6.300000000000000,211,657,0,681,27.5,44.35,0.24,982,1.4000000000000000,238,1.5,40.0683,31.4640,,,,,,,,,,,,,,,,,,,,,,
2021,8,24,10,30,28.700000000000000,267,633,786,0,5.4,267,633,0,786,22.81,34.94,0.24,982,1.4000000000000000,243,1.8,47.2688,37.1738,,,,,,,,,,,,,,,,,,,,,,
2021,8,24,11,30,30.400000000000000,315,594,836,0,4.6000000000000000,315,594,0,836,19.54,28.77,0.24,982,1.4000000000000000,243,2.1,50.7836,39.9636,,,,,,,,,,,,,,,,,,,,,,
2021,8,24,12,30,31.6,310,607,845,0,4.1000000000000000,310,607,0,845,17.59,28.17,0.24,981,1.4000000000000000,243,2.3000000000000000,51.3730,40.4295,,,,,,,,,,,,,,,,,,,,,,
2021,8,24,13,30,32.1,285,612,796,0,3.9000000000000000,285,612,0,796,16.85,33.44,0.24,980,1.4000000000000000,247,2.4000000000000000,48.0002,37.7556,,,,,,,,,,,,,,,,,,,,,,
2021,8,24,14,30,31.900000000000000,275,546,678,0,3.7,275,546,0,678,16.89,42.410000000000000,0.24,980,1.4000000000000000,252,2.4000000000000000,40.1033,31.5032,,,,,,,,,,,,,,,,,,,,,,
2021,8,24,15,30,31.700000000000000,232,487,524,0,3.6,232,487,0,524,16.94,53.13,0.24,980,1.4000000000000000,255,2.4000000000000000,29.8998,23.4239,,,,,,,,,,,,,,,,,,,,,,
2021,8,24,16,30,29.400000000000000,172,389,339,0,3.6,172,389,0,339,19.240000000000000,64.61,0.24,980,1.4000000000000000,266,2.4000000000000000,18.1336,14.1191,,,,,,,,,,,,,,,,,,,,,,
2021,8,24,17,30,26.1,93,230,147,0,3.6,93,230,0,147,23.48,76.32000000000000,0.24,980,1.5,276,2,7.1106,5.4513,,,,,,,,,,,,,,,,,,,,,,
2021,8,24,18,30,22.8,11,36,12,0,4,11,36,0,12,29.27,87.76,0.24,981,1.5,287,1.5,0.0000,0.0000,,,,,,,,,,,,,,,,,,,,,,
2021,8,24,19,30,21.1,0,0,0,0,4.4,0,0,0,0,33.45,99.27,0.24,982,1.5,303,1.1,0.0000,0.0000,,,,,,,,,,,,,,,,,,,,,,
2021,8,24,20,30,20.200000000000000,0,0,0,0,4.9,0,0,0,0,36.65,109.73,0.24,982,1.5,215,0.8,0.0000,0.0000,,,,,,,,,,,,,,,,,,,,,,
2021,8,24,21,30,19.3,0,0,0,0,5.5,0,0,0,0,40.36,118.91,0.24,982,1.5,130,0.9,0.0000,0.0000,,,,,,,,,,,,,,,,,,,,,,
2021,8,24,22,30,18.5,0,0,0,0,6.1000000000000000,0,0,100,0,44.21,126.04,0.24,982,1.5,153,1.1,0.0000,0.0000,,,,,,,,,,,,,,,,,,,,,,
2021,8,24,23,30,17.5,0,0,0,0,6.7,0,0,100,0,49.160000000000000,130.19,0.24,983,1.5,166,1.2000000000000000,0.0000,0.0000,,,,,,,,,,,,,,,,,,,,,,
2021,8,25,0,30,16.6,0,0,0,0,7.300000000000000,0,0,100,0,54.160000000000000,130.58,0.24,983,1.5,168,1.2000000000000000,0.0000,0.0000,,,,,,,,,,,,,,,,,,,,,,
2021,8,25,1,30,15.9,0,0,0,0,7.7,0,0,100,0,58.35,127.13000000000000,0.24,983,1.5,166,1,0.0000,0.0000,,,,,,,,,,,,,,,,,,,,,,
2021,8,25,2,30,15.4,0,0,0,0,8,0,0,100,0,61.22,120.51,0.24,983,1.5,163,0.9,0.0000,0.0000,,,,,,,,,,,,,,,,,,,,,,
2021,8,25,3,30,15,0,0,0,0,8.1,0,0,100,0,63.22,111.67,0.24,983,1.5,164,0.8,0.0000,0.0000,,,,,,,,,,,,,,,,,,,,,,
2021,8,25,4,30,14.8,0,0,0,0,8.1,0,0,0,0,64.31,101.42,0.24,983,1.5,165,0.8,0.0000,0.0000,,,,,,,,,,,,,,,,,,,,,,
2021,8,25,5,30,15.9,4,15,4,0,8.1,4,15,0,4,59.94,89.8,0.24,984,1.4000000000000000,172,0.9,0.0000,0.0000,,,,,,,,,,,,,,,,,,,,,,
2021,8,25,6,30,19,74,227,119,0,8,74,227,0,119,48.85,78.65,0.24,984,1.4000000000000000,185,1.1,5.6802,4.3366,,,,,,,,,,,,,,,,,,,,,,
2021,8,25,7,30,22.200000000000000,148,415,310,0,8,148,415,0,310,40.21,66.96000000000000,0.24,984,1.4000000000000000,200,1.3,16.2865,12.6547,,,,,,,,,,,,,,,,,,,,,,
2021,8,25,8,30,24.8,200,529,500,0,7.4,200,529,0,500,32.910000000000000,55.43,0.24,985,1.4000000000000000,215,1.4000000000000000,28.2380,22.1029,,,,,,,,,,,,,,,,,,,,,,
2021,8,25,9,30,27.3,242,591,663,0,6.4,242,591,0,663,26.43,44.54,0.24,985,1.4000000000000000,228,1.6,38.9880,30.6145,,,,,,,,,,,,,,,,,,,,,,
2021,8,25,10,30,29.400000000000000,292,576,763,0,5.6000000000000000,292,576,0,763,22.150000000000000,35.19,0.24,984,1.4000000000000000,236,1.9000000000000000,45.8641,36.0680,,,,,,,,,,,,,,,,,,,,,,
2021,8,25,11,30,30.700000000000000,369,490,797,0,4.800000000000000,369,490,0,797,19.54,29.09,0.24,984,1.4000000000000000,242,2.1,48.3925,38.0809,,,,,,,,,,,,,,,,,,,,,,
2021,8,25,12,30,31.700000000000000,372,488,801,0,4.2,372,488,0,801,17.7,28.52,0.24,983,1.4000000000000000,249,2.2,48.6745,38.3047,,,,,,,,,,,,,,,,,,,,,,
2021,8,25,13,30,32.2,348,484,750,0,3.5,348,484,0,750,16.38,33.78,0.24,983,1.4000000000000000,252,2.1,45.1993,35.5511,,,,,,,,,,,,,,,,,,,,,,
2021,8,25,14,30,32,334,402,629,0,2.5,334,402,0,629,15.43,42.71,0.24,982,1.3,255,2.1,37.1756,29.2018,,,,,,,,,,,,,,,,,,,,,,
2021,8,25,15,30,31.700000000000000,273,343,477,0,1.5,273,343,0,477,14.59,53.410000000000000,0.24,982,1.3,257,2,27.1854,21.2953,,,,,,,,,,,,,,,,,,,,,,
2021,8,25,16,30,29.5,181,317,316,0,0.6000000000000000,181,317,0,316,15.450000000000000,64.88,0.24,982,1.2000000000000000,265,1.8,16.8699,13.1324,,,,,,,,,,,,,,,,,,,,,,
2021,8,25,17,30,26.200000000000000,90,210,139,0,-0.1,90,210,0,139,17.92,76.59,0.24,982,1.2000000000000000,270,1.5,6.7101,5.1417,,,,,,,,,,,,,,,,,,,,,,
2021,8,25,18,30,23,9,31,10,0,-0.1,9,31,0,10,21.69,88.02,0.24,983,1.1,286,1.1,0.0000,0.0000,,,,,,,,,,,,,,,,,,,,,,
2021,8,25,19,30,21.3,0,0,0,0,0.6000000000000000,0,0,0,0,25.310000000000000,99.55,0.24,983,1.1,179,1,0.0000,0.0000,,,,,,,,,,,,,,,,,,,,,,
2021,8,25,20,30,20.200000000000000,0,0,0,0,1.9000000000000000,0,0,0,0,29.72,110.04,0.24,984,1.1,75,1.1,0.0000,0.0000,,,,,,,,,,,,,,,,,,,,,,
2021,8,25,21,30,19.3,0,0,0,0,3.1,0,0,0,0,34.14,119.23,0.24,984,1.1,105,1.2000000000000000,0.0000,0.0000,,,,,,,,,,,,,,,,,,,,,,
2021,8,25,22,30,18.7,0,0,0,0,3.7,0,0,100,0,36.93,126.39,0.24,983,1.1,130,1.3,0.0000,0.0000,,,,,,,,,,,,,,,,,,,,,,
2021,8,25,23,30,17.900000000000000,0,0,0,0,4.3,0,0,100,0,40.47,130.55,0.24,983,1.1,144,1.3,0.0000,0.0000,,,,,,,,,,,,,,,,,,,,,,
2021,8,26,0,30,17.1,0,0,0,0,5,0,0,100,0,44.730000000000000,130.92000000000000,0.24,983,1.1,146,1.3,0.0000,0.0000,,,,,,,,,,,,,,,,,,,,,,
2021,8,26,1,30,16.5,0,0,0,0,5.5,0,0,100,0,48.27,127.43,0.24,983,1.1,138,1.2000000000000000,0.0000,0.0000,,,,,,,,,,,,,,,,,,,,,,
2021,8,26,2,30,16.2,0,0,0,0,5.800000000000000,0,0,100,0,50.01,120.76,0.24,983,1.1,129,1.1,0.0000,0.0000,,,,,,,,,,,,,,,,,,,,,,
2021,8,26,3,30,16,0,0,0,0,5.7,0,0,100,0,50.54,111.89,0.24,983,1.1,125,1.1,0.0000,0.0000,,,,,,,,,,,,,,,,,,,,,,
2021,8,26,4,30,15.8,0,0,0,0,5.7,0,0,0,0,50.9,101.60000000000000,0.24,983,1,124,1,0.0000,0.0000,,,,,,,,,,,,,,,,,,,,,,
2021,8,26,5,30,16.8,3,11,3,0,5.5,3,11,0,3,47.27,89.94,0.24,983,1,122,1,0.0000,0.0000,,,,,,,,,,,,,,,,,,,,,,
2021,8,26,6,30,20.200000000000000,72,215,114,0,5.2,72,215,0,114,37.45,78.81,0.24,984,1,130,0.8,5.4391,4.1514,,,,,,,,,,,,,,,,,,,,,,
2021,8,26,7,30,23.8,151,383,300,0,5.1000000000000000,151,383,0,300,29.87,67.12,0.24,984,1,178,0.7000000000000000,15.7408,12.2287,,,,,,,,,,,,,,,,,,,,,,
2021,8,26,8,30,26.900000000000000,214,483,487,0,4.7,214,483,0,487,24.13,55.6,0.24,984,1,233,1,27.4816,21.5094,,,,,,,,,,,,,,,,,,,,,,
2021,8,26,9,30,29.700000000000000,245,583,659,0,3.5,245,583,0,659,18.82,44.74,0.24,983,1,260,1.4000000000000000,38.7305,30.4110,,,,,,,,,,,,,,,,,,,,,,
2021,8,26,10,30,32,269,628,781,0,2.2,269,628,0,781,15.07,35.44,0.24,983,1,274,1.8,46.9237,36.9001,,,,,,,,,,,,,,,,,,,,,,
2021,8,26,11,30,33.7,339,546,815,0,0.30000000000000000,339,546,0,815,11.98,29.41,0.24,982,1,280,2,49.4627,38.9219,,,,,,,,,,,,,,,,,,,,,,
2021,8,26,12,30,34.800000000000000,347,537,817,0,-1.9000000000000000,347,537,0,817,9.55,28.88,0.24,981,1,282,2.1,49.6217,39.0489,,,,,,,,,,,,,,,,,,,,,,
2021,8,26,13,30,35.2,323,536,767,0,-3.9000000000000000,323,536,0,767,8.1,34.11,0.24,981,1,285,2.1,46.1965,36.3341,,,,,,,,,,,,,,,,,,,,,,
2021,8,26,14,30,34.9,315,448,643,0,-5.300000000000000,315,448,0,643,7.37,43.01,0.24,980,0.9,289,2,37.9727,29.8262,,,,,,,,,,,,,,,,,,,,,,
2021,8,26,15,30,34.6,263,374,484,0,-6.5,263,374,0,484,6.8500000000000000,53.69,0.24,980,0.9,292,1.9000000000000000,27.5510,21.5795,,,,,,,,,,,,,,,,,,,,,,
2021,8,26,16,30,31.8,181,294,305,0,-7.4,181,294,0,305,7.47,65.15,0.24,979,0.9,301,1.3,16.2501,12.6471,,,,,,,,,,,,,,,,,,,,,,
2021,8,26,17,30,28.200000000000000,83,170,122,0,-7.4,83,170,0,122,9.22,76.85000000000000,0.24,979,0.8,312,0.9,5.8785,4.5023,,,,,,,,,,,,,,,,,,,,,,
2021,8,26,18,30,25.3,6,21,7,0,-7.5,6,21,0,7,10.86,88.27,0.24,980,0.8,337,0.9,0.0000,0.0000,,,,,,,,,,,,,,,,,,,,,,
2021,8,26,19,30,23.700000000000000,0,0,0,0,-7.2,0,0,0,0,12.23,99.84,0.24,980,0.8,193,0.8,0.0000,0.0000,,,,,,,,,,,,,,,,,,,,,,
2021,8,26,20,30,22.1,0,0,0,0,-5.800000000000000,0,0,0,0,14.92,110.34,0.24,980,0.9,45,0.7000000000000000,0.0000,0.0000,,,,,,,,,,,,,,,,,,,,,,
2021,8,26,21,30,20.8,0,0,0,0,-3.7,0,0,0,0,19.04,119.56,0.24,980,0.9,64,0.7000000000000000,0.0000,0.0000,,,,,,,,,,,,,,,,,,,,,,
2021,8,26,22,30,20.1,0,0,0,0,-1.6,0,0,100,0,23.2,126.74000000000000,0.24,980,0.9,71,0.7000000000000000,0.0000,0.0000,,,,,,,,,,,,,,,,,,,,,,
2021,8,26,23,30,19.8,0,0,0,0,-0.4,0,0,100,0,25.73,130.9,0.24,979,1,71,0.7000000000000000,0.0000,0.0000,,,,,,,,,,,,,,,,,,,,,,
2021,8,27,0,30,19.5,0,0,0,0,0.30000000000000000,0,0,100,0,27.580000000000000,131.26,0.24,979,1.1,69,0.7000000000000000,0.0000,0.0000,,,,,,,,,,,,,,,,,,,,,,
2021,8,27,1,30,19.400000000000000,0,0,0,0,1,0,0,100,0,29.29,127.73,0.24,979,1.1,69,0.8,0.0000,0.0000,,,,,,,,,,,,,,,,,,,,,,
2021,8,27,2,30,19.6,0,0,0,0,1.8,0,0,100,0,30.54,121.02,0.24,978,1.1,70,0.9,0.0000,0.0000,,,,,,,,,,,,,,,,,,,,,,
2021,8,27,3,30,19.700000000000000,0,0,0,0,2.4000000000000000,0,0,100,0,31.6,112.10000000000000,0.24,978,1.2000000000000000,73,0.9,0.0000,0.0000,,,,,,,,,,,,,,,,,,,,,,
2021,8,27,4,30,19.5,0,0,0,0,2.7,0,0,0,0,32.81,101.79,0.24,978,1.2000000000000000,78,0.9,0.0000,0.0000,,,,,,,,,,,,,,,,,,,,,,
2021,8,27,5,30,19.900000000000000,2,7,2,0,2.7,2,7,0,2,31.970000000000000,90.09,0.24,978,1.2000000000000000,84,0.9,0.0000,0.0000,,,,,,,,,,,,,,,,,,,,,,
2021,8,27,6,30,22.5,62,139,89,0,2.4000000000000000,62,139,0,89,26.63,78.96000000000000,0.24,979,1.1,84,0.7000000000000000,4.2448,3.2391,,,,,,,,,,,,,,,,,,,,,,
2021,8,27,7,30,26.3,162,266,265,0,2.3000000000000000,162,266,0,265,21.1,67.28,0.24,979,1.1,216,0.7000000000000000,13.8863,10.7863,,,,,,,,,,,,,,,,,,,,,,
2021,8,27,8,30,29.5,246,357,447,0,2.3000000000000000,246,357,0,447,17.47,55.77,0.24,978,1.1,328,1.1,25.2039,19.7253,,,,,,,,,,,,,,,,,,,,,,
2021,8,27,9,30,32,310,418,606,0,2.3000000000000000,310,418,0,606,15.15,44.95,0.24,978,1.1,300,1.6,35.5938,27.9469,,,,,,,,,,,,,,,,,,,,,,
2021,8,27,10,30,34.1,358,442,717,0,2.3000000000000000,358,442,0,717,13.52,35.7,0.24,978,1.1,292,2,43.0570,33.8583,,,,,,,,,,,,,,,,,,,,,,
2021,8,27,11,30,35.6,398,425,767,0,2.4000000000000000,398,425,0,767,12.48,29.73,0.24,977,1.1,289,2.2,46.5278,36.6114,,,,,,,,,,,,,,,,,,,,,,
2021,8,27,12,30,36.6,414,410,772,0,2.2,414,410,0,772,11.64,29.240000000000000,0.24,977,1.1,289,2.2,46.8645,36.8780,,,,,,,,,,,,,,,,,,,,,,
2021,8,27,13,30,36.9,396,387,715,0,1.9000000000000000,396,387,0,715,11.22,34.45,0.24,976,1.1,293,2.1,43.0380,33.8485,,,,,,,,,,,,,,,,,,,,,,
2021,8,27,14,30,36.5,352,347,604,0,1.7000000000000000,352,347,0,604,11.3,43.32,0.24,976,1.1,300,2,35.6397,27.9921,,,,,,,,,,,,,,,,,,,,,,
2021,8,27,15,30,36.300000000000000,278,297,453,0,1.5,278,297,0,453,11.3,53.97,0.24,975,1.1,304,1.9000000000000000,25.7547,20.1706,,,,,,,,,,,,,,,,,,,,,,
2021,8,27,16,30,33.300000000000000,182,235,280,0,1.5,182,235,0,280,13.34,65.42,0.24,975,1.1,317,1.2000000000000000,14.8880,11.5843,,,,,,,,,,,,,,,,,,,,,,
2021,8,27,17,30,29.8,74,133,104,0,2,74,133,0,104,16.81,77.12,0.24,975,1.1,340,0.9,5.0021,3.8292,,,,,,,,,,,,,,,,,,,,,,
2021,8,27,18,30,27.1,5,16,5,0,2.4000000000000000,5,16,0,5,20.3,88.53,0.24,975,1.1,196,0.8,0.0000,0.0000,,,,,,,,,,,,,,,,,,,,,,
2021,8,27,19,30,25.6,0,0,0,0,2.9000000000000000,0,0,0,0,22.91,100.13,0.24,976,1.1,44,0.7000000000000000,0.0000,0.0000,,,,,,,,,,,,,,,,,,,,,,
2021,8,27,20,30,24.700000000000000,0,0,0,0,3.2,0,0,0,0,24.650000000000000,110.65,0.24,976,1.1,60,0.7000000000000000,0.0000,0.0000,,,,,,,,,,,,,,,,,,,,,,
2021,8,27,21,30,23.900000000000000,0,0,0,0,3.4000000000000000,0,0,0,0,26.400000000000000,119.89,0.24,976,1.1,70,0.8,0.0000,0.0000,,,,,,,,,,,,,,,,,,,,,,
2021,8,27,22,30,23.200000000000000,0,0,0,0,3.8000000000000000,0,0,100,0,28.330000000000000,127.09,0.24,976,1.2000000000000000,80,0.7000000000000000,0.0000,0.0000,,,,,,,,,,,,,,,,,,,,,,
2021,8,27,23,30,22.3,0,0,0,0,4.3,0,0,100,0,30.88,131.26,0.24,976,1.2000000000000000,90,0.7000000000000000,0.0000,0.0000,,,,,,,,,,,,,,,,,,,,,,
2021,8,28,0,30,21.6,0,0,0,0,4.7,0,0,100,0,33.17,131.6,0.24,976,1.2000000000000000,97,0.7000000000000000,0.0000,0.0000,,,,,,,,,,,,,,,,,,,,,,
2021,8,28,1,30,21.400000000000000,0,0,0,0,4.9,0,0,100,0,34.11,128.03,0.24,976,1.3,98,0.7000000000000000,0.0000,0.0000,,,,,,,,,,,,,,,,,,,,,,
2021,8,28,2,30,21.3,0,0,0,0,4.9,0,0,100,0,34.15,121.28,0.24,976,1.3,100,0.8,0.0000,0.0000,,,,,,,,,,,,,,,,,,,,,,
2021,8,28,3,30,21.200000000000000,0,0,0,0,4.6000000000000000,0,0,100,0,33.82,112.32000000000000,0.24,976,1.3,102,0.8,0.0000,0.0000,,,,,,,,,,,,,,,,,,,,,,
2021,8,28,4,30,21,0,0,0,0,4.4,0,0,0,0,33.64,101.98,0.24,976,1.3,103,0.9,0.0000,0.0000,,,,,,,,,,,,,,,,,,,,,,
2021,8,28,5,30,21.700000000000000,1,4,1,0,4.2,1,4,0,1,31.88,90.23,0.24,977,1.3,104,0.9,0.0000,0.0000,,,,,,,,,,,,,,,,,,,,,,
2021,8,28,6,30,23.900000000000000,48,82,63,0,4.1000000000000000,48,82,0,63,27.650000000000000,79.12,0.24,977,1.3,106,0.9,3.0038,2.2916,,,,,,,,,,,,,,,,,,,,,,
2021,8,28,7,30,27,156,176,224,0,4.2,156,176,0,224,23.13,67.44,0.24,978,1.3,110,0.8,11.7225,9.1041,,,,,,,,,,,,,,,,,,,,,,
2021,8,28,8,30,30.1,262,259,407,0,4.5,262,259,0,407,19.69,55.94,0.24,978,1.3,141,0.9,22.9297,17.9442,,,,,,,,,,,,,,,,,,,,,,
2021,8,28,9,30,33.1,326,372,588,0,4.7,326,372,0,588,16.89,45.15,0.24,978,1.3,188,1.1,34.5163,27.0997,,,,,,,,,,,,,,,,,,,,,,
2021,8,28,10,30,35.5,354,456,723,0,4.6000000000000000,354,456,0,723,14.63,35.96,0.24,978,1.3,219,1.4000000000000000,43.3953,34.1232,,,,,,,,,,,,,,,,,,,,,,
2021,8,28,11,30,36.9,403,421,767,0,3.9000000000000000,403,421,0,767,12.97,30.060000000000000,0.24,977,1.3,232,1.6,46.5051,36.5924,,,,,,,,,,,,,,,,,,,,,,
2021,8,28,12,30,37.7,408,417,771,0,3.1,408,417,0,771,11.72,29.6,0.24,977,1.2000000000000000,241,1.5,46.7794,36.8098,,,,,,,,,,,,,,,,,,,,,,
2021,8,28,13,30,37.9,385,406,718,0,2.7,385,406,0,718,11.25,34.800000000000000,0.24,977,1.2000000000000000,252,1.2000000000000000,43.1907,33.9672,,,,,,,,,,,,,,,,,,,,,,
2021,8,28,14,30,37.6,348,345,598,0,2.4000000000000000,348,345,0,598,11.18,43.63,0.24,977,1.2000000000000000,274,0.9,35.2558,27.6889,,,,,,,,,,,,,,,,,,,,,,
2021,8,28,15,30,37.300000000000000,276,287,444,0,2.1,276,287,0,444,11.16,54.26,0.24,976,1.2000000000000000,288,0.7000000000000000,25.2105,19.7422,,,,,,,,,,,,,,,,,,,,,,
2021,8,28,16,30,34.7,180,223,272,0,2.1,180,223,0,272,12.85,65.7,0.24,977,1.1,333,0.5,14.4320,11.2267,,,,,,,,,,,,,,,,,,,,,,
2021,8,28,17,30,31.400000000000000,70,122,97,0,2.8000000000000000,70,122,0,97,16.26,77.4,0.24,977,1.1,190,0.7000000000000000,4.6572,3.5633,,,,,,,,,,,,,,,,,,,,,,
2021,8,28,18,30,28.3,4,13,4,0,3.4000000000000000,4,13,0,4,20.27,88.79,0.24,977,1.1,50,0.9,0.0000,0.0000,,,,,,,,,,,,,,,,,,,,,,
2021,8,28,19,30,26.700000000000000,0,0,0,0,3.9000000000000000,0,0,0,0,23.03,100.42,0.24,978,1.1,65,0.9,0.0000,0.0000,,,,,,,,,,,,,,,,,,,,,,
2021,8,28,20,30,25.900000000000000,0,0,0,0,3.9000000000000000,0,0,0,0,24.18,110.96000000000000,0.24,978,1.1,76,1,0.0000,0.0000,,,,,,,,,,,,,,,,,,,,,,
2021,8,28,21,30,25.1,0,0,0,0,3.7,0,0,0,0,25.060000000000000,120.23,0.24,978,1.1,87,1,0.0000,0.0000,,,,,,,,,,,,,,,,,,,,,,
2021,8,28,22,30,24.3,0,0,0,0,3.7,0,0,100,0,26.16,127.44,0.24,978,1.1,100,1,0.0000,0.0000,,,,,,,,,,,,,,,,,,,,,,
2021,8,28,23,30,23.6,0,0,0,0,3.9000000000000000,0,0,100,0,27.7,131.62,0.24,978,1.1,113,1.1,0.0000,0.0000,,,,,,,,,,,,,,,,,,,,,,
2021,8,29,0,30,23,0,0,0,0,4.5,0,0,100,0,30.080000000000000,131.95,0.24,978,1.2000000000000000,121,1.1,0.0000,0.0000,,,,,,,,,,,,,,,,,,,,,,
2021,8,29,1,30,22.3,0,0,0,0,5.300000000000000,0,0,100,0,33.160000000000000,128.34,0.24,978,1.2000000000000000,122,1.1,0.0000,0.0000,,,,,,,,,,,,,,,,,,,,,,
2021,8,29,2,30,21.700000000000000,0,0,0,0,5.800000000000000,0,0,100,0,35.51,121.53,0.24,978,1.2000000000000000,125,1.1,0.0000,0.0000,,,,,,,,,,,,,,,,,,,,,,
2021,8,29,3,30,21.400000000000000,0,0,0,0,6,0,0,100,0,36.68,112.54,0.24,978,1.2000000000000000,131,1.1,0.0000,0.0000,,,,,,,,,,,,,,,,,,,,,,
2021,8,29,4,30,21,0,0,0,0,6.2,0,0,0,0,38.14,102.16,0.24,979,1.2000000000000000,135,1.1,0.0000,0.0000,,,,,,,,,,,,,,,,,,,,,,
2021,8,29,5,30,21.3,2,6,2,0,6.5,2,6,0,2,38.17,90.97,0.24,979,1.2000000000000000,135,1.2000000000000000,0.0000,0.0000,,,,,,,,,,,,,,,,,,,,,,
2021,8,29,6,30,23.700000000000000,64,148,92,0,6.6000000000000000,64,148,0,92,33.4,79.28,0.24,979,1.2000000000000000,134,1.1,4.3856,3.3450,,,,,,,,,,,,,,,,,,,,,,
2021,8,29,7,30,27.400000000000000,159,314,279,0,6.6000000000000000,159,314,0,279,26.740000000000000,67.6,0.24,979,1.2000000000000000,147,1.1,14.5816,11.3227,,,,,,,,,,,,,,,,,,,,,,
2021,8,29,8,30,30.900000000000000,224,447,473,0,6.1000000000000000,224,447,0,473,21.03,56.120000000000000,0.24,979,1.2000000000000000,194,1.1,26.6248,20.8343,,,,,,,,,,,,,,,,,,,,,,
2021,8,29,9,30,33.9,246,570,647,0,5.7,246,570,0,647,17.37,45.36,0.24,979,1.3,245,1.3,37.9561,29.7990,,,,,,,,,,,,,,,,,,,,,,
2021,8,29,10,30,36.5,263,631,772,0,4.5,263,631,0,772,13.81,36.22,0.24,979,1.3,268,1.7000000000000000,46.3126,36.4159,,,,,,,,,,,,,,,,,,,,,,
2021,8,29,11,30,38.400000000000000,309,587,815,0,3.3000000000000000,309,587,0,815,11.450000000000000,30.39,0.24,978,1.3,277,2,49.3909,38.8618,,,,,,,,,,,,,,,,,,,,,,
2021,8,29,12,30,39.7,319,580,821,0,1.8,319,580,0,821,9.55,29.96,0.24,978,1.3,279,2.2,49.7866,39.1748,,,,,,,,,,,,,,,,,,,,,,
2021,8,29,13,30,40.1,302,567,766,0,0.7000000000000000,302,567,0,766,8.67,35.14,0.24,977,1.3,278,2.3000000000000000,46.0487,36.2134,,,,,,,,,,,,,,,,,,,,,,
2021,8,29,14,30,39.7,278,513,647,0,0.30000000000000000,278,513,0,647,8.58,43.94,0.24,977,1.3,276,2.5,38.1118,29.9301,,,,,,,,,,,,,,,,,,,,,,
2021,8,29,15,30,39.400000000000000,227,457,492,0,0.1,227,457,0,492,8.64,54.550000000000000,0.24,977,1.3,275,2.5,27.8995,21.8456,,,,,,,,,,,,,,,,,,,,,,
2021,8,29,16,30,36.4,151,423,323,0,0.4,151,423,0,323,10.34,65.98,0.24,977,1.2000000000000000,272,2.2,17.1011,13.2998,,,,,,,,,,,,,,,,,,,,,,
2021,8,29,17,30,32.1,80,271,138,0,1.2000000000000000,80,271,0,138,13.98,77.67,0.24,977,1.2000000000000000,272,1.7000000000000000,6.6155,5.0591,,,,,,,,,,,,,,,,,,,,,,
2021,8,29,18,30,28.5,7,27,7,0,2.6,7,27,0,7,19,89.04,0.24,977,1.2000000000000000,279,1.4000000000000000,0.0000,0.0000,,,,,,,,,,,,,,,,,,,,,,
2021,8,29,19,30,26.8,0,0,0,0,3.7,0,0,0,0,22.61,100.71000000000000,0.24,978,1.2000000000000000,160,1,0.0000,0.0000,,,,,,,,,,,,,,,,,,,,,,
2021,8,29,20,30,25.3,0,0,0,0,3.9000000000000000,0,0,0,0,25.16,111.28,0.24,978,1.2000000000000000,48,0.8,0.0000,0.0000,,,,,,,,,,,,,,,,,,,,,,
2021,8,29,21,30,24.400000000000000,0,0,0,0,3.8000000000000000,0,0,0,0,26.32,120.56,0.24,978,1.2000000000000000,66,1,0.0000,0.0000,,,,,,,,,,,,,,,,,,,,,,
2021,8,29,22,30,24.3,0,0,0,0,3.4000000000000000,0,0,100,0,25.78,127.8,0.24,978,1.1,81,1.1,0.0000,0.0000,,,,,,,,,,,,,,,,,,,,,,
2021,8,29,23,30,24.400000000000000,0,0,0,0,3,0,0,100,0,24.75,131.99,0.24,978,1.1,102,1.1,0.0000,0.0000,,,,,,,,,,,,,,,,,,,,,,
2021,8,30,0,30,23.8,0,0,0,0,2.9000000000000000,0,0,100,0,25.560000000000000,132.29,0.24,977,1.1,119,1.1,0.0000,0.0000,,,,,,,,,,,,,,,,,,,,,,
2021,8,30,1,30,22.6,0,0,0,0,3.5,0,0,100,0,28.69,128.64000000000000,0.24,977,1.1,123,1.2000000000000000,0.0000,0.0000,,,,,,,,,,,,,,,,,,,,,,
2021,8,30,2,30,21.5,0,0,0,0,4.2,0,0,100,0,32.22,121.79,0.24,977,1.1,120,1.2000000000000000,0.0000,0.0000,,,,,,,,,,,,,,,,,,,,,,
2021,8,30,3,30,21,0,0,0,0,4.4,0,0,100,0,33.64,112.76,0.24,977,1.1,123,1.2000000000000000,0.0000,0.0000,,,,,,,,,,,,,,,,,,,,,,
2021,8,30,4,30,20.8,0,0,0,0,4.2,0,0,0,0,33.660000000000000,102.35000000000000,0.24,977,1.1,131,1.3,0.0000,0.0000,,,,,,,,,,,,,,,,,,,,,,
2021,8,30,5,30,21.3,2,10,2,0,4.2,2,10,0,2,32.61,91.14,0.24,977,1.1,140,1.4000000000000000,0.0000,0.0000,,,,,,,,,,,,,,,,,,,,,,
2021,8,30,6,30,23.900000000000000,66,230,108,0,4.5,66,230,0,108,28.42,79.44,0.24,977,1.1,150,1.3,5.1477,3.9254,,,,,,,,,,,,,,,,,,,,,,
2021,8,30,7,30,27.6,136,438,302,0,4.800000000000000,136,438,0,302,23.29,67.76,0.24,978,1.1,163,1.4000000000000000,15.7628,12.2379,,,,,,,,,,,,,,,,,,,,,,
2021,8,30,8,30,30.900000000000000,179,584,503,0,4.9,179,584,0,503,19.44,56.300000000000000,0.24,977,1.1,186,1.5,28.2885,22.1344,,,,,,,,,,,,,,,,,,,,,,
2021,8,30,9,30,33.7,194,691,678,0,3.7,194,691,0,678,15.26,45.57,0.24,977,1.1,214,1.7000000000000000,39.7497,31.2057,,,,,,,,,,,,,,,,,,,,,,
2021,8,30,10,30,36.1,217,721,797,0,2.6,217,721,0,797,12.3,36.480000000000000,0.24,977,1.1,230,1.9000000000000000,47.7876,37.5745,,,,,,,,,,,,,,,,,,,,,,
2021,8,30,11,30,38,263,676,844,0,0.9,263,676,0,844,9.85,30.72,0.24,976,1,238,2.1,51.1225,40.2231,,,,,,,,,,,,,,,,,,,,,,
2021,8,30,12,30,39.300000000000000,261,684,851,0,-1.2000000000000000,261,684,0,851,7.86,30.330000000000000,0.24,975,1,243,2.3000000000000000,51.5773,40.5824,,,,,,,,,,,,,,,,,,,,,,
2021,8,30,13,30,39.7,246,676,796,0,-2.1,246,676,0,796,7.22,35.49,0.24,975,1,247,2.3000000000000000,47.8204,37.6050,,,,,,,,,,,,,,,,,,,,,,
2021,8,30,14,30,39.300000000000000,237,610,674,0,-2.4000000000000000,237,610,0,674,7.21,44.26,0.24,974,1,249,2.4000000000000000,39.6666,31.1491,,,,,,,,,,,,,,,,,,,,,,
2021,8,30,15,30,38.900000000000000,196,557,517,0,-2.7,196,557,0,517,7.21,54.85,0.24,974,0.9,250,2.4000000000000000,29.2771,22.9216,,,,,,,,,,,,,,,,,,,,,,
2021,8,30,16,30,35.9,129,529,342,0,-2.9000000000000000,129,529,0,342,8.33,66.26,0.24,974,0.9,252,2.2,18.0677,14.0480,,,,,,,,,,,,,,,,,,,,,,
2021,8,30,17,30,31.200000000000000,72,365,148,0,-2.7,72,365,0,148,11.03,77.95,0.24,974,0.9,253,1.6,7.0845,5.4151,,,,,,,,,,,,,,,,,,,,,,
2021,8,30,18,30,27.3,8,40,8,0,-1.3,8,40,0,8,15.370000000000000,89.29,0.24,975,0.8,251,1.2000000000000000,0.0000,0.0000,,,,,,,,,,,,,,,,,,,,,,
2021,8,30,19,30,25.700000000000000,0,0,0,0,0.30000000000000000,0,0,0,0,18.97,101.01,0.24,975,0.8,180,1,0.0000,0.0000,,,,,,,,,,,,,,,,,,,,,,
2021,8,30,20,30,24.700000000000000,0,0,0,0,1.1,0,0,0,0,21.23,111.59,0.24,975,0.8,119,1,0.0000,0.0000,,,,,,,,,,,,,,,,,,,,,,
2021,8,30,21,30,24.1,0,0,0,0,1.2000000000000000,0,0,0,0,22.29,120.9,0.24,975,0.8,139,1.2000000000000000,0.0000,0.0000,,,,,,,,,,,,,,,,,,,,,,
2021,8,30,22,30,23.3,0,0,0,0,1.3,0,0,100,0,23.56,128.16,0.24,975,0.7000000000000000,157,1.4000000000000000,0.0000,0.0000,,,,,,,,,,,,,,,,,,,,,,
2021,8,30,23,30,22.400000000000000,0,0,0,0,1.8,0,0,100,0,25.68,132.36,0.24,975,0.7000000000000000,163,1.5,0.0000,0.0000,,,,,,,,,,,,,,,,,,,,,,
2021,8,31,0,30,21.3,0,0,0,0,2.4000000000000000,0,0,100,0,28.72,132.64000000000000,0.24,975,0.7000000000000000,160,1.5,0.0000,0.0000,,,,,,,,,,,,,,,,,,,,,,
2021,8,31,1,30,20.3,0,0,0,0,3.2,0,0,100,0,32.24,128.95,0.24,974,0.7000000000000000,154,1.5,0.0000,0.0000,,,,,,,,,,,,,,,,,,,,,,
2021,8,31,2,30,19.5,0,0,0,0,4,0,0,100,0,35.800000000000000,122.05,0.24,975,0.7000000000000000,151,1.4000000000000000,0.0000,0.0000,,,,,,,,,,,,,,,,,,,,,,
2021,8,31,3,30,18.8,0,0,0,0,4.4,0,0,100,0,38.54,112.97,0.24,975,0.7000000000000000,152,1.5,0.0000,0.0000,,,,,,,,,,,,,,,,,,,,,,
2021,8,31,4,30,18.2,0,0,0,0,4.7,0,0,0,0,40.93,102.54,0.24,975,0.7000000000000000,155,1.5,0.0000,0.0000,,,,,,,,,,,,,,,,,,,,,,
2021,8,31,5,30,18.8,2,11,2,0,5.1000000000000000,2,11,0,2,40.480000000000000,91.31,0.24,975,0.7000000000000000,158,1.6,0.0000,0.0000,,,,,,,,,,,,,,,,,,,,,,
2021,8,31,6,30,21.8,61,381,130,0,5.5,61,381,0,130,34.57,79.59,0.24,975,0.8,161,1.8,6.1962,4.7241,,,,,,,,,,,,,,,,,,,,,,
2021,8,31,7,30,25.400000000000000,100,626,335,0,6,100,626,0,335,28.79,67.92,0.24,976,0.8,167,2.1,17.4619,13.5548,,,,,,,,,,,,,,,,,,,,,,
2021,8,31,8,30,28.1,124,747,537,0,5.5,124,747,0,537,23.830000000000000,56.47,0.24,976,0.8,180,2.2,30.1752,23.6090,,,,,,,,,,,,,,,,,,,,,,
2021,8,31,9,30,30.5,150,794,704,0,5,150,794,0,704,19.97,45.78,0.24,976,0.8,196,2.2,41.2479,32.3804,,,,,,,,,,,,,,,,,,,,,,
2021,8,31,10,30,32.5,195,766,809,0,4.1000000000000000,195,766,0,809,16.75,36.75,0.24,976,0.9,211,2.3000000000000000,48.4807,38.1181,,,,,,,,,,,,,,,,,,,,,,
2021,8,31,11,30,34,248,706,853,0,2.8000000000000000,248,706,0,853,14.02,31.05,0.24,975,0.9,225,2.4000000000000000,51.6412,40.6298,,,,,,,,,,,,,,,,,,,,,,
2021,8,31,12,30,35.1,253,699,854,0,1.8,253,699,0,854,12.31,30.7,0.24,975,0.9,236,2.4000000000000000,51.7299,40.7010,,,,,,,,,,,,,,,,,,,,,,
2021,8,31,13,30,35.4,244,680,795,0,0.9,244,680,0,795,11.38,35.84,0.24,974,0.9,244,2.4000000000000000,47.7280,37.5307,,,,,,,,,,,,,,,,,,,,,,
2021,8,31,14,30,35,235,613,672,0,0.2,235,613,0,672,11.07,44.58,0.24,974,0.9,246,2.5,39.5128,31.0262,,,,,,,,,,,,,,,,,,,,,,
2021,8,31,15,30,34.6,196,554,513,0,-0.2,196,554,0,513,10.96,55.14,0.24,974,0.9,246,2.6,29.0116,22.7111,,,,,,,,,,,,,,,,,,,,,,
2021,8,31,16,30,31.200000000000000,131,526,340,0,-0.1,131,526,0,340,13.35,66.54,0.24,974,0.8,243,2.5,17.9226,13.9315,,,,,,,,,,,,,,,,,,,,,,
2021,8,31,17,30,26.900000000000000,72,351,144,0,0.8,72,351,0,144,18.240000000000000,78.23,0.24,974,0.8,245,2.1,6.8842,5.2594,,,,,,,,,,,,,,,,,,,,,,
2021,8,31,18,30,23.1,7,33,7,0,2.5,7,33,0,7,25.87,89.54,0.24,975,0.8,238,1.6,0.0000,0.0000,,,,,,,,,,,,,,,,,,,,,,
2021,8,31,19,30,21.200000000000000,0,0,0,0,4.1000000000000000,0,0,0,0,32.49,101.31,0.24,975,0.8,183,1.3,0.0000,0.0000,,,,,,,,,,,,,,,,,,,,,,
2021,8,31,20,30,20,0,0,0,0,4.9,0,0,0,0,37.160000000000000,111.91,0.24,976,0.8,148,1.4000000000000000,0.0000,0.0000,,,,,,,,,,,,,,,,,,,,,,
2021,8,31,21,30,18.900000000000000,0,0,0,0,5.5,0,0,0,0,41.27,121.25,0.24,976,0.8,162,1.5,0.0000,0.0000,,,,,,,,,,,,,,,,,,,,,,
2021,8,31,22,30,18,0,0,0,0,6,0,0,100,0,45.27,128.52,0.24,976,0.7000000000000000,168,1.5,0.0000,0.0000,,,,,,,,,,,,,,,,,,,,,,
2021,8,31,23,30,17.2,0,0,0,0,6.5,0,0,100,0,49.300000000000000,132.73,0.24,976,0.8,165,1.6,0.0000,0.0000,,,,,,,,,,,,,,,,,,,,,,
2021,9,1,0,30,16.6,0,0,0,0,6.800000000000000,0,0,100,0,52.21,132.99,0.24,976,0.8,163,1.6,0.0000,0.0000,,,,,,,,,,,,,,,,,,,,,,
2021,9,1,1,30,16,0,0,0,0,6.9,0,0,100,0,54.82,129.25,0.24,976,0.8,161,1.6,0.0000,0.0000,,,,,,,,,,,,,,,,,,,,,,
2021,9,1,2,30,15.5,0,0,0,0,7,0,0,100,0,57.01,122.31,0.24,976,0.8,158,1.6,0.0000,0.0000,,,,,,,,,,,,,,,,,,,,,,
2021,9,1,3,30,15,0,0,0,0,7,0,0,100,0,58.68,113.19,0.24,977,0.8,159,1.6,0.0000,0.0000,,,,,,,,,,,,,,,,,,,,,,
2021,9,1,4,30,14.5,0,0,0,0,6.9,0,0,0,0,60.36,102.73,0.24,977,0.8,162,1.5,0.0000,0.0000,,,,,,,,,,,,,,,,,,,,,,
2021,9,1,5,30,15.200000000000000,2,9,2,0,7,2,9,0,2,57.93,91.48,0.24,977,0.8,167,1.6,0.0000,0.0000,,,,,,,,,,,,,,,,,,,,,,
2021,9,1,6,30,17.7,63,351,125,0,7.1000000000000000,63,351,0,125,49.69,79.75,0.24,978,0.8,173,1.8,5.9583,4.5418,,,,,,,,,,,,,,,,,,,,,,
2021,9,1,7,30,20.700000000000000,107,589,327,0,7,107,589,0,327,41,68.08,0.24,978,0.8,181,1.9000000000000000,17.0220,13.2111,,,,,,,,,,,,,,,,,,,,,,
2021,9,1,8,30,23.400000000000000,135,715,528,0,6.6000000000000000,135,715,0,528,33.78,56.65,0.24,978,0.8,196,2,29.6429,23.1907,,,,,,,,,,,,,,,,,,,,,,
2021,9,1,9,30,25.700000000000000,153,786,699,0,5.9,153,786,0,699,28.1,45.99,0.24,978,0.9,212,2.1,40.9287,32.1283,,,,,,,,,,,,,,,,,,,,,,
2021,9,1,10,30,27.6,188,780,811,0,5.1000000000000000,188,780,0,811,23.89,37.02,0.24,978,0.9,223,2.2,48.5738,38.1899,,,,,,,,,,,,,,,,,,,,,,
2021,9,1,11,30,29.1,249,707,853,0,4.3,249,707,0,853,20.59,31.39,0.24,978,0.9,229,2.3000000000000000,51.6135,40.6067,,,,,,,,,,,,,,,,,,,,,,
2021,9,1,12,30,30.200000000000000,250,708,856,0,3.2,250,708,0,856,17.900000000000000,31.07,0.24,978,0.9,232,2.4000000000000000,51.8212,40.7714,,,,,,,,,,,,,,,,,,,,,,
2021,9,1,13,30,30.700000000000000,234,703,801,0,2.1,234,703,0,801,16.13,36.2,0.24,978,0.9,235,2.5,48.0543,37.7855,,,,,,,,,,,,,,,,,,,,,,
2021,9,1,14,30,30.5,233,623,674,0,1.3,233,623,0,674,15.35,44.9,0.24,977,0.9,237,2.5,39.5936,31.0877,,,,,,,,,,,,,,,,,,,,,,
2021,9,1,15,30,30.200000000000000,195,559,512,0,0.8,195,559,0,512,15.11,55.44,0.24,977,0.9,239,2.5,28.9143,22.6323,,,,,,,,,,,,,,,,,,,,,,
2021,9,1,16,30,27.6,123,543,337,0,0.7000000000000000,123,543,0,337,17.45,66.83,0.24,977,0.9,246,2.4000000000000000,17.7235,13.7730,,,,,,,,,,,,,,,,,,,,,,
2021,9,1,17,30,24,67,386,144,0,1.3,67,386,0,144,22.57,78.51,0.24,978,0.9,254,2,6.8767,5.2512,,,,,,,,,,,,,,,,,,,,,,
2021,9,1,18,30,20.8,7,38,7,0,2.7,7,38,0,7,30.27,89.78,0.24,978,0.9,253,1.4000000000000000,0.0000,0.0000,,,,,,,,,,,,,,,,,,,,,,
2021,9,1,19,30,19.1,0,0,0,0,4.1000000000000000,0,0,0,0,37.09,101.61,0.24,979,0.9,205,1,0.0000,0.0000,,,,,,,,,,,,,,,,,,,,,,
2021,9,1,20,30,18,0,0,0,0,5,0,0,0,0,42.36,112.23,0.24,980,0.9,165,1,0.0000,0.0000,,,,,,,,,,,,,,,,,,,,,,
2021,9,1,21,30,17.1,0,0,0,0,5.7,0,0,0,0,47.03,121.59,0.24,980,0.9,172,1,0.0000,0.0000,,,,,,,,,,,,,,,,,,,,,,
2021,9,1,22,30,16.3,0,0,0,0,6.300000000000000,0,0,0,0,51.51,128.89000000000000,0.24,980,0.9,172,1,0.0000,0.0000,,,,,,,,,,,,,,,,,,,,,,
2021,9,1,23,30,15.600000000000000,0,0,0,0,6.800000000000000,0,0,0,0,55.61,133.1,0.24,980,1,159,1,0.0000,0.0000,,,,,,,,,,,,,,,,,,,,,,
2021,9,2,0,30,15,0,0,0,0,7,0,0,0,0,58.76,133.34,0.24,981,1,147,1,0.0000,0.0000,,,,,,,,,,,,,,,,,,,,,,
2021,9,2,1,30,14.4,0,0,0,0,7,0,0,43,0,60.97,129.56,0.24,981,1,143,0.9,0.0000,0.0000,,,,,,,,,,,,,,,,,,,,,,
2021,9,2,2,30,13.700000000000000,0,0,0,0,6.800000000000000,0,0,0,0,63.08,122.57000000000000,0.24,981,1,144,0.9,0.0000,0.0000,,,,,,,,,,,,,,,,,,,,,,
2021,9,2,3,30,13.3,0,0,0,0,6.7,0,0,0,0,64.31,113.41,0.24,981,1,145,0.8,0.0000,0.0000,,,,,,,,,,,,,,,,,,,,,,
2021,9,2,4,30,12.9,0,0,0,0,6.5,0,0,0,0,65,102.91,0.24,981,1,144,0.8,0.0000,0.0000,,,,,,,,,,,,,,,,,,,,,,
2021,9,2,5,30,14,2,8,2,0,6.2,2,8,0,2,59.53,91.65,0.24,982,1.1,153,0.9,0.0000,0.0000,,,,,,,,,,,,,,,,,,,,,,
2021,9,2,6,30,17,61,338,120,0,6.1000000000000000,61,338,0,120,48.59,79.91,0.24,982,1.1,178,1,5.7210,4.3602,,,,,,,,,,,,,,,,,,,,,,
2021,9,2,7,30,20.200000000000000,105,579,320,0,6.300000000000000,105,579,0,320,40.49,68.25,0.24,982,1.1,204,1.1,16.6338,12.9074,,,,,,,,,,,,,,,,,,,,,,
2021,9,2,8,30,22.700000000000000,130,717,522,0,6.4,130,717,0,522,34.78,56.83,0.24,982,1.1,222,1.3,29.2796,22.9046,,,,,,,,,,,,,,,,,,,,,,
2021,9,2,9,30,25,142,800,696,0,6.2,142,800,0,696,29.900000000000000,46.21,0.24,982,1.1,236,1.5,40.7255,31.9672,,,,,,,,,,,,,,,,,,,,,,
2021,9,2,10,30,26.900000000000000,158,829,818,0,6,158,829,0,818,26.330000000000000,37.29,0.24,982,1.1,244,1.7000000000000000,48.9658,38.4966,,,,,,,,,,,,,,,,,,,,,,
2021,9,2,11,30,28.5,186,809,874,0,5.6000000000000000,186,809,0,874,23.38,31.73,0.24,982,1.1,246,1.8,52.8554,41.5823,,,,,,,,,,,,,,,,,,,,,,
2021,9,2,12,30,29.700000000000000,194,797,874,0,4.800000000000000,194,797,0,874,20.69,31.44,0.24,981,1.1,246,1.9000000000000000,52.8800,41.6028,,,,,,,,,,,,,,,,,,,,,,
2021,9,2,13,30,30.400000000000000,191,774,813,0,3.7,191,774,0,813,18.42,36.56,0.24,981,1.1,245,1.9000000000000000,48.7392,38.3222,,,,,,,,,,,,,,,,,,,,,,
2021,9,2,14,30,30.400000000000000,186,715,690,0,2.7,186,715,0,690,17.06,45.230000000000000,0.24,980,1.1,248,1.9000000000000000,40.4943,31.7926,,,,,,,,,,,,,,,,,,,,,,
2021,9,2,15,30,30.200000000000000,163,642,524,0,1.9000000000000000,163,642,0,524,16.39,55.75,0.24,980,1.1,250,1.8,29.5483,23.1256,,,,,,,,,,,,,,,,,,,,,,
2021,9,2,16,30,28.1,118,552,333,0,1.5,118,552,0,333,18,67.12,0.24,980,1.1,264,1.6,17.4723,13.5739,,,,,,,,,,,,,,,,,,,,,,
2021,9,2,17,30,24.8,67,354,136,0,1.7000000000000000,67,354,0,136,22.12,78.8,0.24,980,1.1,274,1.4000000000000000,6.4889,4.9528,,,,,,,,,,,,,,,,,,,,,,
2021,9,2,18,30,21.5,4,22,4,0,2.8000000000000000,4,22,0,4,29.12,90.03,0.24,981,1.1,306,1.2000000000000000,0.0000,0.0000,,,,,,,,,,,,,,,,,,,,,,
2021,9,2,19,30,19.5,0,0,0,0,4.2,0,0,0,0,36.54,101.92,0.24,982,1.1,215,1.1,0.0000,0.0000,,,,,,,,,,,,,,,,,,,,,,
2021,9,2,20,30,18,0,0,0,0,5.4,0,0,0,0,43.410000000000000,112.56,0.24,982,1.1,105,1,0.0000,0.0000,,,,,,,,,,,,,,,,,,,,,,
2021,9,2,21,30,17.2,0,0,0,0,5.800000000000000,0,0,0,0,47.04,121.94,0.24,982,1.1,123,0.9,0.0000,0.0000,,,,,,,,,,,,,,,,,,,,,,
2021,9,2,22,30,16.6,0,0,0,0,5.9,0,0,100,0,49.31,129.26,0.24,982,1.1,135,0.8,0.0000,0.0000,,,,,,,,,,,,,,,,,,,,,,
2021,9,2,23,30,16.1,0,0,0,0,6,0,0,100,0,51.04,133.47,0.24,982,1,137,0.8,0.0000,0.0000,,,,,,,,,,,,,,,,,,,,,,
2021,9,3,0,30,15.700000000000000,0,0,0,0,5.9,0,0,100,0,52.17,133.7,0.24,982,1,128,0.8,0.0000,0.0000,,,,,,,,,,,,,,,,,,,,,,
2021,9,3,1,30,15.5,0,0,0,0,5.800000000000000,0,0,100,0,52.42,129.87,0.24,982,1,118,0.9,0.0000,0.0000,,,,,,,,,,,,,,,,,,,,,,
2021,9,3,2,30,15.4,0,0,0,0,5.800000000000000,0,0,100,0,52.89,122.83,0.24,982,1.1,113,0.9,0.0000,0.0000,,,,,,,,,,,,,,,,,,,,,,
2021,9,3,3,30,15.100000000000000,0,0,0,0,6,0,0,100,0,54.35,113.63,0.24,982,1.1,110,0.8,0.0000,0.0000,,,,,,,,,,,,,,,,,,,,,,
2021,9,3,4,30,14.700000000000000,0,0,0,0,6.1000000000000000,0,0,0,0,56.45,103.10000000000000,0.24,982,1.1,107,0.8,0.0000,0.0000,,,,,,,,,,,,,,,,,,,,,,
2021,9,3,5,30,15.3,1,5,1,0,6.2,1,5,0,1,54.74,91.81,0.24,982,1.2000000000000000,111,0.8,0.0000,0.0000,,,,,,,,,,,,,,,,,,,,,,
2021,9,3,6,30,18,63,247,106,0,6.300000000000000,63,247,0,106,46.33,80.07000000000000,0.24,983,1.2000000000000000,144,0.9,0.0000,0.0000,,,,,,,,,,,,,,,,,,,,,,
2021,9,3,7,30,21.5,129,457,297,0,6.5,129,457,0,297,37.800000000000000,68.41,0.24,983,1.2000000000000000,193,1,15.4173,11.9614,,,,,,,,,,,,,,,,,,,,,,
2021,9,3,8,30,24.5,173,590,494,0,6.7,173,590,0,494,31.87,57.02,0.24,983,1.2000000000000000,226,1.2000000000000000,27.6823,21.6533,,,,,,,,,,,,,,,,,,,,,,
2021,9,3,9,30,27,190,692,667,0,6.4,190,692,0,667,27.05,46.43,0.24,983,1.2000000000000000,245,1.5,39.0019,30.6128,,,,,,,,,,,,,,,,,,,,,,
2021,9,3,10,30,29.3,194,760,796,0,5.9,194,760,0,796,22.830000000000000,37.57,0.24,982,1.2000000000000000,257,1.7000000000000000,47.6210,37.4378,,,,,,,,,,,,,,,,,,,,,,
2021,9,3,11,30,31.1,205,773,860,0,5.1000000000000000,205,773,0,860,19.44,32.07,0.24,982,1.2000000000000000,263,1.9000000000000000,51.9800,40.8921,,,,,,,,,,,,,,,,,,,,,,
2021,9,3,12,30,32.4,211,764,860,0,3.9000000000000000,211,764,0,860,16.57,31.82,0.24,982,1.2000000000000000,265,2,52.0012,40.9098,,,,,,,,,,,,,,,,,,,,,,
2021,9,3,13,30,32.9,210,734,797,0,2.9000000000000000,210,734,0,797,15.07,36.92,0.24,981,1.2000000000000000,268,2,47.7451,37.5388,,,,,,,,,,,,,,,,,,,,,,
2021,9,3,14,30,32.7,197,685,677,0,2.3000000000000000,197,685,0,677,14.540000000000000,45.56,0.24,981,1.2000000000000000,272,1.9000000000000000,39.6923,31.1607,,,,,,,,,,,,,,,,,,,,,,
2021,9,3,15,30,32.5,172,607,511,0,1.7000000000000000,172,607,0,511,14.14,56.050000000000000,0.24,980,1.2000000000000000,275,1.8,28.7735,22.5164,,,,,,,,,,,,,,,,,,,,,,
2021,9,3,16,30,30.1,133,483,319,0,1.3,133,483,0,319,15.8,67.41,0.24,981,1.1,283,1.4000000000000000,16.6982,12.9688,,,,,,,,,,,,,,,,,,,,,,
2021,9,3,17,30,26.200000000000000,71,273,123,0,1.3,71,273,0,123,19.740000000000000,79.09,0.24,981,1.1,289,1,5.8649,4.4745,,,,,,,,,,,,,,,,,,,,,,
2021,9,3,18,30,22.8,3,13,3,0,1.7000000000000000,3,13,0,3,24.95,90.86,0.24,981,1.1,304,1,0.0000,0.0000,,,,,,,,,,,,,,,,,,,,,,
2021,9,3,19,30,21.400000000000000,0,0,0,0,2.7,0,0,0,0,29.11,102.23,0.24,982,1.1,158,1,0.0000,0.0000,,,,,,,,,,,,,,,,,,,,,,
2021,9,3,20,30,20.200000000000000,0,0,0,0,3.9000000000000000,0,0,0,0,34.05,112.88,0.24,982,1.2000000000000000,22,1,0.0000,0.0000,,,,,,,,,,,,,,,,,,,,,,
2021,9,3,21,30,19.200000000000000,0,0,0,0,4.5,0,0,0,0,38,122.29,0.24,982,1.2000000000000000,50,0.9,0.0000,0.0000,,,,,,,,,,,,,,,,,,,,,,
2021,9,3,22,30,19,0,0,0,0,4.9,0,0,100,0,39.35,129.63,0.24,982,1.2000000000000000,61,0.9,0.0000,0.0000,,,,,,,,,,,,,,,,,,,,,,
2021,9,3,23,30,18.8,0,0,0,0,4.9,0,0,100,0,39.88,133.85,0.24,982,1.2000000000000000,80,0.9,0.0000,0.0000,,,,,,,,,,,,,,,,,,,,,,
2021,9,4,0,30,18.2,0,0,0,0,4.9,0,0,100,0,41.58,134.05,0.24,982,1.2000000000000000,104,1,0.0000,0.0000,,,,,,,,,,,,,,,,,,,,,,
2021,9,4,1,30,17.5,0,0,0,0,5.2,0,0,100,0,44.4,130.18,0.24,982,1.2000000000000000,116,1,0.0000,0.0000,,,,,,,,,,,,,,,,,,,,,,
2021,9,4,2,30,17,0,0,0,0,5.300000000000000,0,0,100,0,46.04,123.09,0.24,982,1.2000000000000000,116,1,0.0000,0.0000,,,,,,,,,,,,,,,,,,,,,,
2021,9,4,3,30,16.7,0,0,0,0,5,0,0,100,0,45.99,113.85000000000000,0.24,982,1.2000000000000000,116,1,0.0000,0.0000,,,,,,,,,,,,,,,,,,,,,,
2021,9,4,4,30,16.2,0,0,0,0,4.6000000000000000,0,0,0,0,46.22,103.29,0.24,982,1.2000000000000000,116,1,0.0000,0.0000,,,,,,,,,,,,,,,,,,,,,,
2021,9,4,5,30,16.7,1,5,1,0,4.3,1,5,0,1,43.82,91.98,0.24,982,1.2000000000000000,116,0.9,0.0000,0.0000,,,,,,,,,,,,,,,,,,,,,,
2021,9,4,6,30,19.8,61,271,107,0,3.9000000000000000,61,271,0,107,35.06,80.23,0.24,983,1.2000000000000000,117,0.9,0.0000,0.0000,,,,,,,,,,,,,,,,,,,,,,
2021,9,4,7,30,24,119,504,303,0,3.6,119,504,0,303,26.53,68.58,0.24,983,1.1,153,0.9,15.7060,12.1830,,,,,,,,,,,,,,,,,,,,,,
2021,9,4,8,30,27.200000000000000,153,644,502,0,3.8000000000000000,153,644,0,502,22.27,57.2,0.24,983,1.1,212,1.1,28.1048,21.9819,,,,,,,,,,,,,,,,,,,,,,
2021,9,4,9,30,29.8,171,733,674,0,3.8000000000000000,171,733,0,674,19.07,46.65,0.24,983,1.1,244,1.5,39.3840,30.9111,,,,,,,,,,,,,,,,,,,,,,
2021,9,4,10,30,31.900000000000000,179,787,801,0,3.1,179,787,0,801,16.2,37.84,0.24,983,1.1,256,1.7000000000000000,47.8927,37.6500,,,,,,,,,,,,,,,,,,,,,,
2021,9,4,11,30,33.7,184,810,868,0,2.1,184,810,0,868,13.63,32.42,0.24,982,1.1,262,1.8,52.4331,41.2471,,,,,,,,,,,,,,,,,,,,,,
2021,9,4,12,30,34.9,180,821,875,0,0.9,180,821,0,875,11.67,32.2,0.24,982,1.1,267,1.8,52.8753,41.5959,,,,,,,,,,,,,,,,,,,,,,
2021,9,4,13,30,35.4,167,816,816,0,0.2,167,816,0,816,10.82,37.28,0.24,981,1.1,272,1.7000000000000000,48.8471,38.4033,,,,,,,,,,,,,,,,,,,,,,
2021,9,4,14,30,35.2,155,777,696,0,-0.2,155,777,0,696,10.620000000000000,45.89,0.24,981,1.1,278,1.6,40.7655,32.0009,,,,,,,,,,,,,,,,,,,,,,
2021,9,4,15,30,35,136,707,528,0,-0.5,136,707,0,528,10.450000000000000,56.36,0.24,981,1.1,282,1.5,29.6857,23.2271,,,,,,,,,,,,,,,,,,,,,,
2021,9,4,16,30,32.5,109,583,330,0,-0.8,109,583,0,330,11.78,67.71000000000000,0.24,981,1.1,294,1,17.2314,13.3788,,,,,,,,,,,,,,,,,,,,,,
2021,9,4,17,30,28.400000000000000,63,354,128,0,-0.7000000000000000,63,354,0,128,14.98,79.38,0.24,981,1.1,305,0.8,6.1012,4.6529,,,,,,,,,,,,,,,,,,,,,,
2021,9,4,18,30,24.8,3,18,3,0,-0.7000000000000000,3,18,0,3,18.53,91.16,0.24,981,1.1,330,0.9,0.0000,0.0000,,,,,,,,,,,,,,,,,,,,,,
2021,9,4,19,30,23.3,0,0,0,0,-0.6000000000000000,0,0,0,0,20.53,102.53,0.24,982,1.1,184,0.8,0.0000,0.0000,,,,,,,,,,,,,,,,,,,,,,
2021,9,4,20,30,22.200000000000000,0,0,0,0,0,0,0,0,0,22.87,113.21000000000000,0.24,982,1.2000000000000000,34,0.7000000000000000,0.0000,0.0000,,,,,,,,,,,,,,,,,,,,,,
2021,9,4,21,30,21.400000000000000,0,0,0,0,1.2000000000000000,0,0,0,0,26.16,122.64,0.24,982,1.2000000000000000,55,0.8,0.0000,0.0000,,,,,,,,,,,,,,,,,,,,,,
2021,9,4,22,30,21.3,0,0,0,0,2.2,0,0,100,0,28.310000000000000,130,0.24,982,1.2000000000000000,68,0.8,0.0000,0.0000,,,,,,,,,,,,,,,,,,,,,,
2021,9,4,23,30,21.1,0,0,0,0,2.9000000000000000,0,0,100,0,30.18,134.23,0.24,982,1.2000000000000000,86,0.9,0.0000,0.0000,,,,,,,,,,,,,,,,,,,,,,
2021,9,5,0,30,20.3,0,0,0,0,3.6,0,0,100,0,33.17,134.41,0.24,982,1.2000000000000000,102,1,0.0000,0.0000,,,,,,,,,,,,,,,,,,,,,,
2021,9,5,1,30,19.1,0,0,0,0,4.1000000000000000,0,0,100,0,37.21,130.49,0.24,982,1.1,108,1.2000000000000000,0.0000,0.0000,,,,,,,,,,,,,,,,,,,,,,
2021,9,5,2,30,18.2,0,0,0,0,4.4,0,0,100,0,40.17,123.35000000000000,0.24,982,1.1,110,1.2000000000000000,0.0000,0.0000,,,,,,,,,,,,,,,,,,,,,,
2021,9,5,3,30,17.900000000000000,0,0,0,0,4.3,0,0,100,0,40.54,114.07000000000000,0.24,982,1.1,114,1.1,0.0000,0.0000,,,,,,,,,,,,,,,,,,,,,,
2021,9,5,4,30,17.5,0,0,0,0,4,0,0,0,0,40.72,103.48,0.24,983,1.1,117,1.1,0.0000,0.0000,,,,,,,,,,,,,,,,,,,,,,
2021,9,5,5,30,18.2,1,6,1,0,3.7,1,3,7,1,38.07,92.15,0.24,983,1.1,117,1,0.0000,0.0000,,,,,,,,,,,,,,,,,,,,,,
2021,9,5,6,30,21.400000000000000,59,305,110,0,3.4000000000000000,59,305,0,110,30.62,80.39,0.24,983,1,119,0.9,0.0000,0.0000,,,,,,,,,,,,,,,,,,,,,,
2021,9,5,7,30,25.8,112,540,308,0,3.1,112,540,0,308,23,68.74,0.24,984,1,143,0.8,15.9432,12.3648,,,,,,,,,,,,,,,,,,,,,,
2021,9,5,8,30,29.3,142,677,507,0,2.6,142,677,0,507,18.09,57.39,0.24,984,1,208,0.8,28.3569,22.1772,,,,,,,,,,,,,,,,,,,,,,
2021,9,5,9,30,32.2,149,786,686,0,1.7000000000000000,149,786,0,686,14.370000000000000,46.87,0.24,984,1,255,1.2000000000000000,40.0573,31.4379,,,,,,,,,,,,,,,,,,,,,,
2021,9,5,10,30,34.6,139,866,820,0,0.30000000000000000,139,866,0,820,11.370000000000000,38.12,0.24,983,1,263,1.6,48.9993,38.5185,,,,,,,,,,,,,,,,,,,,,,
2021,9,5,11,30,36.5,143,885,887,0,-1.6,143,885,0,887,8.9,32.76,0.24,983,1,266,1.8,53.5503,42.1243,,,,,,,,,,,,,,,,,,,,,,
2021,9,5,12,30,37.7,140,891,891,0,-3.4000000000000000,140,891,0,891,7.29,32.58,0.24,982,1,269,1.9000000000000000,53.8081,42.3280,,,,,,,,,,,,,,,,,,,,,,
2021,9,5,13,30,38,135,882,833,0,-4.1000000000000000,135,882,0,833,6.83,37.65,0.24,981,0.9,273,2,49.8261,39.1710,,,,,,,,,,,,,,,,,,,,,,
2021,9,5,14,30,37.7,126,846,711,0,-4.4,126,846,0,711,6.76,46.230000000000000,0.24,981,0.9,278,2,41.6006,32.6540,,,,,,,,,,,,,,,,,,,,,,
2021,9,5,15,30,37.4,111,782,541,0,-4.7,111,782,0,541,6.75,56.67,0.24,981,0.9,281,1.9000000000000000,30.3697,23.7591,,,,,,,,,,,,,,,,,,,,,,
2021,9,5,16,30,34.5,90,664,339,0,-4.800000000000000,90,664,0,339,7.83,68.01,0.24,981,0.9,289,1.4000000000000000,17.6571,13.7050,,,,,,,,,,,,,,,,,,,,,,
2021,9,5,17,30,29.900000000000000,56,430,133,0,-4.6000000000000000,56,430,0,133,10.36,79.67,0.24,981,0.9,296,1,6.3393,4.8327,,,,,,,,,,,,,,,,,,,,,,
2021,9,5,18,30,26.3,2,15,2,0,-4,2,15,0,2,13.3,91.46000000000000,0.24,982,0.9,319,1.1,0.0000,0.0000,,,,,,,,,,,,,,,,,,,,,,
2021,9,5,19,30,24.8,0,0,0,0,-3.2,0,0,0,0,15.41,102.84,0.24,982,0.9,177,1,0.0000,0.0000,,,,,,,,,,,,,,,,,,,,,,
2021,9,5,20,30,23.5,0,0,0,8,-2.3000000000000000,0,0,0,0,17.81,113.54,0.24,982,1,33,0.9,0.0000,0.0000,,,,,,,,,,,,,,,,,,,,,,
2021,9,5,21,30,22.700000000000000,0,0,0,0,-1.4000000000000000,0,0,0,0,20.06,122.99000000000000,0.24,982,1,52,0.9,0.0000,0.0000,,,,,,,,,,,,,,,,,,,,,,
2021,9,5,22,30,23,0,0,0,0,-0.5,0,0,100,0,21,130.38,0.24,982,1.1,56,0.9,0.0000,0.0000,,,,,,,,,,,,,,,,,,,,,,
2021,9,5,23,30,23.6,0,0,0,0,0.2,0,0,100,0,21.31,134.61,0.24,982,1.1,54,0.8,0.0000,0.0000,,,,,,,,,,,,,,,,,,,,,,
2021,9,6,0,30,23.400000000000000,0,0,0,0,0.8,0,0,100,0,22.57,134.77,0.24,982,1.1,64,0.8,0.0000,0.0000,,,,,,,,,,,,,,,,,,,,,,
2021,9,6,1,30,22.400000000000000,0,0,0,0,1.5,0,0,100,0,25.25,130.8,0.24,982,1.1,87,0.9,0.0000,0.0000,,,,,,,,,,,,,,,,,,,,,,
2021,9,6,2,30,21.3,0,0,0,0,2.2,0,0,100,0,28.37,123.61,0.24,982,1.1,107,1,0.0000,0.0000,,,,,,,,,,,,,,,,,,,,,,
2021,9,6,3,30,20.400000000000000,0,0,0,0,2.7,0,0,100,0,31.02,114.28,0.24,983,1.1,118,1.1,0.0000,0.0000,,,,,,,,,,,,,,,,,,,,,,
2021,9,6,4,30,19.8,0,0,0,0,3,0,0,0,0,32.910000000000000,103.67,0.24,983,1.2000000000000000,123,1.1,0.0000,0.0000,,,,,,,,,,,,,,,,,,,,,,
2021,9,6,5,30,20.3,0,0,0,0,3.2,0,0,7,0,32.32,92.32000000000000,0.24,983,1.2000000000000000,125,1.1,0.0000,0.0000,,,,,,,,,,,,,,,,,,,,,,
2021,9,6,6,30,23.5,54,352,112,0,3.4000000000000000,54,352,0,112,26.89,80.56,0.24,984,1.3,126,1,0.0000,0.0000,,,,,,,,,,,,,,,,,,,,,,
2021,9,6,7,30,27.8,96,594,310,0,3.5,97,570,21,302,20.990000000000000,68.91,0.24,984,1.4000000000000000,137,0.8,15.6097,12.1038,,,,,,,,,,,,,,,,,,,,,,
2021,9,6,8,30,31.3,119,725,508,0,3,125,700,29,500,16.56,57.58,0.24,984,1.5,195,0.7000000000000000,27.9377,21.8474,,,,,,,,,,,,,,,,,,,,,,
2021,9,6,9,30,34.2,123,821,682,0,2.5,123,821,7,682,13.64,47.09,0.24,984,1.6,247,1,39.7957,31.2310,,,,,,,,,,,,,,,,,,,,,,
2021,9,6,10,30,36.6,115,887,810,0,2.3000000000000000,115,887,0,810,11.73,38.410000000000000,0.24,983,1.7000000000000000,255,1.5,48.3713,38.0232,,,,,,,,,,,,,,,,,,,,,,
2021,9,6,11,30,38.5,117,902,873,0,1.7000000000000000,117,902,0,873,10.120000000000000,33.11,0.24,983,1.8,260,1.9000000000000000,52.6736,41.4331,,,,,,,,,,,,,,,,,,,,,,
2021,9,6,12,30,39.6,126,888,871,0,0.8,126,888,0,871,8.950000000000000,32.96,0.24,982,1.9000000000000000,263,2,52.5664,41.3495,,,,,,,,,,,,,,,,,,,,,,
2021,9,6,13,30,39.800000000000000,131,854,804,0,0.7000000000000000,131,854,0,804,8.81,38.01,0.24,982,1.9000000000000000,264,2.1,48.0546,37.7764,,,,,,,,,,,,,,,,,,,,,,
2021,9,6,14,30,39.5,121,822,686,0,0.6000000000000000,121,822,0,686,8.89,46.57,0.24,982,1.9000000000000000,267,2,40.0953,31.4700,,,,,,,,,,,,,,,,,,,,,,
2021,9,6,15,30,39.2,106,761,521,0,0.4,106,761,0,521,8.88,56.99,0.24,982,1.9000000000000000,269,2,29.1998,22.8406,,,,,,,,,,,,,,,,,,,,,,
2021,9,6,16,30,36.5,84,655,326,0,0,84,655,0,326,10.02,68.31,0.24,982,1.8,281,1.5,16.9371,13.1419,,,,,,,,,,,,,,,,,,,,,,
2021,9,6,17,30,32.300000000000000,51,434,127,0,-0.30000000000000000,51,434,0,127,12.39,79.97,0.24,982,1.8,297,1.1,6.0554,4.6147,,,,,,,,,,,,,,,,,,,,,,
2021,9,6,18,30,28.900000000000000,2,15,2,0,-0.4,2,15,0,2,14.870000000000000,91.76,0.24,982,1.8,327,1.1,0.0000,0.0000,,,,,,,,,,,,,,,,,,,,,,
2021,9,6,19,30,27.5,0,0,0,0,-0.30000000000000000,0,0,0,0,16.35,103.16,0.24,983,1.8,188,1,0.0000,0.0000,,,,,,,,,,,,,,,,,,,,,,
2021,9,6,20,30,26.200000000000000,0,0,0,0,0.2,0,0,0,0,18.29,113.87,0.24,983,1.9000000000000000,44,0.8,0.0000,0.0000,,,,,,,,,,,,,,,,,,,,,,
2021,9,6,21,30,25.200000000000000,0,0,0,0,1,0,0,0,0,20.59,123.34,0.24,983,1.9000000000000000,64,0.8,0.0000,0.0000,,,,,,,,,,,,,,,,,,,,,,
2021,9,6,22,30,24.8,0,0,0,0,2.1,0,0,100,0,22.78,130.75,0.24,983,1.9000000000000000,70,0.9,0.0000,0.0000,,,,,,,,,,,,,,,,,,,,,,
2021,9,6,23,30,24.900000000000000,0,0,0,0,3.2,0,0,100,0,24.46,134.99,0.24,983,2,68,0.9,0.0000,0.0000,,,,,,,,,,,,,,,,,,,,,,
2021,9,7,0,30,25.200000000000000,0,0,0,0,4.1000000000000000,0,0,100,0,25.6,135.12,0.24,983,2,57,0.9,0.0000,0.0000,,,,,,,,,,,,,,,,,,,,,,
2021,9,7,1,30,24.6,0,0,0,0,4.7,0,0,100,0,27.66,131.12,0.24,983,2,56,0.9,0.0000,0.0000,,,,,,,,,,,,,,,,,,,,,,
2021,9,7,2,30,23.6,0,0,0,0,5.2,0,0,100,0,30.35,123.87,0.24,983,1.9000000000000000,68,0.9,0.0000,0.0000,,,,,,,,,,,,,,,,,,,,,,
2021,9,7,3,30,22.8,0,0,0,0,5.6000000000000000,0,0,100,0,32.75,114.5,0.24,983,1.9000000000000000,79,1,0.0000,0.0000,,,,,,,,,,,,,,,,,,,,,,
2021,9,7,4,30,21.900000000000000,0,0,0,0,6.1000000000000000,0,0,0,0,35.79,103.85000000000000,0.24,983,1.8,87,1,0.0000,0.0000,,,,,,,,,,,,,,,,,,,,,,
2021,9,7,5,30,22.5,0,0,0,0,6.7,0,0,0,0,35.95,92.49,0.24,983,1.8,95,0.9,0.0000,0.0000,,,,,,,,,,,,,,,,,,,,,,
2021,9,7,6,30,26,49,417,116,0,7.2,49,417,0,116,30.16,80.72,0.24,983,1.8,103,0.9,0.0000,0.0000,,,,,,,,,,,,,,,,,,,,,,
2021,9,7,7,30,30.3,80,653,313,0,7.5,80,653,0,313,23.95,69.08,0.24,983,1.8,138,0.8,16.1544,12.5238,,,,,,,,,,,,,,,,,,,,,,
2021,9,7,8,30,33.800000000000000,100,772,512,0,6.4,100,772,0,512,18.32,57.77,0.24,983,1.7000000000000000,209,1,28.5797,22.3474,,,,,,,,,,,,,,,,,,,,,,
2021,9,7,9,30,36.5,113,839,682,0,4.9,113,839,0,682,14.19,47.32,0.24,983,1.7000000000000000,255,1.6,39.7661,31.2060,,,,,,,,,,,,,,,,,,,,,,
2021,9,7,10,30,38.5,120,877,805,0,3.6,120,877,0,805,11.59,38.69,0.24,983,1.7000000000000000,261,2.1,48.0432,37.7636,,,,,,,,,,,,,,,,,,,,,,
2021,9,7,11,30,39.900000000000000,122,898,871,0,2.1,122,898,0,871,9.67,33.46,0.24,982,1.7000000000000000,264,2.4000000000000000,52.5210,41.3115,,,,,,,,,,,,,,,,,,,,,,
2021,9,7,12,30,40.7,121,899,872,0,1.1,121,899,29,872,8.63,33.34,0.24,982,1.7000000000000000,265,2.6,52.5923,41.3681,,,,,,,,,,,,,,,,,,,,,,
2021,9,7,13,30,40.7,117,886,812,0,0.6000000000000000,117,886,43,812,8.32,38.38,0.24,981,1.6,264,2.7,48.4939,38.1197,,,,,,,,,,,,,,,,,,,,,,
2021,9,7,14,30,40,109,857,694,0,0.30000000000000000,109,857,0,694,8.5,46.910000000000000,0.24,981,1.6,262,2.7,40.5193,31.8002,,,,,,,,,,,,,,,,,,,,,,
2021,9,7,15,30,39.5,95,797,526,0,0.30000000000000000,95,797,0,526,8.72,57.300000000000000,0.24,981,1.6,261,2.7,29.4332,23.0199,,,,,,,,,,,,,,,,,,,,,,
2021,9,7,16,30,36.5,77,685,327,0,0.5,77,685,0,327,10.41,68.61,0.24,981,1.6,257,2,16.9456,13.1442,,,,,,,,,,,,,,,,,,,,,,
2021,9,7,17,30,32.2,49,450,125,0,1,49,450,0,125,13.67,80.26,0.24,981,1.6,255,1.4000000000000000,0.0000,0.0000,,,,,,,,,,,,,,,,,,,,,,
2021,9,7,18,30,28.5,2,13,2,0,1.8,2,13,0,2,17.88,92.06,0.24,982,1.7000000000000000,256,1,0.0000,0.0000,,,,,,,,,,,,,,,,,,,,,,
2021,9,7,19,30,26.700000000000000,0,0,0,0,2.6,0,0,0,0,21.06,103.47,0.24,982,1.8,165,0.9,0.0000,0.0000,,,,,,,,,,,,,,,,,,,,,,
2021,9,7,20,30,25.3,0,0,0,0,3.2,0,0,0,0,23.86,114.2,0.24,982,1.9000000000000000,74,0.9,0.0000,0.0000,,,,,,,,,,,,,,,,,,,,,,
2021,9,7,21,30,24.6,0,0,0,0,3.4000000000000000,0,0,0,0,25.27,123.7,0.24,982,1.9000000000000000,70,0.9,0.0000,0.0000,,,,,,,,,,,,,,,,,,,,,,
2021,9,7,22,30,24.5,0,0,0,0,3.4000000000000000,0,0,0,0,25.38,131.13,0.24,982,2,62,0.8,0.0000,0.0000,,,,,,,,,,,,,,,,,,,,,,
2021,9,7,23,30,24.700000000000000,0,0,0,0,3.4000000000000000,0,0,0,0,25.080000000000000,135.38,0.24,981,2,56,0.8,0.0000,0.0000,,,,,,,,,,,,,,,,,,,,,,
2021,9,8,0,30,24.5,0,0,0,0,3.6,0,0,0,0,25.810000000000000,135.49,0.24,981,2.1,56,0.8,0.0000,0.0000,,,,,,,,,,,,,,,,,,,,,,
2021,9,8,1,30,23.700000000000000,0,0,0,0,4.1000000000000000,0,0,0,0,28.04,131.43,0.24,981,2.1,64,0.9,0.0000,0.0000,,,,,,,,,,,,,,,,,,,,,,
2021,9,8,2,30,22.900000000000000,0,0,0,0,4.800000000000000,0,0,0,0,30.77,124.13000000000000,0.24,981,2.2,73,0.9,0.0000,0.0000,,,,,,,,,,,,,,,,,,,,,,
2021,9,8,3,30,22.5,0,0,0,0,5.2,0,0,0,0,32.410000000000000,114.72,0.24,981,2.2,81,0.9,0.0000,0.0000,,,,,,,,,,,,,,,,,,,,,,
2021,9,8,4,30,22.3,0,0,0,0,5.6000000000000000,0,0,0,0,33.8,104.04,0.24,981,2.3000000000000000,88,0.9,0.0000,0.0000,,,,,,,,,,,,,,,,,,,,,,
2021,9,8,5,30,23.3,0,0,0,0,6.2,0,0,0,0,33.27,92.67,0.24,981,2.3000000000000000,96,0.9,0.0000,0.0000,,,,,,,,,,,,,,,,,,,,,,
2021,9,8,6,30,26.8,50,365,108,0,7,50,365,0,108,28.52,80.88,0.24,982,2.3000000000000000,104,1.1,0.0000,0.0000,,,,,,,,,,,,,,,,,,,,,,
2021,9,8,7,30,31,87,604,301,0,7.6000000000000000,87,604,0,301,23.19,69.25,0.24,982,2.3000000000000000,131,1,15.5120,12.0234,,,,,,,,,,,,,,,,,,,,,,
2021,9,8,8,30,34.2,110,727,496,0,7.5,110,727,0,496,19.26,57.96,0.24,982,2.3000000000000000,195,1,27.6587,21.6253,,,,,,,,,,,,,,,,,,,,,,
2021,9,8,9,30,36.6,130,785,660,0,7.300000000000000,130,785,0,660,16.59,47.550000000000000,0.24,981,2.3000000000000000,243,1.3,38.4544,30.1750,,,,,,,,,,,,,,,,,,,,,,
2021,9,8,10,30,38.5,148,811,778,0,7,148,811,0,778,14.66,38.980000000000000,0.24,981,2.3000000000000000,255,1.7000000000000000,46.4018,36.4719,,,,,,,,,,,,,,,,,,,,,,
2021,9,8,11,30,40.1,153,829,842,0,6.6000000000000000,153,829,0,842,13.11,33.82,0.24,980,2.2,263,1.9000000000000000,50.7401,39.9090,,,,,,,,,,,,,,,,,,,,,,
2021,9,8,12,30,41.2,147,841,846,0,6.2,147,841,0,846,12.040000000000000,33.730000000000000,0.24,980,2.2,269,2,50.9893,40.1054,,,,,,,,,,,,,,,,,,,,,,
2021,9,8,13,30,41.7,133,840,788,0,5.800000000000000,133,840,0,788,11.39,38.76,0.24,979,2.2,274,2,47.0213,36.9600,,,,,,,,,,,,,,,,,,,,,,
2021,9,8,14,30,41.5,124,805,670,0,5.5,124,805,0,670,11.26,47.25,0.24,979,2.2,280,2,39.0753,30.6644,,,,,,,,,,,,,,,,,,,,,,
2021,9,8,15,30,41.2,109,739,505,0,5.2,109,739,0,505,11.25,57.620000000000000,0.24,979,2.2,283,2,28.2112,22.0609,,,,,,,,,,,,,,,,,,,,,,
2021,9,8,16,30,38.400000000000000,87,624,311,0,5.1000000000000000,87,624,0,311,12.98,68.92,0.24,978,2.1,290,1.5,16.0735,12.4633,,,,,,,,,,,,,,,,,,,,,,
2021,9,8,17,30,34.2,51,383,114,0,5.4,51,383,0,114,16.66,80.56,0.24,979,2.1,297,1.1,0.0000,0.0000,,,,,,,,,,,,,,,,,,,,,,
2021,9,8,18,30,30.700000000000000,0,0,0,0,5.9,0,0,0,0,21.04,92.36,0.24,979,2.1,329,1,0.0000,0.0000,,,,,,,,,,,,,,,,,,,,,,
2021,9,8,19,30,29,0,0,0,0,6.4,0,0,0,0,23.95,103.79,0.24,980,2.2,203,0.9,0.0000,0.0000,,,,,,,,,,,,,,,,,,,,,,
2021,9,8,20,30,27.6,0,0,0,0,6.6000000000000000,0,0,0,0,26.47,114.53,0.24,980,2.3000000000000000,59,0.9,0.0000,0.0000,,,,,,,,,,,,,,,,,,,,,,
2021,9,8,21,30,26.8,0,0,0,0,6.800000000000000,0,0,0,0,28.09,124.06,0.24,980,2.4000000000000000,69,1,0.0000,0.0000,,,,,,,,,,,,,,,,,,,,,,
2021,9,8,22,30,26.6,0,0,0,0,6.9,0,0,0,0,28.54,131.51,0.24,980,2.4000000000000000,75,1.1,0.0000,0.0000,,,,,,,,,,,,,,,,,,,,,,
2021,9,8,23,30,26.6,0,0,0,7,6.9,0,0,0,0,28.580000000000000,135.76,0.24,980,2.5,83,1,0.0000,0.0000,,,,,,,,,,,,,,,,,,,,,,
2021,9,9,0,30,26.3,0,0,0,0,7.1000000000000000,0,0,0,0,29.41,135.85,0.24,980,2.5,93,1,0.0000,0.0000,,,,,,,,,,,,,,,,,,,,,,
2021,9,9,1,30,25.8,0,0,0,0,7.300000000000000,0,0,0,0,30.7,131.74,0.24,979,2.6,99,1,0.0000,0.0000,,,,,,,,,,,,,,,,,,,,,,
2021,9,9,2,30,25.200000000000000,0,0,0,0,7.4,0,0,0,0,32.160000000000000,124.39,0.24,979,2.6,105,1.1,0.0000,0.0000,,,,,,,,,,,,,,,,,,,,,,
2021,9,9,3,30,24.700000000000000,0,0,0,0,7.5,0,0,0,0,33.4,114.94,0.24,979,2.7,116,1.2000000000000000,0.0000,0.0000,,,,,,,,,,,,,,,,,,,,,,
2021,9,9,4,30,24.1,0,0,0,0,7.7,0,0,0,0,35.02,104.23,0.24,979,2.8000000000000000,126,1.3,0.0000,0.0000,,,,,,,,,,,,,,,,,,,,,,
2021,9,9,5,30,24,0,0,0,7,7.9,0,0,14,0,35.79,92.84,0.24,979,2.8000000000000000,134,1.4000000000000000,0.0000,0.0000,,,,,,,,,,,,,,,,,,,,,,
2021,9,9,6,30,26.200000000000000,53,312,102,0,8.1,52,231,64,88,31.86,81.05,0.24,980,2.8000000000000000,148,1.5,0.0000,0.0000,,,,,,,,,,,,,,,,,,,,,,
2021,9,9,7,30,29.5,96,561,293,7,8.4,122,154,14,176,26.71,69.43,0.24,980,2.8000000000000000,169,1.8,9.0558,7.0177,,,,,,,,,,,,,,,,,,,,,,
2021,9,9,8,30,32.1,121,689,485,0,8.5,160,461,43,403,23.14,58.15,0.24,980,2.8000000000000000,188,2.1,22.4499,17.5511,,,,,,,,,,,,,,,,,,,,,,
2021,9,9,9,30,34.2,139,757,648,0,8.200000000000000,139,757,0,648,20.26,47.78,0.24,980,2.9000000000000000,203,2.4000000000000000,37.7266,29.6022,,,,,,,,,,,,,,,,,,,,,,
2021,9,9,10,30,35.800000000000000,149,800,768,0,7.6000000000000000,149,800,0,768,17.76,39.27,0.24,980,2.9000000000000000,211,2.6,45.7754,35.9780,,,,,,,,,,,,,,,,,,,,,,
2021,9,9,11,30,37.2,148,828,833,0,6.9,156,816,21,831,15.700000000000000,34.17,0.24,980,2.9000000000000000,216,2.7,50.0458,39.3614,,,,,,,,,,,,,,,,,,,,,,
2021,9,9,12,30,38.1,160,807,828,0,6.4,160,807,0,828,14.44,34.12,0.24,979,2.9000000000000000,222,2.7,49.8696,39.2230,,,,,,,,,,,,,,,,,,,,,,
2021,9,9,13,30,38.2,178,744,755,0,6.300000000000000,227,622,21,709,14.280000000000000,39.13,0.24,979,3,228,2.7,42.2722,33.2253,,,,,,,,,,,,,,,,,,,,,,
2021,9,9,14,30,37.5,172,687,635,7,6.4,287,244,50,452,14.870000000000000,47.6,0.24,979,3.1,232,2.7,26.3311,20.6616,,,,,,,,,,,,,,,,,,,,,,
2021,9,9,15,30,36.9,151,602,471,7,6.300000000000000,213,278,64,361,15.3,57.94,0.24,979,3.2,233,2.7,20.1328,15.7412,,,,,,,,,,,,,,,,,,,,,,
2021,9,9,16,30,33.5,117,461,281,0,6.2,117,461,7,281,18.3,69.22,0.24,979,3.3000000000000000,237,2.4000000000000000,14.4851,11.2278,,,,,,,,,,,,,,,,,,,,,,
2021,9,9,17,30,30.200000000000000,60,236,97,8,6.2,55,211,71,89,22.080000000000000,80.86,0.24,979,3.4000000000000000,244,1.9000000000000000,0.0000,0.0000,,,,,,,,,,,,,,,,,,,,,,
2021,9,9,18,30,27.5,0,0,0,8,6.7,0,0,14,0,26.69,92.67,0.24,979,3.5,202,1.3,0.0000,0.0000,,,,,,,,,,,,,,,,,,,,,,
2021,9,9,19,30,26.200000000000000,0,0,0,7,7.300000000000000,0,0,0,0,30.14,104.10000000000000,0.24,980,3.6,155,1.2000000000000000,0.0000,0.0000,,,,,,,,,,,,,,,,,,,,,,
2021,9,9,20,30,25.200000000000000,0,0,0,8,8.4,0,0,0,0,34.46,114.87,0.24,980,3.6,164,1.3,0.0000,0.0000,,,,,,,,,,,,,,,,,,,,,,
2021,9,9,21,30,24,0,0,0,8,10,0,0,0,0,41.15,124.41,0.24,980,3.5,177,1.2000000000000000,0.0000,0.0000,,,,,,,,,,,,,,,,,,,,,,
2021,9,9,22,30,23,0,0,0,5,11.3,0,0,0,0,47.57,131.89000000000000,0.24,980,3.5,176,1.2000000000000000,0.0000,0.0000,,,,,,,,,,,,,,,,,,,,,,
2021,9,9,23,30,22.3,0,0,0,8,12,0,0,0,0,51.95,136.15,0.24,980,3.5,167,1.3,0.0000,0.0000,,,,,,,,,,,,,,,,,,,,,,
2021,9,10,0,30,22,0,0,0,7,12,0,0,0,0,53.18,136.21,0.24,980,3.5,148,1.2000000000000000,0.0000,0.0000,,,,,,,,,,,,,,,,,,,,,,
2021,9,10,1,30,21.8,0,0,0,8,11.8,0,0,0,0,52.84,132.05,0.24,981,3.5,134,1,0.0000,0.0000,,,,,,,,,,,,,,,,,,,,,,
2021,9,10,2,30,21.700000000000000,0,0,0,8,12,0,0,0,0,54,124.65,0.24,981,3.6,144,0.7000000000000000,0.0000,0.0000,,,,,,,,,,,,,,,,,,,,,,
2021,9,10,3,30,21.3,0,0,0,8,12.4,0,0,0,0,56.88,115.15,0.24,981,3.6,152,0.6000000000000000,0.0000,0.0000,,,,,,,,,,,,,,,,,,,,,,
2021,9,10,4,30,20.700000000000000,0,0,0,8,13,0,0,0,0,61.28,104.42,0.24,982,3.5,143,0.7000000000000000,0.0000,0.0000,,,,,,,,,,,,,,,,,,,,,,
2021,9,10,5,30,20.5,0,0,0,8,13.600000000000000,0,0,14,0,64.4,93.01,0.24,982,3.4000000000000000,136,0.9,0.0000,0.0000,,,,,,,,,,,,,,,,,,,,,,
2021,9,10,6,30,21.8,50,325,100,0,14.600000000000000,52,284,14,95,63.47,81.21000000000000,0.24,983,3.4000000000000000,144,1.3,0.0000,0.0000,,,,,,,,,,,,,,,,,,,,,,
2021,9,10,7,30,23.8,89,573,289,0,14.4,93,546,14,283,55.620000000000000,69.60000000000000,0.24,983,3.3000000000000000,165,1.6,14.5395,11.2649,,,,,,,,,,,,,,,,,,,,,,
2021,9,10,8,30,25.8,111,705,481,0,13,126,646,36,465,45.17,58.34,0.24,984,3.2,187,1.7000000000000000,25.8771,20.2286,,,,,,,,,,,,,,,,,,,,,,
2021,9,10,9,30,27.6,124,784,648,5,12.3,267,187,14,392,38.83,48.02,0.24,984,3.1,205,1.7000000000000000,22.8040,17.8921,,,,,,,,,,,,,,,,,,,,,,
2021,9,10,10,30,29.3,127,835,771,3,11.5,355,237,14,538,33.4,39.56,0.24,983,3,219,1.8,32.0454,25.1855,,,,,,,,,,,,,,,,,,,,,,
2021,9,10,11,30,31.1,124,867,838,3,10.700000000000000,317,98,0,398,28.42,34.53,0.24,983,2.8000000000000000,228,1.9000000000000000,23.9533,18.8386,,,,,,,,,,,,,,,,,,,,,,
2021,9,10,12,30,32.6,118,881,844,3,9.3,234,36,0,264,23.82,34.5,0.24,983,2.6,234,2.2,15.8895,12.4967,,,,,,,,,,,,,,,,,,,,,,
2021,9,10,13,30,33.2,111,873,785,3,7.800000000000000,302,124,0,398,20.8,39.51,0.24,982,2.5,240,2.4000000000000000,23.7092,18.6339,,,,,,,,,,,,,,,,,,,,,,
2021,9,10,14,30,33,101,846,668,3,6.800000000000000,210,380,43,465,19.63,47.94,0.24,982,2.4000000000000000,243,2.5,27.0579,21.2301,,,,,,,,,,,,,,,,,,,,,,
2021,9,10,15,30,32.7,90,786,503,0,6.1000000000000000,90,786,0,503,19.03,58.27,0.24,982,2.4000000000000000,245,2.5,28.0024,21.8908,,,,,,,,,,,,,,,,,,,,,,
2021,9,10,16,30,30.3,70,684,309,0,5.7,70,684,0,309,21.19,69.53,0.24,982,2.2,246,2.3000000000000000,15.8851,12.3085,,,,,,,,,,,,,,,,,,,,,,
2021,9,10,17,30,27.1,43,449,112,0,5.9,43,449,0,112,25.84,81.16,0.24,982,2.2,250,1.8,0.0000,0.0000,,,,,,,,,,,,,,,,,,,,,,
2021,9,10,18,30,24.1,0,0,0,0,7,0,0,0,0,33.38,92.97,0.24,983,2.1,248,1.4000000000000000,0.0000,0.0000,,,,,,,,,,,,,,,,,,,,,,
2021,9,10,19,30,22.5,0,0,0,0,8.3,0,0,0,0,40.32,104.42,0.24,983,2.1,198,1.2000000000000000,0.0000,0.0000,,,,,,,,,,,,,,,,,,,,,,
2021,9,10,20,30,21.6,0,0,0,0,9.200000000000000,0,0,0,0,45.230000000000000,115.2,0.24,984,2.1,139,1.1,0.0000,0.0000,,,,,,,,,,,,,,,,,,,,,,
2021,9,10,21,30,21.200000000000000,0,0,0,0,9.600000000000000,0,0,0,0,47.59,124.77,0.24,984,2.1,130,1.1,0.0000,0.0000,,,,,,,,,,,,,,,,,,,,,,
2021,9,10,22,30,20.900000000000000,0,0,0,0,9.700000000000000,0,0,0,0,48.86,132.27,0.24,984,2,146,1.1,0.0000,0.0000,,,,,,,,,,,,,,,,,,,,,,
2021,9,10,23,30,20.5,0,0,0,0,9.9,0,0,0,0,50.64,136.54,0.24,984,2,163,1.2000000000000000,0.0000,0.0000,,,,,,,,,,,,,,,,,,,,,,
2021,9,11,0,30,20,0,0,0,0,10.200000000000000,0,0,0,0,53.18,136.57,0.24,984,2,167,1.2000000000000000,0.0000,0.0000,,,,,,,,,,,,,,,,,,,,,,
2021,9,11,1,30,19.400000000000000,0,0,0,0,10.5,0,0,0,0,56.2,132.37,0.24,984,2,159,1.1,0.0000,0.0000,,,,,,,,,,,,,,,,,,,,,,
2021,9,11,2,30,19,0,0,0,0,10.600000000000000,0,0,0,0,58.22,124.91,0.24,984,2,149,1,0.0000,0.0000,,,,,,,,,,,,,,,,,,,,,,
2021,9,11,3,30,18.7,0,0,0,0,10.700000000000000,0,0,0,0,59.61,115.37,0.24,984,2,146,1,0.0000,0.0000,,,,,,,,,,,,,,,,,,,,,,
2021,9,11,4,30,18.3,0,0,0,0,10.8,0,0,0,0,61.43,104.61,0.24,984,1.9000000000000000,151,1,0.0000,0.0000,,,,,,,,,,,,,,,,,,,,,,
2021,9,11,5,30,18.6,0,0,0,0,10.9,0,0,0,0,60.76,93.18,0.24,984,1.9000000000000000,157,1,0.0000,0.0000,,,,,,,,,,,,,,,,,,,,,,
2021,9,11,6,30,20.8,41,459,110,0,11.200000000000000,41,459,0,110,54.03,81.38,0.24,985,1.9000000000000000,162,1.1,0.0000,0.0000,,,,,,,,,,,,,,,,,,,,,,
2021,9,11,7,30,23.900000000000000,65,708,310,0,11.600000000000000,65,708,0,310,46,69.77,0.24,985,1.9000000000000000,177,1.2000000000000000,15.9027,12.3184,,,,,,,,,,,,,,,,,,,,,,
2021,9,11,8,30,26.8,79,824,509,0,11.700000000000000,79,824,0,509,38.97,58.54,0.24,985,1.9000000000000000,204,1.3,28.2949,22.1164,,,,,,,,,,,,,,,,,,,,,,
2021,9,11,9,30,29.3,90,882,677,0,11.3,90,882,0,677,32.9,48.25,0.24,985,1.9000000000000000,225,1.5,39.3528,30.8746,,,,,,,,,,,,,,,,,,,,,,
2021,9,11,10,30,31.5,98,915,800,0,10.9,98,915,0,800,28.150000000000000,39.86,0.24,985,1.8,232,1.8,47.6181,37.4228,,,,,,,,,,,,,,,,,,,,,,
2021,9,11,11,30,33.1,100,931,864,0,9.8,100,931,0,864,24,34.88,0.24,984,1.8,237,2,51.9654,40.8677,,,,,,,,,,,,,,,,,,,,,,
2021,9,11,12,30,34,100,931,864,0,8.9,100,931,0,864,21.43,34.89,0.24,984,1.8,244,2.1,51.9645,40.8669,,,,,,,,,,,,,,,,,,,,,,
2021,9,11,13,30,34.300000000000000,98,915,800,0,7.9,98,915,0,800,19.73,39.88,0.24,983,1.8,249,2,47.6159,37.4209,,,,,,,,,,,,,,,,,,,,,,
2021,9,11,14,30,34.1,92,884,680,0,7,92,884,0,680,18.73,48.29,0.24,982,1.7000000000000000,255,1.8,39.5219,31.0069,,,,,,,,,,,,,,,,,,,,,,
2021,9,11,15,30,33.9,82,822,510,0,6.2,82,822,0,510,17.93,58.59,0.24,982,1.7000000000000000,258,1.7000000000000000,28.3427,22.1532,,,,,,,,,,,,,,,,,,,,,,
2021,9,11,16,30,31.8,67,708,311,0,5.6000000000000000,67,702,7,309,19.34,69.84,0.24,982,1.6,268,1.4000000000000000,15.8415,12.2700,,,,,,,,,,,,,,,,,,,,,,
2021,9,11,17,30,28.200000000000000,42,459,110,0,5.300000000000000,42,459,0,110,23.37,81.46000000000000,0.24,982,1.6,281,1.2000000000000000,0.0000,0.0000,,,,,,,,,,,,,,,,,,,,,,
2021,9,11,18,30,25,0,0,0,0,5.300000000000000,0,0,0,0,28.11,93.28,0.24,983,1.6,298,1.2000000000000000,0.0000,0.0000,,,,,,,,,,,,,,,,,,,,,,
2021,9,11,19,30,23.5,0,0,0,0,5.7,0,0,0,0,31.66,104.74000000000000,0.24,983,1.7000000000000000,163,1.1,0.0000,0.0000,,,,,,,,,,,,,,,,,,,,,,
2021,9,11,20,30,22.200000000000000,0,0,0,0,6.5,0,0,0,0,36.25,115.54,0.24,983,1.7000000000000000,47,0.9,0.0000,0.0000,,,,,,,,,,,,,,,,,,,,,,
2021,9,11,21,30,21.400000000000000,0,0,0,0,7.300000000000000,0,0,0,0,40.22,125.14,0.24,983,1.8,79,0.9,0.0000,0.0000,,,,,,,,,,,,,,,,,,,,,,
2021,9,11,22,30,21.200000000000000,0,0,0,0,8,0,0,0,0,42.54,132.66,0.24,983,1.8,89,0.9,0.0000,0.0000,,,,,,,,,,,,,,,,,,,,,,
2021,9,11,23,30,20.900000000000000,0,0,0,0,8.4,0,0,0,0,44.59,136.93,0.24,983,1.9000000000000000,101,0.9,0.0000,0.0000,,,,,,,,,,,,,,,,,,,,,,
2021,9,12,0,30,20.5,0,0,0,0,8.8,0,0,0,0,46.93,136.94,0.24,983,1.9000000000000000,114,1,0.0000,0.0000,,,,,,,,,,,,,,,,,,,,,,
2021,9,12,1,30,20.1,0,0,0,0,9.200000000000000,0,0,0,0,49.51,132.68,0.24,982,1.8,124,1.1,0.0000,0.0000,,,,,,,,,,,,,,,,,,,,,,
2021,9,12,2,30,19.6,0,0,0,0,9.600000000000000,0,0,0,0,52.46,125.17,0.24,982,1.8,133,1.2000000000000000,0.0000,0.0000,,,,,,,,,,,,,,,,,,,,,,
2021,9,12,3,30,19.200000000000000,0,0,0,0,9.9,0,0,0,0,54.79,115.59,0.24,982,1.7000000000000000,144,1.3,0.0000,0.0000,,,,,,,,,,,,,,,,,,,,,,
2021,9,12,4,30,18.7,0,0,0,0,10,0,0,0,0,57.120000000000000,104.79,0.24,982,1.6,153,1.2000000000000000,0.0000,0.0000,,,,,,,,,,,,,,,,,,,,,,
2021,9,12,5,30,19.1,0,0,0,0,10.100000000000000,0,0,0,0,55.97,93.35000000000000,0.24,983,1.6,158,1.2000000000000000,0.0000,0.0000,,,,,,,,,,,,,,,,,,,,,,
2021,9,12,6,30,21.400000000000000,42,449,108,0,10.100000000000000,42,449,0,108,48.56,81.54,0.24,983,1.5,154,1.3,0.0000,0.0000,,,,,,,,,,,,,,,,,,,,,,
2021,9,12,7,30,24.900000000000000,69,703,310,0,10,69,703,0,310,39.01,69.95,0.24,983,1.5,163,1.2000000000000000,15.8772,12.2959,,,,,,,,,,,,,,,,,,,,,,
2021,9,12,8,30,28.1,84,824,512,0,9.200000000000000,84,824,0,512,30.68,58.74,0.24,983,1.4000000000000000,205,1.1,28.4304,22.2201,,,,,,,,,,,,,,,,,,,,,,
2021,9,12,9,30,30.700000000000000,95,886,682,0,8.3,95,886,0,682,24.79,48.49,0.24,983,1.4000000000000000,239,1.4000000000000000,39.6111,31.0752,,,,,,,,,,,,,,,,,,,,,,
2021,9,12,10,30,33.1,103,920,806,0,7.1000000000000000,103,920,0,806,19.93,40.15,0.24,983,1.3,251,1.7000000000000000,47.9426,37.6761,,,,,,,,,,,,,,,,,,,,,,
2021,9,12,11,30,34.7,105,937,870,0,5.4,105,937,0,870,16.25,35.25,0.24,982,1.3,258,1.9000000000000000,52.2899,41.1210,,,,,,,,,,,,,,,,,,,,,,
2021,9,12,12,30,35.5,104,942,873,0,4.4,104,942,0,873,14.44,35.29,0.24,982,1.2000000000000000,263,1.9000000000000000,52.4662,41.2595,,,,,,,,,,,,,,,,,,,,,,
2021,9,12,13,30,35.9,100,930,810,0,3.3000000000000000,100,930,0,810,13.08,40.26,0.24,981,1.1,267,2,48.1680,37.8525,,,,,,,,,,,,,,,,,,,,,,
2021,9,12,14,30,35.7,94,898,687,0,2.1,94,898,0,687,12.13,48.64,0.24,981,1.1,272,2,39.8809,31.2857,,,,,,,,,,,,,,,,,,,,,,
2021,9,12,15,30,35.4,84,839,517,0,1,84,839,0,517,11.41,58.92,0.24,981,1,274,2,28.6794,22.4126,,,,,,,,,,,,,,,,,,,,,,
2021,9,12,16,30,32.800000000000000,67,721,312,0,0.1,67,721,0,312,12.38,70.15,0.24,981,1,281,1.5,15.9510,12.3500,,,,,,,,,,,,,,,,,,,,,,
2021,9,12,17,30,28.700000000000000,41,464,108,0,0.2,41,464,0,108,15.75,81.76,0.24,981,0.9,285,1.1,0.0000,0.0000,,,,,,,,,,,,,,,,,,,,,,
2021,9,12,18,30,25.5,0,0,0,0,0.4,0,0,0,0,19.29,93.59,0.24,981,0.9,293,1.1,0.0000,0.0000,,,,,,,,,,,,,,,,,,,,,,
2021,9,12,19,30,24.400000000000000,0,0,0,0,1.1,0,0,0,0,21.62,105.06,0.24,981,0.9,325,0.9,0.0000,0.0000,,,,,,,,,,,,,,,,,,,,,,
2021,9,12,20,30,23.1,0,0,0,0,2.5,0,0,0,0,25.85,115.88,0.24,982,1,206,0.8,0.0000,0.0000,,,,,,,,,,,,,,,,,,,,,,
2021,9,12,21,30,21.700000000000000,0,0,0,0,3.5,0,0,0,0,30.330000000000000,125.5,0.24,982,1,66,0.9,0.0000,0.0000,,,,,,,,,,,,,,,,,,,,,,
2021,9,12,22,30,21,0,0,0,0,3.9000000000000000,0,0,0,0,32.54,133.04,0.24,982,1.1,75,1,0.0000,0.0000,,,,,,,,,,,,,,,,,,,,,,
2021,9,12,23,30,20.900000000000000,0,0,0,0,3.8000000000000000,0,0,0,0,32.49,137.32,0.24,981,1.1,79,1.1,0.0000,0.0000,,,,,,,,,,,,,,,,,,,,,,
2021,9,13,0,30,21,0,0,0,0,3.7,0,0,0,0,32.01,137.3,0.24,981,1.2000000000000000,85,1,0.0000,0.0000,,,,,,,,,,,,,,,,,,,,,,
2021,9,13,1,30,20.700000000000000,0,0,0,0,4.1000000000000000,0,0,0,0,33.64,132.99,0.24,981,1.2000000000000000,90,1,0.0000,0.0000,,,,,,,,,,,,,,,,,,,,,,
2021,9,13,2,30,19.8,0,0,0,0,5,0,0,0,0,37.77,125.43,0.24,981,1.2000000000000000,94,1,0.0000,0.0000,,,,,,,,,,,,,,,,,,,,,,
2021,9,13,3,30,18.7,0,0,0,0,5.7,0,0,0,0,42.57,115.8,0.24,981,1.3,97,1,0.0000,0.0000,,,,,,,,,,,,,,,,,,,,,,
2021,9,13,4,30,17.8,0,0,0,0,6.2,0,0,0,0,46.47,104.98,0.24,981,1.3,99,1,0.0000,0.0000,,,,,,,,,,,,,,,,,,,,,,
2021,9,13,5,30,18.400000000000000,0,0,0,0,6.300000000000000,0,0,0,0,45.2,93.52,0.24,981,1.3,103,1,0.0000,0.0000,,,,,,,,,,,,,,,,,,,,,,
2021,9,13,6,30,21.6,44,418,104,0,6.300000000000000,44,418,0,104,37.15,81.71000000000000,0.24,981,1.3,115,1.1,0.0000,0.0000,,,,,,,,,,,,,,,,,,,,,,
2021,9,13,7,30,25.8,73,679,304,0,6.4,73,679,0,304,28.88,70.12,0.24,982,1.3,154,1,15.5462,12.0370,,,,,,,,,,,,,,,,,,,,,,
2021,9,13,8,30,29,91,803,505,0,6.2,91,803,0,505,23.61,58.94,0.24,981,1.3,211,1,28.0106,21.8897,,,,,,,,,,,,,,,,,,,,,,
2021,9,13,9,30,31.6,104,864,674,0,5.7,104,864,0,674,19.64,48.730000000000000,0.24,981,1.3,242,1.3,39.1140,30.6834,,,,,,,,,,,,,,,,,,,,,,
2021,9,13,10,30,33.7,115,893,795,0,4.9,115,893,0,795,16.54,40.45,0.24,981,1.3,252,1.6,47.2546,37.1336,,,,,,,,,,,,,,,,,,,,,,
2021,9,13,11,30,35.300000000000000,119,910,859,0,3.8000000000000000,119,910,0,859,14.01,35.61,0.24,980,1.3,259,1.8,51.5933,40.5713,,,,,,,,,,,,,,,,,,,,,,
2021,9,13,12,30,36.300000000000000,117,913,859,0,2.6,117,913,0,859,12.200000000000000,35.68,0.24,980,1.3,266,1.8,51.5863,40.5655,,,,,,,,,,,,,,,,,,,,,,
2021,9,13,13,30,36.6,111,904,797,0,2.1,111,904,0,797,11.620000000000000,40.64,0.24,979,1.2000000000000000,273,1.8,47.3519,37.2089,,,,,,,,,,,,,,,,,,,,,,
2021,9,13,14,30,36.300000000000000,103,868,673,0,1.7000000000000000,103,868,0,673,11.42,48.99,0.24,979,1.2000000000000000,280,1.7000000000000000,39.0206,30.6080,,,,,,,,,,,,,,,,,,,,,,
2021,9,13,15,30,36,91,803,502,0,1.1,91,803,0,502,11.18,59.25,0.24,979,1.2000000000000000,284,1.7000000000000000,27.7957,21.7183,,,,,,,,,,,,,,,,,,,,,,
2021,9,13,16,30,33.2,74,680,301,0,0.7000000000000000,74,680,0,301,12.6,70.46000000000000,0.24,979,1.1,292,1.2000000000000000,15.3456,11.8765,,,,,,,,,,,,,,,,,,,,,,
2021,9,13,17,30,29,42,412,99,0,0.8,42,412,0,99,16.2,82.07000000000000,0.24,979,1,296,1,0.0000,0.0000,,,,,,,,,,,,,,,,,,,,,,
2021,9,13,18,30,25.700000000000000,0,0,0,0,0.7000000000000000,0,0,0,0,19.53,93.9,0.24,979,1,313,1.1,0.0000,0.0000,,,,,,,,,,,,,,,,,,,,,,
2021,9,13,19,30,24.200000000000000,0,0,0,0,1,0,0,0,0,21.78,105.38,0.24,980,1,171,1,0.0000,0.0000,,,,,,,,,,,,,,,,,,,,,,
2021,9,13,20,30,22.5,0,0,0,0,2,0,0,0,0,25.88,116.22,0.24,980,1.1,33,0.8,0.0000,0.0000,,,,,,,,,,,,,,,,,,,,,,
2021,9,13,21,30,21.3,0,0,0,0,3.3000000000000000,0,0,0,0,30.51,125.86,0.24,980,1.1,57,0.8,0.0000,0.0000,,,,,,,,,,,,,,,,,,,,,,
2021,9,13,22,30,20.8,0,0,0,0,4.1000000000000000,0,0,0,0,33.27,133.43,0.24,980,1.2000000000000000,67,0.7000000000000000,0.0000,0.0000,,,,,,,,,,,,,,,,,,,,,,
2021,9,13,23,30,20.6,0,0,0,0,4.4,0,0,0,0,34.480000000000000,137.71,0.24,980,1.2000000000000000,74,0.6000000000000000,0.0000,0.0000,,,,,,,,,,,,,,,,,,,,,,
2021,9,14,0,30,20.400000000000000,0,0,0,0,4.6000000000000000,0,0,0,0,35.43,137.67000000000000,0.24,979,1.2000000000000000,80,0.6000000000000000,0.0000,0.0000,,,,,,,,,,,,,,,,,,,,,,
2021,9,14,1,30,20,0,0,0,0,4.7,0,0,0,0,36.7,133.3,0.24,979,1.2000000000000000,85,0.6000000000000000,0.0000,0.0000,,,,,,,,,,,,,,,,,,,,,,
2021,9,14,2,30,19.5,0,0,0,0,4.7,0,0,0,0,37.84,125.69,0.24,980,1.3,87,0.7000000000000000,0.0000,0.0000,,,,,,,,,,,,,,,,,,,,,,
2021,9,14,3,30,19.400000000000000,0,0,0,0,4.5,0,0,0,0,37.46,116.02,0.24,980,1.3,91,0.7000000000000000,0.0000,0.0000,,,,,,,,,,,,,,,,,,,,,,
2021,9,14,4,30,19.1,0,0,0,0,4.2,0,0,0,0,37.410000000000000,105.17,0.24,980,1.3,95,0.8,0.0000,0.0000,,,,,,,,,,,,,,,,,,,,,,
2021,9,14,5,30,19.6,0,0,0,0,4,0,0,0,0,35.800000000000000,93.69,0.24,980,1.3,98,0.8,0.0000,0.0000,,,,,,,,,,,,,,,,,,,,,,
2021,9,14,6,30,22.200000000000000,48,331,95,0,3.8000000000000000,48,331,0,95,30.11,81.88,0.24,981,1.3,104,1.1,0.0000,0.0000,,,,,,,,,,,,,,,,,,,,,,
2021,9,14,7,30,25.8,88,604,292,0,3.8000000000000000,88,604,0,292,24.21,70.3,0.24,981,1.3,140,1.4000000000000000,14.9083,11.5405,,,,,,,,,,,,,,,,,,,,,,
2021,9,14,8,30,29,112,741,492,0,3.8000000000000000,112,741,0,492,20.09,59.14,0.24,981,1.2000000000000000,190,1.5,27.2589,21.3001,,,,,,,,,,,,,,,,,,,,,,
2021,9,14,9,30,31.5,130,808,660,0,3.5,130,808,0,660,17.05,48.97,0.24,981,1.2000000000000000,221,1.6,38.2696,30.0190,,,,,,,,,,,,,,,,,,,,,,
2021,9,14,10,30,33.800000000000000,144,840,780,0,2.8000000000000000,144,840,0,780,14.19,40.75,0.24,981,1.2000000000000000,240,1.8,46.3296,36.4049,,,,,,,,,,,,,,,,,,,,,,
2021,9,14,11,30,35.6,148,859,843,0,1.7000000000000000,148,859,0,843,11.92,35.97,0.24,981,1.2000000000000000,252,1.9000000000000000,50.5969,39.7860,,,,,,,,,,,,,,,,,,,,,,
2021,9,14,12,30,36.6,153,850,840,0,0.9,153,850,0,840,10.6,36.07,0.24,980,1.2000000000000000,259,2,50.4069,39.6361,,,,,,,,,,,,,,,,,,,,,,
2021,9,14,13,30,36.9,154,818,771,0,0.4,154,818,0,771,10.1,41.02,0.24,980,1.2000000000000000,264,2,45.7648,35.9595,,,,,,,,,,,,,,,,,,,,,,
2021,9,14,14,30,36.6,145,770,647,0,0.1,145,770,0,647,10,49.35,0.24,979,1.1,266,1.9000000000000000,37.4654,29.3852,,,,,,,,,,,,,,,,,,,,,,
2021,9,14,15,30,36.4,128,687,476,0,-0.30000000000000000,128,687,0,476,9.86,59.57,0.24,979,1.1,267,1.9000000000000000,26.3080,20.5523,,,,,,,,,,,,,,,,,,,,,,
2021,9,14,16,30,33.300000000000000,101,522,273,0,-0.5,101,522,0,273,11.56,70.78,0.24,979,1.2000000000000000,265,1.6,13.8777,10.7359,,,,,,,,,,,,,,,,,,,,,,
2021,9,14,17,30,28.8,49,240,81,0,-0.1,49,240,0,81,15.34,82.37,0.24,980,1.2000000000000000,266,1.3,0.0000,0.0000,,,,,,,,,,,,,,,,,,,,,,
2021,9,14,18,30,25.1,0,0,0,0,0.9,0,0,0,0,20.47,94.21000000000000,0.24,980,1.2000000000000000,273,1.4000000000000000,0.0000,0.0000,,,,,,,,,,,,,,,,,,,,,,
2021,9,14,19,30,23.400000000000000,0,0,0,0,2.3000000000000000,0,0,0,0,25.060000000000000,105.7,0.24,981,1.3,141,1.2000000000000000,0.0000,0.0000,,,,,,,,,,,,,,,,,,,,,,
2021,9,14,20,30,21.900000000000000,0,0,0,0,3.2,0,0,0,0,29.32,116.56,0.24,981,1.3,24,1,0.0000,0.0000,,,,,,,,,,,,,,,,,,,,,,
2021,9,14,21,30,20.900000000000000,0,0,0,0,3.6,0,0,0,0,32.07,126.22,0.24,981,1.3,47,1,0.0000,0.0000,,,,,,,,,,,,,,,,,,,,,,
2021,9,14,22,30,20.8,0,0,0,0,3.6,0,0,0,0,32.21,133.82,0.24,981,1.3,43,1,0.0000,0.0000,,,,,,,,,,,,,,,,,,,,,,
2021,9,14,23,30,20.900000000000000,0,0,0,0,3.6,0,0,0,0,32.08,138.11,0.24,981,1.3,35,1,0.0000,0.0000,,,,,,,,,,,,,,,,,,,,,,
2021,9,15,0,30,20.6,0,0,0,0,4,0,0,0,0,33.49,138.03,0.24,981,1.3,38,1,0.0000,0.0000,,,,,,,,,,,,,,,,,,,,,,
2021,9,15,1,30,19.700000000000000,0,0,0,0,4.6000000000000000,0,0,0,0,37.01,133.62,0.24,981,1.3,57,1.1,0.0000,0.0000,,,,,,,,,,,,,,,,,,,,,,
2021,9,15,2,30,19,0,0,0,0,5.2,0,0,0,0,40.18,125.94,0.24,981,1.3,78,1.1,0.0000,0.0000,,,,,,,,,,,,,,,,,,,,,,
2021,9,15,3,30,18.5,0,0,0,0,5.5,0,0,0,0,42.32,116.23,0.24,981,1.3,92,1.2000000000000000,0.0000,0.0000,,,,,,,,,,,,,,,,,,,,,,
2021,9,15,4,30,18.1,0,0,0,0,5.6000000000000000,0,0,0,0,43.89,105.35000000000000,0.24,981,1.3,103,1.2000000000000000,0.0000,0.0000,,,,,,,,,,,,,,,,,,,,,,
2021,9,15,5,30,18.1,0,0,0,0,5.800000000000000,0,0,0,0,44.4,93.87,0.24,981,1.3,113,1.2000000000000000,0.0000,0.0000,,,,,,,,,,,,,,,,,,,,,,
2021,9,15,6,30,19.900000000000000,51,163,74,0,6,51,163,0,74,40.25,82.04,0.24,981,1.3,134,1.1,0.0000,0.0000,,,,,,,,,,,,,,,,,,,,,,
2021,9,15,7,30,23.1,130,376,256,0,6.2,130,376,0,256,33.49,70.48,0.24,981,1.3,173,1.2000000000000000,13.0490,10.0989,,,,,,,,,,,,,,,,,,,,,,
2021,9,15,8,30,26,184,518,448,0,6,184,518,0,448,27.810000000000000,59.34,0.24,982,1.2000000000000000,217,1.4000000000000000,24.7931,19.3712,,,,,,,,,,,,,,,,,,,,,,
2021,9,15,9,30,28.3,214,614,615,0,5.2,214,614,0,615,23.01,49.22,0.24,981,1.2000000000000000,245,1.7000000000000000,35.6289,27.9458,,,,,,,,,,,,,,,,,,,,,,
2021,9,15,10,30,30.200000000000000,225,681,738,0,4,225,681,0,738,18.990000000000000,41.06,0.24,981,1.2000000000000000,257,1.9000000000000000,43.8017,34.4167,,,,,,,,,,,,,,,,,,,,,,
2021,9,15,11,30,31.700000000000000,226,716,803,0,2.6,226,716,0,803,15.72,36.33,0.24,981,1.2000000000000000,264,2,48.1618,37.8694,,,,,,,,,,,,,,,,,,,,,,
2021,9,15,12,30,32.800000000000000,232,705,799,0,1.1,232,705,0,799,13.290000000000000,36.47,0.24,980,1.2000000000000000,267,2.1,47.9085,37.6696,,,,,,,,,,,,,,,,,,,,,,
2021,9,15,13,30,33.2,233,662,729,0,-0.1,233,662,0,729,11.96,41.410000000000000,0.24,980,1.2000000000000000,267,2.1,43.2301,33.9655,,,,,,,,,,,,,,,,,,,,,,
2021,9,15,14,30,32.800000000000000,205,626,610,0,-0.30000000000000000,205,626,0,610,12.040000000000000,49.7,0.24,979,1.2000000000000000,265,2.2,35.2785,27.6673,,,,,,,,,,,,,,,,,,,,,,
2021,9,15,15,30,32.4,170,549,445,0,-0.1,170,549,0,445,12.49,59.9,0.24,979,1.2000000000000000,264,2.2,24.5477,19.1737,,,,,,,,,,,,,,,,,,,,,,
2021,9,15,16,30,29,115,445,259,0,0.2,115,445,0,259,15.55,71.09,0.24,979,1.1,262,2,13.1287,10.1522,,,,,,,,,,,,,,,,,,,,,,
2021,9,15,17,30,25.1,48,213,75,0,1.1,48,213,0,75,20.77,82.68,0.24,980,1.1,262,1.5,0.0000,0.0000,,,,,,,,,,,,,,,,,,,,,,
2021,9,15,18,30,22.1,0,0,0,0,2,0,0,0,0,26.5,94.52,0.24,980,1.1,196,1.2000000000000000,0.0000,0.0000,,,,,,,,,,,,,,,,,,,,,,
2021,9,15,19,30,20.700000000000000,0,0,0,0,2.4000000000000000,0,0,0,0,29.740000000000000,106.02,0.24,980,1.1,138,1,0.0000,0.0000,,,,,,,,,,,,,,,,,,,,,,
2021,9,15,20,30,19.900000000000000,0,0,0,0,2.6,0,0,0,0,31.69,116.9,0.24,980,1.1,162,1.1,0.0000,0.0000,,,,,,,,,,,,,,,,,,,,,,
2021,9,15,21,30,19,0,0,0,0,3,0,0,0,0,34.56,126.59,0.24,980,1,186,1.2000000000000000,0.0000,0.0000,,,,,,,,,,,,,,,,,,,,,,
2021,9,15,22,30,18.1,0,0,0,0,3.7,0,0,0,0,38.29,134.2,0.24,980,1.1,186,1.2000000000000000,0.0000,0.0000,,,,,,,,,,,,,,,,,,,,,,
2021,9,15,23,30,17.5,0,0,0,0,4.3,0,0,0,0,41.61,138.5,0.24,980,1.1,174,1.1,0.0000,0.0000,,,,,,,,,,,,,,,,,,,,,,
2021,9,16,0,30,16.900000000000000,0,0,0,0,4.7,0,0,0,0,44.39,138.4,0.24,979,1.1,166,1.1,0.0000,0.0000,,,,,,,,,,,,,,,,,,,,,,
2021,9,16,1,30,16.2,0,0,0,0,5.1000000000000000,0,0,0,0,47.67,133.93,0.24,979,1.1,158,1.1,0.0000,0.0000,,,,,,,,,,,,,,,,,,,,,,
2021,9,16,2,30,15.600000000000000,0,0,0,0,5.5,0,0,0,0,50.85,126.2,0.24,979,1.1,149,1,0.0000,0.0000,,,,,,,,,,,,,,,,,,,,,,
2021,9,16,3,30,15,0,0,0,0,5.6000000000000000,0,0,0,0,53.480000000000000,116.45,0.24,979,1.1,143,1,0.0000,0.0000,,,,,,,,,,,,,,,,,,,,,,
2021,9,16,4,30,14.5,0,0,0,0,5.7,0,0,0,0,55.5,105.54,0.24,979,1.1,142,0.9,0.0000,0.0000,,,,,,,,,,,,,,,,,,,,,,
2021,9,16,5,30,14.9,0,0,0,0,5.800000000000000,0,0,0,0,54.370000000000000,94.04,0.24,979,1.1,145,0.9,0.0000,0.0000,,,,,,,,,,,,,,,,,,,,,,
2021,9,16,6,30,17.5,45,362,94,0,5.9,45,362,0,94,46.59,82.21000000000000,0.24,979,1.2000000000000000,156,1.1,0.0000,0.0000,,,,,,,,,,,,,,,,,,,,,,
2021,9,16,7,30,20.8,81,635,291,0,6.2,81,635,0,291,38.68,70.66,0.24,979,1.2000000000000000,178,1.2000000000000000,14.8089,11.4581,,,,,,,,,,,,,,,,,,,,,,
2021,9,16,8,30,23.3,102,768,491,0,6.300000000000000,102,768,0,491,33.43,59.54,0.24,979,1.2000000000000000,205,1.4000000000000000,27.1417,21.2040,,,,,,,,,,,,,,,,,,,,,,
2021,9,16,9,30,25.400000000000000,120,830,659,0,6.4,120,830,0,659,29.57,49.46,0.24,979,1.2000000000000000,225,1.6,38.1453,29.9176,,,,,,,,,,,,,,,,,,,,,,
2021,9,16,10,30,27.200000000000000,136,856,778,0,6,136,856,0,778,25.900000000000000,41.36,0.24,979,1.2000000000000000,236,1.8,46.1416,36.2534,,,,,,,,,,,,,,,,,,,,,,
2021,9,16,11,30,28.700000000000000,139,876,841,0,5.300000000000000,139,876,0,841,22.6,36.7,0.24,979,1.2000000000000000,245,1.9000000000000000,50.4035,39.6301,,,,,,,,,,,,,,,,,,,,,,
2021,9,16,12,30,29.8,137,877,839,0,4.5,137,877,0,839,20.14,36.86,0.24,979,1.2000000000000000,250,1.9000000000000000,50.2673,39.5222,,,,,,,,,,,,,,,,,,,,,,
2021,9,16,13,30,30.5,131,858,771,0,3.7,131,858,0,771,18.3,41.79,0.24,978,1.3,252,1.9000000000000000,45.6770,35.8857,,,,,,,,,,,,,,,,,,,,,,
2021,9,16,14,30,30.400000000000000,123,815,646,0,3.1,123,815,0,646,17.63,50.06,0.24,978,1.3,254,1.8,37.3114,29.2586,,,,,,,,,,,,,,,,,,,,,,
2021,9,16,15,30,30.200000000000000,107,739,474,0,3,107,739,0,474,17.650000000000000,60.24,0.24,978,1.3,256,1.8,26.0952,20.3785,,,,,,,,,,,,,,,,,,,,,,
2021,9,16,16,30,27.6,85,586,272,0,3.2,85,586,0,272,20.900000000000000,71.41,0.24,978,1.3,267,1.5,13.7470,10.6257,,,,,,,,,,,,,,,,,,,,,,
2021,9,16,17,30,24,43,285,78,0,4.1000000000000000,43,285,0,78,27.41,82.98,0.24,978,1.3,277,1.2000000000000000,0.0000,0.0000,,,,,,,,,,,,,,,,,,,,,,
2021,9,16,18,30,21,0,0,0,0,5.4,0,0,0,0,36.14,94.84,0.24,979,1.4000000000000000,315,1.1,0.0000,0.0000,,,,,,,,,,,,,,,,,,,,,,
2021,9,16,19,30,19.5,0,0,0,0,6.300000000000000,0,0,0,0,42.25,106.34,0.24,979,1.4000000000000000,201,1.1,0.0000,0.0000,,,,,,,,,,,,,,,,,,,,,,
2021,9,16,20,30,18.5,0,0,0,0,6.5,0,0,0,0,45.51,117.24000000000000,0.24,980,1.4000000000000000,61,1.1,0.0000,0.0000,,,,,,,,,,,,,,,,,,,,,,
2021,9,16,21,30,18.2,0,0,0,0,6.4,0,0,0,0,45.980000000000000,126.95,0.24,980,1.5,86,1,0.0000,0.0000,,,,,,,,,,,,,,,,,,,,,,
2021,9,16,22,30,17.7,0,0,0,0,6.4,0,0,0,0,47.63,134.59,0.24,980,1.5,122,1,0.0000,0.0000,,,,,,,,,,,,,,,,,,,,,,
2021,9,16,23,30,17,0,0,0,0,6.800000000000000,0,0,0,0,50.92,138.9,0.24,980,1.5,138,1,0.0000,0.0000,,,,,,,,,,,,,,,,,,,,,,
2021,9,17,0,30,16.400000000000000,0,0,0,0,7,0,0,0,0,53.76,138.76,0.24,980,1.5,132,1,0.0000,0.0000,,,,,,,,,,,,,,,,,,,,,,
2021,9,17,1,30,15.8,0,0,0,0,7,0,0,0,0,55.74,134.24,0.24,980,1.5,127,1.1,0.0000,0.0000,,,,,,,,,,,,,,,,,,,,,,
2021,9,17,2,30,15.5,0,0,0,0,6.7,0,0,0,0,55.84,126.46000000000000,0.24,980,1.4000000000000000,131,1.1,0.0000,0.0000,,,,,,,,,,,,,,,,,,,,,,
2021,9,17,3,30,15.3,0,0,0,0,6.5,0,0,0,0,55.7,116.66,0.24,980,1.4000000000000000,141,1,0.0000,0.0000,,,,,,,,,,,,,,,,,,,,,,
2021,9,17,4,30,14.9,0,0,0,0,6.5,0,0,0,0,57.230000000000000,105.73,0.24,981,1.4000000000000000,146,0.9,0.0000,0.0000,,,,,,,,,,,,,,,,,,,,,,
2021,9,17,5,30,15,0,0,0,0,6.6000000000000000,0,0,0,0,57.050000000000000,94.21000000000000,0.24,981,1.3,143,1,0.0000,0.0000,,,,,,,,,,,,,,,,,,,,,,
2021,9,17,6,30,17.1,49,249,82,0,6.5,49,249,0,82,49.76,82.38,0.24,982,1.3,147,1.2000000000000000,0.0000,0.0000,,,,,,,,,,,,,,,,,,,,,,
2021,9,17,7,30,20.400000000000000,101,526,274,0,6.5,101,526,0,274,40.36,70.84,0.24,982,1.3,163,1.5,13.9209,10.7685,,,,,,,,,,,,,,,,,,,,,,
2021,9,17,8,30,23.3,128,681,471,0,6.4,128,681,0,471,33.72,59.75,0.24,983,1.3,183,1.7000000000000000,26.0047,20.3133,,,,,,,,,,,,,,,,,,,,,,
2021,9,17,9,30,25.8,142,773,642,0,6.2,142,773,0,642,28.650000000000000,49.71,0.24,983,1.3,205,1.9000000000000000,37.1278,29.1175,,,,,,,,,,,,,,,,,,,,,,
2021,9,17,10,30,28,146,828,765,0,5.800000000000000,146,828,0,765,24.48,41.67,0.24,983,1.3,220,2,45.3353,35.6180,,,,,,,,,,,,,,,,,,,,,,
2021,9,17,11,30,29.8,145,859,830,0,5.1000000000000000,145,859,0,830,20.98,37.07,0.24,982,1.3,228,2.2,49.7067,39.0803,,,,,,,,,,,,,,,,,,,,,,
2021,9,17,12,30,31,143,861,828,0,4.3,143,861,0,828,18.54,37.26,0.24,982,1.3,231,2.2,49.5675,38.9698,,,,,,,,,,,,,,,,,,,,,,
2021,9,17,13,30,31.6,142,834,760,0,3.7,142,834,0,760,17.2,42.17,0.24,982,1.3,232,2.2,44.9815,35.3369,,,,,,,,,,,,,,,,,,,,,,
2021,9,17,14,30,31.6,132,787,633,0,3.5,132,787,0,633,16.91,50.42,0.24,981,1.3,234,2.4000000000000000,36.5117,28.6286,,,,,,,,,,,,,,,,,,,,,,
2021,9,17,15,30,31.3,115,706,462,0,3.3000000000000000,115,706,0,462,16.96,60.57,0.24,981,1.3,235,2.4000000000000000,25.3844,19.8196,,,,,,,,,,,,,,,,,,,,,,
2021,9,17,16,30,28.3,88,558,263,0,3.3000000000000000,88,558,0,263,20.21,71.72,0.24,981,1.3,246,2.4000000000000000,13.2541,10.2401,,,,,,,,,,,,,,,,,,,,,,
2021,9,17,17,30,24.1,41,271,73,0,4,41,271,0,73,27.060000000000000,83.29,0.24,982,1.3,259,2.1,0.0000,0.0000,,,,,,,,,,,,,,,,,,,,,,
2021,9,17,18,30,20.6,0,0,0,0,5.1000000000000000,0,0,0,0,36.14,95.15,0.24,983,1.4000000000000000,258,1.6,0.0000,0.0000,,,,,,,,,,,,,,,,,,,,,,
2021,9,17,19,30,18.900000000000000,0,0,0,0,6,0,0,0,0,42.96,106.67,0.24,983,1.4000000000000000,216,1.2000000000000000,0.0000,0.0000,,,,,,,,,,,,,,,,,,,,,,
2021,9,17,20,30,17.7,0,0,0,0,6.6000000000000000,0,0,0,0,48.25,117.58,0.24,984,1.4000000000000000,180,1,0.0000,0.0000,,,,,,,,,,,,,,,,,,,,,,
2021,9,17,21,30,16.900000000000000,0,0,0,0,7,0,0,0,0,51.980000000000000,127.32000000000000,0.24,984,1.4000000000000000,181,1,0.0000,0.0000,,,,,,,,,,,,,,,,,,,,,,
2021,9,17,22,30,16.2,0,0,0,0,7.300000000000000,0,0,0,0,55.550000000000000,134.98,0.24,984,1.4000000000000000,184,1,0.0000,0.0000,,,,,,,,,,,,,,,,,,,,,,
2021,9,17,23,30,15.5,0,0,0,0,7.6000000000000000,0,0,0,0,59.5,139.29,0.24,984,1.4000000000000000,184,1,0.0000,0.0000,,,,,,,,,,,,,,,,,,,,,,
2021,9,18,0,30,14.8,0,0,0,0,7.9,0,0,0,0,63.46,139.13,0.24,984,1.4000000000000000,184,1,0.0000,0.0000,,,,,,,,,,,,,,,,,,,,,,
2021,9,18,1,30,14.200000000000000,0,0,0,0,8.1,0,0,0,0,66.91,134.55,0.24,984,1.5,178,0.9,0.0000,0.0000,,,,,,,,,,,,,,,,,,,,,,
2021,9,18,2,30,13.700000000000000,0,0,0,0,8.200000000000000,0,0,0,0,69.58,126.71000000000000,0.24,984,1.5,169,0.8,0.0000,0.0000,,,,,,,,,,,,,,,,,,,,,,
2021,9,18,3,30,13.3,0,0,0,0,8.3,0,0,0,0,71.78,116.87,0.24,985,1.6,159,0.8,0.0000,0.0000,,,,,,,,,,,,,,,,,,,,,,
2021,9,18,4,30,13.100000000000000,0,0,0,0,8.3,0,0,0,0,72.68,105.91,0.24,985,1.7000000000000000,147,0.9,0.0000,0.0000,,,,,,,,,,,,,,,,,,,,,,
2021,9,18,5,30,13.8,0,0,0,0,8.200000000000000,0,0,0,0,68.88,94.38,0.24,985,1.7000000000000000,149,1,0.0000,0.0000,,,,,,,,,,,,,,,,,,,,,,
2021,9,18,6,30,16.400000000000000,42,356,88,0,8.1,42,356,0,88,57.83,82.55,0.24,986,1.8,171,1.3,0.0000,0.0000,,,,,,,,,,,,,,,,,,,,,,
2021,9,18,7,30,19.400000000000000,76,629,281,0,8.3,76,629,0,281,48.78,71.02,0.24,986,1.8,206,1.5,14.2530,11.0227,,,,,,,,,,,,,,,,,,,,,,
2021,9,18,8,30,21.6,97,762,478,0,8.6,97,762,0,478,43.42,59.96,0.24,986,1.8,232,1.7000000000000000,26.3589,20.5876,,,,,,,,,,,,,,,,,,,,,,
2021,9,18,9,30,23.5,107,838,646,0,8.700000000000000,107,838,0,646,38.77,49.96,0.24,986,1.8,240,1.9000000000000000,37.3251,29.2702,,,,,,,,,,,,,,,,,,,,,,
2021,9,18,10,30,25.1,113,877,765,0,8.6,113,877,0,765,35.01,41.980000000000000,0.24,986,1.9000000000000000,240,2.1,45.2996,35.5880,,,,,,,,,,,,,,,,,,,,,,
2021,9,18,11,30,26.400000000000000,115,894,825,0,8.5,115,894,0,825,32.22,37.44,0.24,986,2,237,2.2,49.3694,38.8131,,,,,,,,,,,,,,,,,,,,,,
2021,9,18,12,30,27.200000000000000,109,902,823,0,8.5,109,902,0,823,30.77,37.65,0.24,985,2,232,2.3000000000000000,49.2279,38.7008,,,,,,,,,,,,,,,,,,,,,,
2021,9,18,13,30,27.6,99,896,759,0,8.700000000000000,99,896,0,759,30.38,42.56,0.24,985,2.1,231,2.5,44.8767,35.2521,,,,,,,,,,,,,,,,,,,,,,
2021,9,18,14,30,27.3,91,860,635,0,9.1,91,860,0,635,31.830000000000000,50.77,0.24,984,2.2,237,2.7,36.5788,28.6781,,,,,,,,,,,,,,,,,,,,,,
2021,9,18,15,30,27,79,793,465,0,9.8,79,793,0,465,33.94,60.9,0.24,984,2.2,241,2.8000000000000000,25.4981,19.9045,,,,,,,,,,,,,,,,,,,,,,
2021,9,18,16,30,24.400000000000000,62,661,266,0,10.700000000000000,62,661,0,266,42.02,72.04,0.24,984,2.5,253,2.6,13.3655,10.3214,,,,,,,,,,,,,,,,,,,,,,
2021,9,18,17,30,21.700000000000000,34,364,75,0,11.600000000000000,34,364,0,75,52.64,83.59,0.24,984,2.7,265,2.1,0.0000,0.0000,,,,,,,,,,,,,,,,,,,,,,
2021,9,18,18,30,19.3,0,0,0,0,12.4,0,0,0,0,64.45,95.46000000000000,0.24,985,2.8000000000000000,279,1.5,0.0000,0.0000,,,,,,,,,,,,,,,,,,,,,,
2021,9,18,19,30,18.2,0,0,0,0,13,0,0,0,0,71.7,106.99000000000000,0.24,985,3,283,1.1,0.0000,0.0000,,,,,,,,,,,,,,,,,,,,,,
2021,9,18,20,30,17.6,0,0,0,0,13.4,0,0,0,0,76.46000000000000,117.92,0.24,986,3.1,265,0.7000000000000000,0.0000,0.0000,,,,,,,,,,,,,,,,,,,,,,
2021,9,18,21,30,17.400000000000000,0,0,0,0,13.700000000000000,0,0,0,0,78.93,127.68,0.24,986,3.2,197,0.7000000000000000,0.0000,0.0000,,,,,,,,,,,,,,,,,,,,,,
2021,9,18,22,30,17.2,0,0,0,0,13.9,0,0,0,0,81.13,135.37,0.24,985,3.2,147,1,0.0000,0.0000,,,,,,,,,,,,,,,,,,,,,,
2021,9,18,23,30,17.1,0,0,0,0,14.100000000000000,0,0,0,0,82.47,139.69,0.24,985,3.2,153,1.2000000000000000,0.0000,0.0000,,,,,,,,,,,,,,,,,,,,,,
2021,9,19,0,30,17,0,0,0,3,14.200000000000000,0,0,0,0,83.56,139.5,0.24,985,3.2,171,1.1,0.0000,0.0000,,,,,,,,,,,,,,,,,,,,,,
2021,9,19,1,30,17,0,0,0,3,14.5,0,0,0,0,84.96000000000000,134.86,0.24,985,3,200,1.2000000000000000,0.0000,0.0000,,,,,,,,,,,,,,,,,,,,,,
2021,9,19,2,30,16.900000000000000,0,0,0,0,14.8,0,0,0,0,87.21000000000000,126.97,0.24,986,2.7,230,1.3,0.0000,0.0000,,,,,,,,,,,,,,,,,,,,,,
2021,9,19,3,30,16.5,0,0,0,0,14.9,0,0,0,0,90.34,117.09,0.24,986,2.4000000000000000,247,1.1,0.0000,0.0000,,,,,,,,,,,,,,,,,,,,,,
2021,9,19,4,30,15.8,0,0,0,0,14.700000000000000,0,0,0,0,93.16,106.10000000000000,0.24,986,2,257,0.8,0.0000,0.0000,,,,,,,,,,,,,,,,,,,,,,
2021,9,19,5,30,15.5,0,0,0,0,14.3,0,0,0,0,92.47,94.56,0.24,986,1.7000000000000000,267,0.7000000000000000,0.0000,0.0000,,,,,,,,,,,,,,,,,,,,,,
2021,9,19,6,30,16,36,441,92,0,13.9,36,441,0,92,87.24,82.72,0.24,986,1.5,283,0.9,0.0000,0.0000,,,,,,,,,,,,,,,,,,,,,,
2021,9,19,7,30,17.7,59,728,294,0,13.3,59,728,0,294,75.27,71.2,0.24,987,1.4000000000000000,308,1,14.8877,11.5108,,,,,,,,,,,,,,,,,,,,,,
2021,9,19,8,30,20.3,71,851,494,3,11.3,160,424,14,371,56.26,60.17,0.24,987,1.4000000000000000,308,1,20.4332,15.9575,,,,,,,,,,,,,,,,,,,,,,
2021,9,19,9,30,22.8,82,904,661,0,7.7,152,690,43,594,37.89,50.21,0.24,986,1.4000000000000000,291,1.2000000000000000,34.2890,26.8874,,,,,,,,,,,,,,,,,,,,,,
2021,9,19,10,30,24.6,94,925,778,0,5.5,121,860,0,757,29.18,42.29,0.24,986,1.4000000000000000,286,1.5,44.7900,35.1857,,,,,,,,,,,,,,,,,,,,,,
2021,9,19,11,30,25.900000000000000,96,941,840,0,4.5,96,941,0,840,25.26,37.800000000000000,0.24,985,1.4000000000000000,287,1.8,50.2288,39.4868,,,,,,,,,,,,,,,,,,,,,,
2021,9,19,12,30,26.8,94,942,836,0,4,94,942,0,836,23.080000000000000,38.050000000000000,0.24,985,1.5,293,2.1,49.9629,39.2763,,,,,,,,,,,,,,,,,,,,,,
2021,9,19,13,30,27.200000000000000,89,931,770,0,3.8000000000000000,89,931,0,770,22.26,42.95,0.24,984,1.5,299,2.3000000000000000,45.4801,35.7234,,,,,,,,,,,,,,,,,,,,,,
2021,9,19,14,30,27.1,80,900,645,0,3.8000000000000000,80,900,0,645,22.35,51.13,0.24,984,1.5,306,2.4000000000000000,37.1035,29.0864,,,,,,,,,,,,,,,,,,,,,,
2021,9,19,15,30,26.900000000000000,71,835,473,0,3.7,71,835,0,473,22.57,61.24,0.24,983,1.5,309,2.4000000000000000,25.8824,20.2003,,,,,,,,,,,,,,,,,,,,,,
2021,9,19,16,30,25,57,710,272,0,3.9000000000000000,57,710,0,272,25.560000000000000,72.36,0.24,983,1.4000000000000000,317,2.3000000000000000,13.6263,10.5178,,,,,,,,,,,,,,,,,,,,,,
2021,9,19,17,30,21.900000000000000,33,409,76,0,4.3,33,409,0,76,31.69,83.9,0.24,983,1.4000000000000000,319,1.6,0.0000,0.0000,,,,,,,,,,,,,,,,,,,,,,
2021,9,19,18,30,19.3,0,0,0,0,4.9,0,0,0,0,38.800000000000000,95.77,0.24,984,1.4000000000000000,324,1.3,0.0000,0.0000,,,,,,,,,,,,,,,,,,,,,,
2021,9,19,19,30,18.6,0,0,0,0,5.300000000000000,0,0,0,0,41.58,107.31,0.24,984,1.4000000000000000,339,1.2000000000000000,0.0000,0.0000,,,,,,,,,,,,,,,,,,,,,,
2021,9,19,20,30,18.1,0,0,0,0,5.4,0,0,0,0,43.26,118.26,0.24,984,1.4000000000000000,181,1,0.0000,0.0000,,,,,,,,,,,,,,,,,,,,,,
2021,9,19,21,30,17.7,0,0,0,0,5.300000000000000,0,0,0,0,44.18,128.05,0.24,984,1.4000000000000000,23,0.8,0.0000,0.0000,,,,,,,,,,,,,,,,,,,,,,
2021,9,19,22,30,17.400000000000000,0,0,0,0,5.1000000000000000,0,0,0,0,44.35,135.76,0.24,983,1.4000000000000000,38,0.8,0.0000,0.0000,,,,,,,,,,,,,,,,,,,,,,
2021,9,19,23,30,17.3,0,0,0,0,4.800000000000000,0,0,0,0,43.730000000000000,140.08,0.24,983,1.3,54,0.9,0.0000,0.0000,,,,,,,,,,,,,,,,,,,,,,
2021,9,20,0,30,17.2,0,0,0,0,4.3,0,0,0,0,42.5,139.86,0.24,982,1.3,66,1.1,0.0000,0.0000,,,,,,,,,,,,,,,,,,,,,,
2021,9,20,1,30,17.1,0,0,0,0,3.9000000000000000,0,0,0,0,41.42,135.17000000000000,0.24,982,1.3,71,1.2000000000000000,0.0000,0.0000,,,,,,,,,,,,,,,,,,,,,,
2021,9,20,2,30,16.7,0,0,0,0,3.6,0,0,0,0,41.61,127.22,0.24,982,1.3,74,1.2000000000000000,0.0000,0.0000,,,,,,,,,,,,,,,,,,,,,,
2021,9,20,3,30,16.2,0,0,0,0,3.4000000000000000,0,0,0,0,42.5,117.3,0.24,982,1.3,75,1.1,0.0000,0.0000,,,,,,,,,,,,,,,,,,,,,,
2021,9,20,4,30,15.8,0,0,0,0,3.4000000000000000,0,0,0,0,43.56,106.29,0.24,982,1.2000000000000000,77,1.1,0.0000,0.0000,,,,,,,,,,,,,,,,,,,,,,
2021,9,20,5,30,16.1,0,0,0,3,3.5,0,0,0,0,42.89,94.73,0.24,982,1.2000000000000000,80,1.2000000000000000,0.0000,0.0000,,,,,,,,,,,,,,,,,,,,,,
2021,9,20,6,30,18.5,34,466,92,3,3.6,41,294,57,77,37.14,82.89,0.24,983,1.2000000000000000,87,1.4000000000000000,0.0000,0.0000,,,,,,,,,,,,,,,,,,,,,,
2021,9,20,7,30,22.6,57,742,294,0,3.7,57,742,0,294,29.12,71.39,0.24,983,1.2000000000000000,105,1.3,14.8617,11.4876,,,,,,,,,,,,,,,,,,,,,,
2021,9,20,8,30,26.5,71,861,497,0,3,71,861,0,497,21.96,60.38,0.24,983,1.1,147,1,27.3386,21.3478,,,,,,,,,,,,,,,,,,,,,,
2021,9,20,9,30,29.5,80,920,666,0,2,80,920,0,666,17.080000000000000,50.46,0.24,983,1.1,197,1,38.4094,30.1162,,,,,,,,,,,,,,,,,,,,,,
2021,9,20,10,30,31.6,87,950,786,0,1.2000000000000000,87,950,0,786,14.36,42.6,0.24,983,1.1,226,1.4000000000000000,46.4683,36.5020,,,,,,,,,,,,,,,,,,,,,,
2021,9,20,11,30,33.1,89,964,847,0,0.8,89,964,0,847,12.790000000000000,38.18,0.24,983,1.1,237,1.7000000000000000,50.6062,39.7812,,,,,,,,,,,,,,,,,,,,,,
2021,9,20,12,30,33.9,94,957,843,0,0.5,94,957,0,843,12.030000000000000,38.45,0.24,982,1.1,239,1.9000000000000000,50.3376,39.5686,,,,,,,,,,,,,,,,,,,,,,
2021,9,20,13,30,34.2,94,934,773,0,0.30000000000000000,94,934,0,773,11.63,43.33,0.24,982,1.1,239,2,45.6105,35.8233,,,,,,,,,,,,,,,,,,,,,,
2021,9,20,14,30,33.800000000000000,86,897,645,0,0,86,897,0,645,11.66,51.49,0.24,982,1.1,240,1.9000000000000000,37.0515,29.0424,,,,,,,,,,,,,,,,,,,,,,
2021,9,20,15,30,33.4,77,827,471,0,-0.1,77,827,0,471,11.78,61.57,0.24,982,1.1,242,1.8,25.7197,20.0692,,,,,,,,,,,,,,,,,,,,,,
2021,9,20,16,30,30.3,63,674,264,0,-0.2,63,674,0,264,13.97,72.68,0.24,982,1.1,260,1.1,13.1861,10.1730,,,,,,,,,,,,,,,,,,,,,,
2021,9,20,17,30,26.700000000000000,34,335,68,0,1,34,335,0,68,18.73,84.21000000000000,0.24,983,1.1,293,0.7000000000000000,0.0000,0.0000,,,,,,,,,,,,,,,,,,,,,,
2021,9,20,18,30,24.700000000000000,0,0,0,0,0.8,0,0,0,0,20.89,96.09,0.24,983,1.1,168,0.6000000000000000,0.0000,0.0000,,,,,,,,,,,,,,,,,,,,,,
2021,9,20,19,30,24.1,0,0,0,0,0.30000000000000000,0,0,0,0,20.77,107.63,0.24,984,1.1,44,0.5,0.0000,0.0000,,,,,,,,,,,,,,,,,,,,,,
2021,9,20,20,30,23.3,0,0,0,0,-0.6000000000000000,0,0,0,0,20.5,118.60000000000000,0.24,984,1.1,76,0.6000000000000000,0.0000,0.0000,,,,,,,,,,,,,,,,,,,,,,
2021,9,20,21,30,22.6,0,0,0,0,-1.4000000000000000,0,0,0,0,20.150000000000000,128.41,0.24,984,1.2000000000000000,91,0.8,0.0000,0.0000,,,,,,,,,,,,,,,,,,,,,,
2021,9,20,22,30,22,0,0,0,0,-2.2,0,0,0,0,19.740000000000000,136.15,0.24,985,1.2000000000000000,97,1,0.0000,0.0000,,,,,,,,,,,,,,,,,,,,,,
2021,9,20,23,30,21.200000000000000,0,0,0,0,-2.7,0,0,0,0,19.93,140.48,0.24,985,1.3,98,1.1,0.0000,0.0000,,,,,,,,,,,,,,,,,,,,,,
2021,9,21,0,30,20.6,0,0,0,0,-3.1,0,0,0,0,20.150000000000000,140.23,0.24,985,1.3,95,1.1,0.0000,0.0000,,,,,,,,,,,,,,,,,,,,,,
2021,9,21,1,30,20,0,0,0,0,-3.2,0,0,0,0,20.72,135.48,0.24,985,1.4000000000000000,96,1.1,0.0000,0.0000,,,,,,,,,,,,,,,,,,,,,,
2021,9,21,2,30,19.5,0,0,0,0,-2.8000000000000000,0,0,0,0,21.92,127.47,0.24,986,1.4000000000000000,99,1.1,0.0000,0.0000,,,,,,,,,,,,,,,,,,,,,,
2021,9,21,3,30,19.200000000000000,0,0,0,0,-2.4000000000000000,0,0,0,0,23,117.51,0.24,986,1.4000000000000000,102,1.1,0.0000,0.0000,,,,,,,,,,,,,,,,,,,,,,
2021,9,21,4,30,19.200000000000000,0,0,0,0,-2.1,0,0,0,0,23.62,106.47,0.24,986,1.4000000000000000,108,1.1,0.0000,0.0000,,,,,,,,,,,,,,,,,,,,,,
2021,9,21,5,30,19.900000000000000,0,0,0,0,-1.6,0,0,0,0,23.47,94.9,0.24,987,1.4000000000000000,115,1.1,0.0000,0.0000,,,,,,,,,,,,,,,,,,,,,,
2021,9,21,6,30,22.700000000000000,43,200,67,0,-1,43,200,7,67,20.6,83.06,0.24,987,1.4000000000000000,119,1,0.0000,0.0000,,,,,,,,,,,,,,,,,,,,,,
2021,9,21,7,30,27,108,447,249,0,-0.1,108,447,0,249,17.03,71.57000000000000,0.24,988,1.4000000000000000,130,1.2000000000000000,12.5660,9.7106,,,,,,,,,,,,,,,,,,,,,,
2021,9,21,8,30,30.3,148,597,441,0,1.1,148,597,0,441,15.3,60.59,0.24,988,1.4000000000000000,153,1.6,24.2277,18.9162,,,,,,,,,,,,,,,,,,,,,,
2021,9,21,9,30,32.5,181,665,602,0,2.1,181,665,0,602,14.56,50.72,0.24,988,1.4000000000000000,176,1.8,34.6844,27.1934,,,,,,,,,,,,,,,,,,,,,,
2021,9,21,10,30,34.2,210,687,713,0,2.1,210,687,0,713,13.200000000000000,42.910000000000000,0.24,988,1.4000000000000000,196,1.9000000000000000,42.1179,33.0827,,,,,,,,,,,,,,,,,,,,,,
2021,9,21,11,30,35.5,215,712,772,0,1.9000000000000000,215,712,0,772,12.09,38.550000000000000,0.24,988,1.4000000000000000,214,1.9000000000000000,46.0879,36.2275,,,,,,,,,,,,,,,,,,,,,,
2021,9,21,12,30,36.2,215,710,768,0,1.5,215,710,0,768,11.34,38.85,0.24,987,1.4000000000000000,229,1.8,45.8187,36.0143,,,,,,,,,,,,,,,,,,,,,,
2021,9,21,13,30,36.4,205,686,701,0,1.1,205,686,0,701,10.92,43.72,0.24,987,1.4000000000000000,241,1.5,41.3180,32.4494,,,,,,,,,,,,,,,,,,,,,,
2021,9,21,14,30,36,183,642,580,0,0.8,183,642,0,580,10.94,51.85,0.24,987,1.4000000000000000,253,1.1,33.2701,26.0754,,,,,,,,,,,,,,,,,,,,,,
2021,9,21,15,30,35.7,150,558,413,0,0.6000000000000000,150,558,0,413,10.950000000000000,61.910000000000000,0.24,986,1.4000000000000000,259,0.9,22.5037,17.5560,,,,,,,,,,,,,,,,,,,,,,
2021,9,21,16,30,32.4,101,420,224,0,0.7000000000000000,101,420,0,224,13.25,72.99,0.24,986,1.4000000000000000,306,0.6000000000000000,11.1559,8.6026,,,,,,,,,,,,,,,,,,,,,,
2021,9,21,17,30,29,33,167,49,0,2.2,33,167,0,49,17.87,84.51,0.24,987,1.4000000000000000,171,0.8,0.0000,0.0000,,,,,,,,,,,,,,,,,,,,,,
2021,9,21,18,30,26.3,0,0,0,0,1.3,0,0,0,0,19.69,96.4,0.24,987,1.4000000000000000,32,1.1,0.0000,0.0000,,,,,,,,,,,,,,,,,,,,,,
2021,9,21,19,30,24.900000000000000,0,0,0,0,1.1,0,0,0,0,21.03,107.95,0.24,987,1.4000000000000000,58,1.1,0.0000,0.0000,,,,,,,,,,,,,,,,,,,,,,
2021,9,21,20,30,24.1,0,0,0,0,1,0,0,0,0,21.97,118.94,0.24,988,1.4000000000000000,70,1,0.0000,0.0000,,,,,,,,,,,,,,,,,,,,,,
2021,9,21,21,30,23.400000000000000,0,0,0,0,1.1,0,0,0,0,23.09,128.78,0.24,988,1.4000000000000000,78,1,0.0000,0.0000,,,,,,,,,,,,,,,,,,,,,,
2021,9,21,22,30,22.700000000000000,0,0,0,0,1.5,0,0,0,0,24.77,136.54,0.24,988,1.4000000000000000,86,1.1,0.0000,0.0000,,,,,,,,,,,,,,,,,,,,,,
2021,9,21,23,30,22.1,0,0,0,0,2.1,0,0,0,0,26.82,140.88,0.24,988,1.4000000000000000,98,1.1,0.0000,0.0000,,,,,,,,,,,,,,,,,,,,,,
2021,9,22,0,30,21.400000000000000,0,0,0,0,2.8000000000000000,0,0,0,0,29.310000000000000,140.6,0.24,988,1.4000000000000000,112,1.1,0.0000,0.0000,,,,,,,,,,,,,,,,,,,,,,
2021,9,22,1,30,20.700000000000000,0,0,0,0,3.4000000000000000,0,0,0,0,31.96,135.79,0.24,988,1.4000000000000000,124,1.1,0.0000,0.0000,,,,,,,,,,,,,,,,,,,,,,
2021,9,22,2,30,20.200000000000000,0,0,0,0,3.9000000000000000,0,0,0,0,34.22,127.73,0.24,988,1.5,134,1.1,0.0000,0.0000,,,,,,,,,,,,,,,,,,,,,,
2021,9,22,3,30,19.6,0,0,0,0,4.4,0,0,0,0,36.730000000000000,117.72,0.24,988,1.5,139,1.1,0.0000,0.0000,,,,,,,,,,,,,,,,,,,,,,
2021,9,22,4,30,19.1,0,0,0,0,4.800000000000000,0,0,0,0,38.95,106.66,0.24,988,1.6,140,1.1,0.0000,0.0000,,,,,,,,,,,,,,,,,,,,,,
2021,9,22,5,30,19.1,0,0,0,0,5,0,0,0,0,39.39,95.08,0.24,989,1.6,138,1,0.0000,0.0000,,,,,,,,,,,,,,,,,,,,,,
2021,9,22,6,30,21.3,42,219,68,0,5.1000000000000000,40,188,21,62,34.64,83.23,0.24,989,1.6,133,1.1,0.0000,0.0000,,,,,,,,,,,,,,,,,,,,,,
2021,9,22,7,30,25.200000000000000,99,488,252,0,5.5,99,488,0,252,28.22,71.76,0.24,989,1.7000000000000000,133,1.4000000000000000,12.6950,9.8076,,,,,,,,,,,,,,,,,,,,,,
2021,9,22,8,30,28.400000000000000,128,650,445,0,5.5,128,650,0,445,23.43,60.800000000000000,0.24,989,1.7000000000000000,160,1.6,24.4163,19.0612,,,,,,,,,,,,,,,,,,,,,,
2021,9,22,9,30,30.8,143,743,611,0,5.4,143,743,0,611,20.14,50.980000000000000,0.24,988,1.8,195,1.7000000000000000,35.1680,27.5704,,,,,,,,,,,,,,,,,,,,,,
2021,9,22,10,30,32.6,149,798,730,0,5.5,149,798,0,730,18.31,43.230000000000000,0.24,988,1.8,213,1.9000000000000000,43.0850,33.8404,,,,,,,,,,,,,,,,,,,,,,
2021,9,22,11,30,34,150,825,792,0,5.4,174,771,36,774,16.89,38.92,0.24,987,1.8,221,2.1,46.1694,36.2896,,,,,,,,,,,,,,,,,,,,,,
2021,9,22,12,30,34.9,142,838,791,0,5.2,199,702,14,743,15.860000000000000,39.25,0.24,986,1.8,228,2.3000000000000000,44.2874,34.8085,,,,,,,,,,,,,,,,,,,,,,
2021,9,22,13,30,35.2,129,835,729,0,5,129,835,0,729,15.39,44.11,0.24,985,1.7000000000000000,233,2.3000000000000000,42.9216,33.7062,,,,,,,,,,,,,,,,,,,,,,
2021,9,22,14,30,34.800000000000000,116,798,605,0,4.9,116,798,0,605,15.55,52.21,0.24,985,1.7000000000000000,239,2.2,34.6538,27.1567,,,,,,,,,,,,,,,,,,,,,,
2021,9,22,15,30,34.4,99,721,435,0,4.6000000000000000,99,721,0,435,15.620000000000000,62.24,0.24,984,1.7000000000000000,244,2.2,23.6519,18.4477,,,,,,,,,,,,,,,,,,,,,,
2021,9,22,16,30,31.200000000000000,72,585,240,0,4.3,72,585,7,240,18.34,73.31,0.24,984,1.6,267,1.9000000000000000,11.9173,9.1849,,,,,,,,,,,,,,,,,,,,,,
2021,9,22,17,30,27.1,31,272,56,7,4.2,31,191,57,48,23.1,84.82000000000000,0.24,985,1.6,283,1.3,0.0000,0.0000,,,,,,,,,,,,,,,,,,,,,,
2021,9,22,18,30,24.200000000000000,0,0,0,0,4.1000000000000000,0,0,0,0,27.240000000000000,96.71000000000000,0.24,985,1.5,302,1.1,0.0000,0.0000,,,,,,,,,,,,,,,,,,,,,,
2021,9,22,19,30,23.400000000000000,0,0,0,0,4.1000000000000000,0,0,0,0,28.400000000000000,108.28,0.24,985,1.5,164,0.9,0.0000,0.0000,,,,,,,,,,,,,,,,,,,,,,
2021,9,22,20,30,22.3,0,0,0,0,4.2,0,0,0,0,30.66,119.28,0.24,984,1.4000000000000000,30,0.8,0.0000,0.0000,,,,,,,,,,,,,,,,,,,,,,
2021,9,22,21,30,21.400000000000000,0,0,0,0,4.5,0,0,0,0,33.17,129.14000000000000,0.24,984,1.4000000000000000,50,0.9,0.0000,0.0000,,,,,,,,,,,,,,,,,,,,,,
2021,9,22,22,30,21,0,0,0,0,4.9,0,0,0,0,34.97,136.93,0.24,984,1.4000000000000000,58,0.9,0.0000,0.0000,,,,,,,,,,,,,,,,,,,,,,
2021,9,22,23,30,20.6,0,0,0,0,5.5,0,0,0,0,37.18,141.28,0.24,984,1.3,68,0.9,0.0000,0.0000,,,,,,,,,,,,,,,,,,,,,,
2021,9,23,0,30,19.900000000000000,0,0,0,0,6,0,0,0,0,40.31,140.96,0.24,983,1.3,76,0.8,0.0000,0.0000,,,,,,,,,,,,,,,,,,,,,,
2021,9,23,1,30,18.8,0,0,0,0,6.800000000000000,0,0,0,0,45.46,136.1,0.24,983,1.3,68,0.7000000000000000,0.0000,0.0000,,,,,,,,,,,,,,,,,,,,,,
2021,9,23,2,30,17.8,0,0,0,0,7.5,0,0,0,0,51.01,127.98,0.24,983,1.3,61,0.6000000000000000,0.0000,0.0000,,,,,,,,,,,,,,,,,,,,,,
2021,9,23,3,30,17.7,0,0,0,0,7.9,0,0,0,0,52.58,117.93,0.24,982,1.3,66,0.6000000000000000,0.0000,0.0000,,,,,,,,,,,,,,,,,,,,,,
2021,9,23,4,30,17.900000000000000,0,0,0,0,7.9,0,0,0,0,51.83,106.84,0.24,982,1.3,69,0.6000000000000000,0.0000,0.0000,,,,,,,,,,,,,,,,,,,,,,
2021,9,23,5,30,18.3,0,0,0,0,7.6000000000000000,0,0,0,0,49.82,95.25,0.24,983,1.3,69,0.7000000000000000,0.0000,0.0000,,,,,,,,,,,,,,,,,,,,,,
2021,9,23,6,30,20.5,38,335,77,0,7.300000000000000,38,335,0,77,42.31,83.4,0.24,983,1.3,75,0.8,0.0000,0.0000,,,,,,,,,,,,,,,,,,,,,,
2021,9,23,7,30,24.400000000000000,76,626,270,0,6.800000000000000,76,626,0,270,32.37,71.95,0.24,983,1.3,90,0.9,13.5778,10.4868,,,,,,,,,,,,,,,,,,,,,,
2021,9,23,8,30,28,96,765,467,0,6.4,96,765,0,467,25.43,61.02,0.24,983,1.3,161,0.8,25.5889,19.9739,,,,,,,,,,,,,,,,,,,,,,
2021,9,23,9,30,31,112,832,633,0,5.7,112,832,0,633,20.36,51.24,0.24,982,1.3,243,1.1,36.3977,28.5321,,,,,,,,,,,,,,,,,,,,,,
2021,9,23,10,30,33.300000000000000,124,860,747,0,4.9,124,860,0,747,16.94,43.54,0.24,982,1.4000000000000000,266,1.6,44.0511,34.5971,,,,,,,,,,,,,,,,,,,,,,
2021,9,23,11,30,35.300000000000000,129,875,806,0,4,129,875,0,806,14.19,39.29,0.24,981,1.4000000000000000,267,2,48.0382,37.7563,,,,,,,,,,,,,,,,,,,,,,
2021,9,23,12,30,36.4,124,880,802,0,2.9000000000000000,124,880,0,802,12.35,39.65,0.24,980,1.5,267,2.3000000000000000,47.7604,37.5359,,,,,,,,,,,,,,,,,,,,,,
2021,9,23,13,30,36.7,113,872,735,0,2.1,113,872,0,735,11.52,44.49,0.24,980,1.5,270,2.5,43.2282,33.9444,,,,,,,,,,,,,,,,,,,,,,
2021,9,23,14,30,36.2,106,826,608,0,1.6,106,826,0,608,11.41,52.57,0.24,980,1.5,274,2.5,34.7743,27.2479,,,,,,,,,,,,,,,,,,,,,,
2021,9,23,15,30,35.9,92,744,435,0,1.2000000000000000,92,744,0,435,11.25,62.58,0.24,979,1.5,276,2.5,23.5991,18.4023,,,,,,,,,,,,,,,,,,,,,,
2021,9,23,16,30,32.300000000000000,73,572,234,0,0.9,73,572,0,234,13.48,73.63,0.24,980,1.5,289,1.5,11.5850,8.9241,,,,,,,,,,,,,,,,,,,,,,
2021,9,23,17,30,27.900000000000000,31,237,51,0,1.6,31,218,14,50,18.21,85.12,0.24,980,1.4000000000000000,309,0.9,0.0000,0.0000,,,,,,,,,,,,,,,,,,,,,,
2021,9,23,18,30,25.200000000000000,0,0,0,3,1.5,0,0,0,0,21.35,97.02,0.24,980,1.5,335,0.9,0.0000,0.0000,,,,,,,,,,,,,,,,,,,,,,
2021,9,23,19,30,24.5,0,0,0,3,1.4000000000000000,0,0,0,0,22.06,108.60000000000000,0.24,981,1.6,192,0.7000000000000000,0.0000,0.0000,,,,,,,,,,,,,,,,,,,,,,
2021,9,23,20,30,24.1,0,0,0,3,1.3,0,0,0,0,22.37,119.62,0.24,981,1.7000000000000000,53,0.6000000000000000,0.0000,0.0000,,,,,,,,,,,,,,,,,,,,,,
2021,9,23,21,30,23.5,0,0,0,3,1.4000000000000000,0,0,0,0,23.35,129.51,0.24,981,1.8,78,0.7000000000000000,0.0000,0.0000,,,,,,,,,,,,,,,,,,,,,,
2021,9,23,22,30,22.5,0,0,0,3,1.8,0,0,0,0,25.51,137.32,0.24,981,1.9000000000000000,86,0.8,0.0000,0.0000,,,,,,,,,,,,,,,,,,,,,,
2021,9,23,23,30,21.700000000000000,0,0,0,3,2.3000000000000000,0,0,0,0,27.85,141.67000000000000,0.24,981,2,88,0.9,0.0000,0.0000,,,,,,,,,,,,,,,,,,,,,,
2021,9,24,0,30,21.200000000000000,0,0,0,3,2.7,0,0,0,0,29.490000000000000,141.33,0.24,981,2,93,1,0.0000,0.0000,,,,,,,,,,,,,,,,,,,,,,
2021,9,24,1,30,20.700000000000000,0,0,0,3,2.9000000000000000,0,0,0,0,30.86,136.41,0.24,981,2,89,1,0.0000,0.0000,,,,,,,,,,,,,,,,,,,,,,
2021,9,24,2,30,20.700000000000000,0,0,0,3,3.1,0,0,0,0,31.330000000000000,128.23,0.24,982,2,79,1.2000000000000000,0.0000,0.0000,,,,,,,,,,,,,,,,,,,,,,
2021,9,24,3,30,21.1,0,0,0,0,2.5,0,0,0,0,29.3,118.14,0.24,982,2,83,1.2000000000000000,0.0000,0.0000,,,,,,,,,,,,,,,,,,,,,,
2021,9,24,4,30,21.3,0,0,0,0,2.2,0,0,0,0,28.41,107.03,0.24,982,2,97,1,0.0000,0.0000,,,,,,,,,,,,,,,,,,,,,,
2021,9,24,5,30,21.200000000000000,0,0,0,0,2.4000000000000000,0,0,0,0,28.84,95.43,0.24,982,2.1,111,1,0.0000,0.0000,,,,,,,,,,,,,,,,,,,,,,
2021,9,24,6,30,21.700000000000000,40,219,64,0,2.7,40,219,0,64,28.64,83.58,0.24,982,2.3000000000000000,114,1,0.0000,0.0000,,,,,,,,,,,,,,,,,,,,,,
2021,9,24,7,30,23.6,95,478,242,0,2.9000000000000000,95,478,0,242,25.95,72.14,0.24,983,2.2,106,1.1,12.1483,9.3800,,,,,,,,,,,,,,,,,,,,,,
2021,9,24,8,30,26.6,133,618,430,0,2.8000000000000000,133,618,0,430,21.490000000000000,61.24,0.24,983,2.1,119,1.1,23.5295,18.3639,,,,,,,,,,,,,,,,,,,,,,
2021,9,24,9,30,29.5,155,703,593,0,2.9000000000000000,155,703,0,593,18.28,51.5,0.24,983,2,162,1.1,34.0631,26.6998,,,,,,,,,,,,,,,,,,,,,,
2021,9,24,10,30,31.8,173,745,710,0,2.9000000000000000,173,745,0,710,16.03,43.86,0.24,983,1.9000000000000000,203,1.3,41.8322,32.8523,,,,,,,,,,,,,,,,,,,,,,
2021,9,24,11,30,33.7,188,748,764,0,2.6,188,748,0,764,14.040000000000000,39.660000000000000,0.24,982,1.8,227,1.6,45.4964,35.7565,,,,,,,,,,,,,,,,,,,,,,
2021,9,24,12,30,35,196,730,755,0,2,196,730,0,755,12.540000000000000,40.04,0.24,981,1.7000000000000000,241,1.9000000000000000,44.9207,35.3019,,,,,,,,,,,,,,,,,,,,,,
2021,9,24,13,30,35.5,197,686,683,0,1.3,197,686,0,683,11.6,44.88,0.24,981,1.7000000000000000,249,1.9000000000000000,40.1247,31.5048,,,,,,,,,,,,,,,,,,,,,,
2021,9,24,14,30,35.300000000000000,189,611,557,0,0.8,189,611,0,557,11.370000000000000,52.93,0.24,980,1.7000000000000000,255,1.9000000000000000,31.8096,24.9218,,,,,,,,,,,,,,,,,,,,,,
2021,9,24,15,30,34.9,158,508,389,0,0.5,158,508,0,389,11.370000000000000,62.92,0.24,980,1.7000000000000000,257,1.9000000000000000,21.0557,16.4152,,,,,,,,,,,,,,,,,,,,,,
2021,9,24,16,30,31,105,340,199,0,0.4,105,340,0,199,14.01,73.95,0.24,980,1.7000000000000000,262,1.3,9.8232,7.5630,,,,,,,,,,,,,,,,,,,,,,
2021,9,24,17,30,26.900000000000000,26,103,34,0,1,26,103,0,34,18.53,85.43,0.24,981,1.7000000000000000,268,1.1,0.0000,0.0000,,,,,,,,,,,,,,,,,,,,,,
2021,9,24,18,30,24.6,0,0,0,0,1.6,0,0,0,0,22.2,97.33,0.24,982,1.7000000000000000,284,1.1,0.0000,0.0000,,,,,,,,,,,,,,,,,,,,,,
2021,9,24,19,30,23.5,0,0,0,0,2.6,0,0,0,0,25.51,108.92,0.24,982,1.7000000000000000,168,0.9,0.0000,0.0000,,,,,,,,,,,,,,,,,,,,,,
2021,9,24,20,30,22.5,0,0,0,0,3.6,0,0,0,0,28.96,119.95,0.24,983,1.7000000000000000,44,0.8,0.0000,0.0000,,,,,,,,,,,,,,,,,,,,,,
2021,9,24,21,30,22,0,0,0,0,4.2,0,0,0,0,31.27,129.87,0.24,983,1.7000000000000000,47,0.8,0.0000,0.0000,,,,,,,,,,,,,,,,,,,,,,
2021,9,24,22,30,21.8,0,0,0,0,4.5,0,0,0,0,32.29,137.71,0.24,983,1.7000000000000000,34,0.8,0.0000,0.0000,,,,,,,,,,,,,,,,,,,,,,
2021,9,24,23,30,21.400000000000000,0,0,0,0,4.800000000000000,0,0,0,0,33.76,142.07,0.24,983,1.7000000000000000,149,0.6000000000000000,0.0000,0.0000,,,,,,,,,,,,,,,,,,,,,,
2021,9,25,0,30,20.8,0,0,0,0,5,0,0,0,0,35.67,141.70000000000000,0.24,983,1.7000000000000000,208,0.6000000000000000,0.0000,0.0000,,,,,,,,,,,,,,,,,,,,,,
2021,9,25,1,30,20,0,0,0,0,5.300000000000000,0,0,0,0,38.22,136.71,0.24,983,1.7000000000000000,123,0.6000000000000000,0.0000,0.0000,,,,,,,,,,,,,,,,,,,,,,
2021,9,25,2,30,19.400000000000000,0,0,0,0,5.5,0,0,0,0,40.18,128.48,0.24,983,1.7000000000000000,100,0.7000000000000000,0.0000,0.0000,,,,,,,,,,,,,,,,,,,,,,
2021,9,25,3,30,19.1,0,0,0,0,5.4,0,0,0,0,40.63,118.35000000000000,0.24,983,1.7000000000000000,94,0.8,0.0000,0.0000,,,,,,,,,,,,,,,,,,,,,,
2021,9,25,4,30,18.900000000000000,0,0,0,0,5.2,0,0,0,0,40.6,107.21000000000000,0.24,984,1.6,93,0.8,0.0000,0.0000,,,,,,,,,,,,,,,,,,,,,,
2021,9,25,5,30,18.8,0,0,0,0,5.2,0,0,0,0,40.77,95.60000000000000,0.24,984,1.6,95,0.9,0.0000,0.0000,,,,,,,,,,,,,,,,,,,,,,
2021,9,25,6,30,19.8,35,112,47,0,5.4,35,112,0,47,38.96,83.75,0.24,984,1.6,98,0.9,0.0000,0.0000,,,,,,,,,,,,,,,,,,,,,,
2021,9,25,7,30,22.5,124,290,212,0,6.1000000000000000,124,290,0,212,34.52,72.33,0.24,984,1.6,113,0.9,10.6235,8.2003,,,,,,,,,,,,,,,,,,,,,,
2021,9,25,8,30,25.6,197,409,392,0,4.9,197,409,0,392,26.5,61.45,0.24,984,1.6,177,0.9,21.4220,16.7169,,,,,,,,,,,,,,,,,,,,,,
2021,9,25,9,30,28,241,508,555,0,4.1000000000000000,241,508,0,555,21.63,51.76,0.24,984,1.7000000000000000,243,1.2000000000000000,31.8475,24.9611,,,,,,,,,,,,,,,,,,,,,,
2021,9,25,10,30,30.1,256,582,673,0,3.5,256,582,0,673,18.45,44.18,0.24,984,1.7000000000000000,262,1.6,39.6167,31.1104,,,,,,,,,,,,,,,,,,,,,,
2021,9,25,11,30,31.8,272,595,728,0,3.1,272,595,0,728,16.2,40.04,0.24,983,1.7000000000000000,267,2,43.3142,34.0394,,,,,,,,,,,,,,,,,,,,,,
2021,9,25,12,30,32.7,280,575,718,0,2.7,280,575,0,718,15.030000000000000,40.44,0.24,982,1.7000000000000000,269,2.2,42.6788,33.5379,,,,,,,,,,,,,,,,,,,,,,
2021,9,25,13,30,32.800000000000000,277,522,644,0,2.3000000000000000,277,522,0,644,14.55,45.27,0.24,982,1.8,269,2.3000000000000000,37.7902,29.6693,,,,,,,,,,,,,,,,,,,,,,
2021,9,25,14,30,32.1,251,450,520,0,2.3000000000000000,251,450,0,520,15.09,53.29,0.24,981,1.8,269,2.3000000000000000,29.6513,23.2280,,,,,,,,,,,,,,,,,,,,,,
2021,9,25,15,30,31.5,197,353,356,0,2.7,197,353,0,356,16.01,63.25,0.24,981,1.8,269,2.3000000000000000,19.2264,14.9855,,,,,,,,,,,,,,,,,,,,,,
2021,9,25,16,30,27.400000000000000,114,203,169,0,3.4000000000000000,114,203,0,169,21.43,74.27,0.24,982,1.9000000000000000,265,1.8,8.3180,6.4006,,,,,,,,,,,,,,,,,,,,,,
2021,9,25,17,30,23.700000000000000,18,45,21,0,4.800000000000000,18,45,0,21,29.330000000000000,85.73,0.24,982,2,268,1.5,0.0000,0.0000,,,,,,,,,,,,,,,,,,,,,,
2021,9,25,18,30,21.6,0,0,0,0,5.9,0,0,0,0,36.01,97.65,0.24,983,2,141,1.1,0.0000,0.0000,,,,,,,,,,,,,,,,,,,,,,
2021,9,25,19,30,21,0,0,0,0,6.300000000000000,0,0,0,0,38.49,109.24000000000000,0.24,983,2,64,0.8,0.0000,0.0000,,,,,,,,,,,,,,,,,,,,,,
2021,9,25,20,30,20.5,0,0,0,0,6.4,0,0,0,0,39.83,120.29,0.24,983,1.9000000000000000,170,0.9,0.0000,0.0000,,,,,,,,,,,,,,,,,,,,,,
2021,9,25,21,30,19.700000000000000,0,0,0,0,6.7,0,0,0,0,42.68,130.23,0.24,983,1.9000000000000000,225,1.1,0.0000,0.0000,,,,,,,,,,,,,,,,,,,,,,
2021,9,25,22,30,18.8,0,0,0,0,7.300000000000000,0,0,0,0,47.230000000000000,138.1,0.24,984,1.8,219,1.1,0.0000,0.0000,,,,,,,,,,,,,,,,,,,,,,
2021,9,25,23,30,18.1,0,0,0,0,8,0,0,0,0,51.6,142.47,0.24,984,1.8,206,1,0.0000,0.0000,,,,,,,,,,,,,,,,,,,,,,
2021,9,26,0,30,17.6,0,0,0,0,8.4,0,0,0,0,54.64,142.06,0.24,984,1.8,191,0.8,0.0000,0.0000,,,,,,,,,,,,,,,,,,,,,,
2021,9,26,1,30,17.1,0,0,0,0,8.6,0,0,0,0,57.21,137.02,0.24,984,1.8,177,0.8,0.0000,0.0000,,,,,,,,,,,,,,,,,,,,,,
2021,9,26,2,30,16.6,0,0,0,8,8.6,0,0,0,0,59.36,128.73,0.24,984,1.7000000000000000,171,0.9,0.0000,0.0000,,,,,,,,,,,,,,,,,,,,,,
2021,9,26,3,30,16.2,0,0,0,8,8.6,0,0,0,0,60.77,118.56,0.24,983,1.6,172,1.1,0.0000,0.0000,,,,,,,,,,,,,,,,,,,,,,
2021,9,26,4,30,16,0,0,0,7,8.700000000000000,0,0,0,0,61.78,107.4,0.24,983,1.6,171,1.2000000000000000,0.0000,0.0000,,,,,,,,,,,,,,,,,,,,,,
2021,9,26,5,30,16.1,0,0,0,7,8.700000000000000,0,0,0,0,61.44,95.78,0.24,984,1.5,167,1.1,0.0000,0.0000,,,,,,,,,,,,,,,,,,,,,,
2021,9,26,6,30,17.2,38,145,53,8,8.6,30,103,86,41,57.13,83.92,0.24,984,1.4000000000000000,166,1.3,0.0000,0.0000,,,,,,,,,,,,,,,,,,,,,,
2021,9,26,7,30,19.6,111,401,231,0,8.4,111,401,0,231,48.43,72.52,0.24,984,1.4000000000000000,171,1.4000000000000000,11.5551,8.9169,,,,,,,,,,,,,,,,,,,,,,
2021,9,26,8,30,22.3,150,579,425,0,7.5,150,579,0,425,38.51,61.67,0.24,984,1.3,184,1.5,23.1931,18.0966,,,,,,,,,,,,,,,,,,,,,,
2021,9,26,9,30,24.6,176,669,588,0,6.300000000000000,176,669,0,588,30.91,52.02,0.24,984,1.3,202,1.7000000000000000,33.7060,26.4156,,,,,,,,,,,,,,,,,,,,,,
2021,9,26,10,30,26.400000000000000,194,716,705,0,5.4,194,716,0,705,26.11,44.5,0.24,984,1.2000000000000000,217,2,41.4626,32.5579,,,,,,,,,,,,,,,,,,,,,,
2021,9,26,11,30,28,188,764,770,0,4.2,188,764,0,770,21.84,40.410000000000000,0.24,983,1.2000000000000000,228,2.1,45.7730,35.9696,,,,,,,,,,,,,,,,,,,,,,
2021,9,26,12,30,29.1,178,784,771,0,2.9000000000000000,178,784,0,771,18.7,40.84,0.24,983,1.1,236,2.3000000000000000,45.7850,35.9764,,,,,,,,,,,,,,,,,,,,,,
2021,9,26,13,30,29.6,161,779,706,0,1.7000000000000000,161,779,0,706,16.69,45.65,0.24,982,1.1,241,2.5,41.3813,32.4861,,,,,,,,,,,,,,,,,,,,,,
2021,9,26,14,30,29.3,135,759,585,0,1,135,759,0,585,16.18,53.65,0.24,982,1.1,242,2.6,33.3060,26.0876,,,,,,,,,,,,,,,,,,,,,,
2021,9,26,15,30,28.900000000000000,109,685,414,0,0.9,109,685,0,414,16.39,63.59,0.24,982,1.1,242,2.6,22.3065,17.3819,,,,,,,,,,,,,,,,,,,,,,
2021,9,26,16,30,25.3,75,542,219,0,1.3,75,542,0,219,20.86,74.59,0.24,983,1.1,243,2.2,10.7480,8.2658,,,,,,,,,,,,,,,,,,,,,,
2021,9,26,17,30,21.3,27,204,41,0,2.5,27,204,0,41,28.85,86.03,0.24,983,1.2000000000000000,244,1.5,0.0000,0.0000,,,,,,,,,,,,,,,,,,,,,,
2021,9,26,18,30,18.5,0,0,0,0,4,0,0,0,0,38.19,97.95,0.24,984,1.1,216,1.1,0.0000,0.0000,,,,,,,,,,,,,,,,,,,,,,
2021,9,26,19,30,17.3,0,0,0,0,4.9,0,0,0,0,44.04,109.55,0.24,984,1.1,179,0.9,0.0000,0.0000,,,,,,,,,,,,,,,,,,,,,,
2021,9,26,20,30,16.400000000000000,0,0,0,0,5.4,0,0,0,0,48.29,120.62,0.24,985,1.1,171,1,0.0000,0.0000,,,,,,,,,,,,,,,,,,,,,,
2021,9,26,21,30,15.700000000000000,0,0,0,0,5.9,0,0,0,0,52,130.59,0.24,985,1.1,173,1.1,0.0000,0.0000,,,,,,,,,,,,,,,,,,,,,,
2021,9,26,22,30,15,0,0,0,0,6.300000000000000,0,0,0,0,55.86,138.49,0.24,985,1.1,172,1.2000000000000000,0.0000,0.0000,,,,,,,,,,,,,,,,,,,,,,
2021,9,26,23,30,14.3,0,0,0,0,6.5,0,0,0,0,59.59,142.87,0.24,985,1.1,170,1.1,0.0000,0.0000,,,,,,,,,,,,,,,,,,,,,,
2021,9,27,0,30,13.700000000000000,0,0,0,0,6.800000000000000,0,0,0,0,63.190000000000000,142.43,0.24,985,1.1,166,1,0.0000,0.0000,,,,,,,,,,,,,,,,,,,,,,
2021,9,27,1,30,13.3,0,0,0,0,7.300000000000000,0,0,0,0,66.87,137.32,0.24,985,1.2000000000000000,159,0.9,0.0000,0.0000,,,,,,,,,,,,,,,,,,,,,,
2021,9,27,2,30,13.100000000000000,0,0,0,0,7.5,0,0,0,0,68.58,128.98,0.24,985,1.2000000000000000,157,0.9,0.0000,0.0000,,,,,,,,,,,,,,,,,,,,,,
2021,9,27,3,30,13,0,0,0,0,7.300000000000000,0,0,0,0,68.48,118.77,0.24,985,1.3,162,0.9,0.0000,0.0000,,,,,,,,,,,,,,,,,,,,,,
2021,9,27,4,30,12.8,0,0,0,0,7.4,0,0,0,0,69.47,107.58,0.24,985,1.3,169,0.9,0.0000,0.0000,,,,,,,,,,,,,,,,,,,,,,
2021,9,27,5,30,13.100000000000000,0,0,0,0,7.6000000000000000,0,0,0,0,69.34,95.95,0.24,985,1.4000000000000000,170,0.9,0.0000,0.0000,,,,,,,,,,,,,,,,,,,,,,
2021,9,27,6,30,15.4,35,330,69,0,7.9,35,330,0,69,61.050000000000000,84.10000000000000,0.24,985,1.4000000000000000,168,1,0.0000,0.0000,,,,,,,,,,,,,,,,,,,,,,
2021,9,27,7,30,18.900000000000000,68,645,260,0,8.6,68,645,0,260,51.36,72.71000000000000,0.24,986,1.4000000000000000,180,1.2000000000000000,12.9827,10.0156,,,,,,,,,,,,,,,,,,,,,,
2021,9,27,8,30,21.5,84,794,458,3,9.1,167,343,0,329,45.15,61.9,0.24,986,1.4000000000000000,206,1.3,17.9279,13.9863,,,,,,,,,,,,,,,,,,,,,,
2021,9,27,9,30,23.700000000000000,91,875,626,0,9.1,91,875,0,626,39.410000000000000,52.29,0.24,986,1.4000000000000000,229,1.6,35.8450,28.0895,,,,,,,,,,,,,,,,,,,,,,
2021,9,27,10,30,25.6,95,917,745,0,8.8,95,917,0,745,34.54,44.82,0.24,985,1.4000000000000000,239,1.9000000000000000,43.7747,34.3711,,,,,,,,,,,,,,,,,,,,,,
2021,9,27,11,30,27.1,97,931,802,0,8.1,97,931,0,802,30.05,40.79,0.24,985,1.5,242,2.1,47.6317,37.4278,,,,,,,,,,,,,,,,,,,,,,
2021,9,27,12,30,28,98,926,794,0,7.1000000000000000,98,926,0,794,26.68,41.24,0.24,984,1.5,242,2.3000000000000000,47.1045,37.0107,,,,,,,,,,,,,,,,,,,,,,
2021,9,27,13,30,28.200000000000000,95,902,721,0,6.7,95,902,0,721,25.71,46.04,0.24,983,1.6,243,2.6,42.2104,33.1341,,,,,,,,,,,,,,,,,,,,,,
2021,9,27,14,30,27.700000000000000,89,854,591,0,7,89,854,0,591,27.01,54.01,0.24,983,1.7000000000000000,244,2.9000000000000000,33.5946,26.3102,,,,,,,,,,,,,,,,,,,,,,
2021,9,27,15,30,27.1,78,772,417,0,8,78,772,0,417,30.02,63.92,0.24,982,1.8,245,3,22.4164,17.4632,,,,,,,,,,,,,,,,,,,,,,
2021,9,27,16,30,23.700000000000000,60,597,216,0,9.700000000000000,60,597,0,216,41.18,74.9,0.24,983,2.3000000000000000,253,3,10.5717,8.1258,,,,,,,,,,,,,,,,,,,,,,
2021,9,27,17,30,20.900000000000000,24,212,38,0,11.5,24,212,0,38,54.74,86.32000000000000,0.24,984,2.5,257,2.4000000000000000,0.0000,0.0000,,,,,,,,,,,,,,,,,,,,,,
2021,9,27,18,30,18.900000000000000,0,0,0,0,12.600000000000000,0,0,0,0,66.92,98.26,0.24,984,2.5,254,1.6,0.0000,0.0000,,,,,,,,,,,,,,,,,,,,,,
2021,9,27,19,30,18,0,0,0,3,13.200000000000000,0,0,0,0,73.67,109.87,0.24,984,2.4000000000000000,240,1.4000000000000000,0.0000,0.0000,,,,,,,,,,,,,,,,,,,,,,
2021,9,27,20,30,17.400000000000000,0,0,0,3,13.5,0,0,0,0,77.82000000000000,120.96000000000000,0.24,984,2.4000000000000000,239,1.7000000000000000,0.0000,0.0000,,,,,,,,,,,,,,,,,,,,,,
2021,9,27,21,30,16.8,0,0,0,4,13.600000000000000,0,0,0,0,81.53,130.95,0.24,985,2.3000000000000000,253,1.6,0.0000,0.0000,,,,,,,,,,,,,,,,,,,,,,
2021,9,27,22,30,16.2,0,0,0,4,13.4,0,0,0,0,83.53,138.88,0.24,985,2.1,266,1.2000000000000000,0.0000,0.0000,,,,,,,,,,,,,,,,,,,,,,
2021,9,27,23,30,15.700000000000000,0,0,0,4,13,0,0,0,0,84.22,143.26,0.24,985,1.8,281,1.1,0.0000,0.0000,,,,,,,,,,,,,,,,,,,,,,
2021,9,28,0,30,15.200000000000000,0,0,0,0,12.8,0,0,0,0,85.48,142.79,0.24,985,1.6,297,1.2000000000000000,0.0000,0.0000,,,,,,,,,,,,,,,,,,,,,,
2021,9,28,1,30,14.5,0,0,0,0,12.4,0,0,0,0,87.08,137.63,0.24,984,1.4000000000000000,313,1.3,0.0000,0.0000,,,,,,,,,,,,,,,,,,,,,,
2021,9,28,2,30,13.9,0,0,0,7,11.8,0,0,0,0,86.97,129.23,0.24,984,1.3,330,1.5,0.0000,0.0000,,,,,,,,,,,,,,,,,,,,,,
2021,9,28,3,30,13.5,0,0,0,7,11.100000000000000,0,0,0,0,85.3,118.98,0.24,984,1.2000000000000000,347,1.5,0.0000,0.0000,,,,,,,,,,,,,,,,,,,,,,
2021,9,28,4,30,13.3,0,0,0,6,10.600000000000000,0,0,0,0,83.56,107.77,0.24,984,1.1,180,1.4000000000000000,0.0000,0.0000,,,,,,,,,,,,,,,,,,,,,,
2021,9,28,5,30,13,0,0,0,6,10,0,0,0,0,82.27,96.13,0.24,984,1,2,1.4000000000000000,0.0000,0.0000,,,,,,,,,,,,,,,,,,,,,,
2021,9,28,6,30,13.8,35,363,71,7,9.5,36,117,100,48,75.37,84.27,0.24,984,0.9,179,1.7000000000000000,0.0000,0.0000,,,,,,,,,,,,,,,,,,,,,,
2021,9,28,7,30,16.1,60,708,268,8,9.3,94,359,50,200,64.02,72.91,0.24,984,0.9,350,2,9.9681,7.6876,,,,,,,,,,,,,,,,,,,,,,
2021,9,28,8,30,19.3,73,847,469,8,6.6000000000000000,102,661,36,411,43.54,62.120000000000000,0.24,984,0.9,330,2.3000000000000000,22.3644,17.4449,,,,,,,,,,,,,,,,,,,,,,
2021,9,28,9,30,22.400000000000000,83,914,639,0,1.9000000000000000,83,914,0,639,25.98,52.56,0.24,983,0.8,311,2.7,36.5489,28.6385,,,,,,,,,,,,,,,,,,,,,,
2021,9,28,10,30,24.5,92,945,758,0,-0.9,92,945,0,758,18.64,45.15,0.24,983,0.8,303,3.3000000000000000,44.4955,34.9347,,,,,,,,,,,,,,,,,,,,,,
2021,9,28,11,30,25.900000000000000,93,963,818,0,-2.6,93,963,0,818,15.17,41.160000000000000,0.24,982,0.8,300,3.9000000000000000,48.5379,38.1375,,,,,,,,,,,,,,,,,,,,,,
2021,9,28,12,30,26.700000000000000,92,962,811,0,-3.6,92,962,0,811,13.38,41.64,0.24,982,0.8,301,4.2,48.0650,37.7628,,,,,,,,,,,,,,,,,,,,,,
2021,9,28,13,30,27,90,947,743,0,-4.5,90,947,0,743,12.31,46.43,0.24,981,0.7000000000000000,302,4.2,43.4459,34.1009,,,,,,,,,,,,,,,,,,,,,,
2021,9,28,14,30,26.700000000000000,82,910,612,0,-5.4,82,910,0,612,11.69,54.370000000000000,0.24,980,0.7000000000000000,302,4.2,34.7325,27.1977,,,,,,,,,,,,,,,,,,,,,,
2021,9,28,15,30,26.400000000000000,71,836,434,0,-6.2,71,836,0,434,11.200000000000000,64.26,0.24,980,0.7000000000000000,302,4.1000000000000000,23.2739,18.1265,,,,,,,,,,,,,,,,,,,,,,
2021,9,28,16,30,23.700000000000000,53,690,229,0,-6.5,53,690,0,229,12.85,75.22,0.24,980,0.7000000000000000,305,3.3000000000000000,11.1768,8.5860,,,,,,,,,,,,,,,,,,,,,,
2021,9,28,17,30,19.900000000000000,24,274,40,7,-5.800000000000000,24,171,64,34,17.080000000000000,86.62,0.24,981,0.7000000000000000,310,2.1,0.0000,0.0000,,,,,,,,,,,,,,,,,,,,,,
2021,9,28,18,30,16.900000000000000,0,0,0,0,-4.4,0,0,0,0,22.91,98.57000000000000,0.24,981,0.7000000000000000,327,1.3,0.0000,0.0000,,,,,,,,,,,,,,,,,,,,,,
2021,9,28,19,30,15.8,0,0,0,7,-3.6,0,0,0,0,26.19,110.19,0.24,981,0.7000000000000000,174,1,0.0000,0.0000,,,,,,,,,,,,,,,,,,,,,,
2021,9,28,20,30,15.200000000000000,0,0,0,7,-3,0,0,0,0,28.53,121.29,0.24,982,0.8,20,0.7000000000000000,0.0000,0.0000,,,,,,,,,,,,,,,,,,,,,,
2021,9,28,21,30,14.700000000000000,0,0,0,0,-2.6,0,0,0,0,30.19,131.31,0.24,982,0.8,48,0.5,0.0000,0.0000,,,,,,,,,,,,,,,,,,,,,,
2021,9,28,22,30,14.5,0,0,0,8,-2.3000000000000000,0,0,0,0,31.42,139.26,0.24,982,0.8,75,0.5,0.0000,0.0000,,,,,,,,,,,,,,,,,,,,,,
2021,9,28,23,30,14.700000000000000,0,0,0,0,-1.8,0,0,0,0,32.13,143.66,0.24,982,0.8,85,0.6000000000000000,0.0000,0.0000,,,,,,,,,,,,,,,,,,,,,,
2021,9,29,0,30,14.700000000000000,0,0,0,3,-1.3,0,0,0,0,33.37,143.15,0.24,982,0.9,88,0.6000000000000000,0.0000,0.0000,,,,,,,,,,,,,,,,,,,,,,
2021,9,29,1,30,14.4,0,0,0,0,-1.2000000000000000,0,0,0,0,34.29,137.93,0.24,982,0.9,94,0.6000000000000000,0.0000,0.0000,,,,,,,,,,,,,,,,,,,,,,
2021,9,29,2,30,13.600000000000000,0,0,0,0,-1.2000000000000000,0,0,0,0,36.12,129.47,0.24,982,0.9,99,0.6000000000000000,0.0000,0.0000,,,,,,,,,,,,,,,,,,,,,,
2021,9,29,3,30,12.8,0,0,0,0,-1.2000000000000000,0,0,0,0,37.96,119.19,0.24,982,0.9,101,0.6000000000000000,0.0000,0.0000,,,,,,,,,,,,,,,,,,,,,,
2021,9,29,4,30,12.3,0,0,0,0,-1.3,0,0,0,0,38.88,107.95,0.24,982,0.9,103,0.6000000000000000,0.0000,0.0000,,,,,,,,,,,,,,,,,,,,,,
2021,9,29,5,30,12.4,0,0,0,0,-1.4000000000000000,0,0,0,0,38.24,96.3,0.24,983,0.9,104,0.6000000000000000,0.0000,0.0000,,,,,,,,,,,,,,,,,,,,,,
2021,9,29,6,30,14.3,32,392,70,3,-1.5,32,216,57,53,33.55,84.45,0.24,983,0.9,103,0.7000000000000000,0.0000,0.0000,,,,,,,,,,,,,,,,,,,,,,
2021,9,29,7,30,17.900000000000000,58,713,265,0,-1.8,58,713,0,265,26.240000000000000,73.10000000000000,0.24,983,1,121,0.8,13.1844,10.1649,,,,,,,,,,,,,,,,,,,,,,
2021,9,29,8,30,21.400000000000000,71,846,464,0,-3.2,78,812,14,455,18.96,62.34,0.24,984,1,195,0.9,24.7232,19.2820,,,,,,,,,,,,,,,,,,,,,,
2021,9,29,9,30,24.1,82,908,631,0,-4.7,82,908,0,631,14.42,52.83,0.24,983,1,260,1.3,36.0508,28.2456,,,,,,,,,,,,,,,,,,,,,,
2021,9,29,10,30,26.1,90,938,748,0,-5.6000000000000000,90,938,0,748,11.93,45.47,0.24,983,1,267,1.8,43.8668,34.4387,,,,,,,,,,,,,,,,,,,,,,
2021,9,29,11,30,27.700000000000000,92,955,807,0,-6.6000000000000000,92,955,0,807,10.05,41.54,0.24,982,1,268,2.2,47.8399,37.5866,,,,,,,,,,,,,,,,,,,,,,
2021,9,29,12,30,28.6,92,953,800,0,-7.2,92,953,0,800,9.13,42.03,0.24,982,1,272,2.5,47.3660,37.2111,,,,,,,,,,,,,,,,,,,,,,
2021,9,29,13,30,28.900000000000000,89,933,728,0,-7.5,89,933,0,728,8.75,46.81,0.24,982,1,276,2.7,42.5179,33.3695,,,,,,,,,,,,,,,,,,,,,,
2021,9,29,14,30,28.700000000000000,83,891,597,0,-7.800000000000000,83,891,0,597,8.68,54.730000000000000,0.24,981,1,281,2.6,33.8260,26.4842,,,,,,,,,,,,,,,,,,,,,,
2021,9,29,15,30,28.400000000000000,73,812,421,0,-7.9,73,812,0,421,8.76,64.59,0.24,981,1,283,2.6,22.5231,17.5372,,,,,,,,,,,,,,,,,,,,,,
2021,9,29,16,30,25,55,655,219,0,-7.800000000000000,55,655,0,219,10.74,75.53,0.24,982,1,294,1.6,10.6606,8.1849,,,,,,,,,,,,,,,,,,,,,,
2021,9,29,17,30,20.900000000000000,22,241,35,0,-6,22,241,0,35,15.81,86.92,0.24,982,1.1,313,1,0.0000,0.0000,,,,,,,,,,,,,,,,,,,,,,
2021,9,29,18,30,18.8,0,0,0,0,-5.6000000000000000,0,0,0,0,18.68,98.88,0.24,983,1.1,332,0.9,0.0000,0.0000,,,,,,,,,,,,,,,,,,,,,,
2021,9,29,19,30,18.400000000000000,0,0,0,0,-5.7,0,0,0,0,18.94,110.5,0.24,983,1.1,187,0.7000000000000000,0.0000,0.0000,,,,,,,,,,,,,,,,,,,,,,
2021,9,29,20,30,18.2,0,0,0,0,-5.5,0,0,0,0,19.44,121.62,0.24,983,1,53,0.5,0.0000,0.0000,,,,,,,,,,,,,,,,,,,,,,
2021,9,29,21,30,17.5,0,0,0,0,-5,0,0,0,0,21.150000000000000,131.67000000000000,0.24,983,1,78,0.6000000000000000,0.0000,0.0000,,,,,,,,,,,,,,,,,,,,,,
2021,9,29,22,30,16.400000000000000,0,0,0,0,-4,0,0,0,0,24.400000000000000,139.65,0.24,983,1,86,0.8,0.0000,0.0000,,,,,,,,,,,,,,,,,,,,,,
2021,9,29,23,30,15.600000000000000,0,0,0,0,-2.8000000000000000,0,0,0,0,28.14,144.06,0.24,983,1,88,0.9,0.0000,0.0000,,,,,,,,,,,,,,,,,,,,,,
2021,9,30,0,30,15.100000000000000,0,0,0,0,-2.1,0,0,0,0,30.650000000000000,143.52,0.24,984,0.9,90,1.1,0.0000,0.0000,,,,,,,,,,,,,,,,,,,,,,
2021,9,30,1,30,14.8,0,0,0,0,-1.8,0,0,0,0,31.87,138.23,0.24,984,0.9,93,1.2000000000000000,0.0000,0.0000,,,,,,,,,,,,,,,,,,,,,,
2021,9,30,2,30,14.4,0,0,0,0,-1.8,0,0,0,0,32.69,129.72,0.24,984,0.9,97,1.2000000000000000,0.0000,0.0000,,,,,,,,,,,,,,,,,,,,,,
2021,9,30,3,30,14,0,0,0,0,-2.2,0,0,0,0,32.64,119.39,0.24,984,0.9,99,1.1,0.0000,0.0000,,,,,,,,,,,,,,,,,,,,,,
2021,9,30,4,30,13.9,0,0,0,0,-2.9000000000000000,0,0,0,0,31.240000000000000,108.14,0.24,984,0.9,96,1,0.0000,0.0000,,,,,,,,,,,,,,,,,,,,,,
2021,9,30,5,30,14.100000000000000,0,0,0,0,-3.9000000000000000,0,0,0,0,28.57,96.48,0.24,984,0.8,93,1,0.0000,0.0000,,,,,,,,,,,,,,,,,,,,,,
2021,9,30,6,30,16.6,30,403,68,0,-4.9,30,403,0,68,22.52,84.63,0.24,985,0.8,92,1.2000000000000000,0.0000,0.0000,,,,,,,,,,,,,,,,,,,,,,
2021,9,30,7,30,20.900000000000000,56,726,265,0,-5.7,56,726,0,265,16.240000000000000,73.3,0.24,985,0.8,106,1.2000000000000000,13.1599,10.1428,,,,,,,,,,,,,,,,,,,,,,
2021,9,30,8,30,24.5,71,856,465,0,-5.6000000000000000,71,856,0,465,13.17,62.57,0.24,985,0.8,155,1,25.2283,19.6729,,,,,,,,,,,,,,,,,,,,,,
2021,9,30,9,30,27.200000000000000,82,917,633,0,-5.6000000000000000,82,917,0,633,11.16,53.1,0.24,985,0.8,208,1.2000000000000000,36.1240,28.3003,,,,,,,,,,,,,,,,,,,,,,
2021,9,30,10,30,29.1,91,945,750,0,-6.2,91,945,0,750,9.55,45.800000000000000,0.24,984,0.8,231,1.5,43.9404,34.4939,,,,,,,,,,,,,,,,,,,,,,
2021,9,30,11,30,30.5,94,959,808,0,-7.5,94,959,0,808,8.02,41.910000000000000,0.24,984,0.8,241,1.7000000000000000,47.8544,37.5955,,,,,,,,,,,,,,,,,,,,,,
2021,9,30,12,30,31.200000000000000,94,957,800,0,-8.1,94,957,0,800,7.34,42.43,0.24,983,0.8,248,1.8,47.3170,37.1699,,,,,,,,,,,,,,,,,,,,,,
2021,9,30,13,30,31.400000000000000,91,937,728,0,-8.4,91,937,0,728,7.1000000000000000,47.2,0.24,982,0.8,254,1.7000000000000000,42.4648,33.3247,,,,,,,,,,,,,,,,,,,,,,
2021,9,30,14,30,31,84,895,596,0,-8.5,84,895,0,596,7.19,55.09,0.24,982,0.8,260,1.6,33.7133,26.3923,,,,,,,,,,,,,,,,,,,,,,
2021,9,30,15,30,30.700000000000000,74,815,419,0,-8.6,74,815,0,419,7.28,64.92,0.24,982,0.8,263,1.5,22.3621,17.4071,,,,,,,,,,,,,,,,,,,,,,
2021,9,30,16,30,27.1,58,629,212,0,-8.4,58,629,0,212,9.09,75.85000000000000,0.24,982,0.8,278,1,10.2927,7.8977,,,,,,,,,,,,,,,,,,,,,,
2021,9,30,17,30,23.8,21,187,30,0,-5.5,21,187,0,30,13.83,87.21000000000000,0.24,982,0.8,307,0.7000000000000000,0.0000,0.0000,,,,,,,,,,,,,,,,,,,,,,
2021,9,30,18,30,21.900000000000000,0,0,0,0,-5.7,0,0,0,0,15.280000000000000,99.18,0.24,982,0.8,179,0.7000000000000000,0.0000,0.0000,,,,,,,,,,,,,,,,,,,,,,
2021,9,30,19,30,20.6,0,0,0,0,-5.9,0,0,0,0,16.240000000000000,110.81,0.24,983,0.8,44,0.7000000000000000,0.0000,0.0000,,,,,,,,,,,,,,,,,,,,,,
2021,9,30,20,30,19.700000000000000,0,0,0,0,-6.5,0,0,0,0,16.39,121.95,0.24,983,0.9,66,0.7000000000000000,0.0000,0.0000,,,,,,,,,,,,,,,,,,,,,,
2021,9,30,21,30,19,0,0,0,0,-7,0,0,0,0,16.5,132.02,0.24,983,0.9,79,0.7000000000000000,0.0000,0.0000,,,,,,,,,,,,,,,,,,,,,,
2021,9,30,22,30,18.400000000000000,0,0,0,0,-7.4,0,0,0,0,16.69,140.03,0.24,983,0.9,85,0.8,0.0000,0.0000,,,,,,,,,,,,,,,,,,,,,,
2021,9,30,23,30,17.8,0,0,0,0,-7.300000000000000,0,0,0,0,17.44,144.45000000000000,0.24,983,0.9,87,1,0.0000,0.0000,,,,,,,,,,,,,,,,,,,,,,