Source,Location ID,City,State,Country,Latitude,Longitude,Time Zone,Elevation,Local Time Zone,Clearsky DHI Units,Clearsky DNI Units,Clearsky GHI Units,Dew Point Units,DHI Units,DNI Units,GHI Units,Solar Zenith Angle Units,Temperature Units,Pressure Units,Relative Humidity Units,Precipitable Water Units,Wind Direction Units,Wind Speed Units,Cloud Type -15,Cloud Type 0,Cloud Type 1,Cloud Type 2,Cloud Type 3,Cloud Type 4,Cloud Type 5,Cloud Type 6,Cloud Type 7,Cloud Type 8,Cloud Type 9,Cloud Type 10,Cloud Type 11,Cloud Type 12,Fill Flag 0,Fill Flag 1,Fill Flag 2,Fill Flag 3,Fill Flag 4,Fill Flag 5,Surface Albedo Units,Version
NSRDB,160296,-,-,-,38.45,-120.9,-8,212,-8,w/m2,w/m2,w/m2,c,w/m2,w/m2,w/m2,Degree,c,mbar,%,cm,Degrees,m/s,N/A,Clear,Probably Clear,Fog,Water,Super-Cooled Water,Mixed,Opaque Ice,Cirrus,Overlapping,Overshooting,Unknown,Dust,Smoke,N/A,Missing Image,Low Irradiance,Exceeds Clearsky,Missing CLoud Properties,Rayleigh Violation,N/A,v3.2.2
Year,Month,Day,Hour,Minute,Temperature,Clearsky DHI,Clearsky DNI,Clearsky GHI,Cloud Type,Dew Point,DHI,DNI,Fill Flag,GHI,Relative Humidity,Solar Zenith Angle,Surface Albedo,Pressure,Precipitable Water,Wind Direction,Wind Speed,Global Horizontal UV Irradiance (280-400nm),Global Horizontal UV Irradiance (295-385nm),,,,,,,,,,,,,,,,,,,,,,
2021,10,1,0,30,17.2,0,0,0,0,-7.2,0,0,0,0,18.21,143.88,0.24,983,0.9,89,1.2000000000000000,0.0000,0.0000,,,,,,,,,,,,,,,,,,,,,,
2021,10,1,1,30,16.6,0,0,0,0,-7.6000000000000000,0,0,0,0,18.3,138.53,0.24,983,0.9,94,1.2000000000000000,0.0000,0.0000,,,,,,,,,,,,,,,,,,,,,,
2021,10,1,2,30,16.1,0,0,0,0,-8.4,0,0,0,0,17.77,129.96,0.24,983,0.9,100,1.1,0.0000,0.0000,,,,,,,,,,,,,,,,,,,,,,
2021,10,1,3,30,15.8,0,0,0,0,-9,0,0,0,0,17.3,119.60000000000000,0.24,983,1,105,1,0.0000,0.0000,,,,,,,,,,,,,,,,,,,,,,
2021,10,1,4,30,15.600000000000000,0,0,0,0,-9,0,0,0,0,17.6,108.32000000000000,0.24,983,1,109,1,0.0000,0.0000,,,,,,,,,,,,,,,,,,,,,,
2021,10,1,5,30,15.9,0,0,0,0,-8.5,0,0,0,0,17.88,96.66,0.24,983,1,110,1,0.0000,0.0000,,,,,,,,,,,,,,,,,,,,,,
2021,10,1,6,30,18.400000000000000,33,303,60,0,-7.7,34,241,36,56,16.240000000000000,84.81,0.24,983,1.1,109,0.8,0.0000,0.0000,,,,,,,,,,,,,,,,,,,,,,
2021,10,1,7,30,22.5,68,635,248,0,-6.6000000000000000,68,635,0,248,13.71,73.5,0.24,984,1.1,116,0.8,12.2928,9.4715,,,,,,,,,,,,,,,,,,,,,,
2021,10,1,8,30,25.700000000000000,90,775,444,0,-6.5,90,775,0,444,11.42,62.800000000000000,0.24,984,1.1,148,0.8,24.0521,18.7527,,,,,,,,,,,,,,,,,,,,,,
2021,10,1,9,30,28.200000000000000,98,861,612,0,-6.2,98,861,0,612,10.06,53.370000000000000,0.24,984,1.1,193,0.9,34.8854,27.3274,,,,,,,,,,,,,,,,,,,,,,
2021,10,1,10,30,30.200000000000000,97,917,733,0,-6.9,97,917,0,733,8.5,46.12,0.24,984,1.1,223,1.1,42.9024,33.6767,,,,,,,,,,,,,,,,,,,,,,
2021,10,1,11,30,31.400000000000000,100,932,789,0,-7.2,100,932,0,789,7.7700000000000000,42.29,0.24,984,1.2000000000000000,238,1.3,46.6834,36.6731,,,,,,,,,,,,,,,,,,,,,,
2021,10,1,12,30,32.1,105,916,777,0,-7.1000000000000000,105,916,0,777,7.53,42.82,0.24,983,1.2000000000000000,246,1.4000000000000000,45.9095,36.0616,,,,,,,,,,,,,,,,,,,,,,
2021,10,1,13,30,32.2,111,875,701,0,-7,111,875,0,701,7.5600000000000000,47.58,0.24,983,1.2000000000000000,254,1.3,40.8392,32.0461,,,,,,,,,,,,,,,,,,,,,,
2021,10,1,14,30,31.8,101,828,571,0,-6.9,101,828,0,571,7.75,55.45,0.24,982,1.2000000000000000,261,1.2000000000000000,32.2447,25.2390,,,,,,,,,,,,,,,,,,,,,,
2021,10,1,15,30,31.5,87,741,397,0,-6.9,87,741,0,397,7.890000000000000,65.26,0.24,982,1.2000000000000000,265,1.2000000000000000,21.1345,16.4469,,,,,,,,,,,,,,,,,,,,,,
2021,10,1,16,30,28.3,64,566,199,0,-6.6000000000000000,64,566,0,199,9.76,76.16,0.24,982,1.1,276,0.7000000000000000,9.6378,7.3910,,,,,,,,,,,,,,,,,,,,,,
2021,10,1,17,30,25.8,19,143,25,0,-4,19,143,0,25,13.68,87.5,0.24,983,1.1,300,0.6000000000000000,0.0000,0.0000,,,,,,,,,,,,,,,,,,,,,,
2021,10,1,18,30,24.5,0,0,0,0,-4.5,0,0,0,0,14.32,99.49000000000000,0.24,983,1.1,178,0.7000000000000000,0.0000,0.0000,,,,,,,,,,,,,,,,,,,,,,
2021,10,1,19,30,23,0,0,0,0,-4.4,0,0,0,0,15.8,111.12,0.24,984,1.1,49,0.8,0.0000,0.0000,,,,,,,,,,,,,,,,,,,,,,
2021,10,1,20,30,21.700000000000000,0,0,0,0,-4.6000000000000000,0,0,0,0,16.8,122.28,0.24,984,1.1,69,1,0.0000,0.0000,,,,,,,,,,,,,,,,,,,,,,
2021,10,1,21,30,20.700000000000000,0,0,0,0,-4.7,0,0,0,0,17.71,132.38,0.24,984,1.1,82,1,0.0000,0.0000,,,,,,,,,,,,,,,,,,,,,,
2021,10,1,22,30,19.700000000000000,0,0,0,0,-4.6000000000000000,0,0,0,0,19.05,140.42000000000000,0.24,984,1.1,95,1,0.0000,0.0000,,,,,,,,,,,,,,,,,,,,,,
2021,10,1,23,30,18.7,0,0,0,0,-4.1000000000000000,0,0,0,0,20.91,144.85,0.24,984,1.1,105,1.1,0.0000,0.0000,,,,,,,,,,,,,,,,,,,,,,
2021,10,2,0,30,17.8,0,0,0,0,-3.5,0,0,0,0,23.21,144.24,0.24,984,1,109,1.1,0.0000,0.0000,,,,,,,,,,,,,,,,,,,,,,
2021,10,2,1,30,17.1,0,0,0,0,-2.8000000000000000,0,0,0,0,25.51,138.83,0.24,984,1,110,1.1,0.0000,0.0000,,,,,,,,,,,,,,,,,,,,,,
2021,10,2,2,30,16.6,0,0,0,0,-2.3000000000000000,0,0,0,0,27.330000000000000,130.21,0.24,984,1,109,1.2000000000000000,0.0000,0.0000,,,,,,,,,,,,,,,,,,,,,,
2021,10,2,3,30,16.400000000000000,0,0,0,0,-2.1,0,0,0,0,28.080000000000000,119.81,0.24,984,1,108,1.2000000000000000,0.0000,0.0000,,,,,,,,,,,,,,,,,,,,,,
2021,10,2,4,30,16,0,0,0,0,-2.2,0,0,0,0,28.650000000000000,108.51,0.24,985,1,104,1.1,0.0000,0.0000,,,,,,,,,,,,,,,,,,,,,,
2021,10,2,5,30,16,0,0,0,0,-2.4000000000000000,0,0,0,0,28.14,96.84,0.24,985,0.9,100,1,0.0000,0.0000,,,,,,,,,,,,,,,,,,,,,,
2021,10,2,6,30,18.1,33,127,44,0,-2.8000000000000000,33,122,14,44,24.02,84.98,0.24,985,0.9,98,0.8,0.0000,0.0000,,,,,,,,,,,,,,,,,,,,,,
2021,10,2,7,30,22.400000000000000,107,381,214,0,-3.2,107,381,0,214,17.92,73.7,0.24,985,1,104,0.8,10.5880,8.1552,,,,,,,,,,,,,,,,,,,,,,
2021,10,2,8,30,26.400000000000000,162,518,397,0,-3.8000000000000000,162,518,0,397,13.43,63.03,0.24,985,1,134,0.8,21.4728,16.7390,,,,,,,,,,,,,,,,,,,,,,
2021,10,2,9,30,29.1,215,556,545,0,-3.8000000000000000,215,556,0,545,11.5,53.64,0.24,985,1,188,0.8,31.0300,24.3050,,,,,,,,,,,,,,,,,,,,,,
2021,10,2,10,30,31,270,541,643,0,-4.4,270,541,0,643,9.85,46.45,0.24,985,1,226,1.2000000000000000,37.5962,29.5093,,,,,,,,,,,,,,,,,,,,,,
2021,10,2,11,30,32.300000000000000,295,540,692,0,-5.4,295,540,0,692,8.49,42.660000000000000,0.24,985,1,238,1.6,40.9045,32.1312,,,,,,,,,,,,,,,,,,,,,,
2021,10,2,12,30,32.9,278,566,690,0,-5.800000000000000,278,566,0,690,7.92,43.22,0.24,984,1.1,245,1.7000000000000000,40.7253,31.9870,,,,,,,,,,,,,,,,,,,,,,
2021,10,2,13,30,32.9,237,592,633,0,-5.9,237,592,0,633,7.890000000000000,47.96,0.24,984,1.1,250,1.6,36.8312,28.8983,,,,,,,,,,,,,,,,,,,,,,
2021,10,2,14,30,32.300000000000000,212,525,507,0,-6,212,525,0,507,8.09,55.800000000000000,0.24,983,1,257,1.3,28.5828,22.3695,,,,,,,,,,,,,,,,,,,,,,
2021,10,2,15,30,31.900000000000000,167,419,340,0,-6.1000000000000000,167,419,0,340,8.25,65.59,0.24,983,1,260,1.2000000000000000,18.0551,14.0465,,,,,,,,,,,,,,,,,,,,,,
2021,10,2,16,30,28.1,96,253,155,0,-4.6000000000000000,96,253,0,155,11.44,76.48,0.24,983,1,284,0.5,7.4885,5.7393,,,,,,,,,,,,,,,,,,,,,,
2021,10,2,17,30,25.3,12,35,13,0,-3.9000000000000000,12,35,14,13,14.26,87.79,0.24,984,1,325,0.6000000000000000,0.0000,0.0000,,,,,,,,,,,,,,,,,,,,,,
2021,10,2,18,30,23.3,0,0,0,0,-4.5,0,0,0,0,15.38,99.79,0.24,984,1,197,0.9,0.0000,0.0000,,,,,,,,,,,,,,,,,,,,,,
2021,10,2,19,30,21.700000000000000,0,0,0,0,-4.7,0,0,0,0,16.66,111.43,0.24,984,1,51,1.1,0.0000,0.0000,,,,,,,,,,,,,,,,,,,,,,
2021,10,2,20,30,20.8,0,0,0,0,-4.9,0,0,0,0,17.39,122.60000000000000,0.24,984,1,65,1.1,0.0000,0.0000,,,,,,,,,,,,,,,,,,,,,,
2021,10,2,21,30,20.5,0,0,0,0,-4.800000000000000,0,0,0,0,17.76,132.73,0.24,984,1,76,1.2000000000000000,0.0000,0.0000,,,,,,,,,,,,,,,,,,,,,,
2021,10,2,22,30,20.200000000000000,0,0,0,0,-4.6000000000000000,0,0,0,0,18.41,140.8,0.24,984,1,88,1.2000000000000000,0.0000,0.0000,,,,,,,,,,,,,,,,,,,,,,
2021,10,2,23,30,19.3,0,0,0,0,-4.1000000000000000,0,0,0,0,20.26,145.24,0.24,984,1,98,1.1,0.0000,0.0000,,,,,,,,,,,,,,,,,,,,,,
2021,10,3,0,30,18.2,0,0,0,0,-3.3000000000000000,0,0,0,0,22.990000000000000,144.6,0.24,984,1,102,1.1,0.0000,0.0000,,,,,,,,,,,,,,,,,,,,,,
2021,10,3,1,30,17.2,0,0,0,0,-2.5,0,0,0,0,25.93,139.13,0.24,984,1,100,1.1,0.0000,0.0000,,,,,,,,,,,,,,,,,,,,,,
2021,10,3,2,30,16.5,0,0,0,0,-2,0,0,0,0,28.150000000000000,130.45,0.24,984,1,96,1,0.0000,0.0000,,,,,,,,,,,,,,,,,,,,,,
2021,10,3,3,30,16.2,0,0,0,0,-2,0,0,0,0,28.82,120.01,0.24,984,1,94,0.9,0.0000,0.0000,,,,,,,,,,,,,,,,,,,,,,
2021,10,3,4,30,16.2,0,0,0,0,-2.3000000000000000,0,0,0,0,28.150000000000000,108.69,0.24,984,1,94,0.8,0.0000,0.0000,,,,,,,,,,,,,,,,,,,,,,
2021,10,3,5,30,16.6,0,0,0,0,-2.7,0,0,0,0,26.560000000000000,97.01,0.24,984,1,95,0.8,0.0000,0.0000,,,,,,,,,,,,,,,,,,,,,,
2021,10,3,6,30,18.8,30,96,38,0,-3.1,30,96,29,38,22.53,85.16,0.24,984,1,96,0.8,0.0000,0.0000,,,,,,,,,,,,,,,,,,,,,,
2021,10,3,7,30,22.8,112,327,203,0,-3.2,112,327,0,203,17.48,73.9,0.24,984,1,104,0.9,10.0253,7.7192,,,,,,,,,,,,,,,,,,,,,,
2021,10,3,8,30,26.400000000000000,175,467,385,0,-3.3000000000000000,175,467,0,385,13.92,63.26,0.24,984,1,141,0.9,20.7912,16.2050,,,,,,,,,,,,,,,,,,,,,,
2021,10,3,9,30,28.700000000000000,246,445,508,0,-3.6,246,445,0,508,11.94,53.92,0.24,984,1,189,0.9,28.8880,22.6249,,,,,,,,,,,,,,,,,,,,,,
2021,10,3,10,30,30.1,337,350,577,0,-3.7,337,350,0,577,10.93,46.78,0.24,984,1.1,214,1.1,33.7021,26.4508,,,,,,,,,,,,,,,,,,,,,,
2021,10,3,11,30,31.1,355,379,632,0,-3.9000000000000000,355,379,0,632,10.18,43.04,0.24,984,1.1,227,1.2000000000000000,37.3201,29.3135,,,,,,,,,,,,,,,,,,,,,,
2021,10,3,12,30,31.8,351,380,626,0,-4.3,351,380,0,626,9.51,43.61,0.24,983,1.1,239,1.1,36.9086,28.9871,,,,,,,,,,,,,,,,,,,,,,
2021,10,3,13,30,31.8,323,355,559,0,-4.3,323,355,0,559,9.49,48.34,0.24,983,1.1,250,0.9,32.4838,25.4848,,,,,,,,,,,,,,,,,,,,,,
2021,10,3,14,30,31.400000000000000,267,320,445,0,-4.4,267,320,0,445,9.64,56.160000000000000,0.24,982,1,263,0.6000000000000000,25.0438,19.5968,,,,,,,,,,,,,,,,,,,,,,
2021,10,3,15,30,31,189,246,289,0,-4.4,189,246,0,289,9.81,65.92,0.24,982,1,270,0.4,15.3081,11.9060,,,,,,,,,,,,,,,,,,,,,,
2021,10,3,16,30,27.3,87,138,119,0,-1.8,87,138,0,119,14.77,76.79,0.24,982,1,168,0.4,5.7364,4.3939,,,,,,,,,,,,,,,,,,,,,,
2021,10,3,17,30,24.3,6,15,7,0,-2.6,6,15,0,7,16.63,88.07000000000000,0.24,982,1,50,0.8,0.0000,0.0000,,,,,,,,,,,,,,,,,,,,,,
2021,10,3,18,30,21.8,0,0,0,0,-3.2,0,0,0,0,18.580000000000000,100.09,0.24,982,1,75,1.1,0.0000,0.0000,,,,,,,,,,,,,,,,,,,,,,
2021,10,3,19,30,20.5,0,0,0,0,-3.6,0,0,0,0,19.48,111.74000000000000,0.24,982,1,84,1.2000000000000000,0.0000,0.0000,,,,,,,,,,,,,,,,,,,,,,
2021,10,3,20,30,20,0,0,0,0,-4.1000000000000000,0,0,0,0,19.400000000000000,122.93,0.24,982,1,93,1.2000000000000000,0.0000,0.0000,,,,,,,,,,,,,,,,,,,,,,
2021,10,3,21,30,19.8,0,0,0,0,-4.5,0,0,0,0,19.04,133.08,0.24,982,1,105,1.3,0.0000,0.0000,,,,,,,,,,,,,,,,,,,,,,
2021,10,3,22,30,19.8,0,0,0,0,-4.7,0,0,0,0,18.66,141.18,0.24,982,1,124,1.3,0.0000,0.0000,,,,,,,,,,,,,,,,,,,,,,
2021,10,3,23,30,19.3,0,0,0,0,-4.7,0,0,0,0,19.37,145.63,0.24,982,1.1,141,1.3,0.0000,0.0000,,,,,,,,,,,,,,,,,,,,,,
2021,10,4,0,30,18.400000000000000,0,0,0,0,-4,0,0,0,0,21.46,144.96,0.24,982,1.1,144,1.3,0.0000,0.0000,,,,,,,,,,,,,,,,,,,,,,
2021,10,4,1,30,17.5,0,0,0,0,-3.1,0,0,0,0,24.39,139.43,0.24,982,1.1,133,1.3,0.0000,0.0000,,,,,,,,,,,,,,,,,,,,,,
2021,10,4,2,30,16.8,0,0,0,0,-2.4000000000000000,0,0,0,0,26.93,130.69,0.24,982,1.2000000000000000,123,1.3,0.0000,0.0000,,,,,,,,,,,,,,,,,,,,,,
2021,10,4,3,30,16.5,0,0,0,0,-2,0,0,0,0,28.080000000000000,120.22,0.24,982,1.2000000000000000,118,1.3,0.0000,0.0000,,,,,,,,,,,,,,,,,,,,,,
2021,10,4,4,30,16.400000000000000,0,0,0,0,-1.9000000000000000,0,0,0,0,28.63,108.88,0.24,982,1.2000000000000000,116,1.3,0.0000,0.0000,,,,,,,,,,,,,,,,,,,,,,
2021,10,4,5,30,16.5,0,0,0,3,-1.7000000000000000,0,0,0,0,28.89,97.19,0.24,982,1.2000000000000000,117,1.1,0.0000,0.0000,,,,,,,,,,,,,,,,,,,,,,
2021,10,4,6,30,18.400000000000000,24,62,29,0,-1.4000000000000000,23,54,29,27,26.17,85.34,0.24,982,1.2000000000000000,117,1,0.0000,0.0000,,,,,,,,,,,,,,,,,,,,,,
2021,10,4,7,30,22.400000000000000,114,273,189,0,-0.9,114,273,0,189,21.13,74.10000000000000,0.24,983,1.3,118,1.1,9.3168,7.1713,,,,,,,,,,,,,,,,,,,,,,
2021,10,4,8,30,26.3,175,448,375,0,-1.1,175,448,0,375,16.48,63.49,0.24,983,1.3,142,1.4000000000000000,20.2192,15.7566,,,,,,,,,,,,,,,,,,,,,,
2021,10,4,9,30,28.8,229,500,522,0,-2,229,500,0,522,13.35,54.19,0.24,982,1.3,178,1.3,29.6487,23.2183,,,,,,,,,,,,,,,,,,,,,,
2021,10,4,10,30,30.5,285,488,617,0,-2.5,285,488,0,617,11.63,47.11,0.24,982,1.3,206,1.3,36.0005,28.2525,,,,,,,,,,,,,,,,,,,,,,
2021,10,4,11,30,31.900000000000000,290,532,676,0,-3,290,532,0,676,10.36,43.410000000000000,0.24,981,1.3,229,1.3,39.8784,31.3207,,,,,,,,,,,,,,,,,,,,,,
2021,10,4,12,30,32.800000000000000,290,522,665,0,-3.6,290,522,0,665,9.41,44.01,0.24,981,1.4000000000000000,244,1.3,39.1645,30.7563,,,,,,,,,,,,,,,,,,,,,,
2021,10,4,13,30,33.1,276,479,592,0,-4.3,276,479,0,592,8.82,48.72,0.24,980,1.4000000000000000,257,1.3,34.3565,26.9514,,,,,,,,,,,,,,,,,,,,,,
2021,10,4,14,30,32.800000000000000,236,424,470,0,-4.4,236,424,0,470,8.89,56.51,0.24,980,1.5,269,1.1,26.4051,20.6589,,,,,,,,,,,,,,,,,,,,,,
2021,10,4,15,30,32.4,177,324,307,0,-4.4,177,324,0,307,9.11,66.25,0.24,980,1.6,274,1,16.2200,12.6114,,,,,,,,,,,,,,,,,,,,,,
2021,10,4,16,30,29.1,92,163,128,0,-2.7,92,163,0,128,12.44,77.10000000000000,0.24,980,1.7000000000000000,285,0.6000000000000000,6.1573,4.7136,,,,,,,,,,,,,,,,,,,,,,
2021,10,4,17,30,26.900000000000000,7,13,7,0,-2.7,7,13,0,7,14.21,88.35000000000000,0.24,980,1.7000000000000000,187,0.6000000000000000,0.0000,0.0000,,,,,,,,,,,,,,,,,,,,,,
2021,10,4,18,30,24.900000000000000,0,0,0,0,-3.2,0,0,0,0,15.36,100.39,0.24,980,1.7000000000000000,94,0.7000000000000000,0.0000,0.0000,,,,,,,,,,,,,,,,,,,,,,
2021,10,4,19,30,23,0,0,0,0,-3.2,0,0,0,0,17.25,112.04,0.24,981,1.7000000000000000,111,1,0.0000,0.0000,,,,,,,,,,,,,,,,,,,,,,
2021,10,4,20,30,21.700000000000000,0,0,0,0,-2.9000000000000000,0,0,0,0,18.990000000000000,123.25,0.24,981,1.7000000000000000,125,1,0.0000,0.0000,,,,,,,,,,,,,,,,,,,,,,
2021,10,4,21,30,20.6,0,0,0,0,-2.2,0,0,0,0,21.400000000000000,133.43,0.24,981,1.7000000000000000,140,1.1,0.0000,0.0000,,,,,,,,,,,,,,,,,,,,,,
2021,10,4,22,30,19.6,0,0,0,0,-1.5,0,0,0,0,24.13,141.56,0.24,981,1.7000000000000000,153,1.1,0.0000,0.0000,,,,,,,,,,,,,,,,,,,,,,
2021,10,4,23,30,18.900000000000000,0,0,0,0,-0.6000000000000000,0,0,0,0,26.830000000000000,146.02,0.24,981,1.7000000000000000,157,1.1,0.0000,0.0000,,,,,,,,,,,,,,,,,,,,,,
2021,10,5,0,30,18.5,0,0,0,0,0.2,0,0,0,0,29.1,145.32,0.24,981,1.7000000000000000,155,1.2000000000000000,0.0000,0.0000,,,,,,,,,,,,,,,,,,,,,,
2021,10,5,1,30,18,0,0,0,0,0.9,0,0,0,0,31.62,139.72,0.24,981,1.7000000000000000,155,1.1,0.0000,0.0000,,,,,,,,,,,,,,,,,,,,,,
2021,10,5,2,30,17.400000000000000,0,0,0,0,1.6,0,0,0,0,34.67,130.93,0.24,982,1.7000000000000000,157,1.1,0.0000,0.0000,,,,,,,,,,,,,,,,,,,,,,
2021,10,5,3,30,16.8,0,0,0,0,2.3000000000000000,0,0,0,0,37.87,120.42,0.24,982,1.8,157,1.1,0.0000,0.0000,,,,,,,,,,,,,,,,,,,,,,
2021,10,5,4,30,16.2,0,0,0,0,2.9000000000000000,0,0,0,0,40.99,109.06,0.24,982,1.8,158,1.1,0.0000,0.0000,,,,,,,,,,,,,,,,,,,,,,
2021,10,5,5,30,15.600000000000000,0,0,0,0,3.3000000000000000,0,0,0,0,43.86,97.37,0.24,982,1.8,158,1.2000000000000000,0.0000,0.0000,,,,,,,,,,,,,,,,,,,,,,
2021,10,5,6,30,16.900000000000000,28,79,34,0,3.6,28,79,21,34,41.21,85.52,0.24,982,1.9000000000000000,152,1.3,0.0000,0.0000,,,,,,,,,,,,,,,,,,,,,,
2021,10,5,7,30,20.3,105,343,198,0,4,105,343,0,198,34.15,74.3,0.24,983,2,149,1.5,9.7427,7.4965,,,,,,,,,,,,,,,,,,,,,,
2021,10,5,8,30,23.5,145,537,383,0,2.6,145,537,0,383,25.54,63.730000000000000,0.24,983,2.1,173,1.5,20.6161,16.0630,,,,,,,,,,,,,,,,,,,,,,
2021,10,5,9,30,26,184,607,537,0,0.7000000000000000,184,607,0,537,19.18,54.47,0.24,983,2.1,209,1.6,30.4623,23.8530,,,,,,,,,,,,,,,,,,,,,,
2021,10,5,10,30,27.700000000000000,219,622,640,0,0,219,622,0,640,16.44,47.44,0.24,983,2.2,231,1.9000000000000000,37.3025,29.2719,,,,,,,,,,,,,,,,,,,,,,
2021,10,5,11,30,28.700000000000000,208,681,700,0,0,209,677,36,698,15.58,43.79,0.24,982,2.2,242,2.2,41.1332,32.3038,,,,,,,,,,,,,,,,,,,,,,
2021,10,5,12,30,28.900000000000000,198,696,695,0,0.30000000000000000,198,696,14,695,15.71,44.4,0.24,982,2.2,252,2.3000000000000000,40.8862,32.1059,,,,,,,,,,,,,,,,,,,,,,
2021,10,5,13,30,28.5,181,683,628,0,0.6000000000000000,181,683,36,628,16.45,49.1,0.24,981,2.2,258,2.4000000000000000,36.3974,28.5495,,,,,,,,,,,,,,,,,,,,,,
2021,10,5,14,30,27.6,147,666,511,7,0.9,177,501,100,451,17.71,56.870000000000000,0.24,981,2.2,261,2.5,25.2920,19.7849,,,,,,,,,,,,,,,,,,,,,,
2021,10,5,15,30,27,116,582,347,0,1.1,122,525,7,331,18.54,66.57000000000000,0.24,981,2.2,261,2.5,17.4440,13.5591,,,,,,,,,,,,,,,,,,,,,,
2021,10,5,16,30,24.1,70,430,164,0,1.3,74,347,36,150,22.38,77.4,0.24,981,2.1,259,2,7.2019,5.5103,,,,,,,,,,,,,,,,,,,,,,
2021,10,5,17,30,20.900000000000000,12,64,14,7,2.1,12,39,43,13,28.77,88.62,0.24,982,2.1,259,1.4000000000000000,0.0000,0.0000,,,,,,,,,,,,,,,,,,,,,,
2021,10,5,18,30,18.6,0,0,0,8,3.5,0,0,0,0,36.56,100.68,0.24,983,2.1,249,1.1,0.0000,0.0000,,,,,,,,,,,,,,,,,,,,,,
2021,10,5,19,30,17.8,0,0,0,8,5,0,0,0,0,42.89,112.35000000000000,0.24,983,2.1,216,0.9,0.0000,0.0000,,,,,,,,,,,,,,,,,,,,,,
2021,10,5,20,30,17.3,0,0,0,8,6.4,0,0,0,0,48.660000000000000,123.57000000000000,0.24,983,2.1,180,0.9,0.0000,0.0000,,,,,,,,,,,,,,,,,,,,,,
2021,10,5,21,30,17,0,0,0,5,7.4,0,0,0,0,53.1,133.77,0.24,984,2.1,167,1,0.0000,0.0000,,,,,,,,,,,,,,,,,,,,,,
2021,10,5,22,30,16.7,0,0,0,7,8,0,0,0,0,56.58,141.94,0.24,984,2.1,166,1.1,0.0000,0.0000,,,,,,,,,,,,,,,,,,,,,,
2021,10,5,23,30,16.400000000000000,0,0,0,7,8.6,0,0,0,0,59.870000000000000,146.41,0.24,984,2.1,164,1.1,0.0000,0.0000,,,,,,,,,,,,,,,,,,,,,,
2021,10,6,0,30,16,0,0,0,8,9,0,0,0,0,63.13,145.68,0.24,984,2,159,1.1,0.0000,0.0000,,,,,,,,,,,,,,,,,,,,,,
2021,10,6,1,30,15.600000000000000,0,0,0,8,9.200000000000000,0,0,0,0,65.81,140.02,0.24,984,2,156,1.1,0.0000,0.0000,,,,,,,,,,,,,,,,,,,,,,
2021,10,6,2,30,15.3,0,0,0,4,9.3,0,0,0,0,67.55,131.17000000000000,0.24,983,2,159,1,0.0000,0.0000,,,,,,,,,,,,,,,,,,,,,,
2021,10,6,3,30,14.700000000000000,0,0,0,3,9.4,0,0,0,0,70.76,120.62,0.24,983,2,162,0.9,0.0000,0.0000,,,,,,,,,,,,,,,,,,,,,,
2021,10,6,4,30,13.8,0,0,0,8,9.600000000000000,0,0,0,0,75.69,109.25,0.24,983,2,161,0.9,0.0000,0.0000,,,,,,,,,,,,,,,,,,,,,,
2021,10,6,5,30,13.4,0,0,0,7,9.700000000000000,0,0,0,0,78.22,97.55,0.24,983,2,159,0.9,0.0000,0.0000,,,,,,,,,,,,,,,,,,,,,,
2021,10,6,6,30,15.100000000000000,30,214,46,0,9.700000000000000,31,139,64,41,70.03,85.7,0.24,984,2,161,1.3,0.0000,0.0000,,,,,,,,,,,,,,,,,,,,,,
2021,10,6,7,30,17.7,74,541,219,0,9.5,77,514,7,214,58.77,74.5,0.24,984,2.1,168,1.8,10.5111,8.0849,,,,,,,,,,,,,,,,,,,,,,
2021,10,6,8,30,19.200000000000000,106,681,405,0,9.3,134,484,21,346,52.84,63.96,0.24,984,2.1,176,2,18.5944,14.4853,,,,,,,,,,,,,,,,,,,,,,
2021,10,6,9,30,20.400000000000000,125,757,562,7,9.200000000000000,200,431,43,449,48.480000000000000,54.75,0.24,984,2.1,186,2.1,25.4380,19.9167,,,,,,,,,,,,,,,,,,,,,,
2021,10,6,10,30,22.200000000000000,137,799,674,3,8.9,280,330,50,502,42.59,47.76,0.24,984,2.2,203,2.3000000000000000,29.2284,22.9342,,,,,,,,,,,,,,,,,,,,,,
2021,10,6,11,30,23.6,145,810,726,7,8,305,356,0,560,36.76,44.160000000000000,0.24,984,2.2,219,2.3000000000000000,32.9667,25.8884,,,,,,,,,,,,,,,,,,,,,,
2021,10,6,12,30,24,146,802,715,7,7,292,157,14,403,33.58,44.79,0.24,983,2.3000000000000000,228,2.3000000000000000,23.6815,18.5944,,,,,,,,,,,,,,,,,,,,,,
2021,10,6,13,30,23.8,138,777,643,7,6.300000000000000,291,237,57,445,32.39,49.480000000000000,0.24,983,2.3000000000000000,231,2.3000000000000000,25.7564,20.2007,,,,,,,,,,,,,,,,,,,,,,
2021,10,6,14,30,23,129,713,515,7,5.7,220,242,14,351,32.67,57.22,0.24,983,2.3000000000000000,231,2.1,19.6489,15.3681,,,,,,,,,,,,,,,,,,,,,,
2021,10,6,15,30,22.6,110,602,346,6,5.2,114,115,29,159,32.3,66.9,0.24,983,2.3000000000000000,230,2,8.3574,6.4941,,,,,,,,,,,,,,,,,,,,,,
2021,10,6,16,30,20.6,72,409,159,7,4.7,75,149,64,107,35.21,77.71000000000000,0.24,982,2.2,230,1.3,5.1282,3.9215,,,,,,,,,,,,,,,,,,,,,,
2021,10,6,17,30,18.6,12,48,13,6,4.3,8,1,71,8,38.800000000000000,88.88,0.24,983,2.2,229,1,0.0000,0.0000,,,,,,,,,,,,,,,,,,,,,,
2021,10,6,18,30,17,0,0,0,7,4.1000000000000000,0,0,0,0,42.2,100.98,0.24,983,2.1,212,0.9,0.0000,0.0000,,,,,,,,,,,,,,,,,,,,,,
2021,10,6,19,30,16,0,0,0,7,4.1000000000000000,0,0,0,0,45.03,112.64,0.24,983,2.1,187,0.8,0.0000,0.0000,,,,,,,,,,,,,,,,,,,,,,
2021,10,6,20,30,15.4,0,0,0,7,4.4,0,0,0,0,47.88,123.88000000000000,0.24,983,2.1,175,0.8,0.0000,0.0000,,,,,,,,,,,,,,,,,,,,,,
2021,10,6,21,30,14.8,0,0,0,7,4.9,0,0,0,0,51.68,134.11,0.24,983,2.1,176,0.8,0.0000,0.0000,,,,,,,,,,,,,,,,,,,,,,
2021,10,6,22,30,14,0,0,0,8,5.5,0,0,0,0,56.52,142.31,0.24,983,2.1,177,0.8,0.0000,0.0000,,,,,,,,,,,,,,,,,,,,,,
2021,10,6,23,30,13.600000000000000,0,0,0,0,6,0,0,0,0,60.13,146.8,0.24,982,2.1,171,0.8,0.0000,0.0000,,,,,,,,,,,,,,,,,,,,,,
2021,10,7,0,30,13.8,0,0,0,0,6.4,0,0,0,0,61.06,146.03,0.24,982,2.1,165,0.9,0.0000,0.0000,,,,,,,,,,,,,,,,,,,,,,
2021,10,7,1,30,14,0,0,0,8,6.800000000000000,0,0,0,0,61.77,140.31,0.24,982,2.1,164,0.9,0.0000,0.0000,,,,,,,,,,,,,,,,,,,,,,
2021,10,7,2,30,13.700000000000000,0,0,0,7,7.1000000000000000,0,0,0,0,64.36,131.41,0.24,982,2.1,164,0.9,0.0000,0.0000,,,,,,,,,,,,,,,,,,,,,,
2021,10,7,3,30,13.200000000000000,0,0,0,8,7.300000000000000,0,0,0,0,67.56,120.83,0.24,982,2.1,165,0.9,0.0000,0.0000,,,,,,,,,,,,,,,,,,,,,,
2021,10,7,4,30,13,0,0,0,7,7.6000000000000000,0,0,0,0,69.67,109.43,0.24,982,2.1,165,0.9,0.0000,0.0000,,,,,,,,,,,,,,,,,,,,,,
2021,10,7,5,30,13.100000000000000,0,0,0,7,7.9,0,0,0,0,70.72,97.73,0.24,983,2.1,164,1,0.0000,0.0000,,,,,,,,,,,,,,,,,,,,,,
2021,10,7,6,30,14.100000000000000,30,147,41,7,8,25,26,100,27,66.89,85.88,0.24,983,2.1,163,1.2000000000000000,0.0000,0.0000,,,,,,,,,,,,,,,,,,,,,,
2021,10,7,7,30,15.9,84,481,211,7,8.1,68,200,0,121,59.97,74.71000000000000,0.24,983,2.1,167,1.4000000000000000,5.9320,4.5611,,,,,,,,,,,,,,,,,,,,,,
2021,10,7,8,30,17.900000000000000,116,640,395,3,7.800000000000000,173,147,7,237,51.46,64.19,0.24,983,2.1,180,1.6,12.7159,9.9041,,,,,,,,,,,,,,,,,,,,,,
2021,10,7,9,30,19.8,142,711,550,3,6.9,225,258,21,373,43.09,55.02,0.24,983,2.2,197,1.9000000000000000,21.1060,16.5232,,,,,,,,,,,,,,,,,,,,,,
2021,10,7,10,30,21,165,736,657,3,6,239,381,50,493,37.52,48.09,0.24,983,2.2,208,2.1,28.6727,22.4963,,,,,,,,,,,,,,,,,,,,,,
2021,10,7,11,30,21.700000000000000,182,738,708,7,5.300000000000000,266,454,79,590,34.38,44.53,0.24,983,2.2,214,2.2,34.6962,27.2445,,,,,,,,,,,,,,,,,,,,,,
2021,10,7,12,30,22.200000000000000,179,738,699,7,4.800000000000000,265,415,71,558,32.1,45.18,0.24,983,2.2,219,2.2,32.7524,25.7146,,,,,,,,,,,,,,,,,,,,,,
2021,10,7,13,30,22.400000000000000,162,726,630,7,4.1000000000000000,275,185,29,394,30.26,49.85,0.24,982,2.2,225,2.1,22.7740,17.8598,,,,,,,,,,,,,,,,,,,,,,
2021,10,7,14,30,22.1,144,674,505,8,3.4000000000000000,189,427,71,418,29.27,57.57,0.24,982,2.2,232,2.1,23.3571,18.2655,,,,,,,,,,,,,,,,,,,,,,
2021,10,7,15,30,21.700000000000000,118,565,337,8,2.8000000000000000,132,209,57,213,28.91,67.22,0.24,982,2.2,235,2.1,11.1669,8.6745,,,,,,,,,,,,,,,,,,,,,,
2021,10,7,16,30,19.3,78,353,151,7,2.7,60,25,0,65,33.3,78.01,0.24,982,2.1,246,1.8,3.1105,2.3773,,,,,,,,,,,,,,,,,,,,,,
2021,10,7,17,30,17.400000000000000,10,26,10,7,3.3000000000000000,6,0,71,6,38.88,89.14,0.24,982,2.1,256,1.6,0.0000,0.0000,,,,,,,,,,,,,,,,,,,,,,
2021,10,7,18,30,16,0,0,0,7,4.2,0,0,0,0,45.410000000000000,101.27,0.24,983,2.1,258,1.5,0.0000,0.0000,,,,,,,,,,,,,,,,,,,,,,
2021,10,7,19,30,15.3,0,0,0,7,5.1000000000000000,0,0,0,0,50.49,112.94,0.24,983,2,252,1.2000000000000000,0.0000,0.0000,,,,,,,,,,,,,,,,,,,,,,
2021,10,7,20,30,14.8,0,0,0,7,5.7,0,0,0,0,54.58,124.2,0.24,983,2,238,1,0.0000,0.0000,,,,,,,,,,,,,,,,,,,,,,
2021,10,7,21,30,14.200000000000000,0,0,0,7,6.2,0,0,0,0,58.69,134.45,0.24,983,2,228,1.2000000000000000,0.0000,0.0000,,,,,,,,,,,,,,,,,,,,,,
2021,10,7,22,30,13.700000000000000,0,0,0,7,6.7,0,0,0,0,62.56,142.68,0.24,983,1.9000000000000000,221,1.4000000000000000,0.0000,0.0000,,,,,,,,,,,,,,,,,,,,,,
2021,10,7,23,30,13.200000000000000,0,0,0,8,7.1000000000000000,0,0,0,0,66.43,147.19,0.24,983,1.9000000000000000,208,1.4000000000000000,0.0000,0.0000,,,,,,,,,,,,,,,,,,,,,,
2021,10,8,0,30,12.8,0,0,0,7,7.4,0,0,0,0,69.91,146.39000000000000,0.24,983,1.9000000000000000,194,1.4000000000000000,0.0000,0.0000,,,,,,,,,,,,,,,,,,,,,,
2021,10,8,1,30,12.3,0,0,0,7,7.7,0,0,0,0,73.65,140.6,0.24,983,1.8,182,1.4000000000000000,0.0000,0.0000,,,,,,,,,,,,,,,,,,,,,,
2021,10,8,2,30,11.9,0,0,0,7,8,0,0,0,0,77.09,131.65,0.24,983,1.8,170,1.4000000000000000,0.0000,0.0000,,,,,,,,,,,,,,,,,,,,,,
2021,10,8,3,30,11.5,0,0,0,6,8.3,0,0,0,0,80.57000000000000,121.03,0.24,984,1.7000000000000000,159,1.4000000000000000,0.0000,0.0000,,,,,,,,,,,,,,,,,,,,,,
2021,10,8,4,30,11.200000000000000,0,0,0,6,8.3,0,0,0,0,82.60000000000000,109.62,0.24,984,1.6,155,1.5,0.0000,0.0000,,,,,,,,,,,,,,,,,,,,,,
2021,10,8,5,30,11,0,0,0,7,8.3,0,0,0,0,83.29,97.91,0.24,984,1.6,157,1.6,0.0000,0.0000,,,,,,,,,,,,,,,,,,,,,,
2021,10,8,6,30,11.200000000000000,31,110,39,7,8.200000000000000,24,28,100,26,81.88,86.06,0.24,985,1.5,162,1.9000000000000000,0.0000,0.0000,,,,,,,,,,,,,,,,,,,,,,
2021,10,8,7,30,12.200000000000000,88,472,211,0,8.200000000000000,89,397,29,192,76.43,74.91,0.24,985,1.4000000000000000,167,2.4000000000000000,9.3962,7.2222,,,,,,,,,,,,,,,,,,,,,,
2021,10,8,8,30,13.700000000000000,110,678,403,0,7.9,114,650,0,395,68.08,64.43,0.24,985,1.3,173,2.7,21.1567,16.4753,,,,,,,,,,,,,,,,,,,,,,
2021,10,8,9,30,15.8,117,795,570,7,7.1000000000000000,125,574,71,452,56.42,55.300000000000000,0.24,985,1.3,181,3,25.5427,19.9944,,,,,,,,,,,,,,,,,,,,,,
2021,10,8,10,30,17.6,118,860,689,0,5.300000000000000,181,623,0,594,44.43,48.42,0.24,985,1.2000000000000000,188,3,34.5082,27.0725,,,,,,,,,,,,,,,,,,,,,,
2021,10,8,11,30,19,117,887,745,0,4.1000000000000000,117,887,0,745,37.21,44.9,0.24,985,1.2000000000000000,195,3,43.7645,34.3625,,,,,,,,,,,,,,,,,,,,,,
2021,10,8,12,30,19.900000000000000,113,894,739,0,3.1,113,894,0,739,32.79,45.56,0.24,985,1.1,201,2.9000000000000000,43.3273,34.0144,,,,,,,,,,,,,,,,,,,,,,
2021,10,8,13,30,20.1,105,877,666,0,2.3000000000000000,105,877,0,666,30.67,50.230000000000000,0.24,984,1.1,208,2.8000000000000000,38.4424,30.1440,,,,,,,,,,,,,,,,,,,,,,
2021,10,8,14,30,19.700000000000000,95,828,535,0,1.8,95,828,0,535,30.47,57.910000000000000,0.24,984,1.1,213,2.7,29.8414,23.3325,,,,,,,,,,,,,,,,,,,,,,
2021,10,8,15,30,19.400000000000000,80,731,359,0,1.7000000000000000,80,731,0,359,30.72,67.54,0.24,985,1.1,215,2.6,18.7720,14.5775,,,,,,,,,,,,,,,,,,,,,,
2021,10,8,16,30,16.8,56,517,161,0,1.8,60,416,43,144,36.42,78.31,0.24,985,1.2000000000000000,219,2.1,6.8819,5.2569,,,,,,,,,,,,,,,,,,,,,,
2021,10,8,17,30,14.4,9,55,10,0,2.3000000000000000,9,55,0,10,44.01,89.39,0.24,986,1.2000000000000000,222,1.6,0.0000,0.0000,,,,,,,,,,,,,,,,,,,,,,
2021,10,8,18,30,12.5,0,0,0,0,3.1,0,0,0,0,52.69,101.56,0.24,986,1.2000000000000000,221,1.3,0.0000,0.0000,,,,,,,,,,,,,,,,,,,,,,
2021,10,8,19,30,11.4,0,0,0,0,4.2,0,0,0,0,61.2,113.24000000000000,0.24,987,1.3,210,1.2000000000000000,0.0000,0.0000,,,,,,,,,,,,,,,,,,,,,,
2021,10,8,20,30,10.600000000000000,0,0,0,0,5.300000000000000,0,0,0,0,69.71000000000000,124.51,0.24,987,1.3,184,0.9,0.0000,0.0000,,,,,,,,,,,,,,,,,,,,,,
2021,10,8,21,30,9.9,0,0,0,0,5.9,0,0,0,0,75.94,134.79,0.24,988,1.4000000000000000,146,0.7000000000000000,0.0000,0.0000,,,,,,,,,,,,,,,,,,,,,,
2021,10,8,22,30,9.5,0,0,0,0,6,0,0,0,0,78.65,143.05,0.24,987,1.4000000000000000,113,0.7000000000000000,0.0000,0.0000,,,,,,,,,,,,,,,,,,,,,,
2021,10,8,23,30,9.3,0,0,0,0,5.9,0,0,0,0,79.16,147.58,0.24,987,1.5,102,0.7000000000000000,0.0000,0.0000,,,,,,,,,,,,,,,,,,,,,,
2021,10,9,0,30,9.3,0,0,0,0,5.6000000000000000,0,0,0,0,77.73,146.74,0.24,987,1.5,104,0.7000000000000000,0.0000,0.0000,,,,,,,,,,,,,,,,,,,,,,
2021,10,9,1,30,9.4,0,0,0,0,5.4,0,0,0,0,75.86,140.89000000000000,0.24,987,1.5,109,0.6000000000000000,0.0000,0.0000,,,,,,,,,,,,,,,,,,,,,,
2021,10,9,2,30,9.4,0,0,0,0,5.4,0,0,0,0,75.97,131.88,0.24,987,1.5,107,0.6000000000000000,0.0000,0.0000,,,,,,,,,,,,,,,,,,,,,,
2021,10,9,3,30,9.200000000000000,0,0,0,0,5.5,0,0,0,0,77.89,121.23,0.24,988,1.4000000000000000,92,0.5,0.0000,0.0000,,,,,,,,,,,,,,,,,,,,,,
2021,10,9,4,30,8.8,0,0,0,0,5.4,0,0,0,0,79.35000000000000,109.8,0.24,988,1.4000000000000000,73,0.4,0.0000,0.0000,,,,,,,,,,,,,,,,,,,,,,
2021,10,9,5,30,8.700000000000000,0,0,0,0,5.1000000000000000,0,0,0,0,78.14,98.09,0.24,988,1.3,64,0.4,0.0000,0.0000,,,,,,,,,,,,,,,,,,,,,,
2021,10,9,6,30,10.200000000000000,27,231,42,0,4.800000000000000,27,231,0,42,69.38,86.24,0.24,988,1.2000000000000000,63,0.5,0.0000,0.0000,,,,,,,,,,,,,,,,,,,,,,
2021,10,9,7,30,13,59,629,221,0,5.6000000000000000,59,629,0,221,60.870000000000000,75.12,0.24,989,1.2000000000000000,49,0.7000000000000000,10.7956,8.2947,,,,,,,,,,,,,,,,,,,,,,
2021,10,9,8,30,16.3,77,795,417,0,5,77,795,0,417,47.19,64.67,0.24,989,1.1,177,1,22.2962,17.3594,,,,,,,,,,,,,,,,,,,,,,
2021,10,9,9,30,19.400000000000000,88,875,583,0,1.5,88,875,0,583,30.38,55.58,0.24,988,1,308,1.5,32.9021,25.7521,,,,,,,,,,,,,,,,,,,,,,
2021,10,9,10,30,21.5,95,916,699,0,-1,95,916,0,699,22.18,48.75,0.24,988,0.9,294,2,40.5620,31.8191,,,,,,,,,,,,,,,,,,,,,,
2021,10,9,11,30,23,99,934,756,0,-2.5,99,934,0,756,18.21,45.28,0.24,987,0.9,290,2.5,44.3611,34.8281,,,,,,,,,,,,,,,,,,,,,,
2021,10,9,12,30,23.900000000000000,98,933,747,0,-3.4000000000000000,98,933,0,747,16.03,45.95,0.24,987,0.8,289,2.8000000000000000,43.7446,34.3391,,,,,,,,,,,,,,,,,,,,,,
2021,10,9,13,30,24.3,93,912,672,0,-4.1000000000000000,93,912,0,672,14.92,50.6,0.24,986,0.8,289,3,38.7351,30.3702,,,,,,,,,,,,,,,,,,,,,,
2021,10,9,14,30,24.200000000000000,85,863,539,0,-4.5,85,863,0,539,14.52,58.26,0.24,986,0.8,289,2.9000000000000000,30.0082,23.4589,,,,,,,,,,,,,,,,,,,,,,
2021,10,9,15,30,23.900000000000000,72,769,362,0,-4.7,72,769,0,362,14.57,67.86,0.24,986,0.8,289,2.9000000000000000,18.8787,14.6555,,,,,,,,,,,,,,,,,,,,,,
2021,10,9,16,30,20.3,51,558,161,0,-4.4,51,558,0,161,18.61,78.61,0.24,986,0.9,295,2,7.6860,5.8682,,,,,,,,,,,,,,,,,,,,,,
2021,10,9,17,30,16.400000000000000,9,69,9,0,-2.8000000000000000,9,69,0,9,26.67,89.64,0.24,986,1,317,1.2000000000000000,0.0000,0.0000,,,,,,,,,,,,,,,,,,,,,,
2021,10,9,18,30,14.5,0,0,0,0,-2.1,0,0,0,0,31.89,101.84,0.24,987,1.1,339,0.9,0.0000,0.0000,,,,,,,,,,,,,,,,,,,,,,
2021,10,9,19,30,14.3,0,0,0,0,-1.8,0,0,0,0,32.99,113.53,0.24,987,1.1,180,0.7000000000000000,0.0000,0.0000,,,,,,,,,,,,,,,,,,,,,,
2021,10,9,20,30,14.3,0,0,0,0,-1.6,0,0,0,0,33.31,124.81,0.24,988,1.2000000000000000,34,0.5,0.0000,0.0000,,,,,,,,,,,,,,,,,,,,,,
2021,10,9,21,30,13.9,0,0,0,0,-1.3,0,0,0,0,35.050000000000000,135.13,0.24,988,1.1,67,0.5,0.0000,0.0000,,,,,,,,,,,,,,,,,,,,,,
2021,10,9,22,30,13,0,0,0,0,-0.6000000000000000,0,0,100,0,39.06,143.42000000000000,0.24,988,1.1,83,0.6000000000000000,0.0000,0.0000,,,,,,,,,,,,,,,,,,,,,,
2021,10,9,23,30,12.3,0,0,0,0,0.30000000000000000,0,0,100,0,43.7,147.96,0.24,988,1.1,88,0.7000000000000000,0.0000,0.0000,,,,,,,,,,,,,,,,,,,,,,
2021,10,10,0,30,11.9,0,0,0,0,1,0,0,100,0,47.2,147.09,0.24,987,1.1,89,0.8,0.0000,0.0000,,,,,,,,,,,,,,,,,,,,,,
2021,10,10,1,30,11.700000000000000,0,0,0,0,1,0,0,100,0,47.89,141.18,0.24,987,1.1,92,0.9,0.0000,0.0000,,,,,,,,,,,,,,,,,,,,,,
2021,10,10,2,30,11.3,0,0,0,0,0.6000000000000000,0,0,100,0,47.67,132.12,0.24,987,1.1,95,0.9,0.0000,0.0000,,,,,,,,,,,,,,,,,,,,,,
2021,10,10,3,30,10.700000000000000,0,0,0,0,0.1,0,0,100,0,47.92,121.43,0.24,987,1.1,100,1,0.0000,0.0000,,,,,,,,,,,,,,,,,,,,,,
2021,10,10,4,30,10.3,0,0,0,0,-0.4,0,0,0,0,47.39,109.99000000000000,0.24,987,1.1,108,1,0.0000,0.0000,,,,,,,,,,,,,,,,,,,,,,
2021,10,10,5,30,10.5,0,0,0,0,-0.6000000000000000,0,0,0,0,46.01,98.28,0.24,987,1.1,117,1,0.0000,0.0000,,,,,,,,,,,,,,,,,,,,,,
2021,10,10,6,30,12.600000000000000,24,260,40,0,-0.30000000000000000,24,260,7,40,41.04,86.43,0.24,987,1.2000000000000000,133,0.9,0.0000,0.0000,,,,,,,,,,,,,,,,,,,,,,
2021,10,10,7,30,16.2,55,656,221,0,0.8,55,656,0,221,35.33,75.33,0.24,987,1.2000000000000000,160,0.7000000000000000,10.7762,8.2766,,,,,,,,,,,,,,,,,,,,,,
2021,10,10,8,30,19.5,71,806,413,0,1,71,806,0,413,29.03,64.91,0.24,987,1.2000000000000000,216,0.7000000000000000,22.0435,17.1593,,,,,,,,,,,,,,,,,,,,,,
2021,10,10,9,30,22.1,82,878,575,0,0.4,82,878,0,575,23.72,55.86,0.24,987,1.2000000000000000,263,1,32.4071,25.3618,,,,,,,,,,,,,,,,,,,,,,
2021,10,10,10,30,24,91,916,691,0,-0.9,91,916,0,691,19.27,49.08,0.24,986,1.1,272,1.7000000000000000,40.0516,31.4159,,,,,,,,,,,,,,,,,,,,,,
2021,10,10,11,30,25.200000000000000,95,929,744,0,-1.4000000000000000,95,929,0,744,17.29,45.65,0.24,985,1.1,277,2.1,43.6087,34.2346,,,,,,,,,,,,,,,,,,,,,,
2021,10,10,12,30,25.8,96,922,733,0,-1.7000000000000000,96,922,0,733,16.27,46.33,0.24,985,1.1,281,2.3000000000000000,42.8745,33.6532,,,,,,,,,,,,,,,,,,,,,,
2021,10,10,13,30,25.900000000000000,94,895,658,0,-2,94,895,0,658,15.88,50.97,0.24,984,1.1,285,2.2,37.8747,29.6924,,,,,,,,,,,,,,,,,,,,,,
2021,10,10,14,30,25.400000000000000,87,842,526,0,-2.1,87,842,0,526,16.17,58.6,0.24,983,1.1,289,1.9000000000000000,29.2303,22.8469,,,,,,,,,,,,,,,,,,,,,,
2021,10,10,15,30,25.1,74,743,350,0,-2.2,74,743,0,350,16.37,68.18,0.24,983,1.1,291,1.7000000000000000,18.2040,14.1269,,,,,,,,,,,,,,,,,,,,,,
2021,10,10,16,30,21.8,53,523,154,0,-2,53,523,0,154,20.27,78.91,0.24,983,1,306,0.7000000000000000,7.3457,5.6058,,,,,,,,,,,,,,,,,,,,,,
2021,10,10,17,30,18.5,6,40,6,0,-1.1,6,40,0,6,26.62,89.89,0.24,982,1,182,0.5,0.0000,0.0000,,,,,,,,,,,,,,,,,,,,,,
2021,10,10,18,30,16.3,0,0,0,0,-1.1,0,0,0,0,30.57,102.12,0.24,982,1,75,0.7000000000000000,0.0000,0.0000,,,,,,,,,,,,,,,,,,,,,,
2021,10,10,19,30,15.100000000000000,0,0,0,0,-0.6000000000000000,0,0,0,0,34.15,113.82000000000000,0.24,982,1.1,111,1,0.0000,0.0000,,,,,,,,,,,,,,,,,,,,,,
2021,10,10,20,30,14.4,0,0,0,0,0.4,0,0,0,0,38.34,125.12,0.24,982,1.2000000000000000,131,1.2000000000000000,0.0000,0.0000,,,,,,,,,,,,,,,,,,,,,,
2021,10,10,21,30,13.700000000000000,0,0,0,0,1.6,0,0,0,0,43.9,135.46,0.24,981,1.3,148,1.3,0.0000,0.0000,,,,,,,,,,,,,,,,,,,,,,
2021,10,10,22,30,12.9,0,0,0,0,3.5,0,0,100,0,52.85,143.79,0.24,981,1.3,160,1.2000000000000000,0.0000,0.0000,,,,,,,,,,,,,,,,,,,,,,
2021,10,10,23,30,12.100000000000000,0,0,0,0,4.800000000000000,0,0,100,0,61.13,148.34,0.24,981,1.3,167,1.1,0.0000,0.0000,,,,,,,,,,,,,,,,,,,,,,
2021,10,11,0,30,11.600000000000000,0,0,0,0,5,0,0,100,0,63.690000000000000,147.44,0.24,980,1.2000000000000000,178,1.2000000000000000,0.0000,0.0000,,,,,,,,,,,,,,,,,,,,,,
2021,10,11,1,30,11.3,0,0,0,0,4.4,0,0,100,0,62.61,141.47,0.24,981,1,207,1.3,0.0000,0.0000,,,,,,,,,,,,,,,,,,,,,,
2021,10,11,2,30,10.9,0,0,0,0,3.8000000000000000,0,0,100,0,61.620000000000000,132.35,0.24,981,0.8,259,1.4000000000000000,0.0000,0.0000,,,,,,,,,,,,,,,,,,,,,,
2021,10,11,3,30,10,0,0,0,0,3.2,0,0,100,0,62.690000000000000,121.63,0.24,981,0.7000000000000000,294,1.7000000000000000,0.0000,0.0000,,,,,,,,,,,,,,,,,,,,,,
2021,10,11,4,30,9.1,0,0,0,0,2.6,0,0,0,0,64,110.17,0.24,980,0.6000000000000000,300,2,0.0000,0.0000,,,,,,,,,,,,,,,,,,,,,,
2021,10,11,5,30,8.6,0,0,0,0,2.1,0,0,0,0,63.89,98.46000000000000,0.24,980,0.7000000000000000,305,2.3000000000000000,0.0000,0.0000,,,,,,,,,,,,,,,,,,,,,,
2021,10,11,6,30,9.4,25,222,38,0,1.7000000000000000,25,222,0,38,58.78,86.61,0.24,980,0.8,316,2.9000000000000000,0.0000,0.0000,,,,,,,,,,,,,,,,,,,,,,
2021,10,11,7,30,11.4,58,645,219,0,1.7000000000000000,58,645,0,219,51.44,75.54,0.24,980,0.8,333,3.9000000000000000,10.6597,8.1840,,,,,,,,,,,,,,,,,,,,,,
2021,10,11,8,30,13.9,73,814,415,0,1.1,73,814,0,415,41.81,65.15,0.24,980,0.8,348,4.5,22.1109,17.2083,,,,,,,,,,,,,,,,,,,,,,
2021,10,11,9,30,16.1,84,888,579,0,-1.3,84,888,0,579,30.32,56.15,0.24,980,0.8,353,4.7,32.5866,25.4992,,,,,,,,,,,,,,,,,,,,,,
2021,10,11,10,30,17.5,95,923,696,0,-4,95,923,0,696,22.85,49.410000000000000,0.24,980,0.7000000000000000,352,4.800000000000000,40.2942,31.6034,,,,,,,,,,,,,,,,,,,,,,
2021,10,11,11,30,18.400000000000000,96,945,752,0,-6.2,96,945,0,752,18.21,46.01,0.24,979,0.7000000000000000,349,4.800000000000000,44.0293,34.5621,,,,,,,,,,,,,,,,,,,,,,
2021,10,11,12,30,18.8,100,932,739,0,-7.6000000000000000,100,932,0,739,15.92,46.71,0.24,979,0.7000000000000000,347,4.800000000000000,43.1740,33.8853,,,,,,,,,,,,,,,,,,,,,,
2021,10,11,13,30,18.8,103,892,660,0,-8.3,103,892,7,660,15.07,51.34,0.24,978,0.7000000000000000,346,4.9,37.9354,29.7366,,,,,,,,,,,,,,,,,,,,,,
2021,10,11,14,30,18.5,92,845,528,0,-8.8,100,800,29,513,14.870000000000000,58.94,0.24,978,0.7000000000000000,347,5,28.4543,22.2365,,,,,,,,,,,,,,,,,,,,,,
2021,10,11,15,30,18.2,76,748,350,0,-9.3,79,719,14,343,14.5,68.5,0.24,978,0.7000000000000000,348,5,17.7915,13.8020,,,,,,,,,,,,,,,,,,,,,,
2021,10,11,16,30,16.2,50,560,155,0,-9.8,50,560,0,155,15.84,79.2,0.24,979,0.6000000000000000,356,4.2,7.3895,5.6368,,,,,,,,,,,,,,,,,,,,,,
2021,10,11,17,30,14.4,6,48,6,0,-9.9,6,48,0,6,17.650000000000000,90.13,0.24,979,0.6000000000000000,180,3.5,0.0000,0.0000,,,,,,,,,,,,,,,,,,,,,,
2021,10,11,18,30,13,0,0,0,0,-9.600000000000000,0,0,0,0,19.78,102.41,0.24,980,0.6000000000000000,1,3,0.0000,0.0000,,,,,,,,,,,,,,,,,,,,,,
2021,10,11,19,30,11.9,0,0,0,0,-9.3,0,0,0,0,21.72,114.10000000000000,0.24,980,0.5,180,2.5,0.0000,0.0000,,,,,,,,,,,,,,,,,,,,,,
2021,10,11,20,30,10.9,0,0,0,0,-9.1,0,0,0,0,23.650000000000000,125.42,0.24,980,0.5,358,2.2,0.0000,0.0000,,,,,,,,,,,,,,,,,,,,,,
2021,10,11,21,30,10.100000000000000,0,0,0,0,-8.8,0,0,0,0,25.61,135.79,0.24,980,0.5,356,2.1,0.0000,0.0000,,,,,,,,,,,,,,,,,,,,,,
2021,10,11,22,30,9.4,0,0,0,0,-8.3,0,0,100,0,27.740000000000000,144.15,0.24,981,0.5,356,2.1,0.0000,0.0000,,,,,,,,,,,,,,,,,,,,,,
2021,10,11,23,30,8.8,0,0,0,0,-7.800000000000000,0,0,100,0,30.14,148.72,0.24,981,0.5,358,2,0.0000,0.0000,,,,,,,,,,,,,,,,,,,,,,
2021,10,12,0,30,8.200000000000000,0,0,0,0,-7.1000000000000000,0,0,100,0,33.12,147.79,0.24,981,0.5,181,1.9000000000000000,0.0000,0.0000,,,,,,,,,,,,,,,,,,,,,,
2021,10,12,1,30,7.7,0,0,0,0,-6.4,0,0,100,0,36.14,141.75,0.24,981,0.5,3,1.8,0.0000,0.0000,,,,,,,,,,,,,,,,,,,,,,
2021,10,12,2,30,7.300000000000000,0,0,0,0,-5.9,0,0,100,0,38.57,132.58,0.24,981,0.5,5,1.8,0.0000,0.0000,,,,,,,,,,,,,,,,,,,,,,
2021,10,12,3,30,6.9,0,0,0,0,-5.6000000000000000,0,0,100,0,40.45,121.83,0.24,981,0.4,10,1.7000000000000000,0.0000,0.0000,,,,,,,,,,,,,,,,,,,,,,
2021,10,12,4,30,6.5,0,0,0,0,-5.5,0,0,0,0,42.07,110.36,0.24,982,0.4,14,1.7000000000000000,0.0000,0.0000,,,,,,,,,,,,,,,,,,,,,,
2021,10,12,5,30,6.4,0,0,0,0,-5.4,0,0,0,0,42.64,98.64,0.24,982,0.5,15,1.7000000000000000,0.0000,0.0000,,,,,,,,,,,,,,,,,,,,,,
2021,10,12,6,30,7.6000000000000000,24,272,39,4,-5.300000000000000,23,158,64,32,39.44,86.79,0.24,982,0.5,8,2,0.0000,0.0000,,,,,,,,,,,,,,,,,,,,,,
2021,10,12,7,30,10.5,55,691,225,0,-5.2,55,691,0,225,32.83,75.74,0.24,982,0.5,9,2.5,10.9337,8.3913,,,,,,,,,,,,,,,,,,,,,,
2021,10,12,8,30,13.700000000000000,72,840,422,0,-5.9,72,840,0,422,25.26,65.39,0.24,983,0.5,17,2.7,22.4434,17.4636,,,,,,,,,,,,,,,,,,,,,,
2021,10,12,9,30,16.400000000000000,85,908,587,0,-7.4,85,908,0,587,18.81,56.43,0.24,983,0.5,186,2.7,32.9914,25.8128,,,,,,,,,,,,,,,,,,,,,,
2021,10,12,10,30,18.400000000000000,95,940,702,0,-9.1,95,940,0,702,14.55,49.74,0.24,982,0.5,344,3,40.5933,31.8351,,,,,,,,,,,,,,,,,,,,,,
2021,10,12,11,30,19.900000000000000,97,954,755,0,-10.3,97,954,0,755,12.08,46.38,0.24,982,0.5,330,3.3000000000000000,44.1545,34.6574,,,,,,,,,,,,,,,,,,,,,,
2021,10,12,12,30,20.8,96,948,741,0,-11.3,96,948,0,741,10.58,47.09,0.24,981,0.6000000000000000,324,3.5,43.2384,33.9328,,,,,,,,,,,,,,,,,,,,,,
2021,10,12,13,30,21.200000000000000,90,929,666,0,-12.100000000000000,90,929,0,666,9.65,51.7,0.24,981,0.6000000000000000,321,3.4000000000000000,38.2261,29.9611,,,,,,,,,,,,,,,,,,,,,,
2021,10,12,14,30,21.1,81,880,531,0,-12.8,81,880,0,531,9.16,59.28,0.24,981,0.6000000000000000,318,3.2,29.3964,22.9686,,,,,,,,,,,,,,,,,,,,,,
2021,10,12,15,30,21,69,778,350,0,-13.4,69,778,0,350,8.83,68.81,0.24,981,0.7000000000000000,316,3.1,18.1064,14.0414,,,,,,,,,,,,,,,,,,,,,,
2021,10,12,16,30,17.2,47,568,151,0,-13.4,47,568,0,151,11.14,79.49,0.24,981,0.7000000000000000,308,1.9000000000000000,7.1972,5.4879,,,,,,,,,,,,,,,,,,,,,,
2021,10,12,17,30,13.3,7,48,6,0,-11.5,7,48,0,6,16.66,90.98,0.24,982,0.7000000000000000,316,1.1,0.0000,0.0000,,,,,,,,,,,,,,,,,,,,,,
2021,10,12,18,30,11.8,0,0,0,0,-11.100000000000000,0,0,0,0,18.95,102.68,0.24,982,0.8,175,0.8,0.0000,0.0000,,,,,,,,,,,,,,,,,,,,,,
2021,10,12,19,30,11.5,0,0,0,0,-10.9,0,0,0,0,19.650000000000000,114.38,0.24,982,0.9,47,0.6000000000000000,0.0000,0.0000,,,,,,,,,,,,,,,,,,,,,,
2021,10,12,20,30,11.100000000000000,0,0,0,0,-10.4,0,0,0,0,21.02,125.72,0.24,982,0.9,76,0.6000000000000000,0.0000,0.0000,,,,,,,,,,,,,,,,,,,,,,
2021,10,12,21,30,10.4,0,0,0,0,-9.200000000000000,0,0,0,0,24.17,136.11,0.24,983,1,83,0.7000000000000000,0.0000,0.0000,,,,,,,,,,,,,,,,,,,,,,
2021,10,12,22,30,9.5,0,0,0,0,-7.9,0,0,100,0,28.52,144.51,0.24,983,1.1,84,1,0.0000,0.0000,,,,,,,,,,,,,,,,,,,,,,
2021,10,12,23,30,8.8,0,0,0,0,-6.800000000000000,0,0,100,0,32.61,149.1,0.24,983,1.1,86,1,0.0000,0.0000,,,,,,,,,,,,,,,,,,,,,,
2021,10,13,0,30,8.5,0,0,0,0,-6,0,0,100,0,35.19,148.13,0.24,983,1.2000000000000000,93,0.9,0.0000,0.0000,,,,,,,,,,,,,,,,,,,,,,
2021,10,13,1,30,8.5,0,0,0,5,-5.6000000000000000,0,0,100,0,36.47,142.04,0.24,983,1.3,105,0.9,0.0000,0.0000,,,,,,,,,,,,,,,,,,,,,,
2021,10,13,2,30,8.6,0,0,0,5,-5.1000000000000000,0,0,100,0,37.49,132.82,0.24,983,1.3,120,1.2000000000000000,0.0000,0.0000,,,,,,,,,,,,,,,,,,,,,,
2021,10,13,3,30,8.5,0,0,0,5,-4.7,0,0,100,0,39.08,122.03,0.24,983,1.4000000000000000,139,1.3,0.0000,0.0000,,,,,,,,,,,,,,,,,,,,,,
2021,10,13,4,30,8.200000000000000,0,0,0,4,-3.8000000000000000,0,0,0,0,42.53,110.54,0.24,983,1.4000000000000000,155,1.3,0.0000,0.0000,,,,,,,,,,,,,,,,,,,,,,
2021,10,13,5,30,7.9,0,0,0,4,-2.4000000000000000,0,0,0,0,48.04,98.82000000000000,0.24,983,1.4000000000000000,159,1.2000000000000000,0.0000,0.0000,,,,,,,,,,,,,,,,,,,,,,
2021,10,13,6,30,9.5,22,222,34,4,-1.2000000000000000,12,0,100,12,47.06,86.97,0.24,984,1.4000000000000000,149,1.5,0.0000,0.0000,,,,,,,,,,,,,,,,,,,,,,
2021,10,13,7,30,12.9,55,636,209,4,-0.5,89,144,43,124,39.64,75.96000000000000,0.24,984,1.3,144,1.9000000000000000,6.0149,4.6144,,,,,,,,,,,,,,,,,,,,,,
2021,10,13,8,30,15.9,71,797,400,4,-1.5,153,168,7,222,30.29,65.63,0.24,984,1.3,161,1.8,11.7853,9.1684,,,,,,,,,,,,,,,,,,,,,,
2021,10,13,9,30,18.2,82,872,561,3,-2.5,214,368,7,416,24.46,56.71,0.24,984,1.3,187,1.7000000000000000,23.3480,18.2655,,,,,,,,,,,,,,,,,,,,,,
2021,10,13,10,30,19.900000000000000,88,911,673,3,-2.9000000000000000,256,361,0,488,21.26,50.07,0.24,983,1.3,210,1.7000000000000000,28.1847,22.1016,,,,,,,,,,,,,,,,,,,,,,
2021,10,13,11,30,21.1,89,929,726,0,-3.1,117,849,21,699,19.46,46.75,0.24,983,1.3,226,1.7000000000000000,40.8319,32.0468,,,,,,,,,,,,,,,,,,,,,,
2021,10,13,12,30,21.8,94,917,714,0,-3.1,94,917,0,714,18.63,47.47,0.24,982,1.3,240,1.5,41.6116,32.6531,,,,,,,,,,,,,,,,,,,,,,
2021,10,13,13,30,22,96,879,636,0,-2.8000000000000000,96,879,0,636,18.86,52.07,0.24,982,1.3,257,1.4000000000000000,36.4501,28.5657,,,,,,,,,,,,,,,,,,,,,,
2021,10,13,14,30,21.700000000000000,87,826,505,0,-2.1,87,826,0,505,20.19,59.620000000000000,0.24,982,1.3,275,1.4000000000000000,27.9028,21.7976,,,,,,,,,,,,,,,,,,,,,,
2021,10,13,15,30,21.400000000000000,73,723,331,0,-1.4000000000000000,73,723,0,331,21.62,69.12,0.24,982,1.2000000000000000,285,1.4000000000000000,17.0775,13.2387,,,,,,,,,,,,,,,,,,,,,,
2021,10,13,16,30,18,50,501,139,0,-1.1,50,501,0,139,27.45,79.78,0.24,982,1.2000000000000000,310,1.1,6.6258,5.0505,,,,,,,,,,,,,,,,,,,,,,
2021,10,13,17,30,14.8,5,30,4,0,-0.7000000000000000,5,30,0,4,34.6,91.25,0.24,982,1.1,328,0.8,0.0000,0.0000,,,,,,,,,,,,,,,,,,,,,,
2021,10,13,18,30,13.3,0,0,0,0,-0.8,0,0,0,0,37.84,102.96000000000000,0.24,983,1.1,173,0.8,0.0000,0.0000,,,,,,,,,,,,,,,,,,,,,,
2021,10,13,19,30,12.5,0,0,0,0,-0.7000000000000000,0,0,0,0,40.08,114.66,0.24,983,1.1,15,0.7000000000000000,0.0000,0.0000,,,,,,,,,,,,,,,,,,,,,,
2021,10,13,20,30,11.9,0,0,0,0,-0.30000000000000000,0,0,0,0,42.87,126.01,0.24,983,1.1,29,0.6000000000000000,0.0000,0.0000,,,,,,,,,,,,,,,,,,,,,,
2021,10,13,21,30,11.4,0,0,0,0,0.30000000000000000,0,0,0,0,46.44,136.43,0.24,983,1.1,36,0.6000000000000000,0.0000,0.0000,,,,,,,,,,,,,,,,,,,,,,
2021,10,13,22,30,10.9,0,0,0,0,0.9,0,0,100,0,49.97,144.87,0.24,983,1.1,34,0.6000000000000000,0.0000,0.0000,,,,,,,,,,,,,,,,,,,,,,
2021,10,13,23,30,10.5,0,0,0,0,1.2000000000000000,0,0,100,0,52.45,149.48,0.24,983,1.2000000000000000,22,0.7000000000000000,0.0000,0.0000,,,,,,,,,,,,,,,,,,,,,,
2021,10,14,0,30,10.100000000000000,0,0,0,0,1.3,0,0,100,0,54.33,148.48,0.24,984,1.2000000000000000,15,0.8,0.0000,0.0000,,,,,,,,,,,,,,,,,,,,,,
2021,10,14,1,30,9.700000000000000,0,0,0,0,1.2000000000000000,0,0,100,0,55.56,142.32,0.24,984,1.2000000000000000,20,0.8,0.0000,0.0000,,,,,,,,,,,,,,,,,,,,,,
2021,10,14,2,30,9.4,0,0,0,0,1.1,0,0,100,0,56.11,133.04,0.24,984,1.2000000000000000,25,0.8,0.0000,0.0000,,,,,,,,,,,,,,,,,,,,,,
2021,10,14,3,30,9,0,0,0,0,0.8,0,0,100,0,56.620000000000000,122.23,0.24,984,1.1,31,0.8,0.0000,0.0000,,,,,,,,,,,,,,,,,,,,,,
2021,10,14,4,30,8.9,0,0,0,0,0.5,0,0,0,0,55.45,110.73,0.24,985,1.1,41,0.8,0.0000,0.0000,,,,,,,,,,,,,,,,,,,,,,
2021,10,14,5,30,9.1,0,0,0,3,0,0,0,0,0,52.81,99,0.24,985,1,52,0.8,0.0000,0.0000,,,,,,,,,,,,,,,,,,,,,,
2021,10,14,6,30,10.8,22,179,31,3,-0.4,20,95,71,25,45.86,87.16,0.24,985,1,58,0.8,0.0000,0.0000,,,,,,,,,,,,,,,,,,,,,,
2021,10,14,7,30,14.200000000000000,60,608,205,0,-0.5,60,608,0,205,36.42,76.17,0.24,986,0.9,49,1,9.9276,7.6131,,,,,,,,,,,,,,,,,,,,,,
2021,10,14,8,30,17.900000000000000,80,779,398,0,-0.8,80,779,0,398,28.26,65.87,0.24,986,0.9,185,1.4000000000000000,21.0899,16.4035,,,,,,,,,,,,,,,,,,,,,,
2021,10,14,9,30,21,91,861,560,0,-1.8,91,861,0,560,21.63,56.99,0.24,986,0.9,320,1.8,31.3856,24.5503,,,,,,,,,,,,,,,,,,,,,,
2021,10,14,10,30,23.200000000000000,100,901,674,0,-2.9000000000000000,100,901,0,674,17.36,50.4,0.24,986,0.9,302,2.2,38.8796,30.4853,,,,,,,,,,,,,,,,,,,,,,
2021,10,14,11,30,24.8,105,915,728,0,-4,105,915,0,728,14.56,47.11,0.24,986,0.8,293,2.5,42.4771,33.3351,,,,,,,,,,,,,,,,,,,,,,
2021,10,14,12,30,25.700000000000000,105,910,716,0,-4.7,105,910,0,716,13.05,47.84,0.24,985,0.8,287,2.8000000000000000,41.6772,32.7016,,,,,,,,,,,,,,,,,,,,,,
2021,10,14,13,30,25.900000000000000,97,896,643,0,-5.300000000000000,97,896,0,643,12.39,52.43,0.24,985,0.8,285,2.9000000000000000,36.7973,28.8344,,,,,,,,,,,,,,,,,,,,,,
2021,10,14,14,30,25.6,84,855,512,0,-5.7,84,855,0,512,12.22,59.96,0.24,985,0.8,284,2.9000000000000000,28.2338,22.0520,,,,,,,,,,,,,,,,,,,,,,
2021,10,14,15,30,25.200000000000000,69,758,335,0,-6,69,758,0,335,12.21,69.43,0.24,985,0.8,283,2.8000000000000000,17.2370,13.3575,,,,,,,,,,,,,,,,,,,,,,
2021,10,14,16,30,20.6,45,546,139,0,-6,45,546,0,139,16.11,80.07000000000000,0.24,985,0.8,291,1.5,0.0000,0.0000,,,,,,,,,,,,,,,,,,,,,,
2021,10,14,17,30,16.7,4,23,3,0,-5,4,23,0,3,22.3,91.53,0.24,986,0.8,310,0.9,0.0000,0.0000,,,,,,,,,,,,,,,,,,,,,,
2021,10,14,18,30,15.600000000000000,0,0,0,0,-5,0,0,0,0,23.89,103.23,0.24,986,0.8,178,0.7000000000000000,0.0000,0.0000,,,,,,,,,,,,,,,,,,,,,,
2021,10,14,19,30,15.5,0,0,0,0,-5,0,0,0,0,24.04,114.94,0.24,986,0.8,54,0.6000000000000000,0.0000,0.0000,,,,,,,,,,,,,,,,,,,,,,
2021,10,14,20,30,15.100000000000000,0,0,0,0,-4.9,0,0,0,0,24.740000000000000,126.3,0.24,987,0.8,76,0.7000000000000000,0.0000,0.0000,,,,,,,,,,,,,,,,,,,,,,
2021,10,14,21,30,14.3,0,0,0,0,-4.800000000000000,0,0,0,0,26.35,136.75,0.24,987,0.8,83,1,0.0000,0.0000,,,,,,,,,,,,,,,,,,,,,,
2021,10,14,22,30,13.5,0,0,0,0,-4.7,0,0,100,0,27.990000000000000,145.22,0.24,987,0.8,89,1.2000000000000000,0.0000,0.0000,,,,,,,,,,,,,,,,,,,,,,
2021,10,14,23,30,13,0,0,0,0,-4.800000000000000,0,0,100,0,28.68,149.85,0.24,987,0.9,95,1.4000000000000000,0.0000,0.0000,,,,,,,,,,,,,,,,,,,,,,
2021,10,15,0,30,12.5,0,0,0,0,-5.1000000000000000,0,0,100,0,28.95,148.82,0.24,987,0.9,101,1.6,0.0000,0.0000,,,,,,,,,,,,,,,,,,,,,,
2021,10,15,1,30,11.9,0,0,0,0,-5.5,0,0,100,0,29.150000000000000,142.6,0.24,988,0.9,108,1.6,0.0000,0.0000,,,,,,,,,,,,,,,,,,,,,,
2021,10,15,2,30,11.3,0,0,0,0,-5.9,0,0,100,0,29.37,133.27,0.24,988,0.9,112,1.4000000000000000,0.0000,0.0000,,,,,,,,,,,,,,,,,,,,,,
2021,10,15,3,30,11,0,0,0,0,-6,0,0,100,0,29.76,122.43,0.24,988,0.9,115,1.2000000000000000,0.0000,0.0000,,,,,,,,,,,,,,,,,,,,,,
2021,10,15,4,30,10.9,0,0,0,0,-5.9,0,0,0,0,30.22,110.91,0.24,988,0.9,117,1.1,0.0000,0.0000,,,,,,,,,,,,,,,,,,,,,,
2021,10,15,5,30,11.100000000000000,0,0,0,0,-5.7,0,0,0,0,30.400000000000000,99.19,0.24,989,0.9,118,1.2000000000000000,0.0000,0.0000,,,,,,,,,,,,,,,,,,,,,,
2021,10,15,6,30,13.100000000000000,20,201,29,3,-5.4,19,126,57,25,27.150000000000000,87.34,0.24,989,0.9,116,1,0.0000,0.0000,,,,,,,,,,,,,,,,,,,,,,
2021,10,15,7,30,17.400000000000000,53,647,205,0,-4.7,53,647,0,205,21.77,76.38,0.24,990,0.9,119,1.1,9.9116,7.5978,,,,,,,,,,,,,,,,,,,,,,
2021,10,15,8,30,21.5,70,809,398,0,-4.1000000000000000,70,809,0,398,17.7,66.11,0.24,990,0.9,136,1.3,21.0508,16.3696,,,,,,,,,,,,,,,,,,,,,,
2021,10,15,9,30,24.3,81,886,560,0,-3.3000000000000000,81,886,0,560,15.82,57.28,0.24,990,0.9,165,1.2000000000000000,31.3390,24.5107,,,,,,,,,,,,,,,,,,,,,,
2021,10,15,10,30,26.3,89,923,673,0,-3.4000000000000000,89,923,0,673,13.94,50.730000000000000,0.24,989,0.9,191,1.2000000000000000,38.7736,30.3993,,,,,,,,,,,,,,,,,,,,,,
2021,10,15,11,30,27.6,92,938,726,0,-3.6,92,938,0,726,12.700000000000000,47.47,0.24,989,0.9,209,1.3,42.3109,33.2018,,,,,,,,,,,,,,,,,,,,,,
2021,10,15,12,30,28.400000000000000,91,933,713,0,-3.9000000000000000,91,933,0,713,11.84,48.22,0.24,988,0.9,223,1.4000000000000000,41.4497,32.5199,,,,,,,,,,,,,,,,,,,,,,
2021,10,15,13,30,28.6,88,907,637,0,-4.2,88,907,0,637,11.450000000000000,52.78,0.24,987,0.9,237,1.4000000000000000,36.4012,28.5207,,,,,,,,,,,,,,,,,,,,,,
2021,10,15,14,30,28.3,80,855,504,0,-4.4,80,855,0,504,11.48,60.29,0.24,987,0.9,252,1.4000000000000000,27.7385,21.6612,,,,,,,,,,,,,,,,,,,,,,
2021,10,15,15,30,27.900000000000000,67,753,328,0,-4.5,67,753,0,328,11.72,69.73,0.24,987,0.9,259,1.4000000000000000,16.8321,13.0390,,,,,,,,,,,,,,,,,,,,,,
2021,10,15,16,30,23.400000000000000,45,526,133,0,-3.8000000000000000,45,526,0,133,16.080000000000000,80.35000000000000,0.24,987,0.9,284,1,0.0000,0.0000,,,,,,,,,,,,,,,,,,,,,,
2021,10,15,17,30,20,3,19,2,0,-2.7,3,19,0,2,21.46,91.8,0.24,987,0.9,325,1,0.0000,0.0000,,,,,,,,,,,,,,,,,,,,,,
2021,10,15,18,30,18.3,0,0,0,0,-3,0,0,0,0,23.38,103.5,0.24,987,0.9,195,1,0.0000,0.0000,,,,,,,,,,,,,,,,,,,,,,
2021,10,15,19,30,17.400000000000000,0,0,0,0,-3.3000000000000000,0,0,0,0,24.26,115.21000000000000,0.24,987,0.9,44,1,0.0000,0.0000,,,,,,,,,,,,,,,,,,,,,,
2021,10,15,20,30,17.1,0,0,0,0,-3.7,0,0,0,0,23.830000000000000,126.59,0.24,987,0.9,65,0.8,0.0000,0.0000,,,,,,,,,,,,,,,,,,,,,,
2021,10,15,21,30,17,0,0,0,0,-4.2,0,0,0,0,23.2,137.06,0.24,987,0.9,87,0.8,0.0000,0.0000,,,,,,,,,,,,,,,,,,,,,,
2021,10,15,22,30,16.8,0,0,0,0,-4.7,0,0,100,0,22.69,145.57,0.24,987,0.9,104,0.8,0.0000,0.0000,,,,,,,,,,,,,,,,,,,,,,
2021,10,15,23,30,16.2,0,0,0,0,-5.1000000000000000,0,0,100,0,22.86,150.23,0.24,987,0.9,114,0.8,0.0000,0.0000,,,,,,,,,,,,,,,,,,,,,,
2021,10,16,0,30,15.5,0,0,0,0,-5.300000000000000,0,0,100,0,23.490000000000000,149.16,0.24,987,0.9,118,0.9,0.0000,0.0000,,,,,,,,,,,,,,,,,,,,,,
2021,10,16,1,30,15,0,0,0,0,-5.300000000000000,0,0,100,0,24.310000000000000,142.88,0.24,987,0.9,116,1,0.0000,0.0000,,,,,,,,,,,,,,,,,,,,,,
2021,10,16,2,30,14.600000000000000,0,0,0,0,-5.1000000000000000,0,0,100,0,25.240000000000000,133.5,0.24,987,0.9,112,1,0.0000,0.0000,,,,,,,,,,,,,,,,,,,,,,
2021,10,16,3,30,14.4,0,0,0,0,-5.1000000000000000,0,0,100,0,25.560000000000000,122.63,0.24,986,0.9,109,1.1,0.0000,0.0000,,,,,,,,,,,,,,,,,,,,,,
2021,10,16,4,30,14.100000000000000,0,0,0,0,-5.300000000000000,0,0,0,0,25.740000000000000,111.09,0.24,986,0.9,109,1.1,0.0000,0.0000,,,,,,,,,,,,,,,,,,,,,,
2021,10,16,5,30,14,0,0,0,0,-5.6000000000000000,0,0,0,0,25.34,99.37,0.24,986,0.9,111,1,0.0000,0.0000,,,,,,,,,,,,,,,,,,,,,,
2021,10,16,6,30,15.600000000000000,20,164,27,3,-5.9,17,66,71,20,22.31,87.53,0.24,986,0.9,112,0.9,0.0000,0.0000,,,,,,,,,,,,,,,,,,,,,,
2021,10,16,7,30,19.6,58,606,199,0,-5.800000000000000,58,606,0,199,17.490000000000000,76.59,0.24,986,0.9,116,1.1,9.6065,7.3611,,,,,,,,,,,,,,,,,,,,,,
2021,10,16,8,30,23.6,78,780,391,0,-5.5,78,780,0,391,14.01,66.36,0.24,986,0.8,139,1.3,20.6402,16.0467,,,,,,,,,,,,,,,,,,,,,,
2021,10,16,9,30,26.200000000000000,92,859,553,0,-4.5,92,859,0,553,12.86,57.56,0.24,985,0.8,172,1.6,30.9023,24.1660,,,,,,,,,,,,,,,,,,,,,,
2021,10,16,10,30,28,100,898,665,0,-4.7,100,898,0,665,11.44,51.050000000000000,0.24,985,0.8,191,1.9000000000000000,38.2659,29.9983,,,,,,,,,,,,,,,,,,,,,,
2021,10,16,11,30,29.1,105,913,718,0,-5.1000000000000000,105,913,0,718,10.39,47.83,0.24,984,0.8,204,2.1,41.7950,32.7941,,,,,,,,,,,,,,,,,,,,,,
2021,10,16,12,30,29.6,103,912,706,0,-5.6000000000000000,103,912,0,706,9.77,48.59,0.24,983,0.8,213,2.1,40.9909,32.1569,,,,,,,,,,,,,,,,,,,,,,
2021,10,16,13,30,29.6,97,890,631,0,-6,97,890,0,631,9.46,53.14,0.24,983,0.8,217,1.8,36.0037,28.2057,,,,,,,,,,,,,,,,,,,,,,
2021,10,16,14,30,29,90,830,497,0,-6.4,90,830,0,497,9.5,60.620000000000000,0.24,982,0.8,221,1.4000000000000000,27.2992,21.3141,,,,,,,,,,,,,,,,,,,,,,
2021,10,16,15,30,28.6,75,717,320,0,-6.7,75,717,0,320,9.51,70.04,0.24,982,0.8,222,1.2000000000000000,16.3761,12.6809,,,,,,,,,,,,,,,,,,,,,,
2021,10,16,16,30,25.3,50,470,126,0,-4.9,50,470,0,126,13.25,80.64,0.24,982,0.8,234,0.4,0.0000,0.0000,,,,,,,,,,,,,,,,,,,,,,
2021,10,16,17,30,22.700000000000000,2,10,2,0,-4.3,2,10,0,2,16.18,92.07000000000000,0.24,982,0.8,167,0.4,0.0000,0.0000,,,,,,,,,,,,,,,,,,,,,,
2021,10,16,18,30,20.400000000000000,0,0,0,0,-4.9,0,0,0,0,17.73,103.76,0.24,982,0.9,100,0.7000000000000000,0.0000,0.0000,,,,,,,,,,,,,,,,,,,,,,
2021,10,16,19,30,18.400000000000000,0,0,0,0,-5.1000000000000000,0,0,0,0,19.78,115.48,0.24,982,0.9,111,1,0.0000,0.0000,,,,,,,,,,,,,,,,,,,,,,
2021,10,16,20,30,17.2,0,0,0,0,-5.300000000000000,0,0,0,0,21.03,126.87,0.24,982,0.9,130,1.2000000000000000,0.0000,0.0000,,,,,,,,,,,,,,,,,,,,,,
2021,10,16,21,30,16.400000000000000,0,0,0,0,-5.1000000000000000,0,0,0,0,22.580000000000000,137.37,0.24,982,0.9,148,1.2000000000000000,0.0000,0.0000,,,,,,,,,,,,,,,,,,,,,,
2021,10,16,22,30,15.5,0,0,0,0,-4.1000000000000000,0,0,100,0,25.71,145.92000000000000,0.24,982,0.9,157,1.2000000000000000,0.0000,0.0000,,,,,,,,,,,,,,,,,,,,,,
2021,10,16,23,30,14.700000000000000,0,0,0,0,-2.6,0,0,100,0,30.16,150.6,0.24,982,0.9,152,1.1,0.0000,0.0000,,,,,,,,,,,,,,,,,,,,,,
2021,10,17,0,30,13.9,0,0,0,0,-1.3,0,0,100,0,35.13,149.5,0.24,982,0.9,139,1.1,0.0000,0.0000,,,,,,,,,,,,,,,,,,,,,,
2021,10,17,1,30,13.4,0,0,0,0,-0.7000000000000000,0,0,100,0,37.800000000000000,143.15,0.24,982,0.9,131,1.1,0.0000,0.0000,,,,,,,,,,,,,,,,,,,,,,
2021,10,17,2,30,13.200000000000000,0,0,0,0,-1,0,0,100,0,37.6,133.73,0.24,981,0.9,131,1,0.0000,0.0000,,,,,,,,,,,,,,,,,,,,,,
2021,10,17,3,30,12.8,0,0,0,0,-1.2000000000000000,0,0,100,0,37.85,122.82000000000000,0.24,980,0.9,134,0.9,0.0000,0.0000,,,,,,,,,,,,,,,,,,,,,,
2021,10,17,4,30,12.3,0,0,0,0,-1,0,0,0,0,39.65,111.28,0.24,980,0.9,141,0.9,0.0000,0.0000,,,,,,,,,,,,,,,,,,,,,,
2021,10,17,5,30,12.100000000000000,0,0,0,3,-0.30000000000000000,0,0,0,0,42.38,99.55,0.24,980,0.9,149,1,0.0000,0.0000,,,,,,,,,,,,,,,,,,,,,,
2021,10,17,6,30,13.8,19,112,23,3,0.7000000000000000,16,50,71,18,40.730000000000000,87.71000000000000,0.24,980,0.9,151,1.1,0.0000,0.0000,,,,,,,,,,,,,,,,,,,,,,
2021,10,17,7,30,16.8,67,521,186,7,1.6,54,116,7,80,35.79,76.8,0.24,980,1,158,1.5,3.8561,2.9536,,,,,,,,,,,,,,,,,,,,,,
2021,10,17,8,30,19,94,700,372,6,2.3000000000000000,132,100,0,172,32.83,66.6,0.24,981,1.1,175,1.9000000000000000,9.0624,7.0440,,,,,,,,,,,,,,,,,,,,,,
2021,10,17,9,30,20.6,111,789,531,8,2,179,485,29,437,29.2,57.84,0.24,981,1.1,188,2.1,24.3842,19.0662,,,,,,,,,,,,,,,,,,,,,,
2021,10,17,10,30,21.900000000000000,121,831,640,7,0.7000000000000000,184,567,71,538,24.51,51.38,0.24,980,1.2000000000000000,192,2.4000000000000000,30.9183,24.2358,,,,,,,,,,,,,,,,,,,,,,
2021,10,17,11,30,22.900000000000000,126,846,690,0,-0.6000000000000000,140,790,50,667,20.95,48.19,0.24,980,1.3,200,2.8000000000000000,38.7794,30.4252,,,,,,,,,,,,,,,,,,,,,,
2021,10,17,12,30,23.700000000000000,120,853,680,8,-1.7000000000000000,220,535,57,571,18.5,48.96,0.24,979,1.4000000000000000,210,3.3000000000000000,33.1101,25.9720,,,,,,,,,,,,,,,,,,,,,,
2021,10,17,13,30,24.1,107,838,606,0,-2.2,107,838,7,606,17.38,53.49,0.24,978,1.4000000000000000,218,3.7,34.5255,27.0444,,,,,,,,,,,,,,,,,,,,,,
2021,10,17,14,30,23.3,98,777,475,8,-2,160,483,79,395,18.46,60.94,0.24,978,1.4000000000000000,227,4.1000000000000000,21.6544,16.9036,,,,,,,,,,,,,,,,,,,,,,
2021,10,17,15,30,22.6,81,654,301,7,-0.6000000000000000,127,245,64,209,21.41,70.34,0.24,978,1.5,231,4.4,10.6668,8.2567,,,,,,,,,,,,,,,,,,,,,,
2021,10,17,16,30,18,53,386,114,7,2.4000000000000000,55,93,57,70,35.32,80.91,0.24,978,1.7000000000000000,248,4.1000000000000000,0.0000,0.0000,,,,,,,,,,,,,,,,,,,,,,
2021,10,17,17,30,14.9,0,0,0,6,5.6000000000000000,0,0,29,0,53.71,92.34,0.24,979,1.9000000000000000,254,3.2,0.0000,0.0000,,,,,,,,,,,,,,,,,,,,,,
2021,10,17,18,30,13,0,0,0,6,7.7,0,0,0,0,70.14,104.02,0.24,980,1.9000000000000000,248,2.2,0.0000,0.0000,,,,,,,,,,,,,,,,,,,,,,
2021,10,17,19,30,12.100000000000000,0,0,0,7,8.5,0,0,0,0,78.5,115.74000000000000,0.24,980,1.9000000000000000,238,1.8,0.0000,0.0000,,,,,,,,,,,,,,,,,,,,,,
2021,10,17,20,30,11.200000000000000,0,0,0,7,8.4,0,0,0,0,83.17,127.15,0.24,980,1.7000000000000000,235,1.8,0.0000,0.0000,,,,,,,,,,,,,,,,,,,,,,
2021,10,17,21,30,10.200000000000000,0,0,0,7,8.200000000000000,0,0,0,0,87.16,137.68,0.24,980,1.5,234,1.7000000000000000,0.0000,0.0000,,,,,,,,,,,,,,,,,,,,,,
2021,10,17,22,30,9.3,0,0,0,7,7.7,0,0,100,0,89.89,146.26,0.24,981,1.3,224,1.5,0.0000,0.0000,,,,,,,,,,,,,,,,,,,,,,
2021,10,17,23,30,8.6,0,0,0,7,7.300000000000000,0,0,100,0,91.7,150.96,0.24,981,1.3,202,1.3,0.0000,0.0000,,,,,,,,,,,,,,,,,,,,,,
2021,10,18,0,30,8.3,0,0,0,7,7,0,0,100,0,91.57000000000000,149.83,0.24,981,1.3,178,1.4000000000000000,0.0000,0.0000,,,,,,,,,,,,,,,,,,,,,,
2021,10,18,1,30,8,0,0,0,4,6.7,0,0,100,0,91.67,143.43,0.24,981,1.3,163,1.5,0.0000,0.0000,,,,,,,,,,,,,,,,,,,,,,
2021,10,18,2,30,7.800000000000000,0,0,0,4,6.5,0,0,100,0,91.45,133.95,0.24,981,1.4000000000000000,157,1.4000000000000000,0.0000,0.0000,,,,,,,,,,,,,,,,,,,,,,
2021,10,18,3,30,7.7,0,0,0,4,6.300000000000000,0,0,100,0,90.87,123.02,0.24,981,1.4000000000000000,159,1.3,0.0000,0.0000,,,,,,,,,,,,,,,,,,,,,,
2021,10,18,4,30,7.5,0,0,0,4,6.2,0,0,0,0,91.68,111.46000000000000,0.24,981,1.4000000000000000,165,1.2000000000000000,0.0000,0.0000,,,,,,,,,,,,,,,,,,,,,,
2021,10,18,5,30,7.300000000000000,0,0,0,4,6.2,0,0,0,0,92.61,99.74000000000000,0.24,982,1.4000000000000000,169,1.1,0.0000,0.0000,,,,,,,,,,,,,,,,,,,,,,
2021,10,18,6,30,8,19,104,23,4,6.2,7,0,86,7,88.68,87.88,0.24,982,1.4000000000000000,170,1.3,0.0000,0.0000,,,,,,,,,,,,,,,,,,,,,,
2021,10,18,7,30,9.4,64,537,185,0,7,64,537,0,185,85,77.01,0.24,983,1.3,177,1.3,8.9045,6.8178,,,,,,,,,,,,,,,,,,,,,,
2021,10,18,8,30,10.9,82,742,374,0,6.9,108,535,0,318,76.25,66.84,0.24,983,1.3,187,1.2000000000000000,16.7229,12.9953,,,,,,,,,,,,,,,,,,,,,,
2021,10,18,9,30,12.600000000000000,94,831,533,3,6.2,175,358,0,364,65.14,58.13,0.24,983,1.3,197,1.1,20.2795,15.8545,,,,,,,,,,,,,,,,,,,,,,
2021,10,18,10,30,14.200000000000000,105,867,642,0,5.300000000000000,174,555,7,518,54.95,51.7,0.24,983,1.3,216,1.1,29.7314,23.3031,,,,,,,,,,,,,,,,,,,,,,
2021,10,18,11,30,15.600000000000000,106,890,695,2,4.2,244,316,0,453,46.65,48.550000000000000,0.24,983,1.3,242,1.1,26.3051,20.6363,,,,,,,,,,,,,,,,,,,,,,
2021,10,18,12,30,16.5,104,889,683,2,3.4000000000000000,236,470,71,542,41.72,49.32,0.24,982,1.3,261,1.1,31.3886,24.6192,,,,,,,,,,,,,,,,,,,,,,
2021,10,18,13,30,16.8,97,866,608,0,3,97,866,0,608,39.64,53.84,0.24,982,1.3,275,1.2000000000000000,34.5868,27.0890,,,,,,,,,,,,,,,,,,,,,,
2021,10,18,14,30,16.7,87,818,480,2,2.7,159,295,14,301,39.19,61.26,0.24,982,1.2000000000000000,290,1.1,16.4686,12.8530,,,,,,,,,,,,,,,,,,,,,,
2021,10,18,15,30,16.5,71,710,306,0,2.6,95,340,21,208,39.19,70.63,0.24,982,1.2000000000000000,298,1.1,10.5879,8.1926,,,,,,,,,,,,,,,,,,,,,,
2021,10,18,16,30,14.100000000000000,45,469,117,0,2.5,45,469,0,117,45.57,81.18,0.24,982,1.2000000000000000,315,0.8,0.0000,0.0000,,,,,,,,,,,,,,,,,,,,,,
2021,10,18,17,30,12,0,0,0,0,3.3000000000000000,0,0,0,0,55.09,92.60000000000000,0.24,983,1.2000000000000000,335,0.7000000000000000,0.0000,0.0000,,,,,,,,,,,,,,,,,,,,,,
2021,10,18,18,30,10.9,0,0,0,0,2.8000000000000000,0,0,0,0,57.53,104.28,0.24,983,1.2000000000000000,178,0.7000000000000000,0.0000,0.0000,,,,,,,,,,,,,,,,,,,,,,
2021,10,18,19,30,10.100000000000000,0,0,0,0,2.8000000000000000,0,0,0,0,60.6,116,0.24,983,1.2000000000000000,13,0.5,0.0000,0.0000,,,,,,,,,,,,,,,,,,,,,,
2021,10,18,20,30,9.600000000000000,0,0,0,0,2.9000000000000000,0,0,0,0,63.02,127.42,0.24,983,1.2000000000000000,33,0.4,0.0000,0.0000,,,,,,,,,,,,,,,,,,,,,,
2021,10,18,21,30,9.200000000000000,0,0,0,0,3,0,0,0,0,65.24,137.98,0.24,983,1.2000000000000000,59,0.4,0.0000,0.0000,,,,,,,,,,,,,,,,,,,,,,
2021,10,18,22,30,8.9,0,0,0,0,3,0,0,100,0,66.58,146.6,0.24,983,1.2000000000000000,87,0.4,0.0000,0.0000,,,,,,,,,,,,,,,,,,,,,,
2021,10,18,23,30,8.5,0,0,0,0,2.9000000000000000,0,0,100,0,67.89,151.33,0.24,983,1.1,107,0.5,0.0000,0.0000,,,,,,,,,,,,,,,,,,,,,,
2021,10,19,0,30,8,0,0,0,0,2.7,0,0,100,0,69.17,150.17000000000000,0.24,983,1.1,114,0.6000000000000000,0.0000,0.0000,,,,,,,,,,,,,,,,,,,,,,
2021,10,19,1,30,7.5,0,0,0,0,2.4000000000000000,0,0,100,0,69.91,143.70000000000000,0.24,983,1.1,115,0.7000000000000000,0.0000,0.0000,,,,,,,,,,,,,,,,,,,,,,
2021,10,19,2,30,7.2,0,0,0,0,2,0,0,100,0,69.54,134.18,0.24,983,1,116,0.7000000000000000,0.0000,0.0000,,,,,,,,,,,,,,,,,,,,,,
2021,10,19,3,30,7,0,0,0,0,1.7000000000000000,0,0,100,0,68.94,123.21000000000000,0.24,983,1,118,0.8,0.0000,0.0000,,,,,,,,,,,,,,,,,,,,,,
2021,10,19,4,30,6.800000000000000,0,0,0,0,1.4000000000000000,0,0,0,0,68.65,111.64,0.24,983,1,121,0.8,0.0000,0.0000,,,,,,,,,,,,,,,,,,,,,,
2021,10,19,5,30,6.5,0,0,0,0,1.2000000000000000,0,0,0,0,68.86,99.92,0.24,983,1,124,0.8,0.0000,0.0000,,,,,,,,,,,,,,,,,,,,,,
2021,10,19,6,30,8,17,136,22,0,1,17,136,7,22,61.35,88.06,0.24,984,1,127,0.8,0.0000,0.0000,,,,,,,,,,,,,,,,,,,,,,
2021,10,19,7,30,11.200000000000000,58,578,186,0,1.7000000000000000,61,541,14,181,51.99,77.23,0.24,984,1,131,1.1,8.6995,6.6582,,,,,,,,,,,,,,,,,,,,,,
2021,10,19,8,30,14.100000000000000,80,753,373,0,2.1,80,753,0,373,44.15,67.09,0.24,984,1.1,148,1.4000000000000000,19.5758,15.2085,,,,,,,,,,,,,,,,,,,,,,
2021,10,19,9,30,16,96,831,531,0,2.5,94,828,7,528,40.17,58.410000000000000,0.24,984,1.1,170,1.6,29.3719,22.9598,,,,,,,,,,,,,,,,,,,,,,
2021,10,19,10,30,17.2,106,868,640,0,2.2,106,867,29,639,36.45,52.03,0.24,984,1.1,178,1.8,36.6280,28.7055,,,,,,,,,,,,,,,,,,,,,,
2021,10,19,11,30,18.2,110,884,691,7,1.9000000000000000,162,692,64,617,33.660000000000000,48.9,0.24,983,1.1,175,2.1,35.7850,28.0706,,,,,,,,,,,,,,,,,,,,,,
2021,10,19,12,30,18.900000000000000,107,885,680,0,1.7000000000000000,107,885,0,680,31.75,49.68,0.24,982,1.1,171,2.3000000000000000,39.3297,30.8446,,,,,,,,,,,,,,,,,,,,,,
2021,10,19,13,30,19.3,99,863,604,0,1.5,99,863,36,604,30.46,54.19,0.24,982,1.1,171,2.5,34.3061,26.8657,,,,,,,,,,,,,,,,,,,,,,
2021,10,19,14,30,19.1,92,796,471,7,1.3,148,503,57,387,30.35,61.58,0.24,981,1.2000000000000000,169,2.4000000000000000,21.1314,16.4889,,,,,,,,,,,,,,,,,,,,,,
2021,10,19,15,30,18.900000000000000,76,676,297,6,1.2000000000000000,108,137,0,153,30.54,70.92,0.24,981,1.2000000000000000,167,2.2,7.7676,6.0080,,,,,,,,,,,,,,,,,,,,,,
2021,10,19,16,30,15.700000000000000,48,420,110,7,2,47,160,57,71,39.68,81.45,0.24,981,1.2000000000000000,141,1.1,0.0000,0.0000,,,,,,,,,,,,,,,,,,,,,,
2021,10,19,17,30,14,0,0,0,7,2.5,0,0,14,0,45.660000000000000,92.86,0.24,981,1.2000000000000000,128,1.4000000000000000,0.0000,0.0000,,,,,,,,,,,,,,,,,,,,,,
2021,10,19,18,30,14.100000000000000,0,0,0,7,1.7000000000000000,0,0,0,0,43.06,104.53,0.24,981,1.2000000000000000,126,1.9000000000000000,0.0000,0.0000,,,,,,,,,,,,,,,,,,,,,,
2021,10,19,19,30,14.3,0,0,0,6,1.2000000000000000,0,0,0,0,41,116.26,0.24,981,1.2000000000000000,127,2.1,0.0000,0.0000,,,,,,,,,,,,,,,,,,,,,,
2021,10,19,20,30,14.200000000000000,0,0,0,7,0.8,0,0,0,0,40.01,127.69,0.24,981,1.3,130,2.1,0.0000,0.0000,,,,,,,,,,,,,,,,,,,,,,
2021,10,19,21,30,13.9,0,0,0,8,0.5,0,0,0,0,39.89,138.28,0.24,982,1.5,134,1.9000000000000000,0.0000,0.0000,,,,,,,,,,,,,,,,,,,,,,
2021,10,19,22,30,13.4,0,0,0,7,0.4,0,0,100,0,41.1,146.94,0.24,982,1.6,138,1.6,0.0000,0.0000,,,,,,,,,,,,,,,,,,,,,,
2021,10,19,23,30,13,0,0,0,7,0.8,0,0,100,0,43.230000000000000,151.69,0.24,983,1.8,143,1.3,0.0000,0.0000,,,,,,,,,,,,,,,,,,,,,,
2021,10,20,0,30,12.8,0,0,0,7,1.6,0,0,100,0,46.44,150.5,0.24,984,2,148,1.1,0.0000,0.0000,,,,,,,,,,,,,,,,,,,,,,
2021,10,20,1,30,12.700000000000000,0,0,0,5,2.5,0,0,100,0,50.04,143.97,0.24,984,2.1,152,1,0.0000,0.0000,,,,,,,,,,,,,,,,,,,,,,
2021,10,20,2,30,12.700000000000000,0,0,0,5,3.1,0,0,100,0,52.160000000000000,134.4,0.24,984,2.1,158,1.1,0.0000,0.0000,,,,,,,,,,,,,,,,,,,,,,
2021,10,20,3,30,12.700000000000000,0,0,0,5,3.5,0,0,100,0,53.61,123.41,0.24,985,2.2,163,1.2000000000000000,0.0000,0.0000,,,,,,,,,,,,,,,,,,,,,,
2021,10,20,4,30,12.9,0,0,0,5,3.4000000000000000,0,0,0,0,52.6,111.83,0.24,985,2.2,165,1.3,0.0000,0.0000,,,,,,,,,,,,,,,,,,,,,,
2021,10,20,5,30,12.9,0,0,0,8,3.5,0,0,0,0,52.7,100.10000000000000,0.24,985,2.2,164,1.2000000000000000,0.0000,0.0000,,,,,,,,,,,,,,,,,,,,,,
2021,10,20,6,30,13.3,15,114,18,8,3.5,10,0,86,10,51.49,88.25,0.24,986,2.1,161,1.2000000000000000,0.0000,0.0000,,,,,,,,,,,,,,,,,,,,,,
2021,10,20,7,30,14.700000000000000,55,563,177,7,3.4000000000000000,53,32,0,60,46.83,77.44,0.24,986,2,160,1.3,2.8801,2.2034,,,,,,,,,,,,,,,,,,,,,,
2021,10,20,8,30,16.3,73,744,360,7,3.6,127,8,0,130,42.59,67.33,0.24,986,2,167,1.4000000000000000,6.8094,5.2890,,,,,,,,,,,,,,,,,,,,,,
2021,10,20,9,30,17.400000000000000,91,812,513,7,3.9000000000000000,229,128,0,296,40.59,58.69,0.24,987,2,182,1.3,16.4408,12.8498,,,,,,,,,,,,,,,,,,,,,,
2021,10,20,10,30,17.900000000000000,107,834,616,8,4.2,273,90,0,328,40.24,52.35,0.24,987,2,196,1.1,18.7768,14.7139,,,,,,,,,,,,,,,,,,,,,,
2021,10,20,11,30,18.2,113,846,665,8,4.5,291,94,0,352,40.38,49.26,0.24,987,2.1,205,0.9,20.3896,15.9925,,,,,,,,,,,,,,,,,,,,,,
2021,10,20,12,30,18.3,114,833,649,8,5,214,34,0,236,41.61,50.04,0.24,987,2.2,216,0.7000000000000000,13.6318,10.6898,,,,,,,,,,,,,,,,,,,,,,
2021,10,20,13,30,18.1,112,793,572,6,5.7,217,24,0,231,44.15,54.53,0.24,987,2.3000000000000000,224,0.5,13.1004,10.2578,,,,,,,,,,,,,,,,,,,,,,
2021,10,20,14,30,17.7,102,725,443,7,6.300000000000000,195,250,0,313,47.06,61.9,0.24,986,2.4000000000000000,167,0.5,17.0560,13.3061,,,,,,,,,,,,,,,,,,,,,,
2021,10,20,15,30,17.6,83,600,276,7,6.800000000000000,123,107,0,157,49.17,71.21000000000000,0.24,986,2.5,109,0.5,7.9495,6.1462,,,,,,,,,,,,,,,,,,,,,,
2021,10,20,16,30,16.3,49,343,98,7,7.2,41,76,64,52,54.660000000000000,81.72,0.24,986,2.7,108,0.5,0.0000,0.0000,,,,,,,,,,,,,,,,,,,,,,
2021,10,20,17,30,15.8,0,0,0,7,6.2,0,0,14,0,52.97,93.12,0.24,986,2.7,114,0.7000000000000000,0.0000,0.0000,,,,,,,,,,,,,,,,,,,,,,
2021,10,20,18,30,15.8,0,0,0,8,5.7,0,0,0,0,50.97,104.78,0.24,986,2.8000000000000000,121,0.9,0.0000,0.0000,,,,,,,,,,,,,,,,,,,,,,
2021,10,20,19,30,15.700000000000000,0,0,0,4,5.800000000000000,0,0,0,0,51.63,116.51,0.24,986,2.8000000000000000,128,0.9,0.0000,0.0000,,,,,,,,,,,,,,,,,,,,,,
2021,10,20,20,30,15.4,0,0,0,4,6.6000000000000000,0,0,0,0,55.800000000000000,127.96000000000000,0.24,986,2.9000000000000000,130,0.9,0.0000,0.0000,,,,,,,,,,,,,,,,,,,,,,
2021,10,20,21,30,15.100000000000000,0,0,0,4,7.800000000000000,0,0,0,0,61.83,138.57,0.24,987,2.9000000000000000,129,0.9,0.0000,0.0000,,,,,,,,,,,,,,,,,,,,,,
2021,10,20,22,30,15,0,0,0,4,9,0,0,100,0,67.27,147.27,0.24,987,3,129,1,0.0000,0.0000,,,,,,,,,,,,,,,,,,,,,,
2021,10,20,23,30,14.9,0,0,0,4,9.9,0,0,100,0,71.79,152.05,0.24,987,3.1,127,1.3,0.0000,0.0000,,,,,,,,,,,,,,,,,,,,,,
2021,10,21,0,30,15,0,0,0,4,10.600000000000000,0,0,100,0,75.03,150.83,0.24,987,3.3000000000000000,124,1.7000000000000000,0.0000,0.0000,,,,,,,,,,,,,,,,,,,,,,
2021,10,21,1,30,15.200000000000000,0,0,0,3,11.200000000000000,0,0,100,0,77.12,144.24,0.24,987,3.4000000000000000,124,1.9000000000000000,0.0000,0.0000,,,,,,,,,,,,,,,,,,,,,,
2021,10,21,2,30,15.4,0,0,0,3,11.8,0,0,100,0,79.2,134.62,0.24,987,3.5,127,1.9000000000000000,0.0000,0.0000,,,,,,,,,,,,,,,,,,,,,,
2021,10,21,3,30,15.4,0,0,0,3,12.4,0,0,100,0,82.12,123.60000000000000,0.24,987,3.6,127,1.9000000000000000,0.0000,0.0000,,,,,,,,,,,,,,,,,,,,,,
2021,10,21,4,30,15.5,0,0,0,7,12.700000000000000,0,0,0,0,83.33,112.01,0.24,987,3.5,124,1.8,0.0000,0.0000,,,,,,,,,,,,,,,,,,,,,,
2021,10,21,5,30,15.5,0,0,0,7,12.9,0,0,0,0,84.5,100.29,0.24,987,3.5,122,1.6,0.0000,0.0000,,,,,,,,,,,,,,,,,,,,,,
2021,10,21,6,30,16.3,14,108,17,5,13,7,0,71,7,81.07000000000000,88.43,0.24,987,3.4000000000000000,122,1.6,0.0000,0.0000,,,,,,,,,,,,,,,,,,,,,,
2021,10,21,7,30,18,51,543,167,8,13.9,25,0,36,25,76.82000000000000,77.66,0.24,987,3.4000000000000000,124,1.9000000000000000,1.1985,0.9166,,,,,,,,,,,,,,,,,,,,,,
2021,10,21,8,30,20,69,720,344,8,14.700000000000000,97,40,0,112,71.48,67.58,0.24,988,3.3000000000000000,132,2.3000000000000000,5.8545,4.5462,,,,,,,,,,,,,,,,,,,,,,
2021,10,21,9,30,22,91,777,491,4,14.9,88,10,0,93,64.25,58.980000000000000,0.24,988,3.4000000000000000,148,2.4000000000000000,5.1572,4.0302,,,,,,,,,,,,,,,,,,,,,,
2021,10,21,10,30,23.6,110,793,591,4,14.4,182,15,0,191,56.44,52.67,0.24,987,3.4000000000000000,162,2.5,10.9196,8.5560,,,,,,,,,,,,,,,,,,,,,,
2021,10,21,11,30,24.700000000000000,109,822,642,3,14,263,324,7,473,51.54,49.61,0.24,987,3.4000000000000000,175,2.4000000000000000,27.3642,21.4610,,,,,,,,,,,,,,,,,,,,,,
2021,10,21,12,30,25.200000000000000,108,816,628,0,13.9,167,644,43,578,49.4,50.4,0.24,986,3.5,190,2.3000000000000000,33.3418,26.1432,,,,,,,,,,,,,,,,,,,,,,
2021,10,21,13,30,25,105,782,555,0,13.8,158,589,21,497,49.81,54.870000000000000,0.24,986,3.5,206,2.2,28.1419,22.0327,,,,,,,,,,,,,,,,,,,,,,
2021,10,21,14,30,24.400000000000000,93,724,431,3,13.9,198,121,7,254,51.870000000000000,62.21,0.24,985,3.4000000000000000,221,1.9000000000000000,13.8133,10.7741,,,,,,,,,,,,,,,,,,,,,,
2021,10,21,15,30,24.1,76,604,268,4,14.100000000000000,94,29,0,103,53.44,71.5,0.24,985,3.4000000000000000,227,1.7000000000000000,5.2014,4.0198,,,,,,,,,,,,,,,,,,,,,,
2021,10,21,16,30,21.400000000000000,45,350,94,8,14.8,39,13,57,41,66,81.98,0.24,985,3.3000000000000000,261,1,0.0000,0.0000,,,,,,,,,,,,,,,,,,,,,,
2021,10,21,17,30,19.3,0,0,0,8,14.9,0,0,14,0,75.52,93.37,0.24,985,3.2,282,0.7000000000000000,0.0000,0.0000,,,,,,,,,,,,,,,,,,,,,,
2021,10,21,18,30,18.2,0,0,0,5,14.4,0,0,0,0,78.71000000000000,105.03,0.24,985,3.2,193,0.5,0.0000,0.0000,,,,,,,,,,,,,,,,,,,,,,
2021,10,21,19,30,17.3,0,0,0,8,14.4,0,0,0,0,82.96000000000000,116.76,0.24,985,3.2,100,0.4,0.0000,0.0000,,,,,,,,,,,,,,,,,,,,,,
2021,10,21,20,30,16.8,0,0,0,3,14.3,0,0,0,0,84.96000000000000,128.22,0.24,985,3.1,134,0.4,0.0000,0.0000,,,,,,,,,,,,,,,,,,,,,,
2021,10,21,21,30,16.2,0,0,0,3,14.100000000000000,0,0,0,0,87.19,138.86,0.24,985,2.9000000000000000,173,0.5,0.0000,0.0000,,,,,,,,,,,,,,,,,,,,,,
2021,10,21,22,30,15.700000000000000,0,0,0,3,13.8,0,0,100,0,88.26,147.6,0.24,984,2.8000000000000000,184,0.6000000000000000,0.0000,0.0000,,,,,,,,,,,,,,,,,,,,,,
2021,10,21,23,30,15.3,0,0,0,3,13.600000000000000,0,0,100,0,89.67,152.4,0.24,984,2.7,180,0.7000000000000000,0.0000,0.0000,,,,,,,,,,,,,,,,,,,,,,
2021,10,22,0,30,14.9,0,0,0,3,13.5,0,0,100,0,91.12,151.15,0.24,983,2.6,175,0.8,0.0000,0.0000,,,,,,,,,,,,,,,,,,,,,,
2021,10,22,1,30,14.5,0,0,0,7,13.3,0,0,100,0,92.46000000000000,144.5,0.24,983,2.6,170,0.9,0.0000,0.0000,,,,,,,,,,,,,,,,,,,,,,
2021,10,22,2,30,14.5,0,0,0,7,13.200000000000000,0,0,100,0,91.7,134.84,0.24,983,2.7,165,1.2000000000000000,0.0000,0.0000,,,,,,,,,,,,,,,,,,,,,,
2021,10,22,3,30,14.700000000000000,0,0,0,7,13.3,0,0,100,0,91.06,123.8,0.24,983,2.8000000000000000,164,1.8,0.0000,0.0000,,,,,,,,,,,,,,,,,,,,,,
2021,10,22,4,30,15,0,0,0,7,13.4,0,0,0,0,90.34,112.2,0.24,983,3,165,2.2,0.0000,0.0000,,,,,,,,,,,,,,,,,,,,,,
2021,10,22,5,30,15,0,0,0,6,13.600000000000000,0,0,0,0,91.17,100.47,0.24,983,3.1,172,2.2,0.0000,0.0000,,,,,,,,,,,,,,,,,,,,,,
2021,10,22,6,30,14.8,13,85,15,7,13.5,5,0,71,5,91.93,88.61,0.24,983,3.1,202,2,0.0000,0.0000,,,,,,,,,,,,,,,,,,,,,,
2021,10,22,7,30,14.600000000000000,54,523,164,7,13.3,40,104,7,62,91.62,77.87,0.24,984,2.9000000000000000,243,1.8,2.9690,2.2697,,,,,,,,,,,,,,,,,,,,,,
2021,10,22,8,30,14.700000000000000,71,727,345,6,12.4,78,0,0,78,86.29,67.83,0.24,984,2.6,269,1.5,4.0688,3.1587,,,,,,,,,,,,,,,,,,,,,,
2021,10,22,9,30,15.3,85,814,501,6,11.3,157,60,0,188,76.9,59.26,0.24,984,2.2,269,1.3,10.4090,8.1330,,,,,,,,,,,,,,,,,,,,,,
2021,10,22,10,30,15.9,97,854,611,4,10.3,193,21,0,206,69.52,52.99,0.24,984,2,248,1.3,11.7615,9.2145,,,,,,,,,,,,,,,,,,,,,,
2021,10,22,11,30,16.8,101,874,663,4,9.600000000000000,182,12,0,190,62.660000000000000,49.96,0.24,983,1.9000000000000000,228,1.4000000000000000,10.9780,8.6089,,,,,,,,,,,,,,,,,,,,,,
2021,10,22,12,30,17.6,98,876,652,8,9.1,240,84,0,293,57.34,50.75,0.24,983,1.8,223,1.7000000000000000,16.8794,13.2337,,,,,,,,,,,,,,,,,,,,,,
2021,10,22,13,30,17.5,92,852,578,7,8.4,244,280,0,404,55.15,55.2,0.24,982,1.8,227,1.8,22.8409,17.8801,,,,,,,,,,,,,,,,,,,,,,
2021,10,22,14,30,16.7,84,788,448,0,7.9,96,706,7,422,56.18,62.52,0.24,982,1.9000000000000000,237,1.6,22.9030,17.8602,,,,,,,,,,,,,,,,,,,,,,
2021,10,22,15,30,16.2,70,666,278,0,8,70,666,0,278,58.19,71.78,0.24,982,1.9000000000000000,244,1.4000000000000000,14.0022,10.8172,,,,,,,,,,,,,,,,,,,,,,
2021,10,22,16,30,14.4,45,369,95,0,9.200000000000000,45,295,29,85,70.94,82.24,0.24,982,2.2,261,0.7000000000000000,0.0000,0.0000,,,,,,,,,,,,,,,,,,,,,,
2021,10,22,17,30,13.100000000000000,0,0,0,3,9.4,0,0,0,0,78.05,93.62,0.24,982,2.2,268,0.6000000000000000,0.0000,0.0000,,,,,,,,,,,,,,,,,,,,,,
2021,10,22,18,30,12.3,0,0,0,6,8.6,0,0,0,0,78.07000000000000,105.27,0.24,982,2.2,273,0.6000000000000000,0.0000,0.0000,,,,,,,,,,,,,,,,,,,,,,
2021,10,22,19,30,12.100000000000000,0,0,0,7,8.6,0,0,0,0,79.01,117,0.24,982,2.3000000000000000,313,0.5,0.0000,0.0000,,,,,,,,,,,,,,,,,,,,,,
2021,10,22,20,30,11.9,0,0,0,7,8.700000000000000,0,0,0,0,80.81,128.47,0.24,982,2.3000000000000000,213,0.30000000000000000,0.0000,0.0000,,,,,,,,,,,,,,,,,,,,,,
2021,10,22,21,30,11.8,0,0,0,4,8.9,0,0,0,0,82.34,139.14000000000000,0.24,982,2.4000000000000000,90,0.4,0.0000,0.0000,,,,,,,,,,,,,,,,,,,,,,
2021,10,22,22,30,11.600000000000000,0,0,0,8,8.9,0,0,100,0,83.4,147.92000000000000,0.24,982,2.4000000000000000,122,0.4,0.0000,0.0000,,,,,,,,,,,,,,,,,,,,,,
2021,10,22,23,30,11.100000000000000,0,0,0,8,8.700000000000000,0,0,100,0,85.29,152.76,0.24,982,2.3000000000000000,146,0.4,0.0000,0.0000,,,,,,,,,,,,,,,,,,,,,,
2021,10,23,0,30,10.5,0,0,0,8,8.6,0,0,100,0,87.92,151.48,0.24,982,2.3000000000000000,161,0.5,0.0000,0.0000,,,,,,,,,,,,,,,,,,,,,,
2021,10,23,1,30,10.3,0,0,0,4,8.6,0,0,100,0,88.96000000000000,144.77,0.24,982,2.3000000000000000,167,0.5,0.0000,0.0000,,,,,,,,,,,,,,,,,,,,,,
2021,10,23,2,30,10.100000000000000,0,0,0,4,8.700000000000000,0,0,100,0,90.9,135.06,0.24,982,2.2,160,0.5,0.0000,0.0000,,,,,,,,,,,,,,,,,,,,,,
2021,10,23,3,30,9.9,0,0,0,4,8.700000000000000,0,0,100,0,91.97,123.99000000000000,0.24,981,2.1,151,0.5,0.0000,0.0000,,,,,,,,,,,,,,,,,,,,,,
2021,10,23,4,30,9.700000000000000,0,0,0,7,8.4,0,0,0,0,91.58,112.38,0.24,981,2,142,0.6000000000000000,0.0000,0.0000,,,,,,,,,,,,,,,,,,,,,,
2021,10,23,5,30,9.5,0,0,0,0,8.1,0,0,0,0,91.02,100.66,0.24,981,1.9000000000000000,137,0.8,0.0000,0.0000,,,,,,,,,,,,,,,,,,,,,,
2021,10,23,6,30,10.4,13,98,15,0,7.6000000000000000,13,98,0,15,82.71000000000000,88.78,0.24,981,1.9000000000000000,145,0.8,0.0000,0.0000,,,,,,,,,,,,,,,,,,,,,,
2021,10,23,7,30,12.8,53,551,167,8,8.5,74,120,86,99,74.95,78.09,0.24,982,1.8,156,0.9,4.7358,3.6189,,,,,,,,,,,,,,,,,,,,,,
2021,10,23,8,30,15.3,72,740,348,7,8.9,139,135,0,189,65.59,68.07000000000000,0.24,982,1.8,173,1.1,9.8393,7.6365,,,,,,,,,,,,,,,,,,,,,,
2021,10,23,9,30,17.2,87,817,501,8,7.4,199,106,0,253,52.6,59.54,0.24,982,1.8,196,1.5,13.9855,10.9259,,,,,,,,,,,,,,,,,,,,,,
2021,10,23,10,30,18.6,101,846,606,4,6.300000000000000,241,155,0,334,44.52,53.31,0.24,981,1.8,214,1.8,19.0436,14.9181,,,,,,,,,,,,,,,,,,,,,,
2021,10,23,11,30,19.5,101,869,656,4,5.800000000000000,238,83,0,291,40.74,50.300000000000000,0.24,981,1.9000000000000000,222,2,16.7925,13.1674,,,,,,,,,,,,,,,,,,,,,,
2021,10,23,12,30,19.700000000000000,98,866,642,4,5.7,205,10,0,211,39.87,51.1,0.24,981,2,228,1.9000000000000000,12.1392,9.5163,,,,,,,,,,,,,,,,,,,,,,
2021,10,23,13,30,19.200000000000000,94,834,566,7,5.9,196,43,0,220,41.79,55.54,0.24,980,2.2,232,1.7000000000000000,12.4182,9.7198,,,,,,,,,,,,,,,,,,,,,,
2021,10,23,14,30,18.2,86,766,436,6,6.4,132,39,0,150,46.18,62.82,0.24,980,2.2,225,1.3,8.1246,6.3345,,,,,,,,,,,,,,,,,,,,,,
2021,10,23,15,30,17.7,70,646,269,7,7,70,3,0,71,49.67,72.06,0.24,980,2.2,217,1.1,3.5668,2.7544,,,,,,,,,,,,,,,,,,,,,,
2021,10,23,16,30,15.5,43,364,91,7,8.8,44,17,71,46,64.42,82.5,0.24,980,2.3000000000000000,140,0.5,0.0000,0.0000,,,,,,,,,,,,,,,,,,,,,,
2021,10,23,17,30,14.5,0,0,0,7,9.600000000000000,0,0,0,0,72.36,93.86,0.24,980,2.5,123,0.6000000000000000,0.0000,0.0000,,,,,,,,,,,,,,,,,,,,,,
2021,10,23,18,30,14,0,0,0,7,9.9,0,0,0,0,76.3,105.5,0.24,980,2.8000000000000000,124,0.8,0.0000,0.0000,,,,,,,,,,,,,,,,,,,,,,
2021,10,23,19,30,13.600000000000000,0,0,0,6,9.9,0,0,0,0,78.10000000000000,117.24000000000000,0.24,980,2.9000000000000000,126,1.3,0.0000,0.0000,,,,,,,,,,,,,,,,,,,,,,
2021,10,23,20,30,13.600000000000000,0,0,0,6,9.5,0,0,0,0,76.04,128.72,0.24,980,2.9000000000000000,129,1.7000000000000000,0.0000,0.0000,,,,,,,,,,,,,,,,,,,,,,
2021,10,23,21,30,13.700000000000000,0,0,0,6,9.4,0,0,0,0,75.38,139.42000000000000,0.24,979,3,130,2.1,0.0000,0.0000,,,,,,,,,,,,,,,,,,,,,,
2021,10,23,22,30,13.700000000000000,0,0,0,6,9.4,0,0,100,0,75.45,148.24,0.24,978,3.1,126,2.6,0.0000,0.0000,,,,,,,,,,,,,,,,,,,,,,
2021,10,23,23,30,13.600000000000000,0,0,0,6,9.5,0,0,100,0,76.10000000000000,153.1,0.24,977,3.2,125,3,0.0000,0.0000,,,,,,,,,,,,,,,,,,,,,,
2021,10,24,0,30,13.5,0,0,0,6,9.700000000000000,0,0,100,0,77.64,151.8,0.24,977,3.3000000000000000,127,3.3000000000000000,0.0000,0.0000,,,,,,,,,,,,,,,,,,,,,,
2021,10,24,1,30,13.5,0,0,0,6,9.9,0,0,100,0,79.07000000000000,145.03,0.24,976,3.5,132,3.7,0.0000,0.0000,,,,,,,,,,,,,,,,,,,,,,
2021,10,24,2,30,13.3,0,0,0,6,10.200000000000000,0,0,100,0,81.42,135.27,0.24,975,3.6,135,4.2,0.0000,0.0000,,,,,,,,,,,,,,,,,,,,,,
2021,10,24,3,30,13.100000000000000,0,0,0,6,10.4,0,0,100,0,83.63,124.18,0.24,975,3.7,138,4.7,0.0000,0.0000,,,,,,,,,,,,,,,,,,,,,,
2021,10,24,4,30,13.100000000000000,0,0,0,6,10.600000000000000,0,0,0,0,84.9,112.56,0.24,974,3.8000000000000000,141,5.300000000000000,0.0000,0.0000,,,,,,,,,,,,,,,,,,,,,,
2021,10,24,5,30,13.200000000000000,0,0,0,6,10.700000000000000,0,0,0,0,84.72,100.85000000000000,0.24,973,3.8000000000000000,141,5.800000000000000,0.0000,0.0000,,,,,,,,,,,,,,,,,,,,,,
2021,10,24,6,30,13.200000000000000,12,72,13,7,10.700000000000000,4,0,71,4,85.02,88.97,0.24,973,3.8000000000000000,144,6.1000000000000000,0.0000,0.0000,,,,,,,,,,,,,,,,,,,,,,
2021,10,24,7,30,13.4,56,480,153,7,10.8,31,54,0,42,84.41,78.31,0.24,973,3.7,149,6.4,2.0072,1.5333,,,,,,,,,,,,,,,,,,,,,,
2021,10,24,8,30,13.8,79,668,326,7,11.100000000000000,31,0,0,31,83.78,68.32000000000000,0.24,973,3.7,153,6.5,1.6104,1.2496,,,,,,,,,,,,,,,,,,,,,,
2021,10,24,9,30,14.3,92,762,475,6,11.600000000000000,46,0,0,46,83.74,59.82,0.24,973,3.7,155,6.5,2.5387,1.9830,,,,,,,,,,,,,,,,,,,,,,
2021,10,24,10,30,14.8,100,808,579,7,12.100000000000000,32,0,0,32,83.73,53.63,0.24,973,3.7,155,6.5,1.8220,1.4271,,,,,,,,,,,,,,,,,,,,,,
2021,10,24,11,30,15.5,100,832,628,7,12.5,24,0,0,24,82.27,50.64,0.24,972,3.7,156,6.5,1.3832,1.0845,,,,,,,,,,,,,,,,,,,,,,
2021,10,24,12,30,16.2,97,832,616,6,13,30,0,0,30,81.4,51.44,0.24,971,3.7,158,6.4,1.7237,1.3511,,,,,,,,,,,,,,,,,,,,,,
2021,10,24,13,30,16.5,94,800,543,6,13.600000000000000,56,0,0,56,82.78,55.86,0.24,971,3.7,163,6.1000000000000000,3.1562,2.4700,,,,,,,,,,,,,,,,,,,,,,
2021,10,24,14,30,16.3,86,734,418,6,13.9,43,0,0,43,85.62,63.13,0.24,970,3.8000000000000000,168,5.5,2.3242,1.8117,,,,,,,,,,,,,,,,,,,,,,
2021,10,24,15,30,16.2,69,613,255,6,14.100000000000000,35,2,0,36,87.35000000000000,72.33,0.24,970,3.8000000000000000,170,5.2,1.8040,1.3925,,,,,,,,,,,,,,,,,,,,,,
2021,10,24,16,30,15.5,40,347,84,6,14.100000000000000,7,0,71,7,91.53,82.75,0.24,970,3.7,184,3.5,0.0000,0.0000,,,,,,,,,,,,,,,,,,,,,,
2021,10,24,17,30,14.8,0,0,0,6,13.9,0,0,0,0,94.19,94.10000000000000,0.24,971,3.6,196,2.5,0.0000,0.0000,,,,,,,,,,,,,,,,,,,,,,
2021,10,24,18,30,14.100000000000000,0,0,0,6,13.4,0,0,0,0,95.27,105.73,0.24,972,3.4000000000000000,210,1.8,0.0000,0.0000,,,,,,,,,,,,,,,,,,,,,,
2021,10,24,19,30,13.3,0,0,0,6,12.700000000000000,0,0,0,0,95.96000000000000,117.47,0.24,972,3.3000000000000000,229,1.1,0.0000,0.0000,,,,,,,,,,,,,,,,,,,,,,
2021,10,24,20,30,12.5,0,0,0,6,11.9,0,0,0,0,96.01,128.97,0.24,972,3.2,252,0.7000000000000000,0.0000,0.0000,,,,,,,,,,,,,,,,,,,,,,
2021,10,24,21,30,11.9,0,0,0,6,11.200000000000000,0,0,0,0,95.3,139.69,0.24,973,3,267,0.7000000000000000,0.0000,0.0000,,,,,,,,,,,,,,,,,,,,,,
2021,10,24,22,30,11.4,0,0,0,6,10.700000000000000,0,0,100,0,95.22,148.56,0.24,973,2.9000000000000000,267,0.9,0.0000,0.0000,,,,,,,,,,,,,,,,,,,,,,
2021,10,24,23,30,10.8,0,0,0,6,10.100000000000000,0,0,100,0,95.14,153.45000000000000,0.24,973,2.7,264,1.1,0.0000,0.0000,,,,,,,,,,,,,,,,,,,,,,
2021,10,25,0,30,10.100000000000000,0,0,0,6,9.3,0,0,100,0,94.75,152.12,0.24,973,2.6,252,1,0.0000,0.0000,,,,,,,,,,,,,,,,,,,,,,
2021,10,25,1,30,9.4,0,0,0,6,8.3,0,0,100,0,92.95,145.29,0.24,973,2.5,184,1.1,0.0000,0.0000,,,,,,,,,,,,,,,,,,,,,,
2021,10,25,2,30,9,0,0,0,6,7.7,0,0,100,0,91.29,135.49,0.24,973,2.4000000000000000,124,1.7000000000000000,0.0000,0.0000,,,,,,,,,,,,,,,,,,,,,,
2021,10,25,3,30,8.8,0,0,0,6,7.4,0,0,100,0,90.92,124.38000000000000,0.24,973,2.3000000000000000,121,2.2,0.0000,0.0000,,,,,,,,,,,,,,,,,,,,,,
2021,10,25,4,30,8.700000000000000,0,0,0,9,7.2,0,0,0,0,90.61,112.75,0.24,973,2.3000000000000000,120,2.3000000000000000,0.0000,0.0000,,,,,,,,,,,,,,,,,,,,,,
2021,10,25,5,30,8.5,0,0,0,9,7.2,0,0,0,0,91.22,101.03,0.24,973,2.2,121,2.1,0.0000,0.0000,,,,,,,,,,,,,,,,,,,,,,
2021,10,25,6,30,8.4,10,22,10,9,7,3,0,71,3,90.98,89.13,0.24,974,2,128,1.8,0.0000,0.0000,,,,,,,,,,,,,,,,,,,,,,
2021,10,25,7,30,8.700000000000000,75,358,146,9,7.1000000000000000,45,76,0,60,89.75,78.52,0.24,975,1.9000000000000000,134,1.8,2.8652,2.1879,,,,,,,,,,,,,,,,,,,,,,
2021,10,25,8,30,9.4,107,587,322,7,7.4,117,332,14,238,87.46000000000000,68.56,0.24,976,1.8,141,1.7000000000000000,12.3388,9.5714,,,,,,,,,,,,,,,,,,,,,,
2021,10,25,9,30,10.5,130,692,475,0,7.800000000000000,137,656,7,464,83.54,60.1,0.24,977,1.7000000000000000,153,1.5,25.5658,19.9667,,,,,,,,,,,,,,,,,,,,,,
2021,10,25,10,30,11.600000000000000,144,743,581,0,8,149,656,0,535,78.41,53.94,0.24,978,1.7000000000000000,182,1.4000000000000000,30.4207,23.8252,,,,,,,,,,,,,,,,,,,,,,
2021,10,25,11,30,12.4,132,803,638,0,7.6000000000000000,193,536,0,530,72.65,50.980000000000000,0.24,978,1.6,215,1.4000000000000000,30.5058,23.9154,,,,,,,,,,,,,,,,,,,,,,
2021,10,25,12,30,12.8,125,812,627,0,7.4,138,768,0,613,69.63,51.79,0.24,978,1.6,227,1.4000000000000000,35.1715,27.5661,,,,,,,,,,,,,,,,,,,,,,
2021,10,25,13,30,13.100000000000000,114,792,555,0,7.4,123,682,0,502,68.27,56.19,0.24,978,1.6,227,1.5,28.2475,22.1034,,,,,,,,,,,,,,,,,,,,,,
2021,10,25,14,30,13.200000000000000,100,736,429,8,7.5,54,48,0,75,68.16,63.42,0.24,978,1.5,232,1.5,4.0458,3.1530,,,,,,,,,,,,,,,,,,,,,,
2021,10,25,15,30,13.200000000000000,80,602,260,7,7.6000000000000000,97,373,43,209,69.05,72.60000000000000,0.24,979,1.5,238,1.5,10.4468,8.0606,,,,,,,,,,,,,,,,,,,,,,
2021,10,25,16,30,11.5,49,268,82,7,8.6,42,57,86,49,82.60000000000000,82.99,0.24,980,1.5,255,0.9,0.0000,0.0000,,,,,,,,,,,,,,,,,,,,,,
2021,10,25,17,30,10.4,0,0,0,3,8.200000000000000,0,0,0,0,86.41,94.33,0.24,981,1.5,261,0.8,0.0000,0.0000,,,,,,,,,,,,,,,,,,,,,,
2021,10,25,18,30,10,0,0,0,3,8,0,0,0,0,87.52,105.96000000000000,0.24,982,1.5,265,0.8,0.0000,0.0000,,,,,,,,,,,,,,,,,,,,,,
2021,10,25,19,30,9.600000000000000,0,0,0,0,8,0,0,0,0,89.69,117.7,0.24,982,1.4000000000000000,262,0.7000000000000000,0.0000,0.0000,,,,,,,,,,,,,,,,,,,,,,
2021,10,25,20,30,9.200000000000000,0,0,0,0,7.9,0,0,0,0,91.62,129.21,0.24,983,1.4000000000000000,249,0.6000000000000000,0.0000,0.0000,,,,,,,,,,,,,,,,,,,,,,
2021,10,25,21,30,8.9,0,0,0,0,7.9,0,0,0,0,93.21000000000000,139.96,0.24,983,1.4000000000000000,238,0.6000000000000000,0.0000,0.0000,,,,,,,,,,,,,,,,,,,,,,
2021,10,25,22,30,8.6,0,0,0,0,7.800000000000000,0,0,100,0,95.03,148.87,0.24,984,1.5,228,0.5,0.0000,0.0000,,,,,,,,,,,,,,,,,,,,,,
2021,10,25,23,30,8.4,0,0,0,0,7.9,0,0,100,0,96.69,153.79,0.24,984,1.5,173,0.5,0.0000,0.0000,,,,,,,,,,,,,,,,,,,,,,
2021,10,26,0,30,8,0,0,0,0,7.800000000000000,0,0,100,0,98.54,152.44,0.24,985,1.5,119,0.6000000000000000,0.0000,0.0000,,,,,,,,,,,,,,,,,,,,,,
2021,10,26,1,30,7.5,0,0,0,4,7.300000000000000,0,0,100,0,98.73,145.55,0.24,985,1.5,110,0.7000000000000000,0.0000,0.0000,,,,,,,,,,,,,,,,,,,,,,
2021,10,26,2,30,7.1000000000000000,0,0,0,4,6.800000000000000,0,0,100,0,97.9,135.71,0.24,985,1.5,108,0.8,0.0000,0.0000,,,,,,,,,,,,,,,,,,,,,,
2021,10,26,3,30,6.7,0,0,0,4,6.2,0,0,100,0,96.54,124.57000000000000,0.24,986,1.6,109,0.9,0.0000,0.0000,,,,,,,,,,,,,,,,,,,,,,
2021,10,26,4,30,6.6000000000000000,0,0,0,4,5.7,0,0,0,0,93.73,112.93,0.24,986,1.7000000000000000,110,1,0.0000,0.0000,,,,,,,,,,,,,,,,,,,,,,
2021,10,26,5,30,6.6000000000000000,0,0,0,0,5.2,0,0,0,0,91.03,101.22,0.24,987,1.7000000000000000,113,1.1,0.0000,0.0000,,,,,,,,,,,,,,,,,,,,,,
2021,10,26,6,30,7.5,10,60,11,0,5,10,60,0,11,84.2,89.3,0.24,988,1.7000000000000000,115,1.1,0.0000,0.0000,,,,,,,,,,,,,,,,,,,,,,
2021,10,26,7,30,9.8,54,518,155,3,6.5,64,301,50,123,80.06,78.74,0.24,989,1.8,114,1.2000000000000000,5.8696,4.4805,,,,,,,,,,,,,,,,,,,,,,
2021,10,26,8,30,12.100000000000000,73,725,335,4,8,141,84,0,171,75.85000000000000,68.81,0.24,989,1.9000000000000000,146,1.1,8.8463,6.8602,,,,,,,,,,,,,,,,,,,,,,
2021,10,26,9,30,13.4,84,817,488,3,8,204,265,0,335,69.83,60.38,0.24,990,2,188,1,18.4274,14.3894,,,,,,,,,,,,,,,,,,,,,,
2021,10,26,10,30,14.4,92,855,591,4,7.6000000000000000,257,203,14,376,63.800000000000000,54.26,0.24,990,2.1,198,1,21.3495,16.7187,,,,,,,,,,,,,,,,,,,,,,
2021,10,26,11,30,15.3,94,871,638,4,7.6000000000000000,280,230,0,424,60.02,51.32,0.24,990,2.3000000000000000,207,1,24.3726,19.1051,,,,,,,,,,,,,,,,,,,,,,
2021,10,26,12,30,16,96,853,620,3,7.800000000000000,226,431,43,491,58.370000000000000,52.120000000000000,0.24,989,2.5,225,1,28.1343,22.0483,,,,,,,,,,,,,,,,,,,,,,
2021,10,26,13,30,16.400000000000000,96,808,542,3,8.200000000000000,244,190,0,349,58.2,56.51,0.24,989,2.7,241,0.9,19.6072,15.3404,,,,,,,,,,,,,,,,,,,,,,
2021,10,26,14,30,16.400000000000000,86,743,415,3,8.5,155,390,36,328,59.410000000000000,63.71,0.24,989,2.9000000000000000,254,0.8,17.6581,13.7585,,,,,,,,,,,,,,,,,,,,,,
2021,10,26,15,30,16.2,69,619,251,3,8.8,115,118,14,150,61.47,72.87,0.24,989,2.9000000000000000,261,0.8,7.4788,5.7682,,,,,,,,,,,,,,,,,,,,,,
2021,10,26,16,30,14.8,38,352,79,4,9.9,31,0,79,31,72.5,83.23,0.24,990,2.9000000000000000,305,0.4,0.0000,0.0000,,,,,,,,,,,,,,,,,,,,,,
2021,10,26,17,30,13.700000000000000,0,0,0,4,9,0,0,0,0,73.2,94.56,0.24,990,2.9000000000000000,187,0.4,0.0000,0.0000,,,,,,,,,,,,,,,,,,,,,,
2021,10,26,18,30,13.100000000000000,0,0,0,3,8.5,0,0,0,0,73.78,106.18,0.24,991,2.8000000000000000,55,0.4,0.0000,0.0000,,,,,,,,,,,,,,,,,,,,,,
2021,10,26,19,30,12.700000000000000,0,0,0,0,8.4,0,0,0,0,74.84,117.92,0.24,991,2.7,65,0.5,0.0000,0.0000,,,,,,,,,,,,,,,,,,,,,,
2021,10,26,20,30,12.4,0,0,0,0,8.1,0,0,0,0,74.89,129.45,0.24,991,2.7,61,0.6000000000000000,0.0000,0.0000,,,,,,,,,,,,,,,,,,,,,,
2021,10,26,21,30,12,0,0,0,0,7.9,0,0,0,0,75.9,140.22,0.24,991,2.7,47,0.7000000000000000,0.0000,0.0000,,,,,,,,,,,,,,,,,,,,,,
2021,10,26,22,30,11.700000000000000,0,0,0,0,7.9,0,0,100,0,77.38,149.17000000000000,0.24,991,2.8000000000000000,28,0.8,0.0000,0.0000,,,,,,,,,,,,,,,,,,,,,,
2021,10,26,23,30,11.3,0,0,0,0,8,0,0,100,0,79.98,154.13,0.24,992,2.9000000000000000,13,0.9,0.0000,0.0000,,,,,,,,,,,,,,,,,,,,,,
2021,10,27,0,30,10.9,0,0,0,0,8,0,0,100,0,82.45,152.75,0.24,992,3,14,0.9,0.0000,0.0000,,,,,,,,,,,,,,,,,,,,,,
2021,10,27,1,30,10.700000000000000,0,0,0,0,8,0,0,100,0,83.53,145.81,0.24,992,3,25,0.8,0.0000,0.0000,,,,,,,,,,,,,,,,,,,,,,
2021,10,27,2,30,10.700000000000000,0,0,0,0,7.9,0,0,100,0,82.73,135.92000000000000,0.24,992,2.9000000000000000,36,0.8,0.0000,0.0000,,,,,,,,,,,,,,,,,,,,,,
2021,10,27,3,30,10.9,0,0,0,0,7.800000000000000,0,0,100,0,81.3,124.76,0.24,992,2.9000000000000000,39,0.8,0.0000,0.0000,,,,,,,,,,,,,,,,,,,,,,
2021,10,27,4,30,11.200000000000000,0,0,0,0,8,0,0,0,0,80.49,113.11,0.24,993,2.9000000000000000,36,0.8,0.0000,0.0000,,,,,,,,,,,,,,,,,,,,,,
2021,10,27,5,30,11.4,0,0,0,0,8.1,0,0,0,0,80.05,101.4,0.24,993,2.9000000000000000,33,0.8,0.0000,0.0000,,,,,,,,,,,,,,,,,,,,,,
2021,10,27,6,30,12.3,9,89,10,0,8.1,9,89,0,10,75.59,89.48,0.24,993,2.8000000000000000,30,0.7000000000000000,0.0000,0.0000,,,,,,,,,,,,,,,,,,,,,,
2021,10,27,7,30,14.4,43,567,152,0,9.9,43,567,0,152,74.44,78.96000000000000,0.24,994,2.8000000000000000,15,0.7000000000000000,7.2495,5.5320,,,,,,,,,,,,,,,,,,,,,,
2021,10,27,8,30,16.7,60,749,328,0,11.5,60,749,0,328,71.43,69.05,0.24,994,2.8000000000000000,176,1.2000000000000000,16.9330,13.1278,,,,,,,,,,,,,,,,,,,,,,
2021,10,27,9,30,18.400000000000000,74,821,476,0,12.4,74,821,0,476,68.07000000000000,60.660000000000000,0.24,994,2.9000000000000000,345,1.7000000000000000,26.1394,20.4081,,,,,,,,,,,,,,,,,,,,,,
2021,10,27,10,30,19.8,85,851,578,0,13.100000000000000,85,851,0,578,65.2,54.57,0.24,993,2.8000000000000000,338,2,32.7733,25.6616,,,,,,,,,,,,,,,,,,,,,,
2021,10,27,11,30,21,87,871,627,0,13.600000000000000,87,871,0,627,62.82,51.65,0.24,993,2.8000000000000000,331,2.2,35.9948,28.2126,,,,,,,,,,,,,,,,,,,,,,
2021,10,27,12,30,21.8,85,872,616,0,14.100000000000000,85,872,0,616,61.43,52.46,0.24,992,2.7,324,2.5,35.2479,27.6200,,,,,,,,,,,,,,,,,,,,,,
2021,10,27,13,30,22,80,852,546,0,14.4,80,852,0,546,62.22,56.83,0.24,991,2.5,320,2.7,30.6258,23.9577,,,,,,,,,,,,,,,,,,,,,,
2021,10,27,14,30,21.5,71,797,420,0,14.8,71,797,0,420,65.68,64,0.24,991,2.4000000000000000,320,2.8000000000000000,22.5649,17.5778,,,,,,,,,,,,,,,,,,,,,,
2021,10,27,15,30,21.200000000000000,58,683,256,0,15.200000000000000,58,683,0,256,68.60000000000000,73.13,0.24,991,2.3000000000000000,321,2.7,12.7330,9.8165,,,,,,,,,,,,,,,,,,,,,,
2021,10,27,16,30,17.900000000000000,33,410,80,0,15.600000000000000,33,410,0,80,86.45,83.47,0.24,991,2.2,328,1.8,0.0000,0.0000,,,,,,,,,,,,,,,,,,,,,,
2021,10,27,17,30,16,0,0,0,0,14.700000000000000,0,0,0,0,91.75,94.79,0.24,991,2.2,168,1.5,0.0000,0.0000,,,,,,,,,,,,,,,,,,,,,,
2021,10,27,18,30,15.4,0,0,0,0,14.200000000000000,0,0,0,0,92.4,106.4,0.24,991,2.1,18,1.4000000000000000,0.0000,0.0000,,,,,,,,,,,,,,,,,,,,,,
2021,10,27,19,30,14.8,0,0,0,0,13.600000000000000,0,0,0,0,92.38,118.14,0.24,990,2.1,43,1.2000000000000000,0.0000,0.0000,,,,,,,,,,,,,,,,,,,,,,
2021,10,27,20,30,14.3,0,0,0,0,13.100000000000000,0,0,0,0,92.33,129.68,0.24,990,2,59,1.1,0.0000,0.0000,,,,,,,,,,,,,,,,,,,,,,
2021,10,27,21,30,14,0,0,0,0,12.600000000000000,0,0,0,0,91.45,140.48,0.24,990,1.9000000000000000,69,1.2000000000000000,0.0000,0.0000,,,,,,,,,,,,,,,,,,,,,,
2021,10,27,22,30,13.700000000000000,0,0,0,0,12.200000000000000,0,0,100,0,90.87,149.47,0.24,990,1.8,75,1.4000000000000000,0.0000,0.0000,,,,,,,,,,,,,,,,,,,,,,
2021,10,27,23,30,13.5,0,0,0,0,11.9,0,0,100,0,90.08,154.47,0.24,990,1.7000000000000000,82,1.5,0.0000,0.0000,,,,,,,,,,,,,,,,,,,,,,
2021,10,28,0,30,13.5,0,0,0,0,11.600000000000000,0,0,100,0,88.02,153.06,0.24,990,1.7000000000000000,88,1.5,0.0000,0.0000,,,,,,,,,,,,,,,,,,,,,,
2021,10,28,1,30,13.4,0,0,0,0,11.200000000000000,0,0,100,0,86.48,146.06,0.24,990,1.6,94,1.4000000000000000,0.0000,0.0000,,,,,,,,,,,,,,,,,,,,,,
2021,10,28,2,30,13.200000000000000,0,0,0,0,10.8,0,0,100,0,85.2,136.13,0.24,990,1.6,100,1.1,0.0000,0.0000,,,,,,,,,,,,,,,,,,,,,,
2021,10,28,3,30,13,0,0,0,0,10.100000000000000,0,0,100,0,82.82000000000000,124.95,0.24,990,1.5,104,1,0.0000,0.0000,,,,,,,,,,,,,,,,,,,,,,
2021,10,28,4,30,12.700000000000000,0,0,0,0,9.600000000000000,0,0,0,0,81.39,113.3,0.24,990,1.5,103,1,0.0000,0.0000,,,,,,,,,,,,,,,,,,,,,,
2021,10,28,5,30,12.4,0,0,0,0,9.1,0,0,0,0,80.18,101.59,0.24,990,1.4000000000000000,103,1.1,0.0000,0.0000,,,,,,,,,,,,,,,,,,,,,,
2021,10,28,6,30,13.100000000000000,8,83,9,0,8.6,8,83,0,9,74.26,89.65,0.24,990,1.4000000000000000,102,1.1,0.0000,0.0000,,,,,,,,,,,,,,,,,,,,,,
2021,10,28,7,30,15.5,47,569,154,0,9.8,47,569,0,154,68.88,79.17,0.24,990,1.3,102,1.2000000000000000,7.3421,5.6009,,,,,,,,,,,,,,,,,,,,,,
2021,10,28,8,30,18.400000000000000,66,762,335,0,11.3,66,762,0,335,63.47,69.3,0.24,990,1.4000000000000000,105,1.3,17.2567,13.3748,,,,,,,,,,,,,,,,,,,,,,
2021,10,28,9,30,20.6,79,843,488,0,12.4,79,843,0,488,59.35,60.94,0.24,990,1.4000000000000000,121,0.9,26.7527,20.8834,,,,,,,,,,,,,,,,,,,,,,
2021,10,28,10,30,22.5,89,876,593,0,13,89,876,0,593,54.870000000000000,54.88,0.24,989,1.4000000000000000,148,0.7000000000000000,33.5762,26.2872,,,,,,,,,,,,,,,,,,,,,,
2021,10,28,11,30,23.6,93,893,643,0,13.5,93,893,0,643,53.08,51.99,0.24,988,1.4000000000000000,173,0.7000000000000000,36.8632,28.8902,,,,,,,,,,,,,,,,,,,,,,
2021,10,28,12,30,24.3,90,892,629,0,14,90,892,0,629,52.79,52.79,0.24,988,1.4000000000000000,190,0.6000000000000000,35.9425,28.1612,,,,,,,,,,,,,,,,,,,,,,
2021,10,28,13,30,24.5,84,866,554,0,14.3,84,866,0,554,53.120000000000000,57.14,0.24,987,1.5,205,0.6000000000000000,31.0255,24.2671,,,,,,,,,,,,,,,,,,,,,,
2021,10,28,14,30,24.1,76,802,424,0,14.5,76,802,0,424,55.13,64.29,0.24,987,1.5,220,0.6000000000000000,22.7328,17.7047,,,,,,,,,,,,,,,,,,,,,,
2021,10,28,15,30,23.700000000000000,61,677,255,0,15.100000000000000,61,677,0,255,58.53,73.39,0.24,987,1.5,228,0.6000000000000000,12.6527,9.7505,,,,,,,,,,,,,,,,,,,,,,
2021,10,28,16,30,20.6,35,388,78,0,16.2,35,388,0,78,75.91,83.7,0.24,987,1.5,165,0.4,0.0000,0.0000,,,,,,,,,,,,,,,,,,,,,,
2021,10,28,17,30,18.1,0,0,0,0,13.8,0,0,0,0,75.85000000000000,95.01,0.24,987,1.5,106,0.6000000000000000,0.0000,0.0000,,,,,,,,,,,,,,,,,,,,,,
2021,10,28,18,30,16.7,0,0,0,0,13.200000000000000,0,0,0,0,80.08,106.61,0.24,987,1.5,89,0.7000000000000000,0.0000,0.0000,,,,,,,,,,,,,,,,,,,,,,
2021,10,28,19,30,16.2,0,0,0,0,12.9,0,0,0,0,81.04,118.36,0.24,986,1.5,93,0.8,0.0000,0.0000,,,,,,,,,,,,,,,,,,,,,,
2021,10,28,20,30,15.8,0,0,0,0,12.5,0,0,0,0,80.75,129.9,0.24,986,1.4000000000000000,101,0.9,0.0000,0.0000,,,,,,,,,,,,,,,,,,,,,,
2021,10,28,21,30,15.3,0,0,0,0,11.9,0,0,0,0,80.36,140.73,0.24,986,1.4000000000000000,106,1,0.0000,0.0000,,,,,,,,,,,,,,,,,,,,,,
2021,10,28,22,30,15,0,0,0,0,11.200000000000000,0,0,100,0,77.82000000000000,149.76,0.24,985,1.4000000000000000,109,1.1,0.0000,0.0000,,,,,,,,,,,,,,,,,,,,,,
2021,10,28,23,30,14.600000000000000,0,0,0,0,10.3,0,0,100,0,75.33,154.8,0.24,985,1.4000000000000000,110,1.1,0.0000,0.0000,,,,,,,,,,,,,,,,,,,,,,
2021,10,29,0,30,14.3,0,0,0,0,9.4,0,0,100,0,72.53,153.37,0.24,984,1.4000000000000000,113,1.1,0.0000,0.0000,,,,,,,,,,,,,,,,,,,,,,
2021,10,29,1,30,14.200000000000000,0,0,0,0,8.8,0,0,100,0,69.83,146.31,0.24,984,1.4000000000000000,116,1.2000000000000000,0.0000,0.0000,,,,,,,,,,,,,,,,,,,,,,
2021,10,29,2,30,14,0,0,0,0,8.3,0,0,100,0,68.3,136.34,0.24,984,1.5,119,1.1,0.0000,0.0000,,,,,,,,,,,,,,,,,,,,,,
2021,10,29,3,30,14.100000000000000,0,0,0,0,7.9,0,0,100,0,66.31,125.14,0.24,984,1.6,121,1,0.0000,0.0000,,,,,,,,,,,,,,,,,,,,,,
2021,10,29,4,30,14.200000000000000,0,0,0,0,7.7,0,0,0,0,65.12,113.48,0.24,984,1.7000000000000000,123,1,0.0000,0.0000,,,,,,,,,,,,,,,,,,,,,,
2021,10,29,5,30,14.4,0,0,0,0,7.7,0,0,0,0,64.16,101.78,0.24,984,1.7000000000000000,125,0.9,0.0000,0.0000,,,,,,,,,,,,,,,,,,,,,,
2021,10,29,6,30,14.9,7,56,7,3,7.6000000000000000,4,0,57,4,61.800000000000000,89.83,0.24,984,1.8,126,0.8,0.0000,0.0000,,,,,,,,,,,,,,,,,,,,,,
2021,10,29,7,30,16.900000000000000,46,549,147,8,9.4,61,130,43,85,61.28,79.39,0.24,984,1.8,124,0.8,4.0516,3.0898,,,,,,,,,,,,,,,,,,,,,,
2021,10,29,8,30,19.8,66,745,326,0,12,72,705,14,318,60.78,69.54,0.24,984,1.8,129,0.9,16.3464,12.6657,,,,,,,,,,,,,,,,,,,,,,
2021,10,29,9,30,21.8,79,824,476,0,12,79,824,0,476,53.61,61.22,0.24,984,1.9000000000000000,148,1.1,26.0498,20.3312,,,,,,,,,,,,,,,,,,,,,,
2021,10,29,10,30,22.900000000000000,91,855,579,0,12.5,91,855,0,579,51.99,55.19,0.24,984,1.9000000000000000,171,1,32.7364,25.6266,,,,,,,,,,,,,,,,,,,,,,
2021,10,29,11,30,23.6,93,873,627,0,13.200000000000000,93,873,0,627,51.99,52.31,0.24,983,1.9000000000000000,190,0.9,35.8993,28.1319,,,,,,,,,,,,,,,,,,,,,,
2021,10,29,12,30,23.900000000000000,93,866,613,0,13.600000000000000,93,866,0,613,52.56,53.120000000000000,0.24,982,2,209,0.8,34.9797,27.4037,,,,,,,,,,,,,,,,,,,,,,
2021,10,29,13,30,24.1,88,837,538,0,14,88,837,0,538,53.24,57.45,0.24,982,2,227,0.8,30.0814,23.5252,,,,,,,,,,,,,,,,,,,,,,
2021,10,29,14,30,23.8,80,774,412,0,14.4,80,774,0,412,55.5,64.57000000000000,0.24,981,1.9000000000000000,241,0.7000000000000000,22.0448,17.1651,,,,,,,,,,,,,,,,,,,,,,
2021,10,29,15,30,23.6,64,645,246,0,14.9,64,645,0,246,58.29,73.64,0.24,981,1.9000000000000000,246,0.6000000000000000,12.1779,9.3808,,,,,,,,,,,,,,,,,,,,,,
2021,10,29,16,30,20.8,36,339,72,0,16.1,36,339,0,72,74.68,83.93,0.24,981,1.9000000000000000,199,0.4,0.0000,0.0000,,,,,,,,,,,,,,,,,,,,,,
2021,10,29,17,30,19,0,0,0,0,14.100000000000000,0,0,0,0,73.05,95.22,0.24,981,1.8,151,0.5,0.0000,0.0000,,,,,,,,,,,,,,,,,,,,,,
2021,10,29,18,30,18,0,0,0,0,13.9,0,0,0,0,77.10000000000000,106.82000000000000,0.24,981,1.8,127,0.6000000000000000,0.0000,0.0000,,,,,,,,,,,,,,,,,,,,,,
2021,10,29,19,30,17.400000000000000,0,0,0,8,13.8,0,0,0,0,79.16,118.56,0.24,981,1.8,132,0.6000000000000000,0.0000,0.0000,,,,,,,,,,,,,,,,,,,,,,
2021,10,29,20,30,16.7,0,0,0,7,13.5,0,0,0,0,81.36,130.12,0.24,981,1.9000000000000000,147,0.7000000000000000,0.0000,0.0000,,,,,,,,,,,,,,,,,,,,,,
2021,10,29,21,30,15.8,0,0,0,7,13.200000000000000,0,0,0,0,84.74,140.97,0.24,981,1.9000000000000000,156,0.8,0.0000,0.0000,,,,,,,,,,,,,,,,,,,,,,
2021,10,29,22,30,15,0,0,0,7,12.9,0,0,100,0,87.22,150.05,0.24,981,2,154,0.9,0.0000,0.0000,,,,,,,,,,,,,,,,,,,,,,
2021,10,29,23,30,14.3,0,0,0,7,12.5,0,0,100,0,89.09,155.12,0.24,981,2.1,150,1,0.0000,0.0000,,,,,,,,,,,,,,,,,,,,,,
2021,10,30,0,30,13.600000000000000,0,0,0,7,12,0,0,100,0,90.31,153.68,0.24,981,2.1,147,0.9,0.0000,0.0000,,,,,,,,,,,,,,,,,,,,,,
2021,10,30,1,30,12.9,0,0,0,5,11.5,0,0,100,0,91.34,146.56,0.24,981,2.1,147,1,0.0000,0.0000,,,,,,,,,,,,,,,,,,,,,,
2021,10,30,2,30,12.5,0,0,0,5,11,0,0,100,0,90.8,136.55,0.24,981,2.1,147,1,0.0000,0.0000,,,,,,,,,,,,,,,,,,,,,,
2021,10,30,3,30,12.200000000000000,0,0,0,5,10.700000000000000,0,0,100,0,90.35000000000000,125.33,0.24,981,2.1,150,1,0.0000,0.0000,,,,,,,,,,,,,,,,,,,,,,
2021,10,30,4,30,12,0,0,0,8,10.5,0,0,0,0,90.45,113.66,0.24,981,2.1,155,0.9,0.0000,0.0000,,,,,,,,,,,,,,,,,,,,,,
2021,10,30,5,30,11.600000000000000,0,0,0,8,10.200000000000000,0,0,0,0,91.36,101.96000000000000,0.24,981,2.1,162,0.8,0.0000,0.0000,,,,,,,,,,,,,,,,,,,,,,
2021,10,30,6,30,12.3,6,37,6,7,10.200000000000000,3,0,57,3,86.79,89.99,0.24,982,2.1,165,0.9,0.0000,0.0000,,,,,,,,,,,,,,,,,,,,,,
2021,10,30,7,30,14.8,51,481,138,7,11.200000000000000,63,120,71,85,79,79.61,0.24,982,2.1,167,1.1,4.0514,3.0887,,,,,,,,,,,,,,,,,,,,,,
2021,10,30,8,30,17.3,76,677,310,0,12,76,677,0,310,71.19,69.79,0.24,982,2.2,180,1.2000000000000000,15.8999,12.3159,,,,,,,,,,,,,,,,,,,,,,
2021,10,30,9,30,18.900000000000000,97,753,456,0,12.8,108,695,29,440,67.56,61.49,0.24,982,2.3000000000000000,201,1.3,24.0390,18.7587,,,,,,,,,,,,,,,,,,,,,,
2021,10,30,10,30,19.8,114,782,557,0,13.200000000000000,108,723,21,518,65.9,55.5,0.24,982,2.3000000000000000,216,1.5,29.2448,22.8904,,,,,,,,,,,,,,,,,,,,,,
2021,10,30,11,30,20.200000000000000,121,795,603,7,13.5,123,764,86,587,65.42,52.64,0.24,982,2.4000000000000000,225,1.6,33.5635,26.2985,,,,,,,,,,,,,,,,,,,,,,
2021,10,30,12,30,20.3,118,796,592,8,13.700000000000000,160,510,86,464,65.74,53.44,0.24,981,2.4000000000000000,231,1.7000000000000000,26.4411,20.7121,,,,,,,,,,,,,,,,,,,,,,
2021,10,30,13,30,20.1,109,770,520,8,13.8,100,144,57,177,67.02,57.75,0.24,981,2.4000000000000000,235,1.7000000000000000,9.8811,7.7265,,,,,,,,,,,,,,,,,,,,,,
2021,10,30,14,30,19.5,101,686,393,7,13.8,112,330,50,252,69.5,64.84,0.24,981,2.4000000000000000,242,1.8,13.4572,10.4761,,,,,,,,,,,,,,,,,,,,,,
2021,10,30,15,30,19.1,81,538,230,0,13.700000000000000,85,481,29,218,70.75,73.89,0.24,981,2.3000000000000000,245,1.8,10.7670,8.2905,,,,,,,,,,,,,,,,,,,,,,
2021,10,30,16,30,16.900000000000000,44,179,62,7,13.600000000000000,38,76,93,46,81.16,84.15,0.24,981,2.2,270,1.2000000000000000,0.0000,0.0000,,,,,,,,,,,,,,,,,,,,,,
2021,10,30,17,30,15.600000000000000,0,0,0,8,13.4,0,0,0,0,87.02,95.44,0.24,981,2.1,287,0.9,0.0000,0.0000,,,,,,,,,,,,,,,,,,,,,,
2021,10,30,18,30,15,0,0,0,3,13.100000000000000,0,0,0,0,88.18,107.02,0.24,982,2,295,0.7000000000000000,0.0000,0.0000,,,,,,,,,,,,,,,,,,,,,,
2021,10,30,19,30,14.5,0,0,0,0,12.8,0,0,0,0,89.72,118.77,0.24,982,2,287,0.5,0.0000,0.0000,,,,,,,,,,,,,,,,,,,,,,
2021,10,30,20,30,14.100000000000000,0,0,0,3,12.700000000000000,0,0,0,0,91.26,130.33,0.24,982,2,264,0.5,0.0000,0.0000,,,,,,,,,,,,,,,,,,,,,,
2021,10,30,21,30,13.600000000000000,0,0,0,3,12.4,0,0,0,0,92.76,141.21,0.24,982,1.9000000000000000,249,0.7000000000000000,0.0000,0.0000,,,,,,,,,,,,,,,,,,,,,,
2021,10,30,22,30,13.200000000000000,0,0,0,0,12.200000000000000,0,0,100,0,93.96000000000000,150.33,0.24,982,1.8,241,0.6000000000000000,0.0000,0.0000,,,,,,,,,,,,,,,,,,,,,,
2021,10,30,23,30,12.700000000000000,0,0,0,0,12.100000000000000,0,0,100,0,96.06,155.45000000000000,0.24,982,1.7000000000000000,226,0.5,0.0000,0.0000,,,,,,,,,,,,,,,,,,,,,,
2021,10,31,0,30,12.100000000000000,0,0,0,0,11.8,0,0,100,0,98.37,153.98,0.24,982,1.6,224,0.4,0.0000,0.0000,,,,,,,,,,,,,,,,,,,,,,
2021,10,31,1,30,11.700000000000000,0,0,0,0,11.600000000000000,0,0,100,0,99.64,146.81,0.24,983,1.5,233,0.4,0.0000,0.0000,,,,,,,,,,,,,,,,,,,,,,
2021,10,31,2,30,11.600000000000000,0,0,0,0,11.4,0,0,100,0,98.68,136.76,0.24,982,1.4000000000000000,161,0.30000000000000000,0.0000,0.0000,,,,,,,,,,,,,,,,,,,,,,
2021,10,31,3,30,11.5,0,0,0,0,11.3,0,0,100,0,98.48,125.52,0.24,982,1.4000000000000000,89,0.30000000000000000,0.0000,0.0000,,,,,,,,,,,,,,,,,,,,,,
2021,10,31,4,30,11.100000000000000,0,0,0,0,11.100000000000000,0,0,0,0,100,113.85000000000000,0.24,982,1.3,112,0.30000000000000000,0.0000,0.0000,,,,,,,,,,,,,,,,,,,,,,
2021,10,31,5,30,10.8,0,0,0,0,10.8,0,0,0,0,100,102.15,0.24,982,1.4000000000000000,159,0.30000000000000000,0.0000,0.0000,,,,,,,,,,,,,,,,,,,,,,
2021,10,31,6,30,11.3,5,20,5,0,10.8,5,20,0,5,96.8,90.15,0.24,983,1.4000000000000000,204,0.30000000000000000,0.0000,0.0000,,,,,,,,,,,,,,,,,,,,,,
2021,10,31,7,30,13,64,387,132,0,11.100000000000000,64,387,0,132,88.10000000000000,79.83,0.24,983,1.5,244,0.5,6.2925,4.7961,,,,,,,,,,,,,,,,,,,,,,
2021,10,31,8,30,14.700000000000000,101,594,304,3,11.3,122,216,0,196,80.10000000000000,70.03,0.24,983,1.5,252,0.7000000000000000,10.0313,7.7679,,,,,,,,,,,,,,,,,,,,,,
2021,10,31,9,30,16.2,130,676,450,3,11.4,170,347,7,334,73.05,61.77,0.24,983,1.6,225,0.7000000000000000,18.2155,14.2118,,,,,,,,,,,,,,,,,,,,,,
2021,10,31,10,30,17.400000000000000,152,711,552,0,11.4,152,711,0,552,68.01,55.800000000000000,0.24,983,1.6,203,1,31.1198,24.3550,,,,,,,,,,,,,,,,,,,,,,
2021,10,31,11,30,18.3,148,757,604,0,11.4,172,659,0,569,64.29,52.96,0.24,982,1.6,199,1.3,32.4908,25.4553,,,,,,,,,,,,,,,,,,,,,,
2021,10,31,12,30,19,129,792,597,0,11.600000000000000,155,661,0,546,62.13,53.76,0.24,982,1.6,205,1.6,31.0707,24.3358,,,,,,,,,,,,,,,,,,,,,,
2021,10,31,13,30,19.200000000000000,108,790,526,7,11.5,149,184,64,246,61.06,58.050000000000000,0.24,982,1.7000000000000000,219,1.8,13.7112,10.7198,,,,,,,,,,,,,,,,,,,,,,
2021,10,31,14,30,18.7,98,714,398,7,11.200000000000000,134,273,36,249,61.78,65.12,0.24,982,1.7000000000000000,235,1.6,13.2695,10.3276,,,,,,,,,,,,,,,,,,,,,,
2021,10,31,15,30,18.2,77,567,232,3,10.9,61,31,21,69,62.61,74.13,0.24,982,1.7000000000000000,241,1.4000000000000000,3.4004,2.6172,,,,,,,,,,,,,,,,,,,,,,
2021,10,31,16,30,15.700000000000000,39,255,64,7,11.8,39,186,57,57,77.39,84.37,0.24,983,1.8,282,0.6000000000000000,0.0000,0.0000,,,,,,,,,,,,,,,,,,,,,,
2021,10,31,17,30,14.3,0,0,0,8,10.9,0,0,0,0,79.77,95.64,0.24,983,1.8,168,0.5,0.0000,0.0000,,,,,,,,,,,,,,,,,,,,,,
2021,10,31,18,30,13.8,0,0,0,8,10.3,0,0,0,0,79.45,107.22,0.24,984,1.9000000000000000,55,0.4,0.0000,0.0000,,,,,,,,,,,,,,,,,,,,,,
2021,10,31,19,30,13.5,0,0,0,4,10.4,0,0,0,0,81.68,118.96000000000000,0.24,984,2,82,0.5,0.0000,0.0000,,,,,,,,,,,,,,,,,,,,,,
2021,10,31,20,30,13.3,0,0,0,5,10.200000000000000,0,0,0,0,81.63,130.54,0.24,984,2.1,95,0.4,0.0000,0.0000,,,,,,,,,,,,,,,,,,,,,,
2021,10,31,21,30,13.200000000000000,0,0,0,8,9.9,0,0,0,0,80.35000000000000,141.44,0.24,984,2.2,112,0.4,0.0000,0.0000,,,,,,,,,,,,,,,,,,,,,,
2021,10,31,22,30,13,0,0,0,8,9.700000000000000,0,0,100,0,80.22,150.61,0.24,984,2.3000000000000000,133,0.5,0.0000,0.0000,,,,,,,,,,,,,,,,,,,,,,
2021,10,31,23,30,12.8,0,0,0,8,9.700000000000000,0,0,100,0,81.67,155.77,0.24,984,2.4000000000000000,148,0.6000000000000000,0.0000,0.0000,,,,,,,,,,,,,,,,,,,,,,
2021,11,1,0,30,12.700000000000000,0,0,0,8,10,0,0,100,0,83.86,154.28,0.24,984,2.6,149,0.6000000000000000,0.0000,0.0000,,,,,,,,,,,,,,,,,,,,,,
2021,11,1,1,30,12.5,0,0,0,8,10.100000000000000,0,0,100,0,85.37,147.06,0.24,984,2.6,144,0.7000000000000000,0.0000,0.0000,,,,,,,,,,,,,,,,,,,,,,
2021,11,1,2,30,12.100000000000000,0,0,0,8,9.9,0,0,100,0,86.15,136.97,0.24,983,2.5,143,0.7000000000000000,0.0000,0.0000,,,,,,,,,,,,,,,,,,,,,,
2021,11,1,3,30,11.700000000000000,0,0,0,8,9.5,0,0,100,0,86.19,125.71000000000000,0.24,983,2.5,146,0.8,0.0000,0.0000,,,,,,,,,,,,,,,,,,,,,,
2021,11,1,4,30,11.4,0,0,0,7,9.200000000000000,0,0,0,0,86.32000000000000,114.03,0.24,984,2.5,149,0.9,0.0000,0.0000,,,,,,,,,,,,,,,,,,,,,,
2021,11,1,5,30,11.200000000000000,0,0,0,8,9,0,0,0,0,86.41,102.34,0.24,984,2.5,150,0.9,0.0000,0.0000,,,,,,,,,,,,,,,,,,,,,,
2021,11,1,6,30,11.8,5,26,5,7,9,2,0,43,2,82.73,90.94,0.24,985,2.6,148,1,0.0000,0.0000,,,,,,,,,,,,,,,,,,,,,,
2021,11,1,7,30,13.200000000000000,53,430,127,8,9.9,60,78,36,73,80.31,80.04,0.24,985,2.7,138,1.3,0.0000,0.0000,,,,,,,,,,,,,,,,,,,,,,
2021,11,1,8,30,14.5,80,639,296,7,10.4,127,234,0,206,76.43,70.28,0.24,986,2.8000000000000000,127,1.8,10.5194,8.1433,,,,,,,,,,,,,,,,,,,,,,
2021,11,1,9,30,15.8,96,741,443,7,11,134,47,29,156,73.18,62.04,0.24,986,2.8000000000000000,133,2.2,8.4931,6.6252,,,,,,,,,,,,,,,,,,,,,,
2021,11,1,10,30,17.1,104,793,546,7,11.700000000000000,162,11,0,168,70.53,56.1,0.24,986,2.8000000000000000,150,2.6,9.4575,7.4007,,,,,,,,,,,,,,,,,,,,,,
2021,11,1,11,30,17.8,106,819,596,7,12.100000000000000,210,20,0,222,69.25,53.28,0.24,986,2.7,161,2.7,12.6594,9.9170,,,,,,,,,,,,,,,,,,,,,,
2021,11,1,12,30,18,104,816,583,7,12.3,206,18,0,217,69.17,54.07,0.24,985,2.6,165,2.8000000000000000,12.3318,9.6576,,,,,,,,,,,,,,,,,,,,,,
2021,11,1,13,30,17.900000000000000,100,785,512,4,12.3,168,15,0,176,69.98,58.34,0.24,985,2.5,164,2.6,9.7944,7.6564,,,,,,,,,,,,,,,,,,,,,,
2021,11,1,14,30,17.3,89,717,388,4,12.4,91,3,0,92,73.16,65.38,0.24,986,2.4000000000000000,159,2.1,4.8932,3.8076,,,,,,,,,,,,,,,,,,,,,,
2021,11,1,15,30,16.900000000000000,70,580,226,7,12.8,59,12,0,62,76.73,74.37,0.24,986,2.4000000000000000,155,1.7000000000000000,3.0488,2.3456,,,,,,,,,,,,,,,,,,,,,,
2021,11,1,16,30,15.600000000000000,35,269,60,8,13,28,10,100,29,84.31,84.58,0.24,986,2.3000000000000000,141,1.3,0.0000,0.0000,,,,,,,,,,,,,,,,,,,,,,
2021,11,1,17,30,15.100000000000000,0,0,0,4,12.600000000000000,0,0,0,0,85.23,95.84,0.24,987,2.3000000000000000,136,1.3,0.0000,0.0000,,,,,,,,,,,,,,,,,,,,,,
2021,11,1,18,30,14.9,0,0,0,7,12.5,0,0,0,0,85.4,107.41,0.24,987,2.4000000000000000,134,1.2000000000000000,0.0000,0.0000,,,,,,,,,,,,,,,,,,,,,,
2021,11,1,19,30,14.700000000000000,0,0,0,8,12.5,0,0,0,0,86.53,119.15,0.24,987,2.5,135,0.9,0.0000,0.0000,,,,,,,,,,,,,,,,,,,,,,
2021,11,1,20,30,14.5,0,0,0,3,12.5,0,0,0,0,87.92,130.74,0.24,988,2.5,138,0.8,0.0000,0.0000,,,,,,,,,,,,,,,,,,,,,,
2021,11,1,21,30,14.3,0,0,0,0,12.5,0,0,0,0,88.71000000000000,141.67000000000000,0.24,988,2.5,137,0.7000000000000000,0.0000,0.0000,,,,,,,,,,,,,,,,,,,,,,
2021,11,1,22,30,14.100000000000000,0,0,0,3,12.4,0,0,100,0,89.36,150.88,0.24,988,2.6,134,0.6000000000000000,0.0000,0.0000,,,,,,,,,,,,,,,,,,,,,,
2021,11,1,23,30,14,0,0,0,3,12.3,0,0,100,0,89.63,156.08,0.24,988,2.6,129,0.5,0.0000,0.0000,,,,,,,,,,,,,,,,,,,,,,
2021,11,2,0,30,14,0,0,0,3,12.3,0,0,100,0,89.67,154.58,0.24,989,2.6,126,0.4,0.0000,0.0000,,,,,,,,,,,,,,,,,,,,,,
2021,11,2,1,30,14,0,0,0,8,12.3,0,0,100,0,89.41,147.3,0.24,989,2.6,123,0.4,0.0000,0.0000,,,,,,,,,,,,,,,,,,,,,,
2021,11,2,2,30,13.8,0,0,0,8,12.100000000000000,0,0,100,0,89.21000000000000,137.18,0.24,989,2.6,122,0.4,0.0000,0.0000,,,,,,,,,,,,,,,,,,,,,,
2021,11,2,3,30,13.700000000000000,0,0,0,8,11.9,0,0,100,0,88.7,125.9,0.24,989,2.6,124,0.4,0.0000,0.0000,,,,,,,,,,,,,,,,,,,,,,
2021,11,2,4,30,13.5,0,0,0,8,11.700000000000000,0,0,0,0,88.84,114.21000000000000,0.24,989,2.6,122,0.4,0.0000,0.0000,,,,,,,,,,,,,,,,,,,,,,
2021,11,2,5,30,13.3,0,0,0,0,11.200000000000000,0,0,0,0,87.21000000000000,102.53,0.24,989,2.6,113,0.5,0.0000,0.0000,,,,,,,,,,,,,,,,,,,,,,
2021,11,2,6,30,13.5,4,23,4,0,10.8,4,23,7,4,83.60000000000000,91.14,0.24,989,2.6,108,0.5,0.0000,0.0000,,,,,,,,,,,,,,,,,,,,,,
2021,11,2,7,30,14.600000000000000,51,437,125,0,11.700000000000000,49,337,0,106,82.7,80.26,0.24,989,2.6,111,0.4,0.0000,0.0000,,,,,,,,,,,,,,,,,,,,,,
2021,11,2,8,30,16.400000000000000,76,656,295,8,12.600000000000000,126,48,0,142,78.31,70.52,0.24,990,2.6,131,0.4,7.2355,5.5994,,,,,,,,,,,,,,,,,,,,,,
2021,11,2,9,30,18.3,91,756,442,3,13,157,144,0,224,71.10000000000000,62.31,0.24,990,2.7,173,0.6000000000000000,12.1738,9.4947,,,,,,,,,,,,,,,,,,,,,,
2021,11,2,10,30,19.5,100,802,544,0,12.5,109,767,29,533,63.95,56.4,0.24,990,2.7,215,0.9,29.9609,23.4420,,,,,,,,,,,,,,,,,,,,,,
2021,11,2,11,30,20,103,822,591,0,12.4,103,822,0,591,61.51,53.59,0.24,990,2.7,244,1,33.6564,26.3626,,,,,,,,,,,,,,,,,,,,,,
2021,11,2,12,30,20.3,101,819,578,0,12.5,131,665,0,518,60.75,54.38,0.24,990,2.7,264,1,29.3965,23.0192,,,,,,,,,,,,,,,,,,,,,,
2021,11,2,13,30,20.3,94,793,507,3,12.5,157,253,7,289,60.95,58.63,0.24,989,2.7,280,0.9,16.0573,12.5505,,,,,,,,,,,,,,,,,,,,,,
2021,11,2,14,30,20.1,82,733,384,0,12.4,116,389,21,276,61.38,65.64,0.24,989,2.7,297,0.9,14.6509,11.3976,,,,,,,,,,,,,,,,,,,,,,
2021,11,2,15,30,19.8,63,604,223,0,12.4,63,604,0,223,62.29,74.60000000000000,0.24,989,2.6,306,0.8,10.9433,8.4159,,,,,,,,,,,,,,,,,,,,,,
2021,11,2,16,30,16.900000000000000,31,315,60,0,13.4,31,315,0,60,79.82000000000000,84.79,0.24,989,2.4000000000000000,164,0.7000000000000000,0.0000,0.0000,,,,,,,,,,,,,,,,,,,,,,
2021,11,2,17,30,14.700000000000000,0,0,0,0,12.100000000000000,0,0,0,0,84.44,96.04,0.24,989,2.2,13,0.8,0.0000,0.0000,,,,,,,,,,,,,,,,,,,,,,
2021,11,2,18,30,13.700000000000000,0,0,0,0,11.5,0,0,0,0,86.55,107.60000000000000,0.24,989,2,33,0.7000000000000000,0.0000,0.0000,,,,,,,,,,,,,,,,,,,,,,
2021,11,2,19,30,13.4,0,0,0,0,11,0,0,0,0,85.38,119.34,0.24,989,1.9000000000000000,51,0.7000000000000000,0.0000,0.0000,,,,,,,,,,,,,,,,,,,,,,
2021,11,2,20,30,13.5,0,0,0,0,10.4,0,0,0,0,81.38,130.94,0.24,989,1.8,67,0.7000000000000000,0.0000,0.0000,,,,,,,,,,,,,,,,,,,,,,
2021,11,2,21,30,13.8,0,0,0,0,9.8,0,0,0,0,76.65,141.89000000000000,0.24,989,1.8,82,0.6000000000000000,0.0000,0.0000,,,,,,,,,,,,,,,,,,,,,,
2021,11,2,22,30,13.8,0,0,0,0,9.200000000000000,0,0,100,0,73.99,151.15,0.24,989,1.7000000000000000,96,0.5,0.0000,0.0000,,,,,,,,,,,,,,,,,,,,,,
2021,11,2,23,30,13.5,0,0,0,0,8.9,0,0,100,0,73.69,156.39000000000000,0.24,989,1.7000000000000000,107,0.5,0.0000,0.0000,,,,,,,,,,,,,,,,,,,,,,
2021,11,3,0,30,13,0,0,0,0,8.700000000000000,0,0,100,0,75.13,154.87,0.24,989,1.7000000000000000,110,0.5,0.0000,0.0000,,,,,,,,,,,,,,,,,,,,,,
2021,11,3,1,30,12.5,0,0,0,0,8.5,0,0,100,0,76.78,147.55,0.24,988,1.7000000000000000,106,0.5,0.0000,0.0000,,,,,,,,,,,,,,,,,,,,,,
2021,11,3,2,30,12.200000000000000,0,0,0,0,8.4,0,0,100,0,77.35000000000000,137.38,0.24,988,1.6,102,0.6000000000000000,0.0000,0.0000,,,,,,,,,,,,,,,,,,,,,,
2021,11,3,3,30,12,0,0,0,0,8.200000000000000,0,0,100,0,77.31,126.08,0.24,988,1.6,100,0.6000000000000000,0.0000,0.0000,,,,,,,,,,,,,,,,,,,,,,
2021,11,3,4,30,11.8,0,0,0,0,8,0,0,0,0,77.37,114.39,0.24,988,1.6,103,0.6000000000000000,0.0000,0.0000,,,,,,,,,,,,,,,,,,,,,,
2021,11,3,5,30,11.700000000000000,0,0,0,0,7.800000000000000,0,0,0,0,77.06,102.71000000000000,0.24,988,1.6,111,0.6000000000000000,0.0000,0.0000,,,,,,,,,,,,,,,,,,,,,,
2021,11,3,6,30,12.3,4,22,3,0,7.7,4,22,0,3,73.29,91.33,0.24,988,1.6,119,0.6000000000000000,0.0000,0.0000,,,,,,,,,,,,,,,,,,,,,,
2021,11,3,7,30,14.3,45,509,129,0,8.8,45,509,0,129,69.47,80.47,0.24,989,1.6,124,0.5,0.0000,0.0000,,,,,,,,,,,,,,,,,,,,,,
2021,11,3,8,30,17,66,721,304,0,11,66,721,0,304,67.62,70.76,0.24,989,1.6,126,0.5,15.4563,11.9575,,,,,,,,,,,,,,,,,,,,,,
2021,11,3,9,30,19.3,77,822,456,0,10.600000000000000,77,822,0,456,57.04,62.58,0.24,989,1.6,155,0.5,24.7384,19.2907,,,,,,,,,,,,,,,,,,,,,,
2021,11,3,10,30,20.8,82,874,562,0,11,82,874,0,562,53.35,56.7,0.24,988,1.6,195,0.6000000000000000,31.5438,24.6773,,,,,,,,,,,,,,,,,,,,,,
2021,11,3,11,30,21.6,85,889,609,0,11.5,85,889,0,609,52.44,53.9,0.24,988,1.7000000000000000,213,0.8,34.6345,27.1258,,,,,,,,,,,,,,,,,,,,,,
2021,11,3,12,30,22,83,887,596,0,11.700000000000000,83,887,0,596,52.09,54.69,0.24,987,1.7000000000000000,220,0.8,33.7755,26.4451,,,,,,,,,,,,,,,,,,,,,,
2021,11,3,13,30,22.1,79,861,523,0,11.9,79,861,0,523,52.34,58.92,0.24,986,1.7000000000000000,220,0.8,29.0122,22.6727,,,,,,,,,,,,,,,,,,,,,,
2021,11,3,14,30,21.8,70,797,395,0,12,70,797,0,395,53.68,65.9,0.24,986,1.7000000000000000,214,0.7000000000000000,20.9261,16.2757,,,,,,,,,,,,,,,,,,,,,,
2021,11,3,15,30,21.5,56,666,230,0,12.3,59,636,14,225,55.92,74.83,0.24,986,1.7000000000000000,209,0.6000000000000000,11.0189,8.4706,,,,,,,,,,,,,,,,,,,,,,
2021,11,3,16,30,18.6,30,349,60,0,13.600000000000000,30,349,0,60,72.65,84.99,0.23,985,1.7000000000000000,161,0.5,0.0000,0.0000,,,,,,,,,,,,,,,,,,,,,,
2021,11,3,17,30,16.8,0,0,0,0,11.4,0,0,0,0,70.47,96.23,0.23,986,1.7000000000000000,129,0.5,0.0000,0.0000,,,,,,,,,,,,,,,,,,,,,,
2021,11,3,18,30,15.9,0,0,0,0,11.200000000000000,0,0,0,0,73.49,107.78,0.23,986,1.7000000000000000,114,0.5,0.0000,0.0000,,,,,,,,,,,,,,,,,,,,,,
2021,11,3,19,30,15.4,0,0,0,0,11,0,0,0,0,74.99,119.52,0.23,986,1.7000000000000000,114,0.6000000000000000,0.0000,0.0000,,,,,,,,,,,,,,,,,,,,,,
2021,11,3,20,30,14.600000000000000,0,0,0,0,10.8,0,0,0,0,77.89,131.12,0.23,986,1.7000000000000000,121,0.8,0.0000,0.0000,,,,,,,,,,,,,,,,,,,,,,
2021,11,3,21,30,13.8,0,0,0,0,10.600000000000000,0,0,0,0,81.07000000000000,142.1,0.23,986,1.8,126,0.9,0.0000,0.0000,,,,,,,,,,,,,,,,,,,,,,
2021,11,3,22,30,13.200000000000000,0,0,0,0,10.5,0,0,100,0,83.49,151.41,0.23,986,1.9000000000000000,130,0.9,0.0000,0.0000,,,,,,,,,,,,,,,,,,,,,,
2021,11,3,23,30,13,0,0,0,0,10.4,0,0,100,0,84.37,156.70000000000000,0.23,986,2.1,134,1,0.0000,0.0000,,,,,,,,,,,,,,,,,,,,,,
2021,11,4,0,30,13,0,0,0,0,10.5,0,0,100,0,84.56,155.16,0.23,986,2.3000000000000000,140,1.1,0.0000,0.0000,,,,,,,,,,,,,,,,,,,,,,
2021,11,4,1,30,13.200000000000000,0,0,0,4,10.600000000000000,0,0,100,0,84.27,147.79,0.23,986,2.5,154,1.1,0.0000,0.0000,,,,,,,,,,,,,,,,,,,,,,
2021,11,4,2,30,13.600000000000000,0,0,0,4,11.200000000000000,0,0,100,0,85.59,137.59,0.23,986,2.6,165,1.2000000000000000,0.0000,0.0000,,,,,,,,,,,,,,,,,,,,,,
2021,11,4,3,30,13.8,0,0,0,4,11.8,0,0,100,0,88.01,126.27,0.23,987,2.6,169,1.1,0.0000,0.0000,,,,,,,,,,,,,,,,,,,,,,
2021,11,4,4,30,13.9,0,0,0,4,12.200000000000000,0,0,14,0,89.65,114.58,0.23,987,2.6,176,1.1,0.0000,0.0000,,,,,,,,,,,,,,,,,,,,,,
2021,11,4,5,30,13.9,0,0,0,4,12.5,0,0,0,0,91.25,102.9,0.23,987,2.4000000000000000,186,1,0.0000,0.0000,,,,,,,,,,,,,,,,,,,,,,
2021,11,4,6,30,13.9,2,7,2,4,12.600000000000000,1,0,29,1,92.12,91.53,0.23,988,2.2,199,1,0.0000,0.0000,,,,,,,,,,,,,,,,,,,,,,
2021,11,4,7,30,14.5,57,379,118,7,12.9,40,38,14,46,90.2,80.69,0.23,988,1.9000000000000000,220,1.2000000000000000,0.0000,0.0000,,,,,,,,,,,,,,,,,,,,,,
2021,11,4,8,30,15.200000000000000,82,646,292,8,13.4,69,171,14,125,88.92,71,0.23,989,1.7000000000000000,246,1.4000000000000000,6.3415,4.9044,,,,,,,,,,,,,,,,,,,,,,
2021,11,4,9,30,16.2,91,783,448,7,13,158,392,0,337,81.25,62.85,0.23,989,1.5,262,1.3,18.2497,14.2282,,,,,,,,,,,,,,,,,,,,,,
2021,11,4,10,30,17.6,94,850,557,8,12.4,218,98,0,271,71.78,56.99,0.23,989,1.4000000000000000,257,1.1,15.1884,11.8806,,,,,,,,,,,,,,,,,,,,,,
2021,11,4,11,30,18.900000000000000,92,886,610,3,12.100000000000000,261,206,0,381,64.75,54.21,0.23,989,1.3,250,1.1,21.6382,16.9451,,,,,,,,,,,,,,,,,,,,,,
2021,11,4,12,30,19.6,85,894,598,3,11.5,215,304,0,389,59.52,54.99,0.23,988,1.3,262,1.1,22.0144,17.2345,,,,,,,,,,,,,,,,,,,,,,
2021,11,4,13,30,19.700000000000000,77,877,526,0,10.700000000000000,77,877,0,526,56.2,59.19,0.23,987,1.2000000000000000,282,1.2000000000000000,29.1345,22.7650,,,,,,,,,,,,,,,,,,,,,,
2021,11,4,14,30,19.200000000000000,69,817,399,0,10.3,69,817,0,399,56.19,66.15,0.23,987,1.2000000000000000,300,1.3,21.0971,16.4050,,,,,,,,,,,,,,,,,,,,,,
2021,11,4,15,30,18.900000000000000,54,686,231,0,10.200000000000000,54,686,0,231,57.06,75.06,0.23,987,1.2000000000000000,308,1.4000000000000000,11.2900,8.6755,,,,,,,,,,,,,,,,,,,,,,
2021,11,4,16,30,15.5,29,363,59,0,11.600000000000000,29,363,0,59,77.76,85.19,0.22,986,1.1,167,0.8,0.0000,0.0000,,,,,,,,,,,,,,,,,,,,,,
2021,11,4,17,30,13.600000000000000,0,0,0,0,10,0,0,0,0,78.66,96.41,0.22,986,1,20,0.8,0.0000,0.0000,,,,,,,,,,,,,,,,,,,,,,
2021,11,4,18,30,12.8,0,0,0,0,9.3,0,0,0,0,79.33,107.96000000000000,0.22,986,1,47,0.8,0.0000,0.0000,,,,,,,,,,,,,,,,,,,,,,
2021,11,4,19,30,12.5,0,0,0,0,8.6,0,0,0,0,76.94,119.69,0.22,986,0.9,68,0.8,0.0000,0.0000,,,,,,,,,,,,,,,,,,,,,,
2021,11,4,20,30,12.9,0,0,0,0,7.6000000000000000,0,0,0,0,70.08,131.31,0.22,986,0.9,84,0.8,0.0000,0.0000,,,,,,,,,,,,,,,,,,,,,,
2021,11,4,21,30,13.4,0,0,0,0,6.6000000000000000,0,0,0,0,63.660000000000000,142.31,0.22,986,0.9,94,0.7000000000000000,0.0000,0.0000,,,,,,,,,,,,,,,,,,,,,,
2021,11,4,22,30,13.4,0,0,0,0,6.300000000000000,0,0,100,0,62.03,151.66,0.22,986,0.9,85,0.6000000000000000,0.0000,0.0000,,,,,,,,,,,,,,,,,,,,,,
2021,11,4,23,30,12.9,0,0,0,0,6.2,0,0,100,0,63.980000000000000,157,0.22,986,0.9,67,0.6000000000000000,0.0000,0.0000,,,,,,,,,,,,,,,,,,,,,,
2021,11,5,0,30,12.200000000000000,0,0,0,0,6.1000000000000000,0,0,100,0,66.32000000000000,155.45000000000000,0.22,986,0.9,74,0.7000000000000000,0.0000,0.0000,,,,,,,,,,,,,,,,,,,,,,
2021,11,5,1,30,11.9,0,0,0,0,5.7,0,0,100,0,65.79,148.03,0.22,986,0.9,94,0.7000000000000000,0.0000,0.0000,,,,,,,,,,,,,,,,,,,,,,
2021,11,5,2,30,11.700000000000000,0,0,0,0,5.1000000000000000,0,0,100,0,64.15,137.79,0.22,986,0.9,110,0.6000000000000000,0.0000,0.0000,,,,,,,,,,,,,,,,,,,,,,
2021,11,5,3,30,11.3,0,0,0,0,4.800000000000000,0,0,100,0,64.35,126.46000000000000,0.22,986,0.9,122,0.7000000000000000,0.0000,0.0000,,,,,,,,,,,,,,,,,,,,,,
2021,11,5,4,30,10.700000000000000,0,0,0,0,4.5,0,0,0,0,65.66,114.76,0.22,986,0.9,129,0.8,0.0000,0.0000,,,,,,,,,,,,,,,,,,,,,,
2021,11,5,5,30,10.200000000000000,0,0,0,7,4.2,0,0,0,0,66.49,103.09,0.22,986,0.9,136,0.9,0.0000,0.0000,,,,,,,,,,,,,,,,,,,,,,
2021,11,5,6,30,10.3,3,22,2,3,3.9000000000000000,1,0,29,1,64.63,91.73,0.22,986,0.9,147,0.9,0.0000,0.0000,,,,,,,,,,,,,,,,,,,,,,
2021,11,5,7,30,11.9,43,539,128,0,5,44,469,21,118,62.74,80.91,0.22,986,0.9,154,0.8,0.0000,0.0000,,,,,,,,,,,,,,,,,,,,,,
2021,11,5,8,30,14.600000000000000,65,754,307,7,8.5,106,366,0,224,66.79,71.24,0.22,986,0.8,160,0.9,11.3389,8.7664,,,,,,,,,,,,,,,,,,,,,,
2021,11,5,9,30,16.900000000000000,79,841,459,7,8.6,95,716,71,419,57.980000000000000,63.120000000000000,0.22,986,0.9,178,1.1,22.6489,17.6547,,,,,,,,,,,,,,,,,,,,,,
2021,11,5,10,30,18.1,91,875,564,7,8.200000000000000,118,733,43,514,52.410000000000000,57.28,0.22,986,0.9,198,1.3,28.7647,22.4973,,,,,,,,,,,,,,,,,,,,,,
2021,11,5,11,30,18.2,96,889,612,7,8.700000000000000,96,620,71,456,54.01,54.51,0.22,985,0.9,216,1.3,25.8628,20.2511,,,,,,,,,,,,,,,,,,,,,,
2021,11,5,12,30,18.1,97,879,598,0,8.9,106,823,43,575,55.07,55.29,0.22,985,0.9,234,1.3,32.4951,25.4366,,,,,,,,,,,,,,,,,,,,,,
2021,11,5,13,30,18,93,845,522,7,8.9,180,436,0,401,55.33,59.47,0.22,985,0.9,247,1.2000000000000000,22.1756,17.3249,,,,,,,,,,,,,,,,,,,,,,
2021,11,5,14,30,17.400000000000000,83,777,394,7,8.700000000000000,137,410,21,301,56.58,66.4,0.22,985,0.8,255,1,15.8843,12.3487,,,,,,,,,,,,,,,,,,,,,,
2021,11,5,15,30,16.900000000000000,65,630,225,7,9.3,93,215,0,148,60.75,75.27,0.22,985,0.8,258,0.8,7.2203,5.5461,,,,,,,,,,,,,,,,,,,,,,
2021,11,5,16,30,14.100000000000000,32,272,54,6,9.9,29,38,100,32,75.62,85.38,0.22,985,0.9,196,0.4,0.0000,0.0000,,,,,,,,,,,,,,,,,,,,,,
2021,11,5,17,30,12.8,0,0,0,7,8.9,0,0,0,0,77.25,96.59,0.22,985,0.9,148,0.4,0.0000,0.0000,,,,,,,,,,,,,,,,,,,,,,
2021,11,5,18,30,12.3,0,0,0,7,8.9,0,0,0,0,79.53,108.13,0.22,985,1,146,0.30000000000000000,0.0000,0.0000,,,,,,,,,,,,,,,,,,,,,,
2021,11,5,19,30,12.100000000000000,0,0,0,8,8.6,0,0,0,0,79.42,119.86,0.22,985,1.2000000000000000,153,0.4,0.0000,0.0000,,,,,,,,,,,,,,,,,,,,,,
2021,11,5,20,30,11.700000000000000,0,0,0,7,8.700000000000000,0,0,0,0,81.79,131.49,0.22,985,1.3,165,0.5,0.0000,0.0000,,,,,,,,,,,,,,,,,,,,,,
2021,11,5,21,30,11.100000000000000,0,0,0,4,8.5,0,0,0,0,84.07000000000000,142.51,0.22,985,1.4000000000000000,187,0.6000000000000000,0.0000,0.0000,,,,,,,,,,,,,,,,,,,,,,
2021,11,5,22,30,10.700000000000000,0,0,0,7,8.5,0,0,100,0,86.17,151.91,0.22,985,1.5,175,0.6000000000000000,0.0000,0.0000,,,,,,,,,,,,,,,,,,,,,,
2021,11,5,23,30,10.4,0,0,0,7,8.6,0,0,100,0,88.59,157.29,0.22,985,1.6,141,0.5,0.0000,0.0000,,,,,,,,,,,,,,,,,,,,,,
2021,11,6,0,30,10.100000000000000,0,0,0,7,8.5,0,0,100,0,89.84,155.74,0.22,985,1.7000000000000000,140,0.5,0.0000,0.0000,,,,,,,,,,,,,,,,,,,,,,
2021,11,6,1,30,10.100000000000000,0,0,0,8,8.4,0,0,100,0,89.04,148.26,0.22,986,1.9000000000000000,152,0.5,0.0000,0.0000,,,,,,,,,,,,,,,,,,,,,,
2021,11,6,2,30,10.200000000000000,0,0,0,8,8.5,0,0,100,0,88.93,137.99,0.22,986,2.1,140,0.4,0.0000,0.0000,,,,,,,,,,,,,,,,,,,,,,
2021,11,6,3,30,10.200000000000000,0,0,0,8,8.5,0,0,100,0,89.31,126.64,0.22,986,2.3000000000000000,138,0.5,0.0000,0.0000,,,,,,,,,,,,,,,,,,,,,,
2021,11,6,4,30,10.3,0,0,0,7,8.6,0,0,0,0,89.03,114.94,0.22,986,2.4000000000000000,145,0.5,0.0000,0.0000,,,,,,,,,,,,,,,,,,,,,,
2021,11,6,5,30,10.4,0,0,0,7,8.6,0,0,0,0,88.43,103.27,0.22,985,2.5,143,0.5,0.0000,0.0000,,,,,,,,,,,,,,,,,,,,,,
2021,11,6,6,30,10.700000000000000,2,10,2,7,8.3,1,0,29,1,85.23,91.93,0.22,986,2.4000000000000000,144,0.4,0.0000,0.0000,,,,,,,,,,,,,,,,,,,,,,
2021,11,6,7,30,12.3,47,422,112,7,8.9,49,126,29,68,79.61,81.12,0.22,986,2.4000000000000000,155,0.5,0.0000,0.0000,,,,,,,,,,,,,,,,,,,,,,
2021,11,6,8,30,14.4,72,656,280,7,10,103,72,0,126,74.65,71.48,0.22,986,2.4000000000000000,190,0.8,6.3640,4.9185,,,,,,,,,,,,,,,,,,,,,,
2021,11,6,9,30,15.8,85,768,429,7,9.600000000000000,172,151,0,240,66.51,63.38,0.22,987,2.3000000000000000,226,1.1,12.9501,10.0927,,,,,,,,,,,,,,,,,,,,,,
2021,11,6,10,30,16.8,93,817,531,7,9.5,185,62,0,218,61.96,57.57,0.22,987,2.3000000000000000,246,1.3,12.1815,9.5260,,,,,,,,,,,,,,,,,,,,,,
2021,11,6,11,30,17.400000000000000,98,834,579,7,9.600000000000000,208,39,0,230,59.99,54.81,0.22,987,2.3000000000000000,265,1.6,13.0270,10.1993,,,,,,,,,,,,,,,,,,,,,,
2021,11,6,12,30,17.6,98,830,567,7,9.5,238,61,0,272,59.1,55.58,0.22,987,2.2,284,2,15.3505,12.0147,,,,,,,,,,,,,,,,,,,,,,
2021,11,6,13,30,17.2,93,796,494,7,9.4,189,29,0,204,60.01,59.74,0.22,986,2.2,302,2.2,11.2638,8.7987,,,,,,,,,,,,,,,,,,,,,,
2021,11,6,14,30,16.400000000000000,81,732,371,7,9.1,156,46,0,174,61.83,66.64,0.22,987,2.2,320,2.2,9.1649,7.1233,,,,,,,,,,,,,,,,,,,,,,
2021,11,6,15,30,15.8,62,594,211,7,8.9,71,0,0,71,63.38,75.49,0.22,987,2.2,329,2.1,3.4573,2.6546,,,,,,,,,,,,,,,,,,,,,,
2021,11,6,16,30,13.100000000000000,30,263,50,7,9.4,28,59,100,33,78.01,85.56,0.2,987,2,347,1.1,0.0000,0.0000,,,,,,,,,,,,,,,,,,,,,,
2021,11,6,17,30,11.5,0,0,0,8,9,0,0,0,0,84.8,96.77,0.2,987,1.9000000000000000,181,0.8,0.0000,0.0000,,,,,,,,,,,,,,,,,,,,,,
2021,11,6,18,30,10.9,0,0,0,7,8.6,0,0,0,0,85.7,108.29,0.2,987,1.8,13,0.8,0.0000,0.0000,,,,,,,,,,,,,,,,,,,,,,
2021,11,6,19,30,10.8,0,0,0,7,8.1,0,0,0,0,83.51,120.02,0.2,987,1.8,18,0.6000000000000000,0.0000,0.0000,,,,,,,,,,,,,,,,,,,,,,
2021,11,6,20,30,10.8,0,0,0,7,7.6000000000000000,0,0,0,0,80.85000000000000,131.66,0.2,987,1.7000000000000000,180,0.5,0.0000,0.0000,,,,,,,,,,,,,,,,,,,,,,
2021,11,6,21,30,10.600000000000000,0,0,0,7,7.4,0,0,0,0,80.38,142.71,0.2,987,1.7000000000000000,326,0.6000000000000000,0.0000,0.0000,,,,,,,,,,,,,,,,,,,,,,
2021,11,6,22,30,10.200000000000000,0,0,0,7,7.2,0,0,100,0,81.56,152.15,0.2,987,1.6,309,0.6000000000000000,0.0000,0.0000,,,,,,,,,,,,,,,,,,,,,,
2021,11,6,23,30,9.8,0,0,0,7,7.1000000000000000,0,0,100,0,83.07000000000000,157.58,0.2,987,1.5,162,0.5,0.0000,0.0000,,,,,,,,,,,,,,,,,,,,,,
2021,11,7,0,30,9.3,0,0,0,7,6.9,0,0,100,0,85.10000000000000,156.02,0.2,987,1.4000000000000000,61,0.5,0.0000,0.0000,,,,,,,,,,,,,,,,,,,,,,
2021,11,7,1,30,9,0,0,0,0,6.800000000000000,0,0,100,0,85.95,148.49,0.2,987,1.3,107,0.5,0.0000,0.0000,,,,,,,,,,,,,,,,,,,,,,
2021,11,7,2,30,8.8,0,0,0,0,6.6000000000000000,0,0,100,0,86.09,138.19,0.2,987,1.2000000000000000,103,0.5,0.0000,0.0000,,,,,,,,,,,,,,,,,,,,,,
2021,11,7,3,30,8.6,0,0,0,0,6.4,0,0,100,0,86.25,126.83,0.2,987,1.1,107,0.5,0.0000,0.0000,,,,,,,,,,,,,,,,,,,,,,
2021,11,7,4,30,8.3,0,0,0,0,6.2,0,0,0,0,86.54,115.12,0.2,987,1,118,0.5,0.0000,0.0000,,,,,,,,,,,,,,,,,,,,,,
2021,11,7,5,30,7.800000000000000,0,0,0,0,5.9,0,0,0,0,87.91,103.46000000000000,0.2,987,1,119,0.5,0.0000,0.0000,,,,,,,,,,,,,,,,,,,,,,
2021,11,7,6,30,8,2,12,2,0,5.7,2,12,0,2,85.32000000000000,92.13,0.2,987,0.9,112,0.6000000000000000,0.0000,0.0000,,,,,,,,,,,,,,,,,,,,,,
2021,11,7,7,30,9.600000000000000,44,482,117,0,5.9,44,482,0,117,77.48,81.33,0.2,988,0.9,86,0.7000000000000000,0.0000,0.0000,,,,,,,,,,,,,,,,,,,,,,
2021,11,7,8,30,12,66,723,293,0,6.800000000000000,66,723,0,293,70.58,71.72,0.2,988,0.9,186,0.9,14.7660,11.4082,,,,,,,,,,,,,,,,,,,,,,
2021,11,7,9,30,13.700000000000000,82,815,444,0,5.9,82,815,0,444,59.39,63.64,0.2,989,0.9,298,1.1,23.9146,18.6343,,,,,,,,,,,,,,,,,,,,,,
2021,11,7,10,30,15.100000000000000,96,850,548,0,5.4,96,850,0,548,52.32,57.85,0.2,989,0.9,293,1.5,30.5763,23.9077,,,,,,,,,,,,,,,,,,,,,,
2021,11,7,11,30,15.8,99,872,598,0,5,99,872,0,598,48.59,55.1,0.2,988,0.9,301,1.8,33.8249,26.4795,,,,,,,,,,,,,,,,,,,,,,
2021,11,7,12,30,16.1,95,878,588,0,4.6000000000000000,95,878,0,588,46.32,55.86,0.2,988,0.8,308,1.8,33.1398,25.9352,,,,,,,,,,,,,,,,,,,,,,
2021,11,7,13,30,16.1,86,860,516,0,4.1000000000000000,86,860,0,516,44.660000000000000,60,0.2,987,0.8,305,1.7000000000000000,28.4477,22.2186,,,,,,,,,,,,,,,,,,,,,,
2021,11,7,14,30,15.5,77,788,387,0,3.6,77,788,0,387,44.87,66.87,0.2,987,0.8,296,1.7000000000000000,20.3466,15.8107,,,,,,,,,,,,,,,,,,,,,,
2021,11,7,15,30,15,61,639,219,0,3.4000000000000000,61,639,0,219,45.92,75.69,0.2,987,0.8,294,1.8,10.6465,8.1716,,,,,,,,,,,,,,,,,,,,,,
2021,11,7,16,30,10.8,29,294,51,0,5.2,29,265,14,49,68.12,85.74,0.2,987,0.7000000000000000,326,1.2000000000000000,0.0000,0.0000,,,,,,,,,,,,,,,,,,,,,,
2021,11,7,17,30,8.6,0,0,0,0,4.3,0,0,0,0,74.29,96.94,0.2,987,0.7000000000000000,179,1.2000000000000000,0.0000,0.0000,,,,,,,,,,,,,,,,,,,,,,
2021,11,7,18,30,7.800000000000000,0,0,0,0,3.6,0,0,0,0,74.98,108.45,0.2,987,0.6000000000000000,34,1.1,0.0000,0.0000,,,,,,,,,,,,,,,,,,,,,,
2021,11,7,19,30,7.4,0,0,0,0,3.3000000000000000,0,0,0,0,75.3,120.18,0.2,987,0.6000000000000000,59,1.1,0.0000,0.0000,,,,,,,,,,,,,,,,,,,,,,
2021,11,7,20,30,7.300000000000000,0,0,0,0,3,0,0,0,0,74.25,131.82,0.2,987,0.5,72,0.9,0.0000,0.0000,,,,,,,,,,,,,,,,,,,,,,
2021,11,7,21,30,7.300000000000000,0,0,0,7,2.6,0,0,0,0,71.91,142.9,0.2,986,0.6000000000000000,80,0.8,0.0000,0.0000,,,,,,,,,,,,,,,,,,,,,,
2021,11,7,22,30,7.1000000000000000,0,0,0,7,2.1,0,0,100,0,70.45,152.38,0.2,986,0.6000000000000000,87,0.7000000000000000,0.0000,0.0000,,,,,,,,,,,,,,,,,,,,,,
2021,11,7,23,30,6.800000000000000,0,0,0,7,2.1,0,0,100,0,72.09,157.87,0.2,986,0.6000000000000000,97,0.7000000000000000,0.0000,0.0000,,,,,,,,,,,,,,,,,,,,,,
2021,11,8,0,30,7.1000000000000000,0,0,0,7,1.4000000000000000,0,0,100,0,67.2,156.29,0.2,986,0.7000000000000000,113,0.7000000000000000,0.0000,0.0000,,,,,,,,,,,,,,,,,,,,,,
2021,11,8,1,30,7.6000000000000000,0,0,0,7,0.9,0,0,100,0,62.550000000000000,148.73,0.2,986,0.7000000000000000,120,0.7000000000000000,0.0000,0.0000,,,,,,,,,,,,,,,,,,,,,,
2021,11,8,2,30,7.7,0,0,0,7,1.5,0,0,100,0,64.94,138.39000000000000,0.2,986,0.8,115,0.8,0.0000,0.0000,,,,,,,,,,,,,,,,,,,,,,
2021,11,8,3,30,7.300000000000000,0,0,0,7,1.7000000000000000,0,0,100,0,67.37,127.01,0.2,986,0.8,111,0.9,0.0000,0.0000,,,,,,,,,,,,,,,,,,,,,,
2021,11,8,4,30,6.6000000000000000,0,0,0,7,0.6000000000000000,0,0,0,0,65.77,115.3,0.2,985,0.7000000000000000,112,1,0.0000,0.0000,,,,,,,,,,,,,,,,,,,,,,
2021,11,8,5,30,6.1000000000000000,0,0,0,8,-0.5,0,0,0,0,62.42,103.65,0.2,985,0.6000000000000000,119,1,0.0000,0.0000,,,,,,,,,,,,,,,,,,,,,,
2021,11,8,6,30,6.300000000000000,0,0,0,0,-1.1,0,0,0,0,59.160000000000000,92.33,0.2,985,0.7000000000000000,127,1,0.0000,0.0000,,,,,,,,,,,,,,,,,,,,,,
2021,11,8,7,30,8.3,43,512,118,0,0.2,43,512,0,118,56.730000000000000,81.55,0.2,985,0.7000000000000000,126,0.9,0.0000,0.0000,,,,,,,,,,,,,,,,,,,,,,
2021,11,8,8,30,11.5,62,745,293,0,2.3000000000000000,62,745,0,293,53.33,71.95,0.2,986,0.9,127,1.2000000000000000,14.7345,11.3801,,,,,,,,,,,,,,,,,,,,,,
2021,11,8,9,30,14.100000000000000,75,832,441,0,1.1,75,832,0,441,41.06,63.9,0.2,986,1,145,1.6,23.7099,18.4712,,,,,,,,,,,,,,,,,,,,,,
2021,11,8,10,30,15.600000000000000,89,857,541,0,0.8,89,857,0,541,36.65,58.13,0.2,986,1.2000000000000000,168,1.9000000000000000,30.1406,23.5639,,,,,,,,,,,,,,,,,,,,,,
2021,11,8,11,30,15.8,92,866,584,0,1.1,92,866,0,584,36.85,55.39,0.2,985,1.4000000000000000,173,1.9000000000000000,32.9882,25.8215,,,,,,,,,,,,,,,,,,,,,,
2021,11,8,12,30,15.600000000000000,90,860,569,0,1.3,90,860,0,569,37.94,56.15,0.2,985,1.6,165,1.8,32.0238,25.0588,,,,,,,,,,,,,,,,,,,,,,
2021,11,8,13,30,15.4,82,832,495,0,1.9000000000000000,85,812,21,488,40.02,60.26,0.2,984,1.7000000000000000,156,1.5,26.8627,20.9776,,,,,,,,,,,,,,,,,,,,,,
2021,11,8,14,30,14.9,73,760,369,7,3.6,133,415,14,294,46.56,67.1,0.2,983,1.7000000000000000,146,1.1,15.4285,11.9863,,,,,,,,,,,,,,,,,,,,,,
2021,11,8,15,30,14.5,57,616,207,6,6.6000000000000000,95,90,0,117,58.99,75.9,0.2,983,1.7000000000000000,140,0.9,5.6781,4.3565,,,,,,,,,,,,,,,,,,,,,,
2021,11,8,16,30,12.200000000000000,27,271,46,6,6.4,14,0,100,14,67.84,85.92,0.2,983,1.8,138,1,0.0000,0.0000,,,,,,,,,,,,,,,,,,,,,,
2021,11,8,17,30,11.700000000000000,0,0,0,6,5.2,0,0,0,0,64.44,97.10000000000000,0.2,983,1.8,139,1.3,0.0000,0.0000,,,,,,,,,,,,,,,,,,,,,,
2021,11,8,18,30,11.700000000000000,0,0,0,6,4.6000000000000000,0,0,0,0,61.77,108.60000000000000,0.2,983,1.7000000000000000,140,1.6,0.0000,0.0000,,,,,,,,,,,,,,,,,,,,,,
2021,11,8,19,30,11.600000000000000,0,0,0,6,4.4,0,0,0,0,61.300000000000000,120.33,0.2,984,1.8,142,2.1,0.0000,0.0000,,,,,,,,,,,,,,,,,,,,,,
2021,11,8,20,30,11.600000000000000,0,0,0,6,4.5,0,0,0,0,61.53,131.98,0.2,984,2.2,141,2.9000000000000000,0.0000,0.0000,,,,,,,,,,,,,,,,,,,,,,
2021,11,8,21,30,11.3,0,0,0,6,4.9,0,0,0,0,64.63,143.08,0.2,984,2.5,138,4,0.0000,0.0000,,,,,,,,,,,,,,,,,,,,,,
2021,11,8,22,30,10.8,0,0,0,6,5.6000000000000000,0,0,100,0,70.22,152.61,0.2,984,2.6,136,4.7,0.0000,0.0000,,,,,,,,,,,,,,,,,,,,,,
2021,11,8,23,30,10.4,0,0,0,6,6.2,0,0,100,0,75.03,158.15,0.2,984,2.6,137,4.800000000000000,0.0000,0.0000,,,,,,,,,,,,,,,,,,,,,,
2021,11,9,0,30,10.100000000000000,0,0,0,6,6.6000000000000000,0,0,100,0,78.63,156.57,0.2,984,2.6,138,4.800000000000000,0.0000,0.0000,,,,,,,,,,,,,,,,,,,,,,
2021,11,9,1,30,10,0,0,0,4,6.800000000000000,0,0,100,0,80.73,148.96,0.2,985,2.7,140,4.9,0.0000,0.0000,,,,,,,,,,,,,,,,,,,,,,
2021,11,9,2,30,9.8,0,0,0,4,7.1000000000000000,0,0,100,0,83.14,138.59,0.2,985,2.7,142,4.800000000000000,0.0000,0.0000,,,,,,,,,,,,,,,,,,,,,,
2021,11,9,3,30,9.700000000000000,0,0,0,4,7.300000000000000,0,0,100,0,84.79,127.19,0.2,985,2.6,143,4.5,0.0000,0.0000,,,,,,,,,,,,,,,,,,,,,,
2021,11,9,4,30,9.600000000000000,0,0,0,4,7.300000000000000,0,0,0,0,85.75,115.48,0.2,985,2.5,142,4.2,0.0000,0.0000,,,,,,,,,,,,,,,,,,,,,,
2021,11,9,5,30,9.600000000000000,0,0,0,4,7.4,0,0,0,0,86.12,103.83,0.2,986,2.3000000000000000,141,4,0.0000,0.0000,,,,,,,,,,,,,,,,,,,,,,
2021,11,9,6,30,9.700000000000000,0,0,0,5,7.5,0,0,14,0,86.18,92.53,0.2,987,2.2,139,3.9000000000000000,0.0000,0.0000,,,,,,,,,,,,,,,,,,,,,,
2021,11,9,7,30,10,47,375,101,7,7.7,37,1,29,37,85.7,81.76,0.2,988,2.1,138,3.8000000000000000,0.0000,0.0000,,,,,,,,,,,,,,,,,,,,,,
2021,11,9,8,30,10.700000000000000,75,623,266,7,8.1,102,77,0,126,83.73,72.19,0.2,988,2.1,137,3.8000000000000000,6.3222,4.8812,,,,,,,,,,,,,,,,,,,,,,
2021,11,9,9,30,11.700000000000000,92,733,411,8,8.6,73,5,0,75,81.56,64.16,0.2,989,2.2,137,3.7,4.0249,3.1349,,,,,,,,,,,,,,,,,,,,,,
2021,11,9,10,30,12.600000000000000,101,787,513,6,9.3,190,20,0,200,80.13,58.410000000000000,0.2,989,2.3000000000000000,139,3.5,11.1257,8.6969,,,,,,,,,,,,,,,,,,,,,,
2021,11,9,11,30,13.200000000000000,104,810,561,7,9.8,186,23,0,199,79.89,55.68,0.2,989,2.3000000000000000,141,3.2,11.2254,8.7856,,,,,,,,,,,,,,,,,,,,,,
2021,11,9,12,30,13.600000000000000,107,793,546,4,10.200000000000000,120,2,0,121,79.83,56.42,0.2,989,2.4000000000000000,141,2.9000000000000000,6.8009,5.3212,,,,,,,,,,,,,,,,,,,,,,
2021,11,9,13,30,14.200000000000000,106,743,472,3,10.600000000000000,96,1,0,96,78.84,60.51,0.2,989,2.3000000000000000,142,2.5,5.2766,4.1200,,,,,,,,,,,,,,,,,,,,,,
2021,11,9,14,30,14.4,94,661,349,3,11,120,19,0,127,80.04,67.33,0.2,989,2.3000000000000000,145,2,6.6522,5.1669,,,,,,,,,,,,,,,,,,,,,,
2021,11,9,15,30,14.4,72,500,192,0,11.3,70,399,0,166,81.54,76.09,0.2,989,2.3000000000000000,145,1.7000000000000000,8.0439,6.1695,,,,,,,,,,,,,,,,,,,,,,
2021,11,9,16,30,12.9,29,158,40,3,11.5,26,84,57,32,90.97,86.09,0.18,990,2.2,144,0.9,0.0000,0.0000,,,,,,,,,,,,,,,,,,,,,,
2021,11,9,17,30,12.100000000000000,0,0,0,0,10.600000000000000,0,0,0,0,90.68,97.26,0.18,990,2.2,144,0.8,0.0000,0.0000,,,,,,,,,,,,,,,,,,,,,,
2021,11,9,18,30,12,0,0,0,4,10.3,0,0,0,0,89.60000000000000,108.75,0.18,991,2.2,144,0.7000000000000000,0.0000,0.0000,,,,,,,,,,,,,,,,,,,,,,
2021,11,9,19,30,12,0,0,0,0,10,0,0,0,0,87.67,120.48,0.18,991,2.2,141,0.7000000000000000,0.0000,0.0000,,,,,,,,,,,,,,,,,,,,,,
2021,11,9,20,30,11.9,0,0,0,0,9.600000000000000,0,0,0,0,85.92,132.13,0.18,991,2.2,134,0.8,0.0000,0.0000,,,,,,,,,,,,,,,,,,,,,,
2021,11,9,21,30,11.700000000000000,0,0,0,0,9.1,0,0,0,0,84.29,143.25,0.18,991,2.2,128,0.8,0.0000,0.0000,,,,,,,,,,,,,,,,,,,,,,
2021,11,9,22,30,11.5,0,0,0,0,8.8,0,0,100,0,83.23,152.83,0.18,991,2.2,117,0.9,0.0000,0.0000,,,,,,,,,,,,,,,,,,,,,,
2021,11,9,23,30,11.200000000000000,0,0,0,0,8.3,0,0,100,0,82.53,158.42000000000000,0.18,991,2.2,106,0.9,0.0000,0.0000,,,,,,,,,,,,,,,,,,,,,,
2021,11,10,0,30,10.8,0,0,0,0,8,0,0,100,0,82.62,156.84,0.18,991,2.2,96,0.9,0.0000,0.0000,,,,,,,,,,,,,,,,,,,,,,
2021,11,10,1,30,10.4,0,0,0,0,7.6000000000000000,0,0,100,0,82.58,149.18,0.18,991,2.2,83,0.9,0.0000,0.0000,,,,,,,,,,,,,,,,,,,,,,
2021,11,10,2,30,10.100000000000000,0,0,0,0,7.1000000000000000,0,0,100,0,81.79,138.79,0.18,991,2.2,74,1,0.0000,0.0000,,,,,,,,,,,,,,,,,,,,,,
2021,11,10,3,30,10,0,0,0,0,6.7,0,0,100,0,79.76,127.38000000000000,0.18,991,2.1,77,1,0.0000,0.0000,,,,,,,,,,,,,,,,,,,,,,
2021,11,10,4,30,10.5,0,0,0,0,6.300000000000000,0,0,0,0,74.98,115.66,0.18,992,2.1,77,1,0.0000,0.0000,,,,,,,,,,,,,,,,,,,,,,
2021,11,10,5,30,10.8,0,0,0,0,5.9,0,0,0,0,71.78,104.02,0.18,992,2.1,60,0.9,0.0000,0.0000,,,,,,,,,,,,,,,,,,,,,,
2021,11,10,6,30,10.8,0,0,0,0,5.7,0,0,0,0,70.86,92.72,0.18,992,2,46,0.9,0.0000,0.0000,,,,,,,,,,,,,,,,,,,,,,
2021,11,10,7,30,12.200000000000000,42,432,102,3,6.800000000000000,40,44,57,46,69.61,81.97,0.18,993,1.9000000000000000,50,0.8,0.0000,0.0000,,,,,,,,,,,,,,,,,,,,,,
2021,11,10,8,30,15,64,682,270,0,10,71,634,14,262,72.07000000000000,72.42,0.18,993,1.8,31,0.8,13.1180,10.1245,,,,,,,,,,,,,,,,,,,,,,
2021,11,10,9,30,17,86,758,413,0,9.5,86,758,0,413,61.43,64.42,0.18,994,1.8,169,1,22.1223,17.2275,,,,,,,,,,,,,,,,,,,,,,
2021,11,10,10,30,18,107,776,510,0,8.8,107,776,0,510,54.76,58.68,0.18,993,1.8,327,1.4000000000000000,28.3287,22.1413,,,,,,,,,,,,,,,,,,,,,,
2021,11,10,11,30,18.6,106,807,558,0,8.9,106,807,57,558,53.25,55.96,0.18,993,1.9000000000000000,325,1.6,31.4338,24.5991,,,,,,,,,,,,,,,,,,,,,,
2021,11,10,12,30,19.1,95,824,548,0,9.3,95,824,100,548,52.92,56.69,0.18,992,2,325,1.8,30.7596,24.0639,,,,,,,,,,,,,,,,,,,,,,
2021,11,10,13,30,19.3,82,814,480,0,9.600000000000000,82,814,0,480,53.53,60.76,0.18,992,2.1,325,1.9000000000000000,26.3431,20.5659,,,,,,,,,,,,,,,,,,,,,,
2021,11,10,14,30,18.8,73,740,356,0,10.100000000000000,73,740,0,356,56.980000000000000,67.54,0.18,992,2.1,324,1.9000000000000000,18.6151,14.4557,,,,,,,,,,,,,,,,,,,,,,
2021,11,10,15,30,18.400000000000000,57,589,197,0,10.8,57,589,0,197,61.25,76.28,0.18,992,2.1,323,1.9000000000000000,9.5320,7.3083,,,,,,,,,,,,,,,,,,,,,,
2021,11,10,16,30,14.5,26,228,41,0,11.8,26,228,0,41,83.85000000000000,86.25,0.17,992,2.1,339,1.1,0.0000,0.0000,,,,,,,,,,,,,,,,,,,,,,
2021,11,10,17,30,12.700000000000000,0,0,0,0,10.8,0,0,0,0,88.31,97.41,0.17,992,2.1,178,1,0.0000,0.0000,,,,,,,,,,,,,,,,,,,,,,
2021,11,10,18,30,12.4,0,0,0,0,10.8,0,0,0,0,90.26,108.89,0.17,992,2.1,17,0.9,0.0000,0.0000,,,,,,,,,,,,,,,,,,,,,,
2021,11,10,19,30,12.200000000000000,0,0,0,0,10.700000000000000,0,0,0,0,90.28,120.61,0.17,992,2.1,35,0.9,0.0000,0.0000,,,,,,,,,,,,,,,,,,,,,,
2021,11,10,20,30,12,0,0,0,0,10.200000000000000,0,0,0,0,88.84,132.28,0.17,992,2.1,47,0.8,0.0000,0.0000,,,,,,,,,,,,,,,,,,,,,,
2021,11,10,21,30,12,0,0,0,0,9.8,0,0,0,0,86.59,143.42000000000000,0.17,992,2.1,53,0.8,0.0000,0.0000,,,,,,,,,,,,,,,,,,,,,,
2021,11,10,22,30,11.8,0,0,0,0,9.5,0,0,100,0,85.76,153.04,0.17,992,2.1,58,0.7000000000000000,0.0000,0.0000,,,,,,,,,,,,,,,,,,,,,,
2021,11,10,23,30,11.700000000000000,0,0,0,0,9.200000000000000,0,0,100,0,84.61,158.69,0.17,992,2.1,65,0.7000000000000000,0.0000,0.0000,,,,,,,,,,,,,,,,,,,,,,
2021,11,11,0,30,11.4,0,0,0,0,8.9,0,0,100,0,84.69,157.11,0.17,992,2.1,73,0.7000000000000000,0.0000,0.0000,,,,,,,,,,,,,,,,,,,,,,
2021,11,11,1,30,11.200000000000000,0,0,0,0,8.700000000000000,0,0,100,0,84.51,149.41,0.17,992,2.1,79,0.7000000000000000,0.0000,0.0000,,,,,,,,,,,,,,,,,,,,,,
2021,11,11,2,30,11,0,0,0,0,8.5,0,0,100,0,84.4,138.98,0.17,992,2.1,83,0.7000000000000000,0.0000,0.0000,,,,,,,,,,,,,,,,,,,,,,
2021,11,11,3,30,10.8,0,0,0,0,8.200000000000000,0,0,100,0,84.08,127.56,0.17,992,2.2,83,0.7000000000000000,0.0000,0.0000,,,,,,,,,,,,,,,,,,,,,,
2021,11,11,4,30,10.600000000000000,0,0,0,0,8,0,0,0,0,83.92,115.84,0.17,992,2.2,83,0.7000000000000000,0.0000,0.0000,,,,,,,,,,,,,,,,,,,,,,
2021,11,11,5,30,10.5,0,0,0,0,7.800000000000000,0,0,0,0,83.36,104.2,0.17,992,2.1,85,0.7000000000000000,0.0000,0.0000,,,,,,,,,,,,,,,,,,,,,,
2021,11,11,6,30,11,0,0,0,0,7.7,0,0,0,0,80.24,92.92,0.17,992,2.1,87,0.7000000000000000,0.0000,0.0000,,,,,,,,,,,,,,,,,,,,,,
2021,11,11,7,30,13.3,38,465,101,0,8.4,38,465,0,101,72.39,82.18,0.17,993,2,91,0.9,0.0000,0.0000,,,,,,,,,,,,,,,,,,,,,,
2021,11,11,8,30,16.2,58,707,269,0,10.3,58,707,0,269,68.19,72.65,0.17,993,1.9000000000000000,93,1.1,13.4396,10.3691,,,,,,,,,,,,,,,,,,,,,,
2021,11,11,9,30,18.400000000000000,70,812,417,0,11.200000000000000,70,812,0,417,62.870000000000000,64.67,0.17,993,1.9000000000000000,108,1,22.2962,17.3594,,,,,,,,,,,,,,,,,,,,,,
2021,11,11,10,30,20.200000000000000,75,864,521,0,11.700000000000000,152,491,0,405,58.050000000000000,58.95,0.17,992,1.8,163,0.9,22.4627,17.5540,,,,,,,,,,,,,,,,,,,,,,
2021,11,11,11,30,21.3,77,885,569,0,11.600000000000000,153,482,0,421,53.93,56.230000000000000,0.17,992,1.8,223,1,23.6850,18.5330,,,,,,,,,,,,,,,,,,,,,,
2021,11,11,12,30,21.8,78,878,557,0,11.8,135,644,0,486,53.08,56.96,0.17,991,1.8,255,1.2000000000000000,27.2424,21.3097,,,,,,,,,,,,,,,,,,,,,,
2021,11,11,13,30,21.700000000000000,75,845,485,0,12.200000000000000,75,845,0,485,54.68,61,0.17,990,1.7000000000000000,274,1.3,26.5785,20.7466,,,,,,,,,,,,,,,,,,,,,,
2021,11,11,14,30,21.3,67,778,361,0,12.700000000000000,67,778,0,361,58.15,67.76,0.17,990,1.7000000000000000,293,1.3,18.8422,14.6287,,,,,,,,,,,,,,,,,,,,,,
2021,11,11,15,30,21.1,52,635,201,0,13.200000000000000,52,635,0,201,60.71,76.47,0.17,990,1.7000000000000000,303,1.2000000000000000,9.7116,7.4433,,,,,,,,,,,,,,,,,,,,,,
2021,11,11,16,30,16.5,24,281,42,0,13.700000000000000,24,281,0,42,83.72,86.41,0.17,990,1.7000000000000000,168,0.8,0.0000,0.0000,,,,,,,,,,,,,,,,,,,,,,
2021,11,11,17,30,14.4,0,0,0,0,12.100000000000000,0,0,0,0,86.25,97.56,0.17,990,1.6,10,0.8,0.0000,0.0000,,,,,,,,,,,,,,,,,,,,,,
2021,11,11,18,30,13.8,0,0,0,0,11.9,0,0,0,0,88.19,109.03,0.17,990,1.6,34,0.7000000000000000,0.0000,0.0000,,,,,,,,,,,,,,,,,,,,,,
2021,11,11,19,30,13.8,0,0,0,0,11.4,0,0,0,0,85.58,120.75,0.17,990,1.6,58,0.7000000000000000,0.0000,0.0000,,,,,,,,,,,,,,,,,,,,,,
2021,11,11,20,30,13.8,0,0,0,0,10.8,0,0,0,0,82.2,132.41,0.17,990,1.6,74,0.7000000000000000,0.0000,0.0000,,,,,,,,,,,,,,,,,,,,,,
2021,11,11,21,30,13.600000000000000,0,0,0,0,10.3,0,0,0,0,80.29,143.58,0.17,991,1.6,86,0.7000000000000000,0.0000,0.0000,,,,,,,,,,,,,,,,,,,,,,
2021,11,11,22,30,13.200000000000000,0,0,0,0,9.8,0,0,0,0,79.65,153.25,0.17,990,1.5,94,0.6000000000000000,0.0000,0.0000,,,,,,,,,,,,,,,,,,,,,,
2021,11,11,23,30,12.9,0,0,0,0,9.3,0,0,0,0,78.68,158.95000000000000,0.17,990,1.5,99,0.7000000000000000,0.0000,0.0000,,,,,,,,,,,,,,,,,,,,,,
2021,11,12,0,30,12.700000000000000,0,0,0,0,8.8,0,0,0,0,76.99,157.37,0.17,990,1.5,101,0.8,0.0000,0.0000,,,,,,,,,,,,,,,,,,,,,,
2021,11,12,1,30,12.4,0,0,0,0,8.3,0,0,0,0,75.92,149.63,0.17,991,1.4000000000000000,102,0.9,0.0000,0.0000,,,,,,,,,,,,,,,,,,,,,,
2021,11,12,2,30,12.3,0,0,0,0,7.7,0,0,0,0,73.45,139.17000000000000,0.17,991,1.4000000000000000,104,0.8,0.0000,0.0000,,,,,,,,,,,,,,,,,,,,,,
2021,11,12,3,30,12.200000000000000,0,0,0,0,7.2,0,0,0,0,71.66,127.74000000000000,0.17,991,1.3,106,0.7000000000000000,0.0000,0.0000,,,,,,,,,,,,,,,,,,,,,,
2021,11,12,4,30,11.8,0,0,0,0,7,0,0,0,0,72.61,116.02,0.17,991,1.3,106,0.6000000000000000,0.0000,0.0000,,,,,,,,,,,,,,,,,,,,,,
2021,11,12,5,30,11.4,0,0,0,0,6.7,0,0,0,0,72.94,104.39,0.17,991,1.3,105,0.6000000000000000,0.0000,0.0000,,,,,,,,,,,,,,,,,,,,,,
2021,11,12,6,30,11.5,0,0,0,0,6.4,0,0,0,0,70.73,93.11,0.17,991,1.2000000000000000,103,0.7000000000000000,0.0000,0.0000,,,,,,,,,,,,,,,,,,,,,,
2021,11,12,7,30,13.8,36,506,103,0,7.1000000000000000,36,506,0,103,64.02,82.39,0.17,991,1.2000000000000000,101,0.6000000000000000,0.0000,0.0000,,,,,,,,,,,,,,,,,,,,,,
2021,11,12,8,30,17.2,55,745,274,0,10.4,55,745,0,274,64.29,72.88,0.17,992,1.2000000000000000,106,0.6000000000000000,13.6601,10.5354,,,,,,,,,,,,,,,,,,,,,,
2021,11,12,9,30,19.6,67,841,423,0,10.3,67,841,0,423,54.980000000000000,64.92,0.17,992,1.2000000000000000,129,0.7000000000000000,22.5755,17.5733,,,,,,,,,,,,,,,,,,,,,,
2021,11,12,10,30,21.400000000000000,76,881,527,0,10.8,76,881,0,527,50.71,59.22,0.17,991,1.2000000000000000,166,0.7000000000000000,29.1849,22.8041,,,,,,,,,,,,,,,,,,,,,,
2021,11,12,11,30,22.700000000000000,78,900,575,0,11.3,78,900,0,575,48.61,56.5,0.17,991,1.2000000000000000,211,0.9,32.3057,25.2756,,,,,,,,,,,,,,,,,,,,,,
2021,11,12,12,30,22.900000000000000,80,890,562,0,11.9,80,890,0,562,49.85,57.22,0.17,990,1.2000000000000000,254,1.1,31.4607,24.6065,,,,,,,,,,,,,,,,,,,,,,
2021,11,12,13,30,22.5,79,851,488,0,12.5,79,851,0,488,53.27,61.24,0.17,990,1.2000000000000000,288,1.3,26.7032,20.8409,,,,,,,,,,,,,,,,,,,,,,
2021,11,12,14,30,21.700000000000000,69,782,362,0,12.700000000000000,69,782,0,362,56.620000000000000,67.96000000000000,0.17,990,1.2000000000000000,317,1.2000000000000000,18.8630,14.6417,,,,,,,,,,,,,,,,,,,,,,
2021,11,12,15,30,21.1,53,635,200,0,12.9,53,635,0,200,59.64,76.65,0.17,990,1.2000000000000000,330,1.2000000000000000,9.6506,7.3941,,,,,,,,,,,,,,,,,,,,,,
2021,11,12,16,30,16.6,23,255,38,0,13.8,23,255,0,38,83.57000000000000,86.56,0.17,990,1.1,187,0.8,0.0000,0.0000,,,,,,,,,,,,,,,,,,,,,,
2021,11,12,17,30,14.200000000000000,0,0,0,0,12.100000000000000,0,0,0,0,87.01,97.7,0.17,990,1.1,34,0.9,0.0000,0.0000,,,,,,,,,,,,,,,,,,,,,,
2021,11,12,18,30,13.4,0,0,0,0,11.8,0,0,0,0,89.97,109.16,0.17,990,1.1,52,0.9,0.0000,0.0000,,,,,,,,,,,,,,,,,,,,,,
2021,11,12,19,30,13.3,0,0,0,0,11.100000000000000,0,0,0,0,86.68,120.87,0.17,990,1,65,1,0.0000,0.0000,,,,,,,,,,,,,,,,,,,,,,
2021,11,12,20,30,13.4,0,0,0,0,10.200000000000000,0,0,0,0,81.18,132.55,0.17,990,1,74,1,0.0000,0.0000,,,,,,,,,,,,,,,,,,,,,,
2021,11,12,21,30,13.4,0,0,0,0,9.5,0,0,0,0,77.15,143.73,0.17,990,1,84,1,0.0000,0.0000,,,,,,,,,,,,,,,,,,,,,,
2021,11,12,22,30,13.200000000000000,0,0,0,0,8.9,0,0,0,0,75.21000000000000,153.44,0.17,990,1,92,1,0.0000,0.0000,,,,,,,,,,,,,,,,,,,,,,
2021,11,12,23,30,13.3,0,0,0,0,8.5,0,0,0,0,72.76,159.21,0.17,990,1,95,1,0.0000,0.0000,,,,,,,,,,,,,,,,,,,,,,
2021,11,13,0,30,13.3,0,0,0,0,8.3,0,0,0,0,71.52,157.63,0.17,990,1.1,95,1,0.0000,0.0000,,,,,,,,,,,,,,,,,,,,,,
2021,11,13,1,30,12.700000000000000,0,0,0,0,7.6000000000000000,0,0,0,0,71.33,149.85,0.17,990,1.1,97,1,0.0000,0.0000,,,,,,,,,,,,,,,,,,,,,,
2021,11,13,2,30,12,0,0,0,0,7.1000000000000000,0,0,0,0,71.72,139.37,0.17,990,1.2000000000000000,96,1,0.0000,0.0000,,,,,,,,,,,,,,,,,,,,,,
2021,11,13,3,30,11.5,0,0,0,0,6.6000000000000000,0,0,0,0,71.75,127.92,0.17,990,1.2000000000000000,91,1.1,0.0000,0.0000,,,,,,,,,,,,,,,,,,,,,,
2021,11,13,4,30,11,0,0,0,0,6.1000000000000000,0,0,0,0,71.71000000000000,116.2,0.17,989,1.2000000000000000,90,1,0.0000,0.0000,,,,,,,,,,,,,,,,,,,,,,
2021,11,13,5,30,10.700000000000000,0,0,0,0,5.6000000000000000,0,0,0,0,70.63,104.57000000000000,0.17,989,1.1,96,0.9,0.0000,0.0000,,,,,,,,,,,,,,,,,,,,,,
2021,11,13,6,30,11.100000000000000,0,0,0,0,5,0,0,0,0,66.17,93.31,0.17,989,1,100,0.7000000000000000,0.0000,0.0000,,,,,,,,,,,,,,,,,,,,,,
2021,11,13,7,30,13.4,35,510,101,0,5.1000000000000000,35,510,0,101,57.28,82.59,0.17,989,1,98,0.8,0.0000,0.0000,,,,,,,,,,,,,,,,,,,,,,
2021,11,13,8,30,16.400000000000000,54,749,272,0,7.7,58,708,14,264,56.26,73.11,0.17,990,1,97,0.8,13.1334,10.1255,,,,,,,,,,,,,,,,,,,,,,
2021,11,13,9,30,18.6,68,841,421,0,8.3,68,841,0,421,50.95,65.16,0.17,990,1,96,0.8,22.4289,17.4557,,,,,,,,,,,,,,,,,,,,,,
2021,11,13,10,30,20.400000000000000,78,876,523,0,9.4,78,876,0,523,49.39,59.480000000000000,0.17,990,1.1,68,0.7000000000000000,28.9206,22.5944,,,,,,,,,,,,,,,,,,,,,,
2021,11,13,11,30,22,80,900,573,0,9.9,80,900,0,573,46.24,56.77,0.17,990,1.1,170,0.7000000000000000,32.1499,25.1507,,,,,,,,,,,,,,,,,,,,,,
2021,11,13,12,30,23,78,898,561,0,9,78,898,0,561,40.980000000000000,57.47,0.17,989,1.1,300,0.9,31.3641,24.5281,,,,,,,,,,,,,,,,,,,,,,
2021,11,13,13,30,23.5,72,870,488,0,9.1,72,870,0,488,39.89,61.47,0.17,988,1.1,303,0.7000000000000000,26.6648,20.8080,,,,,,,,,,,,,,,,,,,,,,
2021,11,13,14,30,23.200000000000000,65,797,361,0,9.4,71,750,0,350,41.52,68.17,0.17,988,1.2000000000000000,296,0.7000000000000000,18.2055,14.1282,,,,,,,,,,,,,,,,,,,,,,
2021,11,13,15,30,22.6,51,648,199,0,11.100000000000000,51,648,0,199,48.17,76.82000000000000,0.17,988,1.2000000000000000,289,0.8,9.5908,7.3459,,,,,,,,,,,,,,,,,,,,,,
2021,11,13,16,30,17.400000000000000,22,254,37,0,11.3,22,178,50,32,67.4,86.71000000000000,0.17,988,1.3,170,0.7000000000000000,0.0000,0.0000,,,,,,,,,,,,,,,,,,,,,,
2021,11,13,17,30,14.5,0,0,0,3,10.100000000000000,0,0,0,0,74.86,97.83,0.17,988,1.3,41,0.7000000000000000,0.0000,0.0000,,,,,,,,,,,,,,,,,,,,,,
2021,11,13,18,30,13.4,0,0,0,0,10.4,0,0,0,0,82.28,109.28,0.17,989,1.3,61,0.7000000000000000,0.0000,0.0000,,,,,,,,,,,,,,,,,,,,,,
2021,11,13,19,30,13.5,0,0,0,0,9.9,0,0,0,0,78.71000000000000,120.99000000000000,0.17,989,1.3,82,0.7000000000000000,0.0000,0.0000,,,,,,,,,,,,,,,,,,,,,,
2021,11,13,20,30,13.600000000000000,0,0,0,0,9,0,0,0,0,73.86,132.67000000000000,0.17,989,1.2000000000000000,102,0.7000000000000000,0.0000,0.0000,,,,,,,,,,,,,,,,,,,,,,
2021,11,13,21,30,13.200000000000000,0,0,0,0,8.3,0,0,0,0,72.28,143.88,0.17,989,1.2000000000000000,113,0.7000000000000000,0.0000,0.0000,,,,,,,,,,,,,,,,,,,,,,
2021,11,13,22,30,12.600000000000000,0,0,0,0,7.800000000000000,0,0,0,0,72.66,153.64000000000000,0.17,989,1.2000000000000000,114,0.8,0.0000,0.0000,,,,,,,,,,,,,,,,,,,,,,
2021,11,13,23,30,12.100000000000000,0,0,0,0,7.300000000000000,0,0,0,0,72.52,159.46,0.17,989,1.2000000000000000,116,0.9,0.0000,0.0000,,,,,,,,,,,,,,,,,,,,,,
2021,11,14,0,30,11.8,0,0,0,0,6.800000000000000,0,0,0,0,71.47,157.88,0.17,989,1.2000000000000000,117,0.9,0.0000,0.0000,,,,,,,,,,,,,,,,,,,,,,
2021,11,14,1,30,11.5,0,0,0,0,6.5,0,0,0,0,71.43,150.06,0.17,989,1.2000000000000000,116,0.8,0.0000,0.0000,,,,,,,,,,,,,,,,,,,,,,
2021,11,14,2,30,11.3,0,0,0,0,6.4,0,0,0,0,71.61,139.56,0.17,990,1.3,113,0.7000000000000000,0.0000,0.0000,,,,,,,,,,,,,,,,,,,,,,
2021,11,14,3,30,11.100000000000000,0,0,0,0,6.1000000000000000,0,0,0,0,71.28,128.1,0.17,989,1.3,111,0.8,0.0000,0.0000,,,,,,,,,,,,,,,,,,,,,,
2021,11,14,4,30,11,0,0,0,0,5.7,0,0,0,0,69.86,116.38,0.17,989,1.3,111,1,0.0000,0.0000,,,,,,,,,,,,,,,,,,,,,,
2021,11,14,5,30,11.100000000000000,0,0,0,0,5.2,0,0,0,0,66.8,104.75,0.17,989,1.3,112,1.1,0.0000,0.0000,,,,,,,,,,,,,,,,,,,,,,
2021,11,14,6,30,11.5,0,0,0,3,4.6000000000000000,0,0,0,0,62.58,93.5,0.17,989,1.4000000000000000,115,1,0.0000,0.0000,,,,,,,,,,,,,,,,,,,,,,
2021,11,14,7,30,13.5,35,467,94,0,5.300000000000000,35,467,0,94,57.46,82.8,0.17,990,1.4000000000000000,118,0.7000000000000000,0.0000,0.0000,,,,,,,,,,,,,,,,,,,,,,
2021,11,14,8,30,16.8,57,715,262,3,8.9,92,345,21,191,59.68,73.34,0.17,990,1.4000000000000000,124,0.6000000000000000,9.4815,7.3073,,,,,,,,,,,,,,,,,,,,,,
2021,11,14,9,30,19.6,71,817,411,3,9.3,131,482,29,332,51.27,65.41,0.17,990,1.3,139,0.7000000000000000,17.6543,13.7368,,,,,,,,,,,,,,,,,,,,,,
2021,11,14,10,30,21.3,80,861,514,3,7.6000000000000000,172,456,43,402,41.36,59.74,0.17,990,1.3,161,0.7000000000000000,22.1963,17.3386,,,,,,,,,,,,,,,,,,,,,,
2021,11,14,11,30,22.1,84,881,563,0,7.9,103,811,0,544,40.160000000000000,57.03,0.17,989,1.3,174,0.7000000000000000,30.4826,23.8436,,,,,,,,,,,,,,,,,,,,,,
2021,11,14,12,30,22.3,83,878,552,7,8.4,128,683,57,493,41.06,57.72,0.17,989,1.2000000000000000,174,0.6000000000000000,27.5264,21.5243,,,,,,,,,,,,,,,,,,,,,,
2021,11,14,13,30,22.200000000000000,79,843,479,8,8.9,171,417,43,369,42.6,61.690000000000000,0.17,988,1.2000000000000000,156,0.5,20.1345,15.7099,,,,,,,,,,,,,,,,,,,,,,
2021,11,14,14,30,21.5,71,770,355,8,9.5,118,448,79,283,46.18,68.36,0.17,988,1.2000000000000000,126,0.5,14.6968,11.4030,,,,,,,,,,,,,,,,,,,,,,
2021,11,14,15,30,21,54,617,193,8,10.200000000000000,79,273,93,140,50.2,76.99,0.17,988,1.2000000000000000,109,0.5,6.7394,5.1603,,,,,,,,,,,,,,,,,,,,,,
2021,11,14,16,30,16.6,23,226,35,8,11.700000000000000,22,77,100,26,73.05,86.84,0.16,988,1.1,88,0.7000000000000000,0.0000,0.0000,,,,,,,,,,,,,,,,,,,,,,
2021,11,14,17,30,14.3,0,0,0,7,10,0,0,0,0,75.19,97.96000000000000,0.16,988,1.1,86,0.9,0.0000,0.0000,,,,,,,,,,,,,,,,,,,,,,
2021,11,14,18,30,13.8,0,0,0,0,9.700000000000000,0,0,0,0,76.05,109.4,0.16,988,1.1,95,0.9,0.0000,0.0000,,,,,,,,,,,,,,,,,,,,,,
2021,11,14,19,30,13.700000000000000,0,0,0,8,9.200000000000000,0,0,0,0,74.47,121.11,0.16,988,1.1,106,0.9,0.0000,0.0000,,,,,,,,,,,,,,,,,,,,,,
2021,11,14,20,30,13.600000000000000,0,0,0,0,8.8,0,0,0,0,72.78,132.79,0.16,988,1,114,0.8,0.0000,0.0000,,,,,,,,,,,,,,,,,,,,,,
2021,11,14,21,30,13.3,0,0,0,0,8.3,0,0,0,0,71.53,144.02,0.16,988,1,120,0.8,0.0000,0.0000,,,,,,,,,,,,,,,,,,,,,,
2021,11,14,22,30,12.9,0,0,0,0,7.7,0,0,0,0,70.91,153.82,0.16,987,1,122,0.8,0.0000,0.0000,,,,,,,,,,,,,,,,,,,,,,
2021,11,14,23,30,12.600000000000000,0,0,0,7,7.2,0,0,0,0,69.71000000000000,159.71,0.16,987,0.9,123,0.9,0.0000,0.0000,,,,,,,,,,,,,,,,,,,,,,
2021,11,15,0,30,12.3,0,0,0,0,6.7,0,0,0,0,68.49,158.13,0.16,987,0.9,123,1,0.0000,0.0000,,,,,,,,,,,,,,,,,,,,,,
2021,11,15,1,30,12.100000000000000,0,0,0,8,6.2,0,0,0,0,67.1,150.28,0.16,987,0.9,123,1,0.0000,0.0000,,,,,,,,,,,,,,,,,,,,,,
2021,11,15,2,30,12,0,0,0,8,5.800000000000000,0,0,0,0,65.91,139.75,0.16,987,0.9,126,1.1,0.0000,0.0000,,,,,,,,,,,,,,,,,,,,,,
2021,11,15,3,30,12,0,0,0,7,5.5,0,0,0,0,64.66,128.28,0.16,987,0.9,130,1.2000000000000000,0.0000,0.0000,,,,,,,,,,,,,,,,,,,,,,
2021,11,15,4,30,11.9,0,0,0,0,5.4,0,0,0,0,64.27,116.55,0.16,987,0.9,133,1.2000000000000000,0.0000,0.0000,,,,,,,,,,,,,,,,,,,,,,
2021,11,15,5,30,11.700000000000000,0,0,0,7,5.2,0,0,0,0,64.43,104.94,0.16,987,1,133,1.3,0.0000,0.0000,,,,,,,,,,,,,,,,,,,,,,
2021,11,15,6,30,11.600000000000000,0,0,0,8,4.9,0,0,0,0,63.61,93.69,0.16,987,1,131,1.3,0.0000,0.0000,,,,,,,,,,,,,,,,,,,,,,
2021,11,15,7,30,13.3,38,435,91,7,5.1000000000000000,44,101,79,56,57.67,83,0.16,987,1,130,1.3,0.0000,0.0000,,,,,,,,,,,,,,,,,,,,,,
2021,11,15,8,30,16.3,62,701,260,7,7.2,98,169,0,146,54.96,73.56,0.16,988,1,132,1.5,7.2329,5.5723,,,,,,,,,,,,,,,,,,,,,,
2021,11,15,9,30,18.5,75,808,408,6,7.800000000000000,159,102,0,201,49.65,65.65,0.16,988,1.1,137,1.6,10.6689,8.2998,,,,,,,,,,,,,,,,,,,,,,
2021,11,15,10,30,19.5,84,858,513,7,8.4,217,164,0,299,48.65,59.99,0.16,988,1.1,147,1.5,16.4852,12.8756,,,,,,,,,,,,,,,,,,,,,,
2021,11,15,11,30,20,86,876,560,7,8.4,235,249,0,370,47.07,57.28,0.16,987,1.2000000000000000,154,1.4000000000000000,20.7061,16.1946,,,,,,,,,,,,,,,,,,,,,,
2021,11,15,12,30,19.8,87,868,547,7,8.3,227,270,0,370,47.37,57.96,0.16,986,1.2000000000000000,160,1.1,20.6325,16.1318,,,,,,,,,,,,,,,,,,,,,,
2021,11,15,13,30,19.200000000000000,83,831,474,6,8.8,188,195,0,280,50.93,61.910000000000000,0.16,986,1.2000000000000000,170,0.9,15.2568,11.9024,,,,,,,,,,,,,,,,,,,,,,
2021,11,15,14,30,18.400000000000000,74,752,349,7,9.3,130,353,14,259,55.52,68.55,0.16,986,1.2000000000000000,178,0.8,13.4287,10.4169,,,,,,,,,,,,,,,,,,,,,,
2021,11,15,15,30,18,57,592,189,7,10.3,81,206,43,127,60.870000000000000,77.15,0.16,986,1.2000000000000000,179,0.7000000000000000,6.1072,4.6748,,,,,,,,,,,,,,,,,,,,,,
2021,11,15,16,30,14.600000000000000,23,197,33,7,10.9,20,51,100,23,78.49,86.98,0.16,987,1.3,140,0.30000000000000000,0.0000,0.0000,,,,,,,,,,,,,,,,,,,,,,
2021,11,15,17,30,13.100000000000000,0,0,0,6,9.5,0,0,0,0,78.8,98.08,0.16,987,1.3,116,0.4,0.0000,0.0000,,,,,,,,,,,,,,,,,,,,,,
2021,11,15,18,30,12.4,0,0,0,6,9.1,0,0,0,0,80.10000000000000,109.51,0.16,987,1.3,111,0.4,0.0000,0.0000,,,,,,,,,,,,,,,,,,,,,,
2021,11,15,19,30,12.200000000000000,0,0,0,6,8.4,0,0,0,0,77.8,121.21000000000000,0.16,987,1.2000000000000000,122,0.5,0.0000,0.0000,,,,,,,,,,,,,,,,,,,,,,
2021,11,15,20,30,12.100000000000000,0,0,0,7,8.200000000000000,0,0,0,0,76.91,132.9,0.16,987,1.2000000000000000,133,0.6000000000000000,0.0000,0.0000,,,,,,,,,,,,,,,,,,,,,,
2021,11,15,21,30,11.9,0,0,0,7,8,0,0,0,0,76.98,144.15,0.16,987,1.2000000000000000,138,0.6000000000000000,0.0000,0.0000,,,,,,,,,,,,,,,,,,,,,,
2021,11,15,22,30,11.600000000000000,0,0,0,7,7.7,0,0,0,0,76.96000000000000,154,0.16,987,1.2000000000000000,139,0.6000000000000000,0.0000,0.0000,,,,,,,,,,,,,,,,,,,,,,
2021,11,15,23,30,11.4,0,0,0,7,7.5,0,0,0,0,76.95,159.95000000000000,0.16,987,1.2000000000000000,135,0.6000000000000000,0.0000,0.0000,,,,,,,,,,,,,,,,,,,,,,
2021,11,16,0,30,11.200000000000000,0,0,0,6,7.300000000000000,0,0,0,0,76.79,158.38,0.16,986,1.3,138,0.6000000000000000,0.0000,0.0000,,,,,,,,,,,,,,,,,,,,,,
2021,11,16,1,30,11.200000000000000,0,0,0,7,6.9,0,0,0,0,74.85000000000000,150.49,0.16,986,1.3,154,0.6000000000000000,0.0000,0.0000,,,,,,,,,,,,,,,,,,,,,,
2021,11,16,2,30,10.9,0,0,0,7,6.6000000000000000,0,0,0,0,74.95,139.93,0.16,986,1.3,161,0.6000000000000000,0.0000,0.0000,,,,,,,,,,,,,,,,,,,,,,
2021,11,16,3,30,10.4,0,0,0,0,5.9,0,0,0,0,73.59,128.45,0.16,986,1.3,140,0.6000000000000000,0.0000,0.0000,,,,,,,,,,,,,,,,,,,,,,
2021,11,16,4,30,10.100000000000000,0,0,0,0,5.300000000000000,0,0,0,0,71.92,116.73,0.16,986,1.2000000000000000,114,0.8,0.0000,0.0000,,,,,,,,,,,,,,,,,,,,,,
2021,11,16,5,30,10,0,0,0,0,4.800000000000000,0,0,0,0,69.92,105.12,0.16,986,1.2000000000000000,101,0.9,0.0000,0.0000,,,,,,,,,,,,,,,,,,,,,,
2021,11,16,6,30,10.3,0,0,0,0,4.2,0,0,0,0,65.82000000000000,93.88,0.16,986,1.2000000000000000,96,1,0.0000,0.0000,,,,,,,,,,,,,,,,,,,,,,
2021,11,16,7,30,11.600000000000000,35,441,87,0,4.6000000000000000,35,441,0,87,62.36,83.2,0.16,986,1.2000000000000000,88,1.1,0.0000,0.0000,,,,,,,,,,,,,,,,,,,,,,
2021,11,16,8,30,14.100000000000000,57,704,254,0,7.7,55,601,0,223,65.3,73.78,0.16,987,1.2000000000000000,85,1.1,11.0251,8.4907,,,,,,,,,,,,,,,,,,,,,,
2021,11,16,9,30,16.3,69,820,404,3,6.2,86,0,0,86,51.120000000000000,65.89,0.16,986,1.2000000000000000,122,0.9,4.5564,3.5439,,,,,,,,,,,,,,,,,,,,,,
2021,11,16,10,30,17.6,75,876,510,3,6.300000000000000,133,64,0,165,47.64,60.24,0.16,986,1.1,186,0.8,9.0838,7.0938,,,,,,,,,,,,,,,,,,,,,,
2021,11,16,11,30,18.3,77,899,560,3,7.1000000000000000,180,310,0,346,47.89,57.53,0.16,985,1.1,240,0.9,19.3379,15.1227,,,,,,,,,,,,,,,,,,,,,,
2021,11,16,12,30,18.5,76,896,548,7,7.7,188,443,50,421,49.38,58.2,0.16,985,1.1,277,1,23.4463,18.3297,,,,,,,,,,,,,,,,,,,,,,
2021,11,16,13,30,18.400000000000000,72,867,477,7,8.3,186,64,14,216,51.83,62.120000000000000,0.16,984,1.1,302,1.1,11.7536,9.1681,,,,,,,,,,,,,,,,,,,,,,
2021,11,16,14,30,18.1,64,795,352,7,8.9,118,36,0,131,54.84,68.73,0.16,984,1.1,316,1.1,6.7816,5.2596,,,,,,,,,,,,,,,,,,,,,,
2021,11,16,15,30,17.8,50,640,191,7,9.3,60,495,57,169,57.34,77.31,0.16,984,1.2000000000000000,321,1.1,8.1186,6.2127,,,,,,,,,,,,,,,,,,,,,,
2021,11,16,16,30,13.700000000000000,21,240,33,7,10.600000000000000,19,40,100,21,81.44,87.10000000000000,0.16,984,1.2000000000000000,329,0.9,0.0000,0.0000,,,,,,,,,,,,,,,,,,,,,,
2021,11,16,17,30,11.5,0,0,0,7,9.3,0,0,0,0,86.42,98.2,0.16,984,1.2000000000000000,177,0.9,0.0000,0.0000,,,,,,,,,,,,,,,,,,,,,,
2021,11,16,18,30,10.600000000000000,0,0,0,0,9.200000000000000,0,0,0,0,91.19,109.62,0.16,984,1.2000000000000000,27,0.8,0.0000,0.0000,,,,,,,,,,,,,,,,,,,,,,
2021,11,16,19,30,10.700000000000000,0,0,0,0,8.9,0,0,0,0,88.48,121.32000000000000,0.16,984,1.1,56,0.7000000000000000,0.0000,0.0000,,,,,,,,,,,,,,,,,,,,,,
2021,11,16,20,30,11,0,0,0,0,8.200000000000000,0,0,0,0,82.91,133.01,0.16,984,1.1,69,0.6000000000000000,0.0000,0.0000,,,,,,,,,,,,,,,,,,,,,,
2021,11,16,21,30,10.9,0,0,0,0,7.4,0,0,0,0,79.05,144.28,0.16,984,1,70,0.6000000000000000,0.0000,0.0000,,,,,,,,,,,,,,,,,,,,,,
2021,11,16,22,30,10.600000000000000,0,0,0,7,6.800000000000000,0,0,0,0,77.51,154.17000000000000,0.16,983,1,74,0.7000000000000000,0.0000,0.0000,,,,,,,,,,,,,,,,,,,,,,
2021,11,16,23,30,10.100000000000000,0,0,0,7,6.4,0,0,0,0,77.88,160.18,0.16,983,1,81,0.9,0.0000,0.0000,,,,,,,,,,,,,,,,,,,,,,
2021,11,17,0,30,9.700000000000000,0,0,0,8,5.800000000000000,0,0,0,0,76.85000000000000,158.62,0.16,983,1,87,1,0.0000,0.0000,,,,,,,,,,,,,,,,,,,,,,
2021,11,17,1,30,9.4,0,0,0,0,5.300000000000000,0,0,0,0,75.65,150.70000000000000,0.16,983,1,91,1.2000000000000000,0.0000,0.0000,,,,,,,,,,,,,,,,,,,,,,
2021,11,17,2,30,8.9,0,0,0,0,4.800000000000000,0,0,0,0,75.7,140.12,0.16,984,1,92,1.2000000000000000,0.0000,0.0000,,,,,,,,,,,,,,,,,,,,,,
2021,11,17,3,30,8.5,0,0,0,0,4.4,0,0,0,0,75.5,128.63,0.16,984,1,92,1.3,0.0000,0.0000,,,,,,,,,,,,,,,,,,,,,,
2021,11,17,4,30,8.1,0,0,0,0,4.1000000000000000,0,0,0,0,75.62,116.91,0.16,984,1,94,1.3,0.0000,0.0000,,,,,,,,,,,,,,,,,,,,,,
2021,11,17,5,30,8.1,0,0,0,0,3.8000000000000000,0,0,0,0,74.41,105.3,0.16,985,0.9,94,1.2000000000000000,0.0000,0.0000,,,,,,,,,,,,,,,,,,,,,,
2021,11,17,6,30,8.5,0,0,0,0,3.7,0,0,0,0,72.01,94.08,0.16,985,0.9,92,1.1,0.0000,0.0000,,,,,,,,,,,,,,,,,,,,,,
2021,11,17,7,30,10.4,37,409,84,0,4.3,30,344,0,70,65.8,83.4,0.16,986,0.9,94,1.2000000000000000,0.0000,0.0000,,,,,,,,,,,,,,,,,,,,,,
2021,11,17,8,30,12.8,64,666,248,3,5.800000000000000,25,48,0,38,62.22,74,0.16,986,0.9,99,1.1,1.8749,1.4434,,,,,,,,,,,,,,,,,,,,,,
2021,11,17,9,30,14.9,81,781,397,3,6.800000000000000,81,0,0,81,58.480000000000000,66.12,0.16,986,0.9,129,0.9,4.2839,3.3312,,,,,,,,,,,,,,,,,,,,,,
2021,11,17,10,30,16.6,90,836,502,3,7.800000000000000,144,5,0,146,56.07,60.480000000000000,0.16,986,1,165,0.8,8.0263,6.2671,,,,,,,,,,,,,,,,,,,,,,
2021,11,17,11,30,17.5,93,858,550,3,8.200000000000000,109,0,0,109,54.59,57.78,0.16,986,1,182,0.8,6.0840,4.7573,,,,,,,,,,,,,,,,,,,,,,
2021,11,17,12,30,17.900000000000000,87,865,540,3,8.4,120,0,0,120,53.84,58.43,0.16,985,1,195,0.7000000000000000,6.6747,5.2175,,,,,,,,,,,,,,,,,,,,,,
2021,11,17,13,30,17.8,79,843,470,0,8.5,96,741,0,440,54.620000000000000,62.33,0.16,985,1.1,199,0.6000000000000000,23.9097,18.6477,,,,,,,,,,,,,,,,,,,,,,
2021,11,17,14,30,17.2,71,762,345,0,8.5,71,762,0,345,56.64,68.91,0.16,985,1.1,168,0.4,17.8323,13.8272,,,,,,,,,,,,,,,,,,,,,,
2021,11,17,15,30,16.7,55,600,185,8,9.1,79,225,93,128,60.99,77.46000000000000,0.16,985,1.1,139,0.30000000000000000,6.1434,4.6999,,,,,,,,,,,,,,,,,,,,,,
2021,11,17,16,30,13.5,21,207,31,7,9.700000000000000,18,25,100,19,77.88,87.23,0.16,985,1.1,95,0.5,0.0000,0.0000,,,,,,,,,,,,,,,,,,,,,,
2021,11,17,17,30,11.600000000000000,0,0,0,0,8.4,0,0,0,0,80.79,98.31,0.16,985,1.2000000000000000,84,0.7000000000000000,0.0000,0.0000,,,,,,,,,,,,,,,,,,,,,,
2021,11,17,18,30,11,0,0,0,0,8.1,0,0,0,0,82.17,109.72,0.16,986,1.2000000000000000,88,0.8,0.0000,0.0000,,,,,,,,,,,,,,,,,,,,,,
2021,11,17,19,30,11,0,0,0,0,7.7,0,0,0,0,80.29,121.41,0.16,986,1.2000000000000000,100,0.8,0.0000,0.0000,,,,,,,,,,,,,,,,,,,,,,
2021,11,17,20,30,11,0,0,0,0,7.4,0,0,0,0,78.23,133.11,0.16,986,1.2000000000000000,114,0.7000000000000000,0.0000,0.0000,,,,,,,,,,,,,,,,,,,,,,
2021,11,17,21,30,10.600000000000000,0,0,0,0,6.7,0,0,0,0,76.7,144.39000000000000,0.16,986,1.3,125,0.7000000000000000,0.0000,0.0000,,,,,,,,,,,,,,,,,,,,,,
2021,11,17,22,30,10.200000000000000,0,0,0,0,6.1000000000000000,0,0,0,0,75.69,154.33,0.16,986,1.3,128,0.7000000000000000,0.0000,0.0000,,,,,,,,,,,,,,,,,,,,,,
2021,11,17,23,30,9.8,0,0,0,0,5.6000000000000000,0,0,0,0,75.34,160.41,0.16,986,1.3,125,0.8,0.0000,0.0000,,,,,,,,,,,,,,,,,,,,,,
2021,11,18,0,30,9.4,0,0,0,0,5.300000000000000,0,0,0,0,75.72,158.86,0.16,986,1.3,119,0.9,0.0000,0.0000,,,,,,,,,,,,,,,,,,,,,,
2021,11,18,1,30,9.1,0,0,0,0,5,0,0,0,0,75.55,150.91,0.16,986,1.4000000000000000,115,0.9,0.0000,0.0000,,,,,,,,,,,,,,,,,,,,,,
2021,11,18,2,30,9,0,0,0,8,4.6000000000000000,0,0,0,0,73.75,140.3,0.16,986,1.4000000000000000,114,1,0.0000,0.0000,,,,,,,,,,,,,,,,,,,,,,
2021,11,18,3,30,9.1,0,0,0,8,4.2,0,0,0,0,71.18,128.8,0.16,986,1.5,114,1,0.0000,0.0000,,,,,,,,,,,,,,,,,,,,,,
2021,11,18,4,30,9.4,0,0,0,8,3.9000000000000000,0,0,0,0,68.37,117.08,0.16,986,1.6,116,0.9,0.0000,0.0000,,,,,,,,,,,,,,,,,,,,,,
2021,11,18,5,30,9.700000000000000,0,0,0,8,4,0,0,0,0,67.53,105.48,0.16,986,1.7000000000000000,119,0.8,0.0000,0.0000,,,,,,,,,,,,,,,,,,,,,,
2021,11,18,6,30,9.8,0,0,0,5,4.3,0,0,0,0,68.39,94.26,0.16,986,1.7000000000000000,123,0.8,0.0000,0.0000,,,,,,,,,,,,,,,,,,,,,,
2021,11,18,7,30,11.100000000000000,40,324,76,8,5.1000000000000000,39,89,79,49,66.35,83.60000000000000,0.16,987,1.6,128,0.8,0.0000,0.0000,,,,,,,,,,,,,,,,,,,,,,
2021,11,18,8,30,13.200000000000000,71,595,233,7,7.1000000000000000,92,354,0,188,66.66,74.21000000000000,0.16,987,1.6,130,0.9,9.2582,7.1248,,,,,,,,,,,,,,,,,,,,,,
2021,11,18,9,30,14.8,90,718,378,7,7.4,141,399,0,301,61.17,66.35,0.16,987,1.6,132,0.9,15.8905,12.3541,,,,,,,,,,,,,,,,,,,,,,
2021,11,18,10,30,15.9,100,772,478,7,7.7,194,350,0,365,58.410000000000000,60.72,0.16,987,1.7000000000000000,150,1,20.0366,15.6428,,,,,,,,,,,,,,,,,,,,,,
2021,11,18,11,30,16.400000000000000,107,788,524,7,8,212,371,0,408,57.63,58.02,0.16,987,1.8,175,1,22.7442,17.7824,,,,,,,,,,,,,,,,,,,,,,
2021,11,18,12,30,16.400000000000000,107,778,512,7,8.3,192,430,0,416,58.910000000000000,58.65,0.16,986,1.8,183,0.8,23.1111,18.0636,,,,,,,,,,,,,,,,,,,,,,
2021,11,18,13,30,16.1,101,743,444,7,8.700000000000000,180,340,0,337,61.54,62.53,0.16,986,1.7000000000000000,168,0.6000000000000000,18.2886,14.2617,,,,,,,,,,,,,,,,,,,,,,
2021,11,18,14,30,15.3,86,670,325,7,9.4,140,167,57,200,67.87,69.08,0.16,986,1.7000000000000000,150,0.5,10.3223,8.0024,,,,,,,,,,,,,,,,,,,,,,
2021,11,18,15,30,14.700000000000000,62,510,172,8,10.5,45,82,0,63,75.94,77.60000000000000,0.16,986,1.7000000000000000,145,0.4,3.0213,2.3108,,,,,,,,,,,,,,,,,,,,,,
2021,11,18,16,30,12.700000000000000,20,153,27,7,9.700000000000000,12,0,100,12,81.73,87.34,0.16,986,1.7000000000000000,153,0.5,0.0000,0.0000,,,,,,,,,,,,,,,,,,,,,,
2021,11,18,17,30,11.4,0,0,0,8,8.3,0,0,0,0,81.28,98.42,0.16,986,1.6,137,0.4,0.0000,0.0000,,,,,,,,,,,,,,,,,,,,,,
2021,11,18,18,30,10.3,0,0,0,8,7.800000000000000,0,0,0,0,84.45,109.81,0.16,986,1.6,93,0.4,0.0000,0.0000,,,,,,,,,,,,,,,,,,,,,,
2021,11,18,19,30,10,0,0,0,8,7.4,0,0,0,0,83.9,121.5,0.16,987,1.6,85,0.5,0.0000,0.0000,,,,,,,,,,,,,,,,,,,,,,
2021,11,18,20,30,10.200000000000000,0,0,0,5,7.2,0,0,0,0,81.65,133.2,0.16,987,1.6,107,0.5,0.0000,0.0000,,,,,,,,,,,,,,,,,,,,,,
2021,11,18,21,30,10.600000000000000,0,0,0,8,7,0,0,0,0,78.32000000000000,144.51,0.16,987,1.6,128,0.5,0.0000,0.0000,,,,,,,,,,,,,,,,,,,,,,
2021,11,18,22,30,10.700000000000000,0,0,0,4,6.800000000000000,0,0,0,0,76.99,154.48,0.16,987,1.7000000000000000,133,0.5,0.0000,0.0000,,,,,,,,,,,,,,,,,,,,,,
2021,11,18,23,30,10.3,0,0,0,8,6.7,0,0,0,0,78.45,160.63,0.16,987,1.7000000000000000,130,0.6000000000000000,0.0000,0.0000,,,,,,,,,,,,,,,,,,,,,,
2021,11,19,0,30,9.8,0,0,0,8,6.6000000000000000,0,0,0,0,80.28,159.1,0.16,987,1.7000000000000000,133,0.7000000000000000,0.0000,0.0000,,,,,,,,,,,,,,,,,,,,,,
2021,11,19,1,30,9.4,0,0,0,8,6.4,0,0,0,0,81.45,151.11,0.16,987,1.7000000000000000,136,0.7000000000000000,0.0000,0.0000,,,,,,,,,,,,,,,,,,,,,,
2021,11,19,2,30,9.200000000000000,0,0,0,4,6,0,0,0,0,80.38,140.49,0.16,987,1.6,140,0.7000000000000000,0.0000,0.0000,,,,,,,,,,,,,,,,,,,,,,
2021,11,19,3,30,9.4,0,0,0,0,5.7,0,0,0,0,77.56,128.98,0.16,987,1.6,144,0.7000000000000000,0.0000,0.0000,,,,,,,,,,,,,,,,,,,,,,
2021,11,19,4,30,9.600000000000000,0,0,0,4,5.5,0,0,0,0,75.69,117.25,0.16,987,1.7000000000000000,150,0.6000000000000000,0.0000,0.0000,,,,,,,,,,,,,,,,,,,,,,
2021,11,19,5,30,9.8,0,0,0,4,5.4,0,0,0,0,74.2,105.66,0.16,987,1.8,156,0.6000000000000000,0.0000,0.0000,,,,,,,,,,,,,,,,,,,,,,
2021,11,19,6,30,9.9,0,0,0,4,5.4,0,0,0,0,73.36,94.45,0.16,987,1.9000000000000000,154,0.6000000000000000,0.0000,0.0000,,,,,,,,,,,,,,,,,,,,,,
2021,11,19,7,30,11.200000000000000,35,362,74,3,6,37,28,100,40,70.10000000000000,83.8,0.16,988,2,138,0.5,0.0000,0.0000,,,,,,,,,,,,,,,,,,,,,,
2021,11,19,8,30,13.600000000000000,61,632,231,0,8.5,83,425,36,197,71.49,74.43,0.16,988,2.1,151,0.30000000000000000,9.6822,7.4482,,,,,,,,,,,,,,,,,,,,,,
2021,11,19,9,30,15.600000000000000,77,745,373,0,8.200000000000000,77,745,0,373,61.39,66.58,0.16,988,2.2,222,0.5,19.6559,15.2783,,,,,,,,,,,,,,,,,,,,,,
2021,11,19,10,30,16.7,87,795,473,0,8.1,87,795,0,473,56.82,60.96,0.16,988,2.3000000000000000,270,0.8,25.9272,20.2388,,,,,,,,,,,,,,,,,,,,,,
2021,11,19,11,30,17.3,91,816,520,8,8.8,142,623,57,470,57.44,58.25,0.16,988,2.3000000000000000,272,0.9,26.1681,20.4570,,,,,,,,,,,,,,,,,,,,,,
2021,11,19,12,30,17.5,90,810,509,3,9.5,203,282,43,349,59.42,58.870000000000000,0.16,987,2.3000000000000000,275,1,19.3653,15.1342,,,,,,,,,,,,,,,,,,,,,,
2021,11,19,13,30,17.400000000000000,86,774,441,7,10.100000000000000,182,266,43,304,62.24,62.72,0.16,987,2.3000000000000000,283,1,16.4769,12.8473,,,,,,,,,,,,,,,,,,,,,,
2021,11,19,14,30,16.900000000000000,74,702,323,0,10.5,84,632,7,308,66.15,69.24,0.16,987,2.2,294,1,15.8742,12.3042,,,,,,,,,,,,,,,,,,,,,,
2021,11,19,15,30,16.6,55,545,171,0,10.9,50,272,0,108,69.12,77.74,0.16,986,2.2,300,1,5.1753,3.9573,,,,,,,,,,,,,,,,,,,,,,
2021,11,19,16,30,13.600000000000000,19,152,26,3,11.600000000000000,13,37,57,15,87.95,87.45,0.16,987,2.1,319,0.8,0.0000,0.0000,,,,,,,,,,,,,,,,,,,,,,
2021,11,19,17,30,12.3,0,0,0,0,10.700000000000000,0,0,0,0,89.99,98.51,0.16,987,2,175,0.9,0.0000,0.0000,,,,,,,,,,,,,,,,,,,,,,
2021,11,19,18,30,11.700000000000000,0,0,0,0,10.5,0,0,0,0,92.45,109.9,0.16,987,1.9000000000000000,29,0.9,0.0000,0.0000,,,,,,,,,,,,,,,,,,,,,,
2021,11,19,19,30,11.3,0,0,0,0,10.200000000000000,0,0,0,0,93.22,121.58,0.16,987,1.8,42,0.9,0.0000,0.0000,,,,,,,,,,,,,,,,,,,,,,
2021,11,19,20,30,11.100000000000000,0,0,0,0,9.9,0,0,0,0,92.35000000000000,133.29,0.16,987,1.7000000000000000,43,0.9,0.0000,0.0000,,,,,,,,,,,,,,,,,,,,,,
2021,11,19,21,30,10.9,0,0,0,0,9.600000000000000,0,0,0,0,91.72,144.61,0.16,987,1.6,43,0.8,0.0000,0.0000,,,,,,,,,,,,,,,,,,,,,,
2021,11,19,22,30,10.600000000000000,0,0,0,0,9.200000000000000,0,0,0,0,90.77,154.63,0.16,987,1.5,47,0.8,0.0000,0.0000,,,,,,,,,,,,,,,,,,,,,,
2021,11,19,23,30,10.200000000000000,0,0,0,0,8.6,0,0,0,0,90.10000000000000,160.84,0.16,987,1.4000000000000000,54,0.9,0.0000,0.0000,,,,,,,,,,,,,,,,,,,,,,
2021,11,20,0,30,9.9,0,0,0,0,8.1,0,0,0,0,88.3,159.33,0.16,987,1.3,59,0.9,0.0000,0.0000,,,,,,,,,,,,,,,,,,,,,,
2021,11,20,1,30,9.4,0,0,0,0,7.5,0,0,0,0,87.73,151.31,0.16,987,1.3,61,0.8,0.0000,0.0000,,,,,,,,,,,,,,,,,,,,,,
2021,11,20,2,30,9.1,0,0,0,0,7,0,0,0,0,86.76,140.67000000000000,0.16,987,1.2000000000000000,62,0.9,0.0000,0.0000,,,,,,,,,,,,,,,,,,,,,,
2021,11,20,3,30,8.700000000000000,0,0,0,0,6.6000000000000000,0,0,0,0,86.44,129.15,0.16,987,1.1,65,0.9,0.0000,0.0000,,,,,,,,,,,,,,,,,,,,,,
2021,11,20,4,30,8.4,0,0,0,0,6.1000000000000000,0,0,0,0,85.7,117.43,0.16,988,1.1,66,0.9,0.0000,0.0000,,,,,,,,,,,,,,,,,,,,,,
2021,11,20,5,30,8,0,0,0,0,5.7,0,0,0,0,85.26,105.83,0.16,988,1,65,0.9,0.0000,0.0000,,,,,,,,,,,,,,,,,,,,,,
2021,11,20,6,30,8.200000000000000,0,0,0,0,5.300000000000000,0,0,0,0,81.73,94.64,0.16,988,0.9,65,0.9,0.0000,0.0000,,,,,,,,,,,,,,,,,,,,,,
2021,11,20,7,30,10.200000000000000,32,461,80,0,5.5,32,461,0,80,72.53,83.99,0.16,988,0.9,69,0.9,0.0000,0.0000,,,,,,,,,,,,,,,,,,,,,,
2021,11,20,8,30,13.100000000000000,52,736,247,0,7.5,52,736,0,247,68.65,74.64,0.16,989,0.8,66,1.1,12.1167,9.3177,,,,,,,,,,,,,,,,,,,,,,
2021,11,20,9,30,15.4,66,836,395,0,7.7,66,836,0,395,60,66.8,0.16,989,0.8,169,1.1,20.7788,16.1477,,,,,,,,,,,,,,,,,,,,,,
2021,11,20,10,30,17,78,876,500,0,7.4,78,876,0,500,53.29,61.19,0.16,989,0.8,282,1.5,27.3683,21.3607,,,,,,,,,,,,,,,,,,,,,,
2021,11,20,11,30,18,79,897,548,0,7.4,79,897,0,548,49.910000000000000,58.480000000000000,0.16,989,0.9,286,1.8,30.4729,23.8195,,,,,,,,,,,,,,,,,,,,,,
2021,11,20,12,30,18.5,78,894,537,0,7.5,78,894,0,537,48.65,59.09,0.16,988,0.9,289,1.9000000000000000,29.7605,23.2554,,,,,,,,,,,,,,,,,,,,,,
2021,11,20,13,30,18.5,72,866,466,0,7.6000000000000000,72,866,0,466,49.17,62.910000000000000,0.16,988,0.9,292,2,25.2253,19.6659,,,,,,,,,,,,,,,,,,,,,,
2021,11,20,14,30,17.900000000000000,64,788,341,0,8,64,788,0,341,52.43,69.4,0.16,988,1,296,1.8,17.5503,13.6008,,,,,,,,,,,,,,,,,,,,,,
2021,11,20,15,30,17.400000000000000,49,630,181,0,9,49,630,0,181,57.72,77.87,0.16,988,1,298,1.7000000000000000,8.6676,6.6261,,,,,,,,,,,,,,,,,,,,,,
2021,11,20,16,30,13,18,202,27,0,9.8,18,202,0,27,81,87.55,0.16,988,1,320,0.8,0.0000,0.0000,,,,,,,,,,,,,,,,,,,,,,
2021,11,20,17,30,11.4,0,0,0,0,8.200000000000000,0,0,0,0,80.59,98.61,0.16,988,1,183,0.7000000000000000,0.0000,0.0000,,,,,,,,,,,,,,,,,,,,,,
2021,11,20,18,30,10.700000000000000,0,0,0,0,7.6000000000000000,0,0,0,0,81.06,109.98,0.16,989,0.9,40,0.7000000000000000,0.0000,0.0000,,,,,,,,,,,,,,,,,,,,,,
2021,11,20,19,30,10.100000000000000,0,0,0,0,7,0,0,0,0,81.02,121.66,0.16,989,0.9,61,0.9,0.0000,0.0000,,,,,,,,,,,,,,,,,,,,,,
2021,11,20,20,30,9.8,0,0,0,0,6.2,0,0,0,0,78.32000000000000,133.37,0.16,989,0.8,76,1.3,0.0000,0.0000,,,,,,,,,,,,,,,,,,,,,,
2021,11,20,21,30,9.8,0,0,0,0,5.1000000000000000,0,0,0,0,72.7,144.71,0.16,989,0.7000000000000000,84,1.7000000000000000,0.0000,0.0000,,,,,,,,,,,,,,,,,,,,,,
2021,11,20,22,30,9.8,0,0,0,0,4.4,0,0,0,0,69.16,154.76,0.16,989,0.7000000000000000,87,2.1,0.0000,0.0000,,,,,,,,,,,,,,,,,,,,,,
2021,11,20,23,30,9.8,0,0,0,0,3.9000000000000000,0,0,0,0,66.62,161.04,0.16,989,0.7000000000000000,89,2.4000000000000000,0.0000,0.0000,,,,,,,,,,,,,,,,,,,,,,
2021,11,21,0,30,9.700000000000000,0,0,0,0,3.3000000000000000,0,0,0,0,64.21000000000000,159.56,0.16,989,0.6000000000000000,91,2.3000000000000000,0.0000,0.0000,,,,,,,,,,,,,,,,,,,,,,
2021,11,21,1,30,9.3,0,0,0,0,2.8000000000000000,0,0,0,0,63.980000000000000,151.51,0.16,990,0.6000000000000000,94,2.1,0.0000,0.0000,,,,,,,,,,,,,,,,,,,,,,
2021,11,21,2,30,9,0,0,0,0,2.5,0,0,0,0,63.92,140.85,0.16,990,0.7000000000000000,95,2.1,0.0000,0.0000,,,,,,,,,,,,,,,,,,,,,,
2021,11,21,3,30,8.700000000000000,0,0,0,0,2.3000000000000000,0,0,0,0,64.24,129.32,0.16,990,0.7000000000000000,95,2.1,0.0000,0.0000,,,,,,,,,,,,,,,,,,,,,,
2021,11,21,4,30,8.3,0,0,0,0,2.1,0,0,0,0,65.18,117.60000000000000,0.16,990,0.7000000000000000,94,2,0.0000,0.0000,,,,,,,,,,,,,,,,,,,,,,
2021,11,21,5,30,8,0,0,0,0,1.9000000000000000,0,0,0,0,65.18,106.01,0.16,990,0.7000000000000000,93,1.8,0.0000,0.0000,,,,,,,,,,,,,,,,,,,,,,
2021,11,21,6,30,8.200000000000000,0,0,0,0,1.5,0,0,0,0,62.5,94.82000000000000,0.16,991,0.6000000000000000,91,1.8,0.0000,0.0000,,,,,,,,,,,,,,,,,,,,,,
2021,11,21,7,30,10.100000000000000,32,455,78,0,1.1,33,416,14,75,53.660000000000000,84.18,0.16,991,0.6000000000000000,89,2,0.0000,0.0000,,,,,,,,,,,,,,,,,,,,,,
2021,11,21,8,30,13.200000000000000,53,738,246,0,2.4000000000000000,53,738,0,246,48.07,74.84,0.16,992,0.6000000000000000,91,1.9000000000000000,12.0463,9.2603,,,,,,,,,,,,,,,,,,,,,,
2021,11,21,9,30,16.2,67,837,394,0,3.8000000000000000,67,837,0,394,43.56,67.02,0.16,992,0.7000000000000000,98,1.4000000000000000,20.6896,16.0750,,,,,,,,,,,,,,,,,,,,,,
2021,11,21,10,30,18.8,78,875,497,0,5,78,875,0,497,40.22,61.42,0.16,992,0.7000000000000000,122,0.7000000000000000,27.1651,21.1991,,,,,,,,,,,,,,,,,,,,,,
2021,11,21,11,30,20.5,81,899,548,0,4.3,81,899,0,548,34.42,58.7,0.16,991,0.7000000000000000,174,0.5,30.4361,23.7882,,,,,,,,,,,,,,,,,,,,,,
2021,11,21,12,30,21.3,81,892,537,0,4.3,81,892,0,537,32.88,59.29,0.16,990,0.7000000000000000,232,0.6000000000000000,29.7269,23.2267,,,,,,,,,,,,,,,,,,,,,,
2021,11,21,13,30,21.5,78,854,465,0,4.9,78,854,0,465,33.7,63.09,0.16,990,0.7000000000000000,269,0.7000000000000000,25.1406,19.5974,,,,,,,,,,,,,,,,,,,,,,
2021,11,21,14,30,20.900000000000000,69,778,341,0,5.4,69,778,0,341,36.22,69.55,0.16,990,0.7000000000000000,285,0.7000000000000000,17.5271,13.5804,,,,,,,,,,,,,,,,,,,,,,
2021,11,21,15,30,20.3,53,612,180,0,6.1000000000000000,53,612,0,180,39.68,77.99,0.16,990,0.7000000000000000,292,0.6000000000000000,8.6146,6.5842,,,,,,,,,,,,,,,,,,,,,,
2021,11,21,16,30,15.200000000000000,19,170,26,0,7.800000000000000,19,170,0,26,61.13,87.65,0.15,990,0.7000000000000000,186,0.8,0.0000,0.0000,,,,,,,,,,,,,,,,,,,,,,
2021,11,21,17,30,12.700000000000000,0,0,0,0,5.5,0,0,0,0,61.56,98.69,0.15,990,0.7000000000000000,43,0.9,0.0000,0.0000,,,,,,,,,,,,,,,,,,,,,,
2021,11,21,18,30,11.600000000000000,0,0,0,0,5.4,0,0,0,0,65.56,110.05,0.15,990,0.6000000000000000,62,0.9,0.0000,0.0000,,,,,,,,,,,,,,,,,,,,,,
2021,11,21,19,30,11.3,0,0,0,0,4.6000000000000000,0,0,0,0,63.26,121.73,0.15,990,0.6000000000000000,77,0.9,0.0000,0.0000,,,,,,,,,,,,,,,,,,,,,,
2021,11,21,20,30,11.200000000000000,0,0,0,0,3.7,0,0,0,0,59.85,133.44,0.15,990,0.6000000000000000,90,1,0.0000,0.0000,,,,,,,,,,,,,,,,,,,,,,
2021,11,21,21,30,11.4,0,0,0,0,2.8000000000000000,0,0,0,0,55.51,144.8,0.15,990,0.6000000000000000,102,1.1,0.0000,0.0000,,,,,,,,,,,,,,,,,,,,,,
2021,11,21,22,30,12,0,0,0,0,1.7000000000000000,0,0,0,0,49.44,154.89000000000000,0.15,990,0.6000000000000000,111,1.2000000000000000,0.0000,0.0000,,,,,,,,,,,,,,,,,,,,,,
2021,11,21,23,30,12.5,0,0,0,0,0.7000000000000000,0,0,0,0,44.53,161.24,0.15,990,0.6000000000000000,118,1.2000000000000000,0.0000,0.0000,,,,,,,,,,,,,,,,,,,,,,
2021,11,22,0,30,12.5,0,0,0,0,-0.1,0,0,0,0,41.96,159.78,0.15,990,0.5,116,1.1,0.0000,0.0000,,,,,,,,,,,,,,,,,,,,,,
2021,11,22,1,30,11.600000000000000,0,0,0,0,-0.5,0,0,0,0,43.22,151.71,0.15,990,0.5,105,1.1,0.0000,0.0000,,,,,,,,,,,,,,,,,,,,,,
2021,11,22,2,30,10.3,0,0,0,0,-0.8,0,0,0,0,45.93,141.02,0.15,989,0.5,95,1.2000000000000000,0.0000,0.0000,,,,,,,,,,,,,,,,,,,,,,
2021,11,22,3,30,9.200000000000000,0,0,0,0,-1.3,0,0,0,0,47.800000000000000,129.49,0.15,989,0.5,90,1.3,0.0000,0.0000,,,,,,,,,,,,,,,,,,,,,,
2021,11,22,4,30,8.700000000000000,0,0,0,0,-1.7000000000000000,0,0,0,0,48.08,117.77,0.15,989,0.4,90,1.3,0.0000,0.0000,,,,,,,,,,,,,,,,,,,,,,
2021,11,22,5,30,8.5,0,0,0,0,-2.1,0,0,0,0,47.24,106.18,0.15,989,0.4,94,1.3,0.0000,0.0000,,,,,,,,,,,,,,,,,,,,,,
2021,11,22,6,30,8.700000000000000,0,0,0,0,-2.5,0,0,0,0,45.15,95.01,0.15,989,0.4,99,1.2000000000000000,0.0000,0.0000,,,,,,,,,,,,,,,,,,,,,,
2021,11,22,7,30,10.5,35,390,73,0,-2,35,390,0,73,41.56,84.38,0.15,989,0.4,106,1,0.0000,0.0000,,,,,,,,,,,,,,,,,,,,,,
2021,11,22,8,30,14,60,704,242,0,3.1,60,704,0,242,47.74,75.05,0.15,989,0.4,115,0.9,11.8287,9.0895,,,,,,,,,,,,,,,,,,,,,,
2021,11,22,9,30,16.900000000000000,75,821,393,0,3.3000000000000000,75,821,0,393,40.36,67.24,0.15,989,0.4,129,1.1,20.6004,16.0021,,,,,,,,,,,,,,,,,,,,,,
2021,11,22,10,30,18.6,87,867,499,0,0.6000000000000000,87,867,14,499,29.75,61.64,0.15,989,0.4,145,1.2000000000000000,27.2366,21.2519,,,,,,,,,,,,,,,,,,,,,,
2021,11,22,11,30,19.400000000000000,91,884,547,0,0.5,91,884,0,547,28.21,58.92,0.15,988,0.5,158,1.1,30.3435,23.7131,,,,,,,,,,,,,,,,,,,,,,
2021,11,22,12,30,19.6,86,888,537,0,1,86,888,0,537,28.93,59.49,0.15,987,0.5,163,0.9,29.6931,23.1978,,,,,,,,,,,,,,,,,,,,,,
2021,11,22,13,30,19.5,78,869,469,0,1.7000000000000000,78,869,0,469,30.580000000000000,63.26,0.15,986,0.5,164,0.7000000000000000,25.3275,19.7407,,,,,,,,,,,,,,,,,,,,,,
2021,11,22,14,30,18.8,69,794,344,0,2.4000000000000000,69,794,0,344,33.57,69.7,0.15,986,0.5,161,0.4,17.6578,13.6792,,,,,,,,,,,,,,,,,,,,,,
2021,11,22,15,30,18.2,53,628,182,0,4,53,628,0,182,38.97,78.11,0.15,986,0.5,158,0.30000000000000000,8.7054,6.6522,,,,,,,,,,,,,,,,,,,,,,
2021,11,22,16,30,14.9,19,181,26,0,4.4,19,181,0,26,49.38,87.74,0.15,986,0.5,137,0.5,0.0000,0.0000,,,,,,,,,,,,,,,,,,,,,,
2021,11,22,17,30,13,0,0,0,0,2.1,0,0,0,0,47.37,98.77,0.15,986,0.5,109,0.9,0.0000,0.0000,,,,,,,,,,,,,,,,,,,,,,
2021,11,22,18,30,11.600000000000000,0,0,0,0,2.2,0,0,0,0,52.44,110.12,0.15,986,0.5,114,1.1,0.0000,0.0000,,,,,,,,,,,,,,,,,,,,,,
2021,11,22,19,30,10.9,0,0,0,0,1.7000000000000000,0,0,0,0,53.01,121.79,0.15,986,0.5,129,1.2000000000000000,0.0000,0.0000,,,,,,,,,,,,,,,,,,,,,,
2021,11,22,20,30,10.3,0,0,0,0,0.8,0,0,0,0,51.84,133.51,0.15,985,0.5,141,1.3,0.0000,0.0000,,,,,,,,,,,,,,,,,,,,,,
2021,11,22,21,30,9.200000000000000,0,0,0,0,0.4,0,0,0,0,53.97,144.88,0.15,985,0.6000000000000000,143,1.4000000000000000,0.0000,0.0000,,,,,,,,,,,,,,,,,,,,,,
2021,11,22,22,30,8,0,0,0,0,0.30000000000000000,0,0,0,0,58.09,155.02,0.15,984,0.6000000000000000,141,1.4000000000000000,0.0000,0.0000,,,,,,,,,,,,,,,,,,,,,,
2021,11,22,23,30,7.300000000000000,0,0,0,0,0,0,0,0,0,59.980000000000000,161.43,0.15,984,0.6000000000000000,136,1.3,0.0000,0.0000,,,,,,,,,,,,,,,,,,,,,,
2021,11,23,0,30,7.4,0,0,0,0,-0.2,0,0,0,0,58.7,160,0.15,983,0.7000000000000000,131,1.2000000000000000,0.0000,0.0000,,,,,,,,,,,,,,,,,,,,,,
2021,11,23,1,30,7.4,0,0,0,0,-0.1,0,0,0,0,58.980000000000000,151.9,0.15,983,0.7000000000000000,134,1.1,0.0000,0.0000,,,,,,,,,,,,,,,,,,,,,,
2021,11,23,2,30,7,0,0,0,0,0,0,0,0,0,61.160000000000000,141.20000000000000,0.15,984,0.8,145,1.1,0.0000,0.0000,,,,,,,,,,,,,,,,,,,,,,
2021,11,23,3,30,6.800000000000000,0,0,0,0,0,0,0,0,0,61.92,129.66,0.15,984,0.8,154,1,0.0000,0.0000,,,,,,,,,,,,,,,,,,,,,,
2021,11,23,4,30,6.6000000000000000,0,0,0,0,0.2,0,0,0,0,63.52,117.94,0.15,984,0.8,151,1,0.0000,0.0000,,,,,,,,,,,,,,,,,,,,,,
2021,11,23,5,30,6.300000000000000,0,0,0,0,0.5,0,0,0,0,66.43,106.36,0.15,984,0.8,144,1.1,0.0000,0.0000,,,,,,,,,,,,,,,,,,,,,,
2021,11,23,6,30,6.300000000000000,0,0,0,0,0.8,0,0,0,0,67.89,95.19,0.15,984,0.8,143,1.1,0.0000,0.0000,,,,,,,,,,,,,,,,,,,,,,
2021,11,23,7,30,8.3,33,369,68,0,1.7000000000000000,33,369,0,68,63.31,84.56,0.15,984,0.8,141,1.1,0.0000,0.0000,,,,,,,,,,,,,,,,,,,,,,
2021,11,23,8,30,11.8,60,667,230,0,4.9,60,667,0,230,62.57,75.25,0.15,985,0.8,141,1.2000000000000000,11.2227,8.6208,,,,,,,,,,,,,,,,,,,,,,
2021,11,23,9,30,14.100000000000000,75,788,377,0,4.4,75,788,0,377,51.92,67.45,0.15,985,0.9,155,1.2000000000000000,19.7278,15.3211,,,,,,,,,,,,,,,,,,,,,,
2021,11,23,10,30,15.4,84,846,483,0,4.3,89,815,7,474,47.63,61.85,0.15,984,0.9,180,1,25.8375,20.1575,,,,,,,,,,,,,,,,,,,,,,
2021,11,23,11,30,16.2,86,871,533,0,4.9,86,871,0,533,46.980000000000000,59.13,0.15,984,0.9,220,0.9,29.5322,23.0765,,,,,,,,,,,,,,,,,,,,,,
2021,11,23,12,30,16.7,86,863,522,0,5,86,863,0,522,45.79,59.68,0.15,984,0.9,269,1,28.8321,22.5229,,,,,,,,,,,,,,,,,,,,,,
2021,11,23,13,30,16.7,84,821,451,0,5,84,821,0,451,45.9,63.43,0.15,983,0.9,301,1.3,24.3270,18.9586,,,,,,,,,,,,,,,,,,,,,,
2021,11,23,14,30,16,74,740,329,0,5.4,74,740,0,329,49.26,69.84,0.15,983,0.9,312,1.4000000000000000,16.8668,13.0642,,,,,,,,,,,,,,,,,,,,,,
2021,11,23,15,30,15.5,55,569,171,0,6.7,55,569,0,171,55.85,78.22,0.15,983,0.9,314,1.4000000000000000,8.1753,6.2459,,,,,,,,,,,,,,,,,,,,,,
2021,11,23,16,30,10.9,18,148,24,0,7.7,18,110,43,22,80.46000000000000,87.82000000000000,0.15,984,0.9,334,1.2000000000000000,0.0000,0.0000,,,,,,,,,,,,,,,,,,,,,,
2021,11,23,17,30,9.5,0,0,0,8,6.4,0,0,0,0,80.78,98.85000000000000,0.15,984,1,348,1.4000000000000000,0.0000,0.0000,,,,,,,,,,,,,,,,,,,,,,
2021,11,23,18,30,9.1,0,0,0,0,6,0,0,0,0,80.98,110.18,0.15,984,1,188,1.4000000000000000,0.0000,0.0000,,,,,,,,,,,,,,,,,,,,,,
2021,11,23,19,30,8.8,0,0,0,0,5.4,0,0,0,0,78.99,121.85000000000000,0.15,985,0.9,28,1.3,0.0000,0.0000,,,,,,,,,,,,,,,,,,,,,,
2021,11,23,20,30,8.4,0,0,0,0,4.5,0,0,0,0,76.49,133.57,0.15,985,0.9,41,1.2000000000000000,0.0000,0.0000,,,,,,,,,,,,,,,,,,,,,,
2021,11,23,21,30,7.9,0,0,0,0,3.8000000000000000,0,0,0,0,75.17,144.95000000000000,0.15,985,0.8,50,1.3,0.0000,0.0000,,,,,,,,,,,,,,,,,,,,,,
2021,11,23,22,30,7.4,0,0,0,0,3,0,0,0,0,73.41,155.13,0.15,984,0.7000000000000000,57,1.5,0.0000,0.0000,,,,,,,,,,,,,,,,,,,,,,
2021,11,23,23,30,7,0,0,0,0,2.1,0,0,0,0,70.85000000000000,161.62,0.15,984,0.6000000000000000,62,1.7000000000000000,0.0000,0.0000,,,,,,,,,,,,,,,,,,,,,,
2021,11,24,0,30,6.6000000000000000,0,0,0,0,1.3,0,0,0,0,68.94,160.21,0.15,984,0.5,63,1.9000000000000000,0.0000,0.0000,,,,,,,,,,,,,,,,,,,,,,
2021,11,24,1,30,6.2,0,0,0,0,0.7000000000000000,0,0,0,0,67.69,152.09,0.15,984,0.5,63,2,0.0000,0.0000,,,,,,,,,,,,,,,,,,,,,,
2021,11,24,2,30,5.7,0,0,0,0,0.2,0,0,0,0,67.53,141.37,0.15,985,0.4,63,2,0.0000,0.0000,,,,,,,,,,,,,,,,,,,,,,
2021,11,24,3,30,5.4,0,0,0,0,-0.1,0,0,0,0,67.55,129.83,0.15,985,0.4,63,2,0.0000,0.0000,,,,,,,,,,,,,,,,,,,,,,
2021,11,24,4,30,5,0,0,0,0,-0.30000000000000000,0,0,0,0,68.57000000000000,118.10000000000000,0.15,986,0.4,65,2,0.0000,0.0000,,,,,,,,,,,,,,,,,,,,,,
2021,11,24,5,30,4.7,0,0,0,4,-0.6000000000000000,0,0,0,0,68.72,106.53,0.15,986,0.4,66,1.9000000000000000,0.0000,0.0000,,,,,,,,,,,,,,,,,,,,,,
2021,11,24,6,30,4.7,0,0,0,4,-0.9,0,0,0,0,67.2,95.37,0.15,987,0.4,69,1.9000000000000000,0.0000,0.0000,,,,,,,,,,,,,,,,,,,,,,
2021,11,24,7,30,6.300000000000000,30,448,71,0,-1,31,346,36,63,59.56,84.75,0.15,988,0.4,73,2,0.0000,0.0000,,,,,,,,,,,,,,,,,,,,,,
2021,11,24,8,30,9.200000000000000,52,749,240,0,-0.2,52,749,0,240,51.660000000000000,75.45,0.15,988,0.4,79,2,11.6907,8.9771,,,,,,,,,,,,,,,,,,,,,,
2021,11,24,9,30,12.200000000000000,65,860,392,0,1.1,65,860,0,392,46.6,67.66,0.15,988,0.4,83,1.6,20.4772,15.8997,,,,,,,,,,,,,,,,,,,,,,
2021,11,24,10,30,15.100000000000000,74,898,495,0,2.4000000000000000,74,898,0,495,42.46,62.07,0.15,988,0.5,88,1.3,26.9440,21.0178,,,,,,,,,,,,,,,,,,,,,,
2021,11,24,11,30,17.3,77,917,545,0,2.2,77,917,0,545,36.230000000000000,59.33,0.15,988,0.5,91,1.1,30.1629,23.5669,,,,,,,,,,,,,,,,,,,,,,
2021,11,24,12,30,18.400000000000000,77,907,532,0,1.7000000000000000,77,907,0,532,32.74,59.870000000000000,0.15,988,0.6000000000000000,81,0.9,29.3521,22.9266,,,,,,,,,,,,,,,,,,,,,,
2021,11,24,13,30,18.7,72,867,458,0,1.6,72,867,0,458,31.970000000000000,63.59,0.15,988,0.7000000000000000,61,0.8,24.6773,19.2293,,,,,,,,,,,,,,,,,,,,,,
2021,11,24,14,30,17.900000000000000,63,796,336,0,1.9000000000000000,63,796,0,336,34.13,69.97,0.15,989,0.7000000000000000,45,0.6000000000000000,17.2057,13.3245,,,,,,,,,,,,,,,,,,,,,,
2021,11,24,15,30,17.2,48,637,177,0,4.800000000000000,48,637,0,177,43.92,78.32000000000000,0.15,989,0.7000000000000000,41,0.5,8.4587,6.4613,,,,,,,,,,,,,,,,,,,,,,
2021,11,24,16,30,11.700000000000000,18,201,25,0,5.1000000000000000,18,201,0,25,63.77,87.9,0.15,990,0.7000000000000000,49,0.6000000000000000,0.0000,0.0000,,,,,,,,,,,,,,,,,,,,,,
2021,11,24,17,30,9.9,0,0,0,0,2.6,0,0,0,0,60.27,98.91,0.15,990,0.6000000000000000,70,0.8,0.0000,0.0000,,,,,,,,,,,,,,,,,,,,,,
2021,11,24,18,30,8.9,0,0,0,0,1.6,0,0,0,0,60,110.24000000000000,0.15,991,0.6000000000000000,81,1.3,0.0000,0.0000,,,,,,,,,,,,,,,,,,,,,,
2021,11,24,19,30,8.200000000000000,0,0,0,4,0.4,0,0,0,0,57.980000000000000,121.9,0.15,991,0.6000000000000000,81,1.8,0.0000,0.0000,,,,,,,,,,,,,,,,,,,,,,
2021,11,24,20,30,7.9,0,0,0,8,-0.7000000000000000,0,0,0,0,54.46,133.62,0.15,992,0.6000000000000000,83,1.8,0.0000,0.0000,,,,,,,,,,,,,,,,,,,,,,
2021,11,24,21,30,7.5,0,0,0,0,-1.4000000000000000,0,0,0,0,53.32,145.02,0.15,992,0.6000000000000000,89,1.7000000000000000,0.0000,0.0000,,,,,,,,,,,,,,,,,,,,,,
2021,11,24,22,30,7.300000000000000,0,0,0,0,-2,0,0,0,0,51.83,155.24,0.15,992,0.6000000000000000,91,1.8,0.0000,0.0000,,,,,,,,,,,,,,,,,,,,,,
2021,11,24,23,30,7.2,0,0,0,0,-2.7,0,0,0,0,49.42,161.79,0.15,992,0.6000000000000000,93,1.8,0.0000,0.0000,,,,,,,,,,,,,,,,,,,,,,
2021,11,25,0,30,6.9,0,0,0,0,-3.1,0,0,0,0,49.03,160.42000000000000,0.15,992,0.6000000000000000,96,1.6,0.0000,0.0000,,,,,,,,,,,,,,,,,,,,,,
2021,11,25,1,30,6.6000000000000000,0,0,0,0,-3.3000000000000000,0,0,0,0,49.17,152.28,0.15,992,0.6000000000000000,99,1.5,0.0000,0.0000,,,,,,,,,,,,,,,,,,,,,,
2021,11,25,2,30,6.300000000000000,0,0,0,0,-3.6,0,0,0,0,49.050000000000000,141.55,0.15,993,0.6000000000000000,100,1.4000000000000000,0.0000,0.0000,,,,,,,,,,,,,,,,,,,,,,
2021,11,25,3,30,6.1000000000000000,0,0,0,0,-4,0,0,0,0,48.47,130,0.15,993,0.6000000000000000,98,1.3,0.0000,0.0000,,,,,,,,,,,,,,,,,,,,,,
2021,11,25,4,30,5.9,0,0,0,0,-4.3,0,0,0,0,47.93,118.27,0.15,993,0.6000000000000000,96,1.3,0.0000,0.0000,,,,,,,,,,,,,,,,,,,,,,
2021,11,25,5,30,5.7,0,0,0,0,-4.5,0,0,0,0,47.84,106.7,0.15,994,0.6000000000000000,96,1.2000000000000000,0.0000,0.0000,,,,,,,,,,,,,,,,,,,,,,
2021,11,25,6,30,6,0,0,0,0,-4.7,0,0,0,0,46.08,95.54,0.15,994,0.6000000000000000,100,1.1,0.0000,0.0000,,,,,,,,,,,,,,,,,,,,,,
2021,11,25,7,30,8.4,28,441,67,8,-4.1000000000000000,33,120,100,44,41.07,84.93,0.15,995,0.6000000000000000,109,0.9,0.0000,0.0000,,,,,,,,,,,,,,,,,,,,,,
2021,11,25,8,30,12.4,50,734,232,0,1.5,65,527,71,196,47.46,75.64,0.15,996,0.6000000000000000,125,0.9,9.5323,7.3171,,,,,,,,,,,,,,,,,,,,,,
2021,11,25,9,30,15.100000000000000,63,846,382,0,-0.8,62,814,43,369,33.72,67.86,0.15,996,0.6000000000000000,143,1.1,19.2438,14.9389,,,,,,,,,,,,,,,,,,,,,,
2021,11,25,10,30,16.3,72,890,486,0,-2.8000000000000000,72,890,0,486,26.95,62.27,0.15,996,0.7000000000000000,158,1.2000000000000000,26.4197,20.6061,,,,,,,,,,,,,,,,,,,,,,
2021,11,25,11,30,17,77,906,536,0,-1.9000000000000000,77,906,0,536,27.490000000000000,59.53,0.15,995,0.7000000000000000,174,1.2000000000000000,29.6310,23.1488,,,,,,,,,,,,,,,,,,,,,,
2021,11,25,12,30,17.3,76,904,527,0,-1.3,76,904,0,527,28.2,60.050000000000000,0.15,995,0.7000000000000000,185,1,29.0456,22.6850,,,,,,,,,,,,,,,,,,,,,,
2021,11,25,13,30,17.400000000000000,70,877,458,3,-0.6000000000000000,113,646,0,399,29.41,63.74,0.15,995,0.7000000000000000,191,0.6000000000000000,21.4759,16.7328,,,,,,,,,,,,,,,,,,,,,,
2021,11,25,14,30,16.7,62,804,336,8,-0.5,85,588,86,285,31.03,70.09,0.15,994,0.7000000000000000,204,0.30000000000000000,14.5785,11.2882,,,,,,,,,,,,,,,,,,,,,,
2021,11,25,15,30,16,48,644,177,3,3.8000000000000000,58,437,64,146,44.050000000000000,78.42,0.15,994,0.7000000000000000,216,0.2,6.9745,5.3267,,,,,,,,,,,,,,,,,,,,,,
2021,11,25,16,30,13,18,199,25,0,2.5,18,199,7,25,48.89,87.97,0.15,995,0.7000000000000000,180,0.6000000000000000,0.0000,0.0000,,,,,,,,,,,,,,,,,,,,,,
2021,11,25,17,30,11.600000000000000,0,0,0,0,2.1,0,0,0,0,52.21,98.97,0.15,995,0.7000000000000000,63,0.9,0.0000,0.0000,,,,,,,,,,,,,,,,,,,,,,
2021,11,25,18,30,11.100000000000000,0,0,0,0,2.5,0,0,0,0,55.370000000000000,110.29,0.15,995,0.7000000000000000,87,1.1,0.0000,0.0000,,,,,,,,,,,,,,,,,,,,,,
2021,11,25,19,30,11.4,0,0,0,0,2.1,0,0,0,0,52.93,121.94,0.15,995,0.7000000000000000,104,1.1,0.0000,0.0000,,,,,,,,,,,,,,,,,,,,,,
2021,11,25,20,30,11.700000000000000,0,0,0,0,1.6,0,0,0,0,49.85,133.67000000000000,0.15,994,0.7000000000000000,116,1,0.0000,0.0000,,,,,,,,,,,,,,,,,,,,,,
2021,11,25,21,30,11.600000000000000,0,0,0,7,0.8,0,0,0,0,47.59,145.08,0.15,994,0.7000000000000000,118,1,0.0000,0.0000,,,,,,,,,,,,,,,,,,,,,,
2021,11,25,22,30,10.8,0,0,0,8,0,0,0,0,0,47.39,155.34,0.15,994,0.7000000000000000,112,1,0.0000,0.0000,,,,,,,,,,,,,,,,,,,,,,
2021,11,25,23,30,9.8,0,0,0,8,-0.4,0,0,0,0,49.21,161.96,0.15,993,0.7000000000000000,110,1.1,0.0000,0.0000,,,,,,,,,,,,,,,,,,,,,,
2021,11,26,0,30,9.3,0,0,0,4,-0.5,0,0,0,0,50.49,160.62,0.15,992,0.7000000000000000,113,1,0.0000,0.0000,,,,,,,,,,,,,,,,,,,,,,
2021,11,26,1,30,9.1,0,0,0,4,-0.5,0,0,0,0,51,152.47,0.15,992,0.9,116,0.9,0.0000,0.0000,,,,,,,,,,,,,,,,,,,,,,
2021,11,26,2,30,9,0,0,0,8,-0.2,0,0,0,0,52.56,141.72,0.15,992,1.1,116,0.9,0.0000,0.0000,,,,,,,,,,,,,,,,,,,,,,
2021,11,26,3,30,9.600000000000000,0,0,0,8,0,0,0,0,0,51.1,130.16,0.15,992,1.2000000000000000,118,0.9,0.0000,0.0000,,,,,,,,,,,,,,,,,,,,,,
2021,11,26,4,30,10.600000000000000,0,0,0,8,-0.30000000000000000,0,0,0,0,46.69,118.44,0.15,992,1.2000000000000000,126,0.8,0.0000,0.0000,,,,,,,,,,,,,,,,,,,,,,
2021,11,26,5,30,11.3,0,0,0,7,-1.4000000000000000,0,0,0,0,41.19,106.87,0.15,992,1.1,128,0.7000000000000000,0.0000,0.0000,,,,,,,,,,,,,,,,,,,,,,
2021,11,26,6,30,11.200000000000000,0,0,0,7,-2,0,0,0,0,39.72,95.72,0.15,992,1,115,0.6000000000000000,0.0000,0.0000,,,,,,,,,,,,,,,,,,,,,,
2021,11,26,7,30,11.600000000000000,29,371,61,8,-1.6,31,105,100,40,39.76,85.11,0.15,992,1,101,0.6000000000000000,0.0000,0.0000,,,,,,,,,,,,,,,,,,,,,,
2021,11,26,8,30,13.700000000000000,52,689,221,0,2.8000000000000000,59,617,21,210,47.56,75.84,0.15,991,1,96,0.6000000000000000,10.1964,7.8240,,,,,,,,,,,,,,,,,,,,,,
2021,11,26,9,30,16.7,64,816,369,0,3.5,64,816,0,369,41.37,68.06,0.15,991,1,131,0.5,19.2116,14.9108,,,,,,,,,,,,,,,,,,,,,,
2021,11,26,10,30,18.900000000000000,72,869,474,0,1.6,72,869,0,474,31.36,62.47,0.15,991,1,218,0.9,25.7336,20.0683,,,,,,,,,,,,,,,,,,,,,,
2021,11,26,11,30,19.400000000000000,76,890,525,0,2.6,76,890,0,525,32.76,59.730000000000000,0.15,990,1,279,1.4000000000000000,28.9894,22.6451,,,,,,,,,,,,,,,,,,,,,,
2021,11,26,12,30,19.3,73,892,516,0,3.2,73,892,0,516,34.35,60.22,0.15,989,1,295,1.6,28.4108,22.1870,,,,,,,,,,,,,,,,,,,,,,
2021,11,26,13,30,19.400000000000000,67,868,449,0,3.7,67,868,0,449,35.480000000000000,63.89,0.15,988,1,304,1.5,24.1417,18.8077,,,,,,,,,,,,,,,,,,,,,,
2021,11,26,14,30,18.6,59,797,329,0,4.3,59,797,0,329,38.84,70.21000000000000,0.15,988,1,305,1.3,16.8110,13.0149,,,,,,,,,,,,,,,,,,,,,,
2021,11,26,15,30,17.900000000000000,45,640,172,0,6.1000000000000000,45,640,0,172,46.11,78.52,0.15,988,1,304,1.1,8.2136,6.2720,,,,,,,,,,,,,,,,,,,,,,
2021,11,26,16,30,12.8,16,202,23,0,7.4,16,156,36,21,69.8,88.04,0.15,988,1.1,168,0.9,0.0000,0.0000,,,,,,,,,,,,,,,,,,,,,,
2021,11,26,17,30,11.600000000000000,0,0,0,7,5.300000000000000,0,0,0,0,65.22,99.03,0.15,988,1.2000000000000000,17,0.9,0.0000,0.0000,,,,,,,,,,,,,,,,,,,,,,
2021,11,26,18,30,11.600000000000000,0,0,0,6,5,0,0,0,0,63.79,110.33,0.15,988,1.3,35,0.7000000000000000,0.0000,0.0000,,,,,,,,,,,,,,,,,,,,,,
2021,11,26,19,30,11.600000000000000,0,0,0,4,4.6000000000000000,0,0,0,0,62.08,121.98,0.15,988,1.4000000000000000,55,0.5,0.0000,0.0000,,,,,,,,,,,,,,,,,,,,,,
2021,11,26,20,30,11.3,0,0,0,5,4.3,0,0,0,0,62,133.71,0.15,988,1.5,84,0.4,0.0000,0.0000,,,,,,,,,,,,,,,,,,,,,,
2021,11,26,21,30,10.8,0,0,0,0,4.1000000000000000,0,0,0,0,63.14,145.14000000000000,0.15,988,1.6,107,0.4,0.0000,0.0000,,,,,,,,,,,,,,,,,,,,,,
2021,11,26,22,30,10.700000000000000,0,0,0,0,3.8000000000000000,0,0,0,0,62.6,155.43,0.15,988,1.7000000000000000,111,0.5,0.0000,0.0000,,,,,,,,,,,,,,,,,,,,,,
2021,11,26,23,30,11.100000000000000,0,0,0,0,3.6,0,0,0,0,59.96,162.12,0.15,988,1.8,111,0.6000000000000000,0.0000,0.0000,,,,,,,,,,,,,,,,,,,,,,
2021,11,27,0,30,11.5,0,0,0,0,3.2,0,0,0,0,56.6,160.82,0.15,988,1.9000000000000000,111,0.7000000000000000,0.0000,0.0000,,,,,,,,,,,,,,,,,,,,,,
2021,11,27,1,30,11.5,0,0,0,0,3.1,0,0,0,0,56.370000000000000,152.65,0.15,988,1.8,109,0.8,0.0000,0.0000,,,,,,,,,,,,,,,,,,,,,,
2021,11,27,2,30,11.3,0,0,0,0,3.3000000000000000,0,0,0,0,57.81,141.89000000000000,0.15,988,1.8,106,0.8,0.0000,0.0000,,,,,,,,,,,,,,,,,,,,,,
2021,11,27,3,30,11.200000000000000,0,0,0,0,3.2,0,0,0,0,57.67,130.32,0.15,988,1.8,99,0.8,0.0000,0.0000,,,,,,,,,,,,,,,,,,,,,,
2021,11,27,4,30,10.8,0,0,0,0,2.6,0,0,0,0,56.92,118.60000000000000,0.15,988,1.9000000000000000,87,0.8,0.0000,0.0000,,,,,,,,,,,,,,,,,,,,,,
2021,11,27,5,30,10.200000000000000,0,0,0,0,2.4000000000000000,0,0,0,0,58.59,107.04,0.15,988,1.9000000000000000,81,0.8,0.0000,0.0000,,,,,,,,,,,,,,,,,,,,,,
2021,11,27,6,30,9.8,0,0,0,0,2.5,0,0,0,0,60.32,95.89,0.15,988,1.9000000000000000,84,0.8,0.0000,0.0000,,,,,,,,,,,,,,,,,,,,,,
2021,11,27,7,30,11,26,384,58,0,3,27,366,7,57,57.86,85.29,0.15,988,1.9000000000000000,93,0.7000000000000000,0.0000,0.0000,,,,,,,,,,,,,,,,,,,,,,
2021,11,27,8,30,13.9,46,687,212,0,6.300000000000000,46,687,0,212,60.14,76.03,0.15,989,1.8,104,0.6000000000000000,10.2779,7.8837,,,,,,,,,,,,,,,,,,,,,,
2021,11,27,9,30,16.900000000000000,58,806,357,0,6.300000000000000,58,806,0,357,49.800000000000000,68.26,0.15,989,1.7000000000000000,189,0.6000000000000000,18.5555,14.3985,,,,,,,,,,,,,,,,,,,,,,
2021,11,27,10,30,19,67,857,460,0,6.300000000000000,67,857,0,460,43.63,62.67,0.15,989,1.7000000000000000,274,0.9,24.9405,19.4471,,,,,,,,,,,,,,,,,,,,,,
2021,11,27,11,30,19.900000000000000,69,880,510,0,7.2,83,814,43,491,43.65,59.910000000000000,0.15,988,1.7000000000000000,277,1.2000000000000000,27.0837,21.1543,,,,,,,,,,,,,,,,,,,,,,
2021,11,27,12,30,20.3,71,870,501,7,7.7,150,549,57,421,44.17,60.39,0.15,987,1.7000000000000000,275,1.2000000000000000,23.1567,18.0822,,,,,,,,,,,,,,,,,,,,,,
2021,11,27,13,30,20.1,70,829,433,0,8.200000000000000,70,829,0,433,46.12,64.03,0.15,987,1.7000000000000000,275,1.2000000000000000,23.2584,18.1176,,,,,,,,,,,,,,,,,,,,,,
2021,11,27,14,30,19.3,62,747,314,0,8.8,62,747,0,314,50.5,70.32000000000000,0.15,987,1.8,278,1,16.0287,12.4074,,,,,,,,,,,,,,,,,,,,,,
2021,11,27,15,30,18.6,48,578,162,0,10.100000000000000,48,578,0,162,57.63,78.60000000000000,0.15,987,1.8,280,0.9,7.7340,5.9050,,,,,,,,,,,,,,,,,,,,,,
2021,11,27,16,30,14.600000000000000,16,149,21,0,10.3,13,77,29,16,75.63,88.10000000000000,0.15,987,1.9000000000000000,156,0.7000000000000000,0.0000,0.0000,,,,,,,,,,,,,,,,,,,,,,
2021,11,27,17,30,13.600000000000000,0,0,0,0,9.1,0,0,0,0,74.44,99.08,0.15,988,1.9000000000000000,21,0.6000000000000000,0.0000,0.0000,,,,,,,,,,,,,,,,,,,,,,
2021,11,27,18,30,13.600000000000000,0,0,0,0,9.1,0,0,0,0,74.37,110.37,0.15,988,1.9000000000000000,57,0.5,0.0000,0.0000,,,,,,,,,,,,,,,,,,,,,,
2021,11,27,19,30,13.600000000000000,0,0,0,0,8.8,0,0,0,0,72.77,122.01,0.15,989,1.9000000000000000,86,0.5,0.0000,0.0000,,,,,,,,,,,,,,,,,,,,,,
2021,11,27,20,30,13.3,0,0,0,0,8.3,0,0,0,0,71.82000000000000,133.74,0.15,989,1.9000000000000000,109,0.6000000000000000,0.0000,0.0000,,,,,,,,,,,,,,,,,,,,,,
2021,11,27,21,30,12.8,0,0,0,0,7.800000000000000,0,0,0,0,71.83,145.18,0.15,989,1.9000000000000000,124,0.7000000000000000,0.0000,0.0000,,,,,,,,,,,,,,,,,,,,,,
2021,11,27,22,30,12.5,0,0,0,0,7.4,0,0,0,0,70.89,155.51,0.15,989,1.8,130,0.6000000000000000,0.0000,0.0000,,,,,,,,,,,,,,,,,,,,,,
2021,11,27,23,30,12.5,0,0,0,0,6.9,0,0,0,0,68.75,162.28,0.15,989,1.8,124,0.6000000000000000,0.0000,0.0000,,,,,,,,,,,,,,,,,,,,,,
2021,11,28,0,30,12.3,0,0,0,0,6.6000000000000000,0,0,0,0,68.09,161.01,0.15,990,1.7000000000000000,109,0.5,0.0000,0.0000,,,,,,,,,,,,,,,,,,,,,,
2021,11,28,1,30,12,0,0,0,0,6.2,0,0,0,0,67.79,152.83,0.15,990,1.7000000000000000,99,0.6000000000000000,0.0000,0.0000,,,,,,,,,,,,,,,,,,,,,,
2021,11,28,2,30,11.8,0,0,0,0,5.800000000000000,0,0,0,0,66.62,142.05,0.15,990,1.6,100,0.8,0.0000,0.0000,,,,,,,,,,,,,,,,,,,,,,
2021,11,28,3,30,11.700000000000000,0,0,0,0,5.2,0,0,0,0,64.49,130.49,0.15,990,1.6,106,0.9,0.0000,0.0000,,,,,,,,,,,,,,,,,,,,,,
2021,11,28,4,30,11.5,0,0,0,0,4.6000000000000000,0,0,0,0,62.71,118.76,0.15,990,1.5,111,0.9,0.0000,0.0000,,,,,,,,,,,,,,,,,,,,,,
2021,11,28,5,30,11,0,0,0,0,4.1000000000000000,0,0,0,0,62.4,107.2,0.15,990,1.4000000000000000,114,0.9,0.0000,0.0000,,,,,,,,,,,,,,,,,,,,,,
2021,11,28,6,30,10.700000000000000,0,0,0,0,3.6,0,0,0,0,61.38,96.07000000000000,0.15,991,1.4000000000000000,114,0.9,0.0000,0.0000,,,,,,,,,,,,,,,,,,,,,,
2021,11,28,7,30,11.9,27,349,55,0,3.6,29,231,43,47,56.9,85.46000000000000,0.15,991,1.3,112,0.8,0.0000,0.0000,,,,,,,,,,,,,,,,,,,,,,
2021,11,28,8,30,15.100000000000000,52,669,211,0,7.1000000000000000,52,669,0,211,58.99,76.21000000000000,0.15,991,1.3,114,0.6000000000000000,10.2150,7.8329,,,,,,,,,,,,,,,,,,,,,,
2021,11,28,9,30,18.3,65,789,355,0,7.9,65,789,0,355,50.82,68.45,0.15,992,1.3,136,0.7000000000000000,18.4218,14.2917,,,,,,,,,,,,,,,,,,,,,,
2021,11,28,10,30,20.3,76,839,459,0,5.2,76,839,0,459,37.26,62.86,0.15,991,1.3,168,0.8,24.8547,19.3777,,,,,,,,,,,,,,,,,,,,,,
2021,11,28,11,30,21.400000000000000,78,866,510,0,5.2,78,866,0,510,34.71,60.09,0.15,991,1.3,195,0.9,28.1020,21.9475,,,,,,,,,,,,,,,,,,,,,,
2021,11,28,12,30,22,78,863,502,0,5.7,78,863,0,502,34.75,60.550000000000000,0.15,990,1.3,218,0.8,27.5855,21.5385,,,,,,,,,,,,,,,,,,,,,,
2021,11,28,13,30,22.1,73,831,435,0,5.9,73,831,0,435,34.84,64.16,0.15,989,1.3,231,0.8,23.3442,18.1827,,,,,,,,,,,,,,,,,,,,,,
2021,11,28,14,30,21.200000000000000,64,752,316,0,6.1000000000000000,64,752,0,316,37.42,70.43,0.15,989,1.4000000000000000,238,0.7000000000000000,16.1147,12.4723,,,,,,,,,,,,,,,,,,,,,,
2021,11,28,15,30,20.400000000000000,48,585,163,0,7.9,48,585,0,163,44.5,78.68,0.15,989,1.4000000000000000,241,0.7000000000000000,7.7798,5.9392,,,,,,,,,,,,,,,,,,,,,,
2021,11,28,16,30,16.3,16,156,21,0,8.200000000000000,16,156,0,21,58.83,88.16,0.15,989,1.4000000000000000,159,0.7000000000000000,0.0000,0.0000,,,,,,,,,,,,,,,,,,,,,,
2021,11,28,17,30,14.3,0,0,0,0,6.6000000000000000,0,0,0,0,59.65,99.12,0.15,990,1.5,63,0.9,0.0000,0.0000,,,,,,,,,,,,,,,,,,,,,,
2021,11,28,18,30,13.5,0,0,0,0,7.2,0,0,0,0,65.55,110.4,0.15,990,1.5,80,1,0.0000,0.0000,,,,,,,,,,,,,,,,,,,,,,
2021,11,28,19,30,13.8,0,0,0,0,6.7,0,0,0,0,62.33,122.04,0.15,990,1.5,97,1,0.0000,0.0000,,,,,,,,,,,,,,,,,,,,,,
2021,11,28,20,30,14,0,0,0,0,6.1000000000000000,0,0,0,0,58.96,133.77,0.15,990,1.4000000000000000,118,1,0.0000,0.0000,,,,,,,,,,,,,,,,,,,,,,
2021,11,28,21,30,13.5,0,0,0,0,5.800000000000000,0,0,0,0,59.7,145.22,0.15,990,1.4000000000000000,133,1,0.0000,0.0000,,,,,,,,,,,,,,,,,,,,,,
2021,11,28,22,30,12.600000000000000,0,0,0,0,5.800000000000000,0,0,0,0,63.27,155.59,0.15,990,1.4000000000000000,135,1,0.0000,0.0000,,,,,,,,,,,,,,,,,,,,,,
2021,11,28,23,30,11.9,0,0,0,0,5.800000000000000,0,0,0,0,66.3,162.42000000000000,0.15,990,1.4000000000000000,130,0.9,0.0000,0.0000,,,,,,,,,,,,,,,,,,,,,,
2021,11,29,0,30,11.600000000000000,0,0,0,0,5.7,0,0,0,0,66.88,161.20000000000000,0.15,990,1.3,126,0.9,0.0000,0.0000,,,,,,,,,,,,,,,,,,,,,,
2021,11,29,1,30,11.600000000000000,0,0,0,0,5.300000000000000,0,0,0,0,65.28,153.01,0.15,990,1.3,125,1,0.0000,0.0000,,,,,,,,,,,,,,,,,,,,,,
2021,11,29,2,30,11.5,0,0,0,0,4.800000000000000,0,0,0,0,63.59,142.22,0.15,990,1.3,123,1.1,0.0000,0.0000,,,,,,,,,,,,,,,,,,,,,,
2021,11,29,3,30,11.4,0,0,0,0,4.4,0,0,0,0,61.9,130.65,0.15,990,1.3,121,1.2000000000000000,0.0000,0.0000,,,,,,,,,,,,,,,,,,,,,,
2021,11,29,4,30,11.200000000000000,0,0,0,0,3.9000000000000000,0,0,0,0,60.74,118.92,0.15,989,1.3,117,1.1,0.0000,0.0000,,,,,,,,,,,,,,,,,,,,,,
2021,11,29,5,30,11.200000000000000,0,0,0,0,3.5,0,0,0,0,58.980000000000000,107.37,0.15,989,1.3,113,1.1,0.0000,0.0000,,,,,,,,,,,,,,,,,,,,,,
2021,11,29,6,30,11.100000000000000,0,0,0,0,3.1,0,0,0,0,57.78,96.24000000000000,0.15,989,1.3,110,1,0.0000,0.0000,,,,,,,,,,,,,,,,,,,,,,
2021,11,29,7,30,12.4,27,339,53,0,3.4000000000000000,27,298,14,50,54.19,85.63,0.15,989,1.3,106,0.8,0.0000,0.0000,,,,,,,,,,,,,,,,,,,,,,
2021,11,29,8,30,15.5,51,665,207,0,7.4,51,665,0,207,58.32,76.39,0.15,989,1.3,105,0.7000000000000000,10.0075,7.6712,,,,,,,,,,,,,,,,,,,,,,
2021,11,29,9,30,19,63,792,352,0,8.9,63,792,0,352,52.06,68.63,0.15,989,1.3,122,0.6000000000000000,18.2380,14.1464,,,,,,,,,,,,,,,,,,,,,,
2021,11,29,10,30,21.6,72,847,456,0,6.2,72,847,0,456,36.7,63.04,0.15,989,1.3,205,0.7000000000000000,24.6623,19.2253,,,,,,,,,,,,,,,,,,,,,,
2021,11,29,11,30,23.3,76,872,508,0,6.2,76,872,0,508,33.14,60.27,0.15,988,1.3,279,1.1,27.9620,21.8360,,,,,,,,,,,,,,,,,,,,,,
2021,11,29,12,30,23.8,71,879,501,0,6.6000000000000000,71,879,0,501,32.980000000000000,60.7,0.15,988,1.3,292,1.4000000000000000,27.5056,21.4742,,,,,,,,,,,,,,,,,,,,,,
2021,11,29,13,30,23.400000000000000,63,861,437,0,7,63,861,0,437,34.87,64.29,0.15,987,1.3,300,1.6,23.4298,18.2475,,,,,,,,,,,,,,,,,,,,,,
2021,11,29,14,30,21.900000000000000,56,791,320,0,7.6000000000000000,56,791,0,320,39.67,70.52,0.15,987,1.3,304,1.5,16.3054,12.6184,,,,,,,,,,,,,,,,,,,,,,
2021,11,29,15,30,20.700000000000000,43,638,167,0,9.9,43,638,0,167,50.08,78.75,0.15,987,1.2000000000000000,305,1.4000000000000000,7.9691,6.0830,,,,,,,,,,,,,,,,,,,,,,
2021,11,29,16,30,14.8,16,205,22,0,11.100000000000000,16,205,0,22,78.43,88.2,0.15,987,1.2000000000000000,344,0.9,0.0000,0.0000,,,,,,,,,,,,,,,,,,,,,,
2021,11,29,17,30,13.200000000000000,0,0,0,0,9.600000000000000,0,0,0,0,78.73,99.16,0.15,987,1.2000000000000000,192,0.8,0.0000,0.0000,,,,,,,,,,,,,,,,,,,,,,
2021,11,29,18,30,13.200000000000000,0,0,0,0,9.1,0,0,0,0,76.37,110.43,0.15,988,1.2000000000000000,40,0.7000000000000000,0.0000,0.0000,,,,,,,,,,,,,,,,,,,,,,
2021,11,29,19,30,13.200000000000000,0,0,0,0,8.4,0,0,0,0,72.66,122.06,0.15,988,1.1,61,0.7000000000000000,0.0000,0.0000,,,,,,,,,,,,,,,,,,,,,,
2021,11,29,20,30,12.700000000000000,0,0,0,0,7.9,0,0,0,0,72.43,133.79,0.15,987,1.1,73,0.8,0.0000,0.0000,,,,,,,,,,,,,,,,,,,,,,
2021,11,29,21,30,12.5,0,0,0,0,7.4,0,0,0,0,71.11,145.25,0.15,987,1.1,81,1,0.0000,0.0000,,,,,,,,,,,,,,,,,,,,,,
2021,11,29,22,30,12.600000000000000,0,0,0,0,6.9,0,0,0,0,68.15,155.65,0.15,987,1.1,86,1.1,0.0000,0.0000,,,,,,,,,,,,,,,,,,,,,,
2021,11,29,23,30,12.3,0,0,0,0,6.4,0,0,0,0,67.14,162.56,0.15,987,1.1,91,1.2000000000000000,0.0000,0.0000,,,,,,,,,,,,,,,,,,,,,,
2021,11,30,0,30,11.700000000000000,0,0,0,0,6,0,0,0,0,68.06,161.38,0.15,988,1.2000000000000000,99,1.1,0.0000,0.0000,,,,,,,,,,,,,,,,,,,,,,
2021,11,30,1,30,11.5,0,0,0,0,5.5,0,0,0,0,66.84,153.18,0.15,988,1.2000000000000000,107,0.9,0.0000,0.0000,,,,,,,,,,,,,,,,,,,,,,
2021,11,30,2,30,11.600000000000000,0,0,0,0,5.1000000000000000,0,0,0,0,64.22,142.38,0.15,988,1.3,109,0.8,0.0000,0.0000,,,,,,,,,,,,,,,,,,,,,,
2021,11,30,3,30,11.600000000000000,0,0,0,0,4.7,0,0,0,0,62.61,130.8,0.15,988,1.3,103,0.7000000000000000,0.0000,0.0000,,,,,,,,,,,,,,,,,,,,,,
2021,11,30,4,30,11.600000000000000,0,0,0,0,4.2,0,0,0,0,60.44,119.08,0.15,988,1.3,96,0.8,0.0000,0.0000,,,,,,,,,,,,,,,,,,,,,,
2021,11,30,5,30,11.4,0,0,0,0,3.8000000000000000,0,0,0,0,59.72,107.53,0.15,988,1.3,90,1,0.0000,0.0000,,,,,,,,,,,,,,,,,,,,,,
2021,11,30,6,30,11.3,0,0,0,0,3.7,0,0,0,0,59.53,96.4,0.15,989,1.4000000000000000,86,1.4000000000000000,0.0000,0.0000,,,,,,,,,,,,,,,,,,,,,,
2021,11,30,7,30,12.700000000000000,26,348,51,0,3.7,26,302,14,48,54.28,85.8,0.15,989,1.4000000000000000,85,1.5,0.0000,0.0000,,,,,,,,,,,,,,,,,,,,,,
2021,11,30,8,30,15.600000000000000,48,675,205,0,5.9,48,675,0,205,52.35,76.57000000000000,0.15,989,1.3,86,1.4000000000000000,9.8976,7.5844,,,,,,,,,,,,,,,,,,,,,,
2021,11,30,9,30,18.2,62,796,350,0,7.300000000000000,62,796,0,350,49.120000000000000,68.81,0.15,989,1.3,91,1.1,18.1064,14.0414,,,,,,,,,,,,,,,,,,,,,,
2021,11,30,10,30,20.3,73,845,454,0,8.5,73,845,0,454,46.62,63.22,0.15,988,1.3,98,0.8,24.5241,19.1151,,,,,,,,,,,,,,,,,,,,,,
2021,11,30,11,30,22,76,870,505,0,9.600000000000000,76,870,0,505,45.18,60.43,0.15,988,1.3,190,1,27.7704,21.6843,,,,,,,,,,,,,,,,,,,,,,
2021,11,30,12,30,22.900000000000000,76,864,497,0,8.9,91,797,29,479,40.83,60.85,0.15,987,1.3,283,1.4000000000000000,26.2738,20.5107,,,,,,,,,,,,,,,,,,,,,,
2021,11,30,13,30,22.900000000000000,73,827,430,0,9.3,72,827,7,429,41.96,64.4,0.15,987,1.4000000000000000,294,1.6,22.9827,17.8977,,,,,,,,,,,,,,,,,,,,,,
2021,11,30,14,30,21.8,63,753,313,0,9.8,66,732,7,309,46.47,70.61,0.15,986,1.4000000000000000,301,1.5,15.7320,12.1732,,,,,,,,,,,,,,,,,,,,,,
2021,11,30,15,30,20.8,47,589,161,0,11.700000000000000,47,589,0,161,56.050000000000000,78.82000000000000,0.15,986,1.4000000000000000,304,1.3,7.6813,5.8627,,,,,,,,,,,,,,,,,,,,,,
2021,11,30,16,30,15.5,14,148,19,0,11.9,14,148,0,19,78.88,88.25,0.15,987,1.4000000000000000,185,0.8,0.0000,0.0000,,,,,,,,,,,,,,,,,,,,,,
2021,11,30,17,30,14.100000000000000,0,0,0,0,10.5,0,0,0,0,78.88,99.19,0.15,987,1.4000000000000000,48,0.7000000000000000,0.0000,0.0000,,,,,,,,,,,,,,,,,,,,,,
2021,11,30,18,30,13.8,0,0,0,0,10,0,0,0,0,78.07000000000000,110.45,0.15,987,1.3,71,0.9,0.0000,0.0000,,,,,,,,,,,,,,,,,,,,,,
2021,11,30,19,30,13.3,0,0,0,0,9.600000000000000,0,0,0,0,78.16,122.07000000000000,0.15,987,1.3,79,1.3,0.0000,0.0000,,,,,,,,,,,,,,,,,,,,,,
2021,11,30,20,30,13,0,0,0,0,8.9,0,0,0,0,76.02,133.8,0.15,987,1.2000000000000000,80,1.7000000000000000,0.0000,0.0000,,,,,,,,,,,,,,,,,,,,,,
2021,11,30,21,30,12.8,0,0,0,0,8.1,0,0,0,0,73.02,145.28,0.15,987,1.2000000000000000,81,1.8,0.0000,0.0000,,,,,,,,,,,,,,,,,,,,,,
2021,11,30,22,30,12.5,0,0,0,0,7.300000000000000,0,0,0,0,70.59,155.71,0.15,987,1.2000000000000000,83,1.8,0.0000,0.0000,,,,,,,,,,,,,,,,,,,,,,
2021,11,30,23,30,12.200000000000000,0,0,0,0,6.7,0,0,0,0,69.03,162.69,0.15,987,1.2000000000000000,85,1.7000000000000000,0.0000,0.0000,,,,,,,,,,,,,,,,,,,,,,
2021,12,1,0,30,11.9,0,0,0,0,6.2,0,0,0,0,68.24,161.56,0.15,987,1.1,89,1.6,0.0000,0.0000,,,,,,,,,,,,,,,,,,,,,,
2021,12,1,1,30,11.8,0,0,0,0,5.800000000000000,0,0,0,0,66.7,153.35,0.15,987,1.1,92,1.7000000000000000,0.0000,0.0000,,,,,,,,,,,,,,,,,,,,,,
2021,12,1,2,30,11.700000000000000,0,0,0,0,5.300000000000000,0,0,0,0,64.8,142.54,0.15,988,1.1,93,1.7000000000000000,0.0000,0.0000,,,,,,,,,,,,,,,,,,,,,,
2021,12,1,3,30,11.600000000000000,0,0,0,0,4.800000000000000,0,0,0,0,62.95,130.96,0.15,988,1,92,1.7000000000000000,0.0000,0.0000,,,,,,,,,,,,,,,,,,,,,,
2021,12,1,4,30,11.600000000000000,0,0,0,0,4.4,0,0,0,0,61.32,119.24000000000000,0.15,988,1,90,1.7000000000000000,0.0000,0.0000,,,,,,,,,,,,,,,,,,,,,,
2021,12,1,5,30,11.600000000000000,0,0,0,0,4,0,0,0,0,59.72,107.69,0.15,988,1,89,1.8,0.0000,0.0000,,,,,,,,,,,,,,,,,,,,,,
2021,12,1,6,30,11.9,0,0,0,0,3.5,0,0,0,0,56.53,96.57000000000000,0.15,988,1,88,1.8,0.0000,0.0000,,,,,,,,,,,,,,,,,,,,,,
2021,12,1,7,30,13.600000000000000,25,375,51,0,3.3000000000000000,26,320,21,48,49.92,85.97,0.15,988,1,89,1.8,0.0000,0.0000,,,,,,,,,,,,,,,,,,,,,,
2021,12,1,8,30,16.900000000000000,47,698,207,0,5.4,47,698,0,207,46.58,76.75,0.15,988,1,91,1.7000000000000000,9.9812,7.6460,,,,,,,,,,,,,,,,,,,,,,
2021,12,1,9,30,20,61,813,352,0,7.6000000000000000,61,813,0,352,44.56,68.99,0.15,989,1,99,1.5,18.1815,14.0967,,,,,,,,,,,,,,,,,,,,,,
2021,12,1,10,30,22.3,72,859,457,0,8.200000000000000,72,859,0,457,40.31,63.39,0.15,988,1,119,0.9,24.6575,19.2166,,,,,,,,,,,,,,,,,,,,,,
2021,12,1,11,30,24,75,883,509,0,8.6,75,883,0,509,37.34,60.59,0.15,988,1,152,0.6000000000000000,27.9634,21.8330,,,,,,,,,,,,,,,,,,,,,,
2021,12,1,12,30,24.700000000000000,73,885,502,0,8.3,73,885,0,502,35.11,60.99,0.15,987,1,180,0.6000000000000000,27.5118,21.4753,,,,,,,,,,,,,,,,,,,,,,
2021,12,1,13,30,24.5,67,859,437,0,8.4,67,859,0,437,35.87,64.52,0.15,987,1,183,0.5,23.3910,18.2140,,,,,,,,,,,,,,,,,,,,,,
2021,12,1,14,30,23.400000000000000,60,784,319,0,8.8,60,784,0,319,39.29,70.7,0.15,986,1,174,0.4,16.2279,12.5554,,,,,,,,,,,,,,,,,,,,,,
2021,12,1,15,30,22.6,46,619,165,0,10.700000000000000,46,619,0,165,47,78.88,0.15,986,1,170,0.30000000000000000,7.8710,6.0069,,,,,,,,,,,,,,,,,,,,,,
2021,12,1,16,30,19,14,157,19,0,9.200000000000000,14,157,0,19,53.13,88.29,0.15,986,0.9,91,0.6000000000000000,0.0000,0.0000,,,,,,,,,,,,,,,,,,,,,,
2021,12,1,17,30,17.1,0,0,0,0,8,0,0,0,0,54.99,99.21000000000000,0.15,986,0.9,80,1.1,0.0000,0.0000,,,,,,,,,,,,,,,,,,,,,,
2021,12,1,18,30,16.400000000000000,0,0,0,0,7.7,0,0,0,0,56.25,110.46000000000000,0.15,987,0.9,95,1.2000000000000000,0.0000,0.0000,,,,,,,,,,,,,,,,,,,,,,
2021,12,1,19,30,16.3,0,0,0,0,6.800000000000000,0,0,0,0,53.24,122.08,0.15,987,0.8,114,1.2000000000000000,0.0000,0.0000,,,,,,,,,,,,,,,,,,,,,,
2021,12,1,20,30,16,0,0,0,0,6,0,0,0,0,51.47,133.81,0.15,987,0.8,129,1.2000000000000000,0.0000,0.0000,,,,,,,,,,,,,,,,,,,,,,
2021,12,1,21,30,15.3,0,0,0,0,5.6000000000000000,0,0,0,0,52.2,145.3,0.15,987,0.8,135,1.2000000000000000,0.0000,0.0000,,,,,,,,,,,,,,,,,,,,,,
2021,12,1,22,30,14.4,0,0,0,0,5.2,0,0,0,0,54.050000000000000,155.76,0.15,987,0.8,132,1.2000000000000000,0.0000,0.0000,,,,,,,,,,,,,,,,,,,,,,
2021,12,1,23,30,13.600000000000000,0,0,0,0,4.800000000000000,0,0,0,0,55.46,162.81,0.15,987,0.7000000000000000,126,1.3,0.0000,0.0000,,,,,,,,,,,,,,,,,,,,,,
2021,12,2,0,30,13,0,0,0,0,4.4,0,0,0,0,55.75,161.73,0.15,987,0.7000000000000000,119,1.3,0.0000,0.0000,,,,,,,,,,,,,,,,,,,,,,
2021,12,2,1,30,12.5,0,0,0,0,3.8000000000000000,0,0,0,0,55.2,153.52,0.15,987,0.7000000000000000,114,1.4000000000000000,0.0000,0.0000,,,,,,,,,,,,,,,,,,,,,,
2021,12,2,2,30,12.200000000000000,0,0,0,0,3.1,0,0,0,0,53.800000000000000,142.70000000000000,0.15,987,0.7000000000000000,112,1.4000000000000000,0.0000,0.0000,,,,,,,,,,,,,,,,,,,,,,
2021,12,2,3,30,12.200000000000000,0,0,0,0,2.3000000000000000,0,0,0,0,50.82,131.12,0.15,987,0.7000000000000000,112,1.4000000000000000,0.0000,0.0000,,,,,,,,,,,,,,,,,,,,,,
2021,12,2,4,30,12.4,0,0,0,0,1.5,0,0,0,0,47.410000000000000,119.39,0.15,987,0.7000000000000000,113,1.3,0.0000,0.0000,,,,,,,,,,,,,,,,,,,,,,
2021,12,2,5,30,12.3,0,0,0,0,0.9,0,0,0,0,45.52,107.85000000000000,0.15,987,0.7000000000000000,114,1.3,0.0000,0.0000,,,,,,,,,,,,,,,,,,,,,,
2021,12,2,6,30,12.200000000000000,0,0,0,0,0.5,0,0,0,0,44.59,96.73,0.15,987,0.7000000000000000,114,1.2000000000000000,0.0000,0.0000,,,,,,,,,,,,,,,,,,,,,,
2021,12,2,7,30,13.3,25,358,49,0,0.7000000000000000,25,339,7,48,42.12,86.13,0.15,987,0.7000000000000000,116,1,0.0000,0.0000,,,,,,,,,,,,,,,,,,,,,,
2021,12,2,8,30,16.2,50,691,206,0,4.800000000000000,50,691,0,206,46.800000000000000,76.92,0.15,987,0.7000000000000000,125,0.8,9.9213,7.5976,,,,,,,,,,,,,,,,,,,,,,
2021,12,2,9,30,19.3,63,818,354,0,8.200000000000000,63,818,0,354,48.7,69.16,0.15,988,0.7000000000000000,148,0.8,18.2577,14.1531,,,,,,,,,,,,,,,,,,,,,,
2021,12,2,10,30,21.200000000000000,72,869,459,0,4.800000000000000,72,869,0,459,34.14,63.56,0.15,987,0.8,177,0.7000000000000000,24.7363,19.2757,,,,,,,,,,,,,,,,,,,,,,
2021,12,2,11,30,21.900000000000000,77,886,510,0,4.9,77,886,0,510,33.07,60.75,0.15,987,0.8,201,0.7000000000000000,27.9912,21.8527,,,,,,,,,,,,,,,,,,,,,,
2021,12,2,12,30,22.200000000000000,78,880,503,0,5.9,78,880,0,503,34.84,61.120000000000000,0.15,986,0.8,223,0.6000000000000000,27.5445,21.4991,,,,,,,,,,,,,,,,,,,,,,
2021,12,2,13,30,21.900000000000000,74,845,436,0,6.2,74,845,0,436,36.17,64.62,0.15,986,0.8,247,0.6000000000000000,23.3205,18.1577,,,,,,,,,,,,,,,,,,,,,,
2021,12,2,14,30,20.8,66,763,317,0,6.5,66,763,0,317,39.480000000000000,70.77,0.15,985,0.8,267,0.5,16.1158,12.4676,,,,,,,,,,,,,,,,,,,,,,
2021,12,2,15,30,19.900000000000000,50,591,163,0,10.100000000000000,52,521,14,152,53.07,78.93,0.15,985,0.8,276,0.5,7.2500,5.5326,,,,,,,,,,,,,,,,,,,,,,
2021,12,2,16,30,16.3,15,141,19,0,8.1,13,122,7,17,58.38,88.31,0.15,985,0.8,189,0.6000000000000000,0.0000,0.0000,,,,,,,,,,,,,,,,,,,,,,
2021,12,2,17,30,14.4,0,0,0,3,7,0,0,0,0,61.01,99.23,0.15,986,0.8,59,0.8,0.0000,0.0000,,,,,,,,,,,,,,,,,,,,,,
2021,12,2,18,30,13.600000000000000,0,0,0,7,7,0,0,0,0,64.55,110.47,0.15,986,0.8,70,0.8,0.0000,0.0000,,,,,,,,,,,,,,,,,,,,,,
2021,12,2,19,30,13.8,0,0,0,0,6.1000000000000000,0,0,0,0,59.82,122.08,0.15,986,0.8,76,0.9,0.0000,0.0000,,,,,,,,,,,,,,,,,,,,,,
2021,12,2,20,30,13.8,0,0,0,0,4.9,0,0,0,0,54.78,133.81,0.15,986,0.8,85,0.8,0.0000,0.0000,,,,,,,,,,,,,,,,,,,,,,
2021,12,2,21,30,13,0,0,0,0,4.4,0,0,0,0,55.93,145.31,0.15,986,0.8,96,0.8,0.0000,0.0000,,,,,,,,,,,,,,,,,,,,,,
2021,12,2,22,30,11.8,0,0,0,0,4.4,0,0,0,0,60.47,155.81,0.15,986,0.8,103,0.9,0.0000,0.0000,,,,,,,,,,,,,,,,,,,,,,
2021,12,2,23,30,10.8,0,0,0,0,4.5,0,0,0,0,65.16,162.92000000000000,0.15,986,0.8,106,0.9,0.0000,0.0000,,,,,,,,,,,,,,,,,,,,,,
2021,12,3,0,30,10.3,0,0,0,0,4.4,0,0,0,0,66.99,161.9,0.15,986,0.8,110,1,0.0000,0.0000,,,,,,,,,,,,,,,,,,,,,,
2021,12,3,1,30,10,0,0,0,0,4.1000000000000000,0,0,0,0,66.98,153.68,0.15,986,0.8,115,1,0.0000,0.0000,,,,,,,,,,,,,,,,,,,,,,
2021,12,3,2,30,9.8,0,0,0,0,3.9000000000000000,0,0,0,0,66.52,142.86,0.15,986,0.8,120,1.1,0.0000,0.0000,,,,,,,,,,,,,,,,,,,,,,
2021,12,3,3,30,9.700000000000000,0,0,0,0,3.7,0,0,0,0,66.12,131.27,0.15,986,0.8,122,1.1,0.0000,0.0000,,,,,,,,,,,,,,,,,,,,,,
2021,12,3,4,30,9.5,0,0,0,0,3.6,0,0,0,0,66.49,119.55,0.15,986,0.9,122,1.1,0.0000,0.0000,,,,,,,,,,,,,,,,,,,,,,
2021,12,3,5,30,9.4,0,0,0,0,3.4000000000000000,0,0,0,0,66.27,108,0.15,987,0.9,123,1.1,0.0000,0.0000,,,,,,,,,,,,,,,,,,,,,,
2021,12,3,6,30,9.4,0,0,0,0,3.1,0,0,0,0,64.99,96.89,0.15,987,0.9,123,1.1,0.0000,0.0000,,,,,,,,,,,,,,,,,,,,,,
2021,12,3,7,30,10.200000000000000,25,277,43,0,3.2,25,252,14,41,61.92,86.28,0.15,987,0.9,122,0.9,0.0000,0.0000,,,,,,,,,,,,,,,,,,,,,,
2021,12,3,8,30,12.700000000000000,55,620,194,0,6,55,620,0,194,63.82,77.08,0.15,987,0.9,131,0.8,9.3333,7.1453,,,,,,,,,,,,,,,,,,,,,,
2021,12,3,9,30,15.4,69,771,341,0,7.1000000000000000,69,771,0,341,57.85,69.33,0.15,987,0.9,160,0.9,17.5611,13.6103,,,,,,,,,,,,,,,,,,,,,,
2021,12,3,10,30,17.6,76,841,448,0,6.6000000000000000,76,841,0,448,48.47,63.72,0.15,987,1,196,1.1,24.1166,18.7906,,,,,,,,,,,,,,,,,,,,,,
2021,12,3,11,30,19.1,79,865,500,0,6.9,79,865,0,500,45.14,60.89,0.15,986,1,224,1.3,27.4190,21.4041,,,,,,,,,,,,,,,,,,,,,,
2021,12,3,12,30,19.5,77,867,494,0,7.800000000000000,77,867,0,494,46.61,61.24,0.15,986,1.1,244,1.4000000000000000,27.0315,21.0972,,,,,,,,,,,,,,,,,,,,,,
2021,12,3,13,30,19.200000000000000,70,843,430,0,8.9,70,843,0,430,51.36,64.72,0.15,985,1.1,258,1.3,22.9828,17.8933,,,,,,,,,,,,,,,,,,,,,,
2021,12,3,14,30,18.1,62,764,313,0,9.4,62,764,0,313,56.67,70.84,0.15,985,1.1,272,1,15.9023,12.3012,,,,,,,,,,,,,,,,,,,,,,
2021,12,3,15,30,17.400000000000000,47,593,160,0,9.4,47,593,0,160,59.35,78.97,0.15,985,1.2000000000000000,280,0.9,7.6309,5.8229,,,,,,,,,,,,,,,,,,,,,,
2021,12,3,16,30,12.9,14,146,18,0,8.9,14,146,0,18,76.62,88.33,0.15,986,1.2000000000000000,164,0.7000000000000000,0.0000,0.0000,,,,,,,,,,,,,,,,,,,,,,
2021,12,3,17,30,11.3,0,0,0,0,7.9,0,0,0,0,79.56,99.24000000000000,0.15,986,1.2000000000000000,31,0.6000000000000000,0.0000,0.0000,,,,,,,,,,,,,,,,,,,,,,
2021,12,3,18,30,10.700000000000000,0,0,0,0,7.6000000000000000,0,0,0,0,81.14,110.47,0.15,986,1.2000000000000000,67,0.6000000000000000,0.0000,0.0000,,,,,,,,,,,,,,,,,,,,,,
2021,12,3,19,30,10.4,0,0,0,0,7.1000000000000000,0,0,0,0,80.17,122.08,0.15,987,1.2000000000000000,105,0.6000000000000000,0.0000,0.0000,,,,,,,,,,,,,,,,,,,,,,
2021,12,3,20,30,9.8,0,0,0,0,6.7,0,0,0,0,81.3,133.81,0.15,987,1.2000000000000000,129,0.7000000000000000,0.0000,0.0000,,,,,,,,,,,,,,,,,,,,,,
2021,12,3,21,30,9.3,0,0,0,0,6.5,0,0,0,0,82.8,145.32,0.15,987,1.2000000000000000,133,0.8,0.0000,0.0000,,,,,,,,,,,,,,,,,,,,,,
2021,12,3,22,30,8.9,0,0,0,0,6.2,0,0,0,0,83.17,155.84,0.15,987,1.2000000000000000,135,0.9,0.0000,0.0000,,,,,,,,,,,,,,,,,,,,,,
2021,12,3,23,30,8.8,0,0,0,0,5.800000000000000,0,0,0,0,81.33,163.03,0.15,987,1.2000000000000000,137,0.9,0.0000,0.0000,,,,,,,,,,,,,,,,,,,,,,
2021,12,4,0,30,8.8,0,0,0,0,5.4,0,0,0,0,79.15,162.06,0.15,987,1.2000000000000000,134,0.9,0.0000,0.0000,,,,,,,,,,,,,,,,,,,,,,
2021,12,4,1,30,8.700000000000000,0,0,0,0,5.1000000000000000,0,0,0,0,77.89,153.85,0.15,987,1.2000000000000000,124,0.8,0.0000,0.0000,,,,,,,,,,,,,,,,,,,,,,
2021,12,4,2,30,8.8,0,0,0,0,4.7,0,0,0,0,75.63,143.01,0.15,987,1.2000000000000000,115,0.8,0.0000,0.0000,,,,,,,,,,,,,,,,,,,,,,
2021,12,4,3,30,9,0,0,0,0,4.4,0,0,0,0,72.82000000000000,131.42000000000000,0.15,988,1.2000000000000000,109,0.7000000000000000,0.0000,0.0000,,,,,,,,,,,,,,,,,,,,,,
2021,12,4,4,30,9,0,0,0,0,4,0,0,0,0,71.06,119.7,0.15,988,1.2000000000000000,101,0.6000000000000000,0.0000,0.0000,,,,,,,,,,,,,,,,,,,,,,
2021,12,4,5,30,8.9,0,0,0,0,3.7,0,0,0,0,70.09,108.16,0.15,988,1.2000000000000000,94,0.6000000000000000,0.0000,0.0000,,,,,,,,,,,,,,,,,,,,,,
2021,12,4,6,30,9,0,0,0,0,3.4000000000000000,0,0,0,0,68.13,97.05,0.15,989,1.1,92,0.7000000000000000,0.0000,0.0000,,,,,,,,,,,,,,,,,,,,,,
2021,12,4,7,30,9.8,24,257,40,0,3.3000000000000000,24,257,0,40,64.17,86.44,0.15,989,1.1,95,0.7000000000000000,0.0000,0.0000,,,,,,,,,,,,,,,,,,,,,,
2021,12,4,8,30,11.9,56,599,188,0,5.800000000000000,56,599,0,188,66.06,77.24,0.15,990,1.1,127,0.5,9.0353,6.9151,,,,,,,,,,,,,,,,,,,,,,
2021,12,4,9,30,14.100000000000000,72,747,334,0,6.5,72,747,0,334,60.26,69.49,0.15,990,1.1,184,0.6000000000000000,17.1764,13.3096,,,,,,,,,,,,,,,,,,,,,,
2021,12,4,10,30,15.8,80,819,441,3,6.6000000000000000,144,309,0,280,54.370000000000000,63.88,0.15,990,1.1,230,0.8,15.0560,11.7295,,,,,,,,,,,,,,,,,,,,,,
2021,12,4,11,30,17,83,849,494,0,7.7,147,535,0,406,54.44,61.03,0.15,990,1.1,261,1.1,22.2451,17.3638,,,,,,,,,,,,,,,,,,,,,,
2021,12,4,12,30,17.5,81,851,489,3,8,144,411,0,341,53.75,61.36,0.15,989,1.1,278,1.4000000000000000,18.6454,14.5511,,,,,,,,,,,,,,,,,,,,,,
2021,12,4,13,30,17.2,75,819,424,3,8.200000000000000,102,174,0,176,55.36,64.81,0.15,989,1.2000000000000000,292,1.6,9.4007,7.3184,,,,,,,,,,,,,,,,,,,,,,
2021,12,4,14,30,16.3,66,740,308,3,8.5,89,216,0,160,60.1,70.91,0.15,989,1.2000000000000000,305,1.5,8.1238,6.2835,,,,,,,,,,,,,,,,,,,,,,
2021,12,4,15,30,15.600000000000000,49,572,158,0,9.200000000000000,49,572,0,158,65.66,79.01,0.15,989,1.2000000000000000,312,1.4000000000000000,7.5349,5.7493,,,,,,,,,,,,,,,,,,,,,,
2021,12,4,16,30,11,14,136,18,0,9.4,14,136,0,18,90.15,88.35000000000000,0.15,990,1.2000000000000000,182,0.7000000000000000,0.0000,0.0000,,,,,,,,,,,,,,,,,,,,,,
2021,12,4,17,30,9.700000000000000,0,0,0,0,8.8,0,0,0,0,94.38,99.25,0.15,990,1.1,28,0.6000000000000000,0.0000,0.0000,,,,,,,,,,,,,,,,,,,,,,
2021,12,4,18,30,9.600000000000000,0,0,0,0,8.6,0,0,0,0,93.74,110.46000000000000,0.15,990,1.1,45,0.5,0.0000,0.0000,,,,,,,,,,,,,,,,,,,,,,
2021,12,4,19,30,9.600000000000000,0,0,0,0,8.1,0,0,0,0,90.63,122.06,0.15,991,1,58,0.5,0.0000,0.0000,,,,,,,,,,,,,,,,,,,,,,
2021,12,4,20,30,9.5,0,0,0,0,7.6000000000000000,0,0,0,0,87.81,133.8,0.15,991,1,64,0.4,0.0000,0.0000,,,,,,,,,,,,,,,,,,,,,,
2021,12,4,21,30,9.1,0,0,0,0,7,0,0,0,0,86.83,145.32,0.15,991,1,64,0.5,0.0000,0.0000,,,,,,,,,,,,,,,,,,,,,,
2021,12,4,22,30,8.8,0,0,0,0,6.5,0,0,0,0,85.36,155.87,0.15,991,1,62,0.5,0.0000,0.0000,,,,,,,,,,,,,,,,,,,,,,
2021,12,4,23,30,8.6,0,0,0,0,5.9,0,0,0,0,83.34,163.13,0.15,991,0.9,64,0.6000000000000000,0.0000,0.0000,,,,,,,,,,,,,,,,,,,,,,
2021,12,5,0,30,8.3,0,0,0,0,5.300000000000000,0,0,0,0,81.37,162.22,0.15,991,0.9,72,0.6000000000000000,0.0000,0.0000,,,,,,,,,,,,,,,,,,,,,,
2021,12,5,1,30,8.1,0,0,0,0,4.6000000000000000,0,0,0,0,78.64,154,0.15,991,0.8,77,0.7000000000000000,0.0000,0.0000,,,,,,,,,,,,,,,,,,,,,,
2021,12,5,2,30,7.800000000000000,0,0,0,0,4,0,0,0,0,76.94,143.16,0.15,991,0.8,76,0.7000000000000000,0.0000,0.0000,,,,,,,,,,,,,,,,,,,,,,
2021,12,5,3,30,7.5,0,0,0,0,3.6,0,0,0,0,76.18,131.57,0.15,991,0.7000000000000000,72,0.8,0.0000,0.0000,,,,,,,,,,,,,,,,,,,,,,
2021,12,5,4,30,7.300000000000000,0,0,0,0,3.2,0,0,0,0,75.18,119.85000000000000,0.15,991,0.7000000000000000,69,0.8,0.0000,0.0000,,,,,,,,,,,,,,,,,,,,,,
2021,12,5,5,30,7.300000000000000,0,0,0,0,2.8000000000000000,0,0,0,0,73.06,108.31,0.15,991,0.7000000000000000,67,0.8,0.0000,0.0000,,,,,,,,,,,,,,,,,,,,,,
2021,12,5,6,30,7.4,0,0,0,0,2.4000000000000000,0,0,0,0,70.56,97.2,0.15,992,0.7000000000000000,70,0.7000000000000000,0.0000,0.0000,,,,,,,,,,,,,,,,,,,,,,
2021,12,5,7,30,8.8,23,358,44,0,2.3000000000000000,22,337,7,42,63.690000000000000,86.59,0.15,992,0.7000000000000000,74,0.8,0.0000,0.0000,,,,,,,,,,,,,,,,,,,,,,
2021,12,5,8,30,11.200000000000000,44,704,198,0,3.7,37,343,0,112,59.96,77.4,0.15,992,0.8,79,0.9,5.3774,4.1144,,,,,,,,,,,,,,,,,,,,,,
2021,12,5,9,30,13.200000000000000,58,816,342,3,5,77,174,0,138,57.38,69.65,0.15,992,0.9,81,0.8,7.0868,5.4903,,,,,,,,,,,,,,,,,,,,,,
2021,12,5,10,30,14.700000000000000,72,852,445,3,6.2,109,0,0,109,56.86,64.03,0.15,992,1.1,202,0.7000000000000000,5.8549,4.5608,,,,,,,,,,,,,,,,,,,,,,
2021,12,5,11,30,15.9,74,875,496,3,6.6000000000000000,103,0,0,103,53.96,61.17,0.15,991,1.2000000000000000,317,0.9,5.6386,4.4009,,,,,,,,,,,,,,,,,,,,,,
2021,12,5,12,30,16.6,71,880,491,3,6.800000000000000,135,3,0,136,52.22,61.47,0.15,990,1.2000000000000000,311,1.2000000000000000,7.4312,5.7990,,,,,,,,,,,,,,,,,,,,,,
2021,12,5,13,30,16.900000000000000,65,856,428,3,7.1000000000000000,170,79,0,204,52.370000000000000,64.89,0.15,989,1.3,312,1.4000000000000000,10.8899,8.4772,,,,,,,,,,,,,,,,,,,,,,
2021,12,5,14,30,16.3,58,779,312,3,7.5,122,288,14,216,55.97,70.96000000000000,0.15,989,1.3,314,1.3,10.9621,8.4783,,,,,,,,,,,,,,,,,,,,,,
2021,12,5,15,30,15.8,44,615,161,3,8.700000000000000,69,200,100,107,62.56,79.04,0.15,989,1.3,316,1.2000000000000000,5.1025,3.8931,,,,,,,,,,,,,,,,,,,,,,
2021,12,5,16,30,11.200000000000000,14,152,18,8,8.9,11,24,86,12,86.01,88.36,0.15,989,1.3,181,0.6000000000000000,0.0000,0.0000,,,,,,,,,,,,,,,,,,,,,,
2021,12,5,17,30,10.3,0,0,0,3,7.800000000000000,0,0,0,0,84.64,99.24000000000000,0.15,989,1.3,31,0.6000000000000000,0.0000,0.0000,,,,,,,,,,,,,,,,,,,,,,
2021,12,5,18,30,10.200000000000000,0,0,0,0,7.300000000000000,0,0,0,0,82.41,110.45,0.15,990,1.3,56,0.5,0.0000,0.0000,,,,,,,,,,,,,,,,,,,,,,
2021,12,5,19,30,10,0,0,0,0,6.800000000000000,0,0,0,0,80.36,122.05,0.15,990,1.3,78,0.5,0.0000,0.0000,,,,,,,,,,,,,,,,,,,,,,
2021,12,5,20,30,9.5,0,0,0,0,6.1000000000000000,0,0,0,0,79.58,133.78,0.15,989,1.3,95,0.5,0.0000,0.0000,,,,,,,,,,,,,,,,,,,,,,
2021,12,5,21,30,9,0,0,0,0,5.7,0,0,0,0,79.73,145.31,0.15,989,1.3,103,0.6000000000000000,0.0000,0.0000,,,,,,,,,,,,,,,,,,,,,,
2021,12,5,22,30,8.6,0,0,0,0,5.4,0,0,0,0,80.26,155.89000000000000,0.15,989,1.3,105,0.6000000000000000,0.0000,0.0000,,,,,,,,,,,,,,,,,,,,,,
2021,12,5,23,30,8.3,0,0,0,4,5.2,0,0,0,0,80.58,163.21,0.15,989,1.3,104,0.6000000000000000,0.0000,0.0000,,,,,,,,,,,,,,,,,,,,,,
2021,12,6,0,30,8.200000000000000,0,0,0,7,5,0,0,0,0,80.5,162.37,0.15,989,1.2000000000000000,107,0.7000000000000000,0.0000,0.0000,,,,,,,,,,,,,,,,,,,,,,
2021,12,6,1,30,8.3,0,0,0,5,4.800000000000000,0,0,0,0,78.5,154.16,0.15,988,1.2000000000000000,119,0.7000000000000000,0.0000,0.0000,,,,,,,,,,,,,,,,,,,,,,
2021,12,6,2,30,8.700000000000000,0,0,0,4,4.5,0,0,0,0,74.7,143.31,0.15,988,1.2000000000000000,129,0.8,0.0000,0.0000,,,,,,,,,,,,,,,,,,,,,,
2021,12,6,3,30,8.4,0,0,0,7,4.1000000000000000,0,0,0,0,74.33,131.72,0.15,988,1.2000000000000000,129,0.9,0.0000,0.0000,,,,,,,,,,,,,,,,,,,,,,
2021,12,6,4,30,8.1,0,0,0,7,4,0,0,0,0,75.57000000000000,119.99000000000000,0.15,987,1.1,130,1,0.0000,0.0000,,,,,,,,,,,,,,,,,,,,,,
2021,12,6,5,30,8.6,0,0,0,6,3.4000000000000000,0,0,0,0,70,108.46000000000000,0.15,987,1.1,142,0.9,0.0000,0.0000,,,,,,,,,,,,,,,,,,,,,,
2021,12,6,6,30,9,0,0,0,7,3.4000000000000000,0,0,0,0,67.88,97.35000000000000,0.15,987,1.2000000000000000,166,0.8,0.0000,0.0000,,,,,,,,,,,,,,,,,,,,,,
2021,12,6,7,30,9.4,22,276,38,6,3.5,18,9,100,19,66.41,86.73,0.15,988,1.2000000000000000,158,0.6000000000000000,0.0000,0.0000,,,,,,,,,,,,,,,,,,,,,,
2021,12,6,8,30,10.100000000000000,48,643,187,6,5.1000000000000000,47,0,0,47,70.98,77.55,0.15,988,1.3,124,0.5,2.2546,1.7246,,,,,,,,,,,,,,,,,,,,,,
2021,12,6,9,30,11.3,62,783,332,6,6,54,0,0,54,70.02,69.8,0.15,988,1.3,76,0.6000000000000000,2.7694,2.1451,,,,,,,,,,,,,,,,,,,,,,
2021,12,6,10,30,12.200000000000000,69,847,438,6,6.300000000000000,89,0,0,89,67.29,64.17,0.15,988,1.4000000000000000,169,0.5,4.7758,3.7198,,,,,,,,,,,,,,,,,,,,,,
2021,12,6,11,30,12,70,868,487,6,6.7,87,0,0,87,70.13,61.29,0.15,987,1.7000000000000000,222,0.6000000000000000,4.7591,3.7142,,,,,,,,,,,,,,,,,,,,,,
2021,12,6,12,30,12.5,69,860,478,6,6.800000000000000,111,4,0,113,68.3,61.57,0.15,985,2,200,0.7000000000000000,6.1705,4.8149,,,,,,,,,,,,,,,,,,,,,,
2021,12,6,13,30,12.9,66,821,413,6,7.300000000000000,54,0,0,54,69,64.96000000000000,0.15,985,2.2,270,0.5,2.8811,2.2427,,,,,,,,,,,,,,,,,,,,,,
2021,12,6,14,30,12.3,58,743,300,6,7.2,49,0,0,49,71.04,71.01,0.15,984,2.2,298,0.7000000000000000,2.4856,1.9223,,,,,,,,,,,,,,,,,,,,,,
2021,12,6,15,30,12.100000000000000,44,578,154,6,7.4,22,0,0,22,73.16,79.07000000000000,0.15,984,2.2,312,1,1.0490,0.8004,,,,,,,,,,,,,,,,,,,,,,
2021,12,6,16,30,9.700000000000000,14,139,18,6,7.2,5,0,86,5,84.36,88.37,0.16,985,2.3000000000000000,200,0.6000000000000000,0.0000,0.0000,,,,,,,,,,,,,,,,,,,,,,
2021,12,6,17,30,9.1,0,0,0,6,6.800000000000000,0,0,0,0,85.34,99.24000000000000,0.16,984,2.3000000000000000,88,0.5,0.0000,0.0000,,,,,,,,,,,,,,,,,,,,,,
2021,12,6,18,30,8.6,0,0,0,6,6.5,0,0,0,0,86.4,110.44,0.16,984,2.3000000000000000,115,0.5,0.0000,0.0000,,,,,,,,,,,,,,,,,,,,,,
2021,12,6,19,30,8.5,0,0,0,6,5.7,0,0,0,0,82.64,122.03,0.16,984,2.3000000000000000,122,0.5,0.0000,0.0000,,,,,,,,,,,,,,,,,,,,,,
2021,12,6,20,30,8.700000000000000,0,0,0,6,5.6000000000000000,0,0,0,0,81.12,133.76,0.16,983,2.3000000000000000,101,0.4,0.0000,0.0000,,,,,,,,,,,,,,,,,,,,,,
2021,12,6,21,30,8.9,0,0,0,6,5.7,0,0,0,0,80.29,145.3,0.16,983,2.3000000000000000,89,0.4,0.0000,0.0000,,,,,,,,,,,,,,,,,,,,,,
2021,12,6,22,30,9,0,0,0,7,5.7,0,0,0,0,79.78,155.91,0.16,983,2.3000000000000000,126,0.4,0.0000,0.0000,,,,,,,,,,,,,,,,,,,,,,
2021,12,6,23,30,9,0,0,0,8,5.6000000000000000,0,0,0,0,79.44,163.29,0.16,983,2.2,127,0.4,0.0000,0.0000,,,,,,,,,,,,,,,,,,,,,,
2021,12,7,0,30,9,0,0,0,7,5.6000000000000000,0,0,0,0,79.33,162.51,0.16,982,2.2,90,0.5,0.0000,0.0000,,,,,,,,,,,,,,,,,,,,,,
2021,12,7,1,30,9,0,0,0,7,5.5,0,0,0,0,78.73,154.31,0.16,982,2.1,82,0.6000000000000000,0.0000,0.0000,,,,,,,,,,,,,,,,,,,,,,
2021,12,7,2,30,8.8,0,0,0,7,5.4,0,0,0,0,79.4,143.46,0.16,981,2,70,0.6000000000000000,0.0000,0.0000,,,,,,,,,,,,,,,,,,,,,,
2021,12,7,3,30,8.5,0,0,0,7,5.5,0,0,0,0,81.15,131.86,0.16,981,2,52,0.7000000000000000,0.0000,0.0000,,,,,,,,,,,,,,,,,,,,,,
2021,12,7,4,30,8.3,0,0,0,8,5.4,0,0,0,0,82.23,120.14,0.16,981,1.9000000000000000,37,0.8,0.0000,0.0000,,,,,,,,,,,,,,,,,,,,,,
2021,12,7,5,30,8.200000000000000,0,0,0,8,5.4,0,0,0,0,82.69,108.60000000000000,0.16,981,1.9000000000000000,26,0.9,0.0000,0.0000,,,,,,,,,,,,,,,,,,,,,,
2021,12,7,6,30,8.1,0,0,0,7,5.4,0,0,0,0,83.35000000000000,97.5,0.16,981,2,23,0.9,0.0000,0.0000,,,,,,,,,,,,,,,,,,,,,,
2021,12,7,7,30,8.6,21,239,34,7,5.800000000000000,8,0,100,8,82.45,86.88,0.16,982,2,36,0.9,0.0000,0.0000,,,,,,,,,,,,,,,,,,,,,,
2021,12,7,8,30,9.9,49,602,177,7,7.1000000000000000,24,0,0,24,82.97,77.7,0.16,982,2,66,0.8,1.1503,0.8796,,,,,,,,,,,,,,,,,,,,,,
2021,12,7,9,30,11.700000000000000,65,741,319,0,8,67,527,0,248,78.29,69.94,0.16,983,2,122,0.7000000000000000,12.7029,9.8378,,,,,,,,,,,,,,,,,,,,,,
2021,12,7,10,30,13.600000000000000,74,802,422,0,8.6,72,686,0,369,72.01,64.3,0.16,983,2,188,0.8,19.7825,15.4068,,,,,,,,,,,,,,,,,,,,,,
2021,12,7,11,30,14.700000000000000,79,827,475,0,8.5,77,473,0,303,66.21000000000000,61.410000000000000,0.16,983,2,232,1.1,16.5625,12.9251,,,,,,,,,,,,,,,,,,,,,,
2021,12,7,12,30,15.200000000000000,85,802,466,0,8.3,85,684,0,410,63.42,61.67,0.16,982,2,252,1.3,22.3745,17.4579,,,,,,,,,,,,,,,,,,,,,,
2021,12,7,13,30,15.3,90,734,400,3,8.4,46,0,0,46,63.53,65.03,0.16,982,2,253,1.3,2.4530,1.9093,,,,,,,,,,,,,,,,,,,,,,
2021,12,7,14,30,14.600000000000000,81,638,288,0,8.6,51,313,0,153,67.32000000000000,71.05,0.16,982,2,245,1.2000000000000000,7.7584,5.9998,,,,,,,,,,,,,,,,,,,,,,
2021,12,7,15,30,14.100000000000000,58,453,144,0,9,58,453,0,144,71.47,79.09,0.16,982,2,241,1.2000000000000000,6.8662,5.2385,,,,,,,,,,,,,,,,,,,,,,
2021,12,7,16,30,10.4,13,72,15,0,8.8,10,46,14,11,90.11,88.37,0.16,983,1.9000000000000000,233,0.5,0.0000,0.0000,,,,,,,,,,,,,,,,,,,,,,
2021,12,7,17,30,9.200000000000000,0,0,0,0,8.4,0,0,0,0,95.01,99.23,0.16,983,1.9000000000000000,156,0.4,0.0000,0.0000,,,,,,,,,,,,,,,,,,,,,,
2021,12,7,18,30,9,0,0,0,0,8.200000000000000,0,0,0,0,94.71000000000000,110.42,0.16,984,1.8,90,0.5,0.0000,0.0000,,,,,,,,,,,,,,,,,,,,,,
2021,12,7,19,30,8.8,0,0,0,0,7.7,0,0,0,0,92.75,122,0.16,984,1.8,103,0.6000000000000000,0.0000,0.0000,,,,,,,,,,,,,,,,,,,,,,
2021,12,7,20,30,8.6,0,0,0,0,7,0,0,0,0,89.74,133.73,0.16,984,1.7000000000000000,119,0.6000000000000000,0.0000,0.0000,,,,,,,,,,,,,,,,,,,,,,
2021,12,7,21,30,8.5,0,0,0,0,6.5,0,0,0,0,87.36,145.28,0.16,984,1.7000000000000000,133,0.6000000000000000,0.0000,0.0000,,,,,,,,,,,,,,,,,,,,,,
2021,12,7,22,30,8.4,0,0,0,0,6.2,0,0,0,0,86.02,155.91,0.16,984,1.7000000000000000,142,0.7000000000000000,0.0000,0.0000,,,,,,,,,,,,,,,,,,,,,,
2021,12,7,23,30,8,0,0,0,0,5.9,0,0,0,0,86.61,163.37,0.16,984,1.6,143,0.7000000000000000,0.0000,0.0000,,,,,,,,,,,,,,,,,,,,,,
2021,12,8,0,30,7.6000000000000000,0,0,0,0,5.6000000000000000,0,0,0,0,87.34,162.65,0.16,984,1.6,140,0.8,0.0000,0.0000,,,,,,,,,,,,,,,,,,,,,,
2021,12,8,1,30,7.5,0,0,0,8,5.4,0,0,0,0,86.62,154.45000000000000,0.16,984,1.6,137,0.8,0.0000,0.0000,,,,,,,,,,,,,,,,,,,,,,
2021,12,8,2,30,7.5,0,0,0,8,5.1000000000000000,0,0,0,0,84.98,143.6,0.16,984,1.6,143,0.9,0.0000,0.0000,,,,,,,,,,,,,,,,,,,,,,
2021,12,8,3,30,7.5,0,0,0,0,4.9,0,0,0,0,83.55,132,0.16,984,1.7000000000000000,156,0.8,0.0000,0.0000,,,,,,,,,,,,,,,,,,,,,,
2021,12,8,4,30,7,0,0,0,0,4.7,0,0,0,0,85.31,120.28,0.16,984,1.7000000000000000,157,0.9,0.0000,0.0000,,,,,,,,,,,,,,,,,,,,,,
2021,12,8,5,30,6.1000000000000000,0,0,0,0,4.6000000000000000,0,0,0,0,89.86,108.75,0.16,984,1.6,145,1.1,0.0000,0.0000,,,,,,,,,,,,,,,,,,,,,,
2021,12,8,6,30,5.9,0,0,0,8,4.5,0,0,0,0,90.85000000000000,97.64,0.16,983,1.6,136,1.1,0.0000,0.0000,,,,,,,,,,,,,,,,,,,,,,
2021,12,8,7,30,7.5,21,146,29,0,4.7,20,82,57,24,82.19,87.01,0.16,984,1.6,138,1,0.0000,0.0000,,,,,,,,,,,,,,,,,,,,,,
2021,12,8,8,30,10,65,486,167,4,6,39,28,0,45,76.35000000000000,77.85000000000000,0.16,984,1.7000000000000000,150,1.2000000000000000,2.1551,1.6476,,,,,,,,,,,,,,,,,,,,,,
2021,12,8,9,30,12,85,651,307,3,6.9,126,46,0,142,71.10000000000000,70.08,0.16,985,1.8,163,1.6,7.2643,5.6249,,,,,,,,,,,,,,,,,,,,,,
2021,12,8,10,30,13.3,95,739,414,3,7.2,98,6,0,101,66.69,64.43,0.16,984,1.8,172,1.8,5.4097,4.2127,,,,,,,,,,,,,,,,,,,,,,
2021,12,8,11,30,14.200000000000000,97,777,467,3,7.4,49,0,0,49,63.75,61.53,0.16,984,1.8,177,1.7000000000000000,2.6764,2.0885,,,,,,,,,,,,,,,,,,,,,,
2021,12,8,12,30,14.600000000000000,97,774,463,3,7.7,46,0,0,46,63.17,61.76,0.16,983,1.9000000000000000,184,1.7000000000000000,2.5089,1.9575,,,,,,,,,,,,,,,,,,,,,,
2021,12,8,13,30,14.5,95,722,399,3,7.9,98,3,0,99,64.4,65.09,0.16,982,1.9000000000000000,194,1.7000000000000000,5.2770,4.1072,,,,,,,,,,,,,,,,,,,,,,
2021,12,8,14,30,13.8,85,626,288,0,8,99,494,0,259,68.07000000000000,71.09,0.16,982,2,201,1.4000000000000000,13.1287,10.1522,,,,,,,,,,,,,,,,,,,,,,
2021,12,8,15,30,13.3,61,440,144,0,8.200000000000000,48,227,0,91,71.17,79.10000000000000,0.16,982,2,203,1.2000000000000000,4.3390,3.3103,,,,,,,,,,,,,,,,,,,,,,
2021,12,8,16,30,11.200000000000000,13,63,15,7,8.700000000000000,7,0,86,7,84.54,88.37,0.16,982,2,188,0.4,0.0000,0.0000,,,,,,,,,,,,,,,,,,,,,,
2021,12,8,17,30,10.5,0,0,0,7,8.5,0,0,0,0,87.47,99.21000000000000,0.16,982,2.1,140,0.30000000000000000,0.0000,0.0000,,,,,,,,,,,,,,,,,,,,,,
2021,12,8,18,30,10.100000000000000,0,0,0,7,8.3,0,0,0,0,88.8,110.39,0.16,982,2.1,116,0.4,0.0000,0.0000,,,,,,,,,,,,,,,,,,,,,,
2021,12,8,19,30,9.9,0,0,0,7,8.200000000000000,0,0,0,0,89.08,121.97,0.16,981,2.1,129,0.4,0.0000,0.0000,,,,,,,,,,,,,,,,,,,,,,
2021,12,8,20,30,10,0,0,0,7,8.3,0,0,0,0,88.89,133.7,0.16,981,2.2,147,0.5,0.0000,0.0000,,,,,,,,,,,,,,,,,,,,,,
2021,12,8,21,30,10,0,0,0,6,8.4,0,0,0,0,90.05,145.25,0.16,981,2.3000000000000000,162,0.6000000000000000,0.0000,0.0000,,,,,,,,,,,,,,,,,,,,,,
2021,12,8,22,30,9.9,0,0,0,6,8.6,0,0,0,0,91.35000000000000,155.91,0.16,980,2.3000000000000000,179,0.9,0.0000,0.0000,,,,,,,,,,,,,,,,,,,,,,
2021,12,8,23,30,9.700000000000000,0,0,0,6,8.5,0,0,0,0,92.42,163.43,0.16,980,2.4000000000000000,192,1.1,0.0000,0.0000,,,,,,,,,,,,,,,,,,,,,,
2021,12,9,0,30,9.3,0,0,0,6,8.3,0,0,0,0,93.79,162.78,0.16,980,2.4000000000000000,198,1.1,0.0000,0.0000,,,,,,,,,,,,,,,,,,,,,,
2021,12,9,1,30,9.1,0,0,0,6,8.1,0,0,0,0,93.29,154.59,0.16,979,2.4000000000000000,207,1.3,0.0000,0.0000,,,,,,,,,,,,,,,,,,,,,,
2021,12,9,2,30,8.9,0,0,0,7,7.9,0,0,0,0,93.39,143.74,0.16,979,2.3000000000000000,220,1.5,0.0000,0.0000,,,,,,,,,,,,,,,,,,,,,,
2021,12,9,3,30,8.6,0,0,0,6,7.5,0,0,0,0,93.05,132.14000000000000,0.16,978,2.2,230,1.6,0.0000,0.0000,,,,,,,,,,,,,,,,,,,,,,
2021,12,9,4,30,8.200000000000000,0,0,0,6,7.1000000000000000,0,0,0,0,92.97,120.42,0.16,978,2,238,1.4000000000000000,0.0000,0.0000,,,,,,,,,,,,,,,,,,,,,,
2021,12,9,5,30,7.7,0,0,0,6,6.800000000000000,0,0,0,0,93.76,108.89,0.16,979,1.9000000000000000,241,1.1,0.0000,0.0000,,,,,,,,,,,,,,,,,,,,,,
2021,12,9,6,30,7.300000000000000,0,0,0,7,6.4,0,0,0,0,93.87,97.78,0.16,979,1.7000000000000000,237,0.9,0.0000,0.0000,,,,,,,,,,,,,,,,,,,,,,
2021,12,9,7,30,7.5,22,140,29,4,6.2,7,0,100,7,91.44,87.15,0.16,979,1.7000000000000000,237,1,0.0000,0.0000,,,,,,,,,,,,,,,,,,,,,,
2021,12,9,8,30,8,63,493,166,8,6.4,42,81,0,59,89.76,77.98,0.16,980,1.6,252,1.2000000000000000,2.8238,2.1583,,,,,,,,,,,,,,,,,,,,,,
2021,12,9,9,30,8.6,88,640,305,8,6.5,116,90,0,146,86.58,70.22,0.16,980,1.6,283,1.2000000000000000,7.4595,5.7750,,,,,,,,,,,,,,,,,,,,,,
2021,12,9,10,30,9.4,104,710,409,4,6.5,76,10,0,80,82.27,64.56,0.16,981,1.5,308,1.3,4.2809,3.3333,,,,,,,,,,,,,,,,,,,,,,
2021,12,9,11,30,10.200000000000000,106,765,470,4,6.5,172,369,14,347,78.03,61.63,0.16,981,1.3,314,1.3,18.9413,14.7794,,,,,,,,,,,,,,,,,,,,,,
2021,12,9,12,30,10.8,101,784,471,2,6.4,193,254,21,313,74.13,61.84,0.16,980,1.1,307,1.5,17.0625,13.3117,,,,,,,,,,,,,,,,,,,,,,
2021,12,9,13,30,11.100000000000000,94,756,412,4,6.1000000000000000,75,2,0,76,71.12,65.15,0.16,980,1,301,1.8,4.0492,3.1514,,,,,,,,,,,,,,,,,,,,,,
2021,12,9,14,30,10.9,80,682,301,4,5.6000000000000000,90,108,7,125,69.84,71.11,0.16,980,0.9,299,1.7000000000000000,6.3351,4.8987,,,,,,,,,,,,,,,,,,,,,,
2021,12,9,15,30,10.600000000000000,58,503,153,0,5.300000000000000,58,503,0,153,69.84,79.11,0.16,981,0.9,298,1.6,7.2951,5.5655,,,,,,,,,,,,,,,,,,,,,,
2021,12,9,16,30,7.5,14,93,17,0,5,14,93,0,17,83.98,88.35000000000000,0.16,981,0.9,300,1,0.0000,0.0000,,,,,,,,,,,,,,,,,,,,,,
2021,12,9,17,30,6.2,0,0,0,0,3.4000000000000000,0,0,0,0,82.37,99.18,0.16,982,0.9,312,1,0.0000,0.0000,,,,,,,,,,,,,,,,,,,,,,
2021,12,9,18,30,5.6000000000000000,0,0,0,0,2.7,0,0,0,0,81.53,110.35000000000000,0.16,983,0.9,337,0.9,0.0000,0.0000,,,,,,,,,,,,,,,,,,,,,,
2021,12,9,19,30,4.9,0,0,0,0,2.1,0,0,0,0,81.83,121.93,0.16,983,0.8,190,0.8,0.0000,0.0000,,,,,,,,,,,,,,,,,,,,,,
2021,12,9,20,30,4.4,0,0,0,0,1.6,0,0,0,0,81.76,133.66,0.16,983,0.8,39,0.8,0.0000,0.0000,,,,,,,,,,,,,,,,,,,,,,
2021,12,9,21,30,4,0,0,0,0,1.1,0,0,0,0,81.43,145.22,0.16,983,0.8,55,0.8,0.0000,0.0000,,,,,,,,,,,,,,,,,,,,,,
2021,12,9,22,30,3.8000000000000000,0,0,0,0,0.8,0,0,0,0,80.94,155.9,0.16,983,0.8,62,0.8,0.0000,0.0000,,,,,,,,,,,,,,,,,,,,,,
2021,12,9,23,30,3.5,0,0,0,4,0.6000000000000000,0,0,0,0,81.56,163.48,0.16,984,0.9,66,0.8,0.0000,0.0000,,,,,,,,,,,,,,,,,,,,,,
2021,12,10,0,30,3.1,0,0,0,0,0.4,0,0,0,0,82.36,162.91,0.16,984,0.9,71,0.8,0.0000,0.0000,,,,,,,,,,,,,,,,,,,,,,
2021,12,10,1,30,2.8000000000000000,0,0,0,4,0,0,0,0,0,81.93,154.73,0.16,984,0.9,74,0.8,0.0000,0.0000,,,,,,,,,,,,,,,,,,,,,,
2021,12,10,2,30,2.5,0,0,0,4,-0.4,0,0,0,0,80.96000000000000,143.88,0.16,984,0.9,74,0.8,0.0000,0.0000,,,,,,,,,,,,,,,,,,,,,,
2021,12,10,3,30,2.3000000000000000,0,0,0,4,-0.9,0,0,0,0,79.33,132.28,0.16,985,0.9,73,0.8,0.0000,0.0000,,,,,,,,,,,,,,,,,,,,,,
2021,12,10,4,30,2.1,0,0,0,4,-1.4000000000000000,0,0,0,0,77.75,120.56,0.16,985,0.8,73,0.8,0.0000,0.0000,,,,,,,,,,,,,,,,,,,,,,
2021,12,10,5,30,2,0,0,0,0,-1.9000000000000000,0,0,0,0,75.43,109.02,0.16,986,0.8,75,0.9,0.0000,0.0000,,,,,,,,,,,,,,,,,,,,,,
2021,12,10,6,30,2.1,0,0,0,0,-2.4000000000000000,0,0,0,0,71.98,97.92,0.16,987,0.8,78,0.9,0.0000,0.0000,,,,,,,,,,,,,,,,,,,,,,
2021,12,10,7,30,3.4000000000000000,20,224,31,0,-2.6,20,224,0,31,64.97,87.27,0.16,987,0.8,87,0.8,0.0000,0.0000,,,,,,,,,,,,,,,,,,,,,,
2021,12,10,8,30,6.2,51,623,179,0,0.2,51,623,0,179,65.41,78.12,0.16,988,0.8,101,0.7000000000000000,8.5615,6.5421,,,,,,,,,,,,,,,,,,,,,,
2021,12,10,9,30,8.8,65,783,328,0,0.30000000000000000,65,783,0,328,55.33,70.34,0.16,988,0.8,170,0.7000000000000000,16.7403,12.9580,,,,,,,,,,,,,,,,,,,,,,
2021,12,10,10,30,10.3,70,860,438,0,-0.6000000000000000,70,860,0,438,46.86,64.67,0.16,988,0.8,246,1,23.4190,18.2336,,,,,,,,,,,,,,,,,,,,,,
2021,12,10,11,30,11,73,890,495,0,-0.8,73,890,0,495,44.09,61.730000000000000,0.16,988,0.8,264,1.4000000000000000,27.0028,21.0683,,,,,,,,,,,,,,,,,,,,,,
2021,12,10,12,30,11.3,71,891,491,0,-0.7000000000000000,71,891,0,491,43.31,61.910000000000000,0.16,988,0.8,271,1.5,26.7538,20.8716,,,,,,,,,,,,,,,,,,,,,,
2021,12,10,13,30,11.200000000000000,68,860,429,0,-0.8,68,860,0,429,43.35,65.19,0.16,988,0.8,279,1.4000000000000000,22.8499,17.7829,,,,,,,,,,,,,,,,,,,,,,
2021,12,10,14,30,10.5,60,787,315,0,-0.7000000000000000,60,787,0,315,45.730000000000000,71.13,0.16,988,0.8,289,1.1,15.9614,12.3421,,,,,,,,,,,,,,,,,,,,,,
2021,12,10,15,30,10,45,626,163,0,0.6000000000000000,45,626,0,163,52,79.10000000000000,0.16,988,0.8,294,0.9,7.7721,5.9295,,,,,,,,,,,,,,,,,,,,,,
2021,12,10,16,30,6.9,14,167,19,0,0.7000000000000000,14,167,0,19,64.83,88.34,0.16,988,0.8,157,0.7000000000000000,0.0000,0.0000,,,,,,,,,,,,,,,,,,,,,,
2021,12,10,17,30,5.9,0,0,0,0,-1.1,0,0,0,0,60.75,99.15,0.16,988,0.9,30,0.7000000000000000,0.0000,0.0000,,,,,,,,,,,,,,,,,,,,,,
2021,12,10,18,30,5.5,0,0,0,0,-1.3,0,0,0,0,61.550000000000000,110.32000000000000,0.16,989,0.9,65,0.7000000000000000,0.0000,0.0000,,,,,,,,,,,,,,,,,,,,,,
2021,12,10,19,30,5.7,0,0,0,0,-1.5,0,0,0,0,59.67,121.88,0.16,989,1,90,0.7000000000000000,0.0000,0.0000,,,,,,,,,,,,,,,,,,,,,,
2021,12,10,20,30,5.7,0,0,0,0,-1.7000000000000000,0,0,0,0,59,133.61,0.16,990,1,115,0.7000000000000000,0.0000,0.0000,,,,,,,,,,,,,,,,,,,,,,
2021,12,10,21,30,4.9,0,0,0,0,-1.7000000000000000,0,0,0,0,62.13,145.18,0.16,990,1,130,0.9,0.0000,0.0000,,,,,,,,,,,,,,,,,,,,,,
2021,12,10,22,30,3.6,0,0,0,4,-1.6,0,0,0,0,68.68,155.89000000000000,0.16,990,1.1,132,1,0.0000,0.0000,,,,,,,,,,,,,,,,,,,,,,
2021,12,10,23,30,2.6,0,0,0,0,-1.5,0,0,0,0,74.44,163.53,0.16,990,1.1,131,1.1,0.0000,0.0000,,,,,,,,,,,,,,,,,,,,,,
2021,12,11,0,30,2.2,0,0,0,0,-1.4000000000000000,0,0,0,0,76.94,163.02,0.16,990,1.1,129,1.1,0.0000,0.0000,,,,,,,,,,,,,,,,,,,,,,
2021,12,11,1,30,2.2,0,0,0,0,-1.6,0,0,0,0,76.13,154.87,0.16,990,1.1,126,1.1,0.0000,0.0000,,,,,,,,,,,,,,,,,,,,,,
2021,12,11,2,30,2.3000000000000000,0,0,0,0,-1.9000000000000000,0,0,0,0,73.71000000000000,144.01,0.16,990,1.1,125,1.1,0.0000,0.0000,,,,,,,,,,,,,,,,,,,,,,
2021,12,11,3,30,2.9000000000000000,0,0,0,0,-1.9000000000000000,0,0,0,0,70.49,132.41,0.16,989,1.1,128,1,0.0000,0.0000,,,,,,,,,,,,,,,,,,,,,,
2021,12,11,4,30,3.4000000000000000,0,0,0,0,-1.6,0,0,0,0,69.57000000000000,120.69,0.16,989,1.1,131,0.9,0.0000,0.0000,,,,,,,,,,,,,,,,,,,,,,
2021,12,11,5,30,3.5,0,0,0,0,-1.7000000000000000,0,0,0,0,68.99,109.16,0.16,989,1.1,132,1,0.0000,0.0000,,,,,,,,,,,,,,,,,,,,,,
2021,12,11,6,30,3.6,0,0,0,0,-1.9000000000000000,0,0,0,0,67.51,98.06,0.16,990,1.1,133,1,0.0000,0.0000,,,,,,,,,,,,,,,,,,,,,,
2021,12,11,7,30,4.9,19,233,30,0,-1.7000000000000000,19,233,0,30,62.57,87.4,0.16,990,1.1,134,0.9,0.0000,0.0000,,,,,,,,,,,,,,,,,,,,,,
2021,12,11,8,30,7.6000000000000000,48,630,176,0,0.1,48,630,0,176,59.01,78.25,0.16,990,1.1,136,1.3,8.4133,6.4274,,,,,,,,,,,,,,,,,,,,,,
2021,12,11,9,30,10,61,783,323,0,-0.1,61,783,0,323,49.4,70.47,0.16,990,1.1,143,2,16.4657,12.7433,,,,,,,,,,,,,,,,,,,,,,
2021,12,11,10,30,11.5,68,860,434,0,0.2,82,774,14,412,45.9,64.78,0.16,989,1,155,2.4000000000000000,22.0111,17.1359,,,,,,,,,,,,,,,,,,,,,,
2021,12,11,11,30,12.5,70,890,490,7,0.30000000000000000,90,762,64,450,43.27,61.82,0.16,988,1,166,2.5,24.5340,19.1409,,,,,,,,,,,,,,,,,,,,,,
2021,12,11,12,30,12.9,73,880,486,7,0.5,114,672,21,430,42.550000000000000,61.980000000000000,0.16,987,1,172,2.5,23.4195,18.2696,,,,,,,,,,,,,,,,,,,,,,
2021,12,11,13,30,12.5,72,835,422,5,0.6000000000000000,114,577,36,356,44.06,65.23,0.16,987,1,174,2.2,18.9561,14.7520,,,,,,,,,,,,,,,,,,,,,,
2021,12,11,14,30,11.4,64,757,309,7,1.1,71,660,71,284,49.15,71.15,0.16,986,1,170,1.5,14.3880,11.1251,,,,,,,,,,,,,,,,,,,,,,
2021,12,11,15,30,10.5,48,588,159,8,3.4000000000000000,58,300,57,115,61.5,79.10000000000000,0.16,986,1,166,0.9,5.4834,4.1834,,,,,,,,,,,,,,,,,,,,,,
2021,12,11,16,30,7.800000000000000,14,137,18,8,3,11,24,86,12,71.89,88.32000000000000,0.16,986,1,143,0.9,0.0000,0.0000,,,,,,,,,,,,,,,,,,,,,,
2021,12,11,17,30,7.1000000000000000,0,0,0,8,2.2,0,0,0,0,71.19,99.12,0.16,986,1,131,1.1,0.0000,0.0000,,,,,,,,,,,,,,,,,,,,,,
2021,12,11,18,30,6.800000000000000,0,0,0,8,1.8,0,0,0,0,70.65,110.27,0.16,986,1.1,126,1.3,0.0000,0.0000,,,,,,,,,,,,,,,,,,,,,,
2021,12,11,19,30,6.7,0,0,0,5,1.2000000000000000,0,0,0,0,68.02,121.84,0.16,985,1.2000000000000000,127,1.5,0.0000,0.0000,,,,,,,,,,,,,,,,,,,,,,
2021,12,11,20,30,6.5,0,0,0,8,0.5,0,0,0,0,65.62,133.56,0.16,985,1.3,132,1.6,0.0000,0.0000,,,,,,,,,,,,,,,,,,,,,,
2021,12,11,21,30,6.300000000000000,0,0,0,4,-0.1,0,0,0,0,63.38,145.14000000000000,0.16,984,1.4000000000000000,138,1.6,0.0000,0.0000,,,,,,,,,,,,,,,,,,,,,,
2021,12,11,22,30,6.1000000000000000,0,0,0,7,-0.7000000000000000,0,0,0,0,61.690000000000000,155.87,0.16,984,1.4000000000000000,140,1.7000000000000000,0.0000,0.0000,,,,,,,,,,,,,,,,,,,,,,
2021,12,11,23,30,5.9,0,0,0,7,-1.1,0,0,0,0,60.64,163.57,0.16,984,1.5,136,1.8,0.0000,0.0000,,,,,,,,,,,,,,,,,,,,,,
2021,12,12,0,30,6.1000000000000000,0,0,0,7,-1.4000000000000000,0,0,0,0,58.5,163.13,0.16,983,1.6,132,2,0.0000,0.0000,,,,,,,,,,,,,,,,,,,,,,
2021,12,12,1,30,6.5,0,0,0,6,-1.5,0,0,0,0,56.53,155,0.16,983,1.7000000000000000,136,2.2,0.0000,0.0000,,,,,,,,,,,,,,,,,,,,,,
2021,12,12,2,30,6.7,0,0,0,6,-1.1,0,0,0,0,57.620000000000000,144.14000000000000,0.16,983,1.8,143,2.3000000000000000,0.0000,0.0000,,,,,,,,,,,,,,,,,,,,,,
2021,12,12,3,30,6.6000000000000000,0,0,0,7,-0.30000000000000000,0,0,0,0,61.36,132.54,0.16,983,1.8,146,2.2,0.0000,0.0000,,,,,,,,,,,,,,,,,,,,,,
2021,12,12,4,30,6.5,0,0,0,7,0.30000000000000000,0,0,0,0,64.78,120.82000000000000,0.16,983,1.8,147,2.1,0.0000,0.0000,,,,,,,,,,,,,,,,,,,,,,
2021,12,12,5,30,6.4,0,0,0,7,0.7000000000000000,0,0,0,0,67.05,109.29,0.16,983,1.8,145,2.2,0.0000,0.0000,,,,,,,,,,,,,,,,,,,,,,
2021,12,12,6,30,6.6000000000000000,0,0,0,7,0.9,0,0,0,0,66.92,98.19,0.16,983,1.8,139,2.5,0.0000,0.0000,,,,,,,,,,,,,,,,,,,,,,
2021,12,12,7,30,7.1000000000000000,18,205,27,7,0.8,14,61,86,17,64.43,87.53,0.16,983,1.8,134,2.9000000000000000,0.0000,0.0000,,,,,,,,,,,,,,,,,,,,,,
2021,12,12,8,30,8,45,618,170,7,1.1,8,0,0,8,61.78,78.37,0.16,982,1.8,133,3.2,0.3822,0.2920,,,,,,,,,,,,,,,,,,,,,,
2021,12,12,9,30,8.8,61,751,311,8,1.9000000000000000,60,3,0,61,61.93,70.58,0.16,982,1.9000000000000000,132,3.1,3.1065,2.4039,,,,,,,,,,,,,,,,,,,,,,
2021,12,12,10,30,9.600000000000000,74,801,414,8,2.8000000000000000,115,19,0,123,62.45,64.89,0.16,981,1.9000000000000000,133,2.9000000000000000,6.5660,5.1112,,,,,,,,,,,,,,,,,,,,,,
2021,12,12,11,30,10.100000000000000,79,829,469,8,3.6,65,0,0,65,63.95,61.9,0.16,981,2,135,2.6,3.5420,2.7632,,,,,,,,,,,,,,,,,,,,,,
2021,12,12,12,30,10.200000000000000,79,823,465,8,4.3,57,0,0,57,66.93,62.03,0.16,980,2,137,2.5,3.1034,2.4209,,,,,,,,,,,,,,,,,,,,,,
2021,12,12,13,30,9.8,75,785,404,7,4.800000000000000,21,0,0,21,71.2,65.26,0.16,979,2.1,136,2.6,1.1179,0.8700,,,,,,,,,,,,,,,,,,,,,,
2021,12,12,14,30,9.3,66,710,295,7,5,57,0,0,57,74.76,71.15,0.16,979,2.1,133,2.8000000000000000,2.8877,2.2329,,,,,,,,,,,,,,,,,,,,,,
2021,12,12,15,30,9,49,541,151,6,5.1000000000000000,30,0,0,30,76.53,79.08,0.16,979,2.2,131,2.9000000000000000,1.4305,1.0914,,,,,,,,,,,,,,,,,,,,,,
2021,12,12,16,30,8.1,14,112,17,7,5,5,0,86,5,80.75,88.29,0.16,979,2.3000000000000000,124,3.4000000000000000,0.0000,0.0000,,,,,,,,,,,,,,,,,,,,,,
2021,12,12,17,30,7.9,0,0,0,6,5,0,0,0,0,81.81,99.08,0.16,979,2.3000000000000000,122,3.6,0.0000,0.0000,,,,,,,,,,,,,,,,,,,,,,
2021,12,12,18,30,7.800000000000000,0,0,0,6,5.1000000000000000,0,0,0,0,82.85000000000000,110.22,0.16,979,2.3000000000000000,124,3.8000000000000000,0.0000,0.0000,,,,,,,,,,,,,,,,,,,,,,
2021,12,12,19,30,7.9,0,0,0,7,5.300000000000000,0,0,0,0,83.43,121.78,0.16,979,2.4000000000000000,129,3.9000000000000000,0.0000,0.0000,,,,,,,,,,,,,,,,,,,,,,
2021,12,12,20,30,7.9,0,0,0,7,5.5,0,0,0,0,84.77,133.51,0.16,979,2.4000000000000000,137,4.1000000000000000,0.0000,0.0000,,,,,,,,,,,,,,,,,,,,,,
2021,12,12,21,30,7.7,0,0,0,6,5.6000000000000000,0,0,0,0,86.35000000000000,145.09,0.16,979,2.4000000000000000,142,4.3,0.0000,0.0000,,,,,,,,,,,,,,,,,,,,,,
2021,12,12,22,30,7.5,0,0,0,6,5.5,0,0,0,0,86.86,155.84,0.16,978,2.4000000000000000,143,4.5,0.0000,0.0000,,,,,,,,,,,,,,,,,,,,,,
2021,12,12,23,30,7.4,0,0,0,6,5.4,0,0,0,0,87.06,163.6,0.16,978,2.4000000000000000,142,4.9,0.0000,0.0000,,,,,,,,,,,,,,,,,,,,,,
2021,12,13,0,30,7.300000000000000,0,0,0,7,5.300000000000000,0,0,0,0,87.03,163.24,0.16,977,2.3000000000000000,143,5.300000000000000,0.0000,0.0000,,,,,,,,,,,,,,,,,,,,,,
2021,12,13,1,30,7.300000000000000,0,0,0,6,5.2,0,0,0,0,86.52,155.12,0.16,977,2.3000000000000000,145,5.5,0.0000,0.0000,,,,,,,,,,,,,,,,,,,,,,
2021,12,13,2,30,7.2,0,0,0,6,5.1000000000000000,0,0,0,0,86.44,144.27,0.16,977,2.2,145,5.7,0.0000,0.0000,,,,,,,,,,,,,,,,,,,,,,
2021,12,13,3,30,7.2,0,0,0,7,5,0,0,0,0,85.71000000000000,132.67000000000000,0.16,977,2.2,144,5.9,0.0000,0.0000,,,,,,,,,,,,,,,,,,,,,,
2021,12,13,4,30,7.2,0,0,0,4,4.9,0,0,0,0,85.51,120.95,0.16,976,2.1,144,5.800000000000000,0.0000,0.0000,,,,,,,,,,,,,,,,,,,,,,
2021,12,13,5,30,7.1000000000000000,0,0,0,4,4.800000000000000,0,0,0,0,85.3,109.41,0.16,977,2,144,5.7,0.0000,0.0000,,,,,,,,,,,,,,,,,,,,,,
2021,12,13,6,30,6.800000000000000,0,0,0,4,4.5,0,0,0,0,85,98.31,0.16,977,2,144,5.800000000000000,0.0000,0.0000,,,,,,,,,,,,,,,,,,,,,,
2021,12,13,7,30,6.6000000000000000,18,175,25,4,4.2,11,62,79,14,84.69,87.64,0.16,977,1.9000000000000000,143,6,0.0000,0.0000,,,,,,,,,,,,,,,,,,,,,,
2021,12,13,8,30,6.800000000000000,48,579,164,8,4.4,37,56,0,48,84.65,78.49,0.16,977,1.9000000000000000,142,6.1000000000000000,2.2924,1.7506,,,,,,,,,,,,,,,,,,,,,,
2021,12,13,9,30,7,67,721,305,4,4.7,56,0,0,56,85.09,70.69,0.16,977,1.9000000000000000,145,6.1000000000000000,2.8490,2.2043,,,,,,,,,,,,,,,,,,,,,,
2021,12,13,10,30,7,81,770,407,4,4.7,83,15,0,89,85.33,64.98,0.16,977,2,147,6.300000000000000,4.7478,3.6956,,,,,,,,,,,,,,,,,,,,,,
2021,12,13,11,30,7.2,89,791,461,4,4.7,108,60,0,136,83.94,61.980000000000000,0.16,976,1.9000000000000000,146,6.300000000000000,7.4071,5.7783,,,,,,,,,,,,,,,,,,,,,,
2021,12,13,12,30,7.6000000000000000,94,775,457,8,5.1000000000000000,61,1,0,61,84.46000000000000,62.08,0.16,975,1.9000000000000000,145,6.1000000000000000,3.3202,2.5899,,,,,,,,,,,,,,,,,,,,,,
2021,12,13,13,30,7.9,89,737,397,7,5.6000000000000000,75,73,0,106,85.58,65.29,0.16,974,2,145,5.7,5.6417,4.3903,,,,,,,,,,,,,,,,,,,,,,
2021,12,13,14,30,8.200000000000000,73,674,291,6,6.1000000000000000,41,16,0,46,86.7,71.15,0.16,973,2,146,5.2,2.3304,1.8020,,,,,,,,,,,,,,,,,,,,,,
2021,12,13,15,30,8.3,52,510,149,6,6.5,16,3,0,17,88.67,79.07000000000000,0.16,973,2,146,5,0.8106,0.6185,,,,,,,,,,,,,,,,,,,,,,
2021,12,13,16,30,8.4,14,96,17,7,6.800000000000000,6,0,86,6,89.9,88.26,0.16,972,2,150,4.6000000000000000,0.0000,0.0000,,,,,,,,,,,,,,,,,,,,,,
2021,12,13,17,30,8.5,0,0,0,8,7.1000000000000000,0,0,0,0,91.09,99.03,0.16,973,2,154,4.3,0.0000,0.0000,,,,,,,,,,,,,,,,,,,,,,
2021,12,13,18,30,8.5,0,0,0,7,7.300000000000000,0,0,0,0,92.42,110.17,0.16,973,2,159,3.8000000000000000,0.0000,0.0000,,,,,,,,,,,,,,,,,,,,,,
2021,12,13,19,30,8.4,0,0,0,8,7.4,0,0,0,0,93.21000000000000,121.72,0.16,973,2,166,3.2,0.0000,0.0000,,,,,,,,,,,,,,,,,,,,,,
2021,12,13,20,30,7.9,0,0,0,8,7.1000000000000000,0,0,0,0,94.46000000000000,133.45,0.16,973,1.9000000000000000,178,2.5,0.0000,0.0000,,,,,,,,,,,,,,,,,,,,,,
2021,12,13,21,30,7.1000000000000000,0,0,0,7,6.300000000000000,0,0,0,0,94.76,145.03,0.16,973,1.9000000000000000,191,1.7000000000000000,0.0000,0.0000,,,,,,,,,,,,,,,,,,,,,,
2021,12,13,22,30,6.2,0,0,0,7,5.5,0,0,0,0,95.46000000000000,155.8,0.16,972,1.8,205,0.9,0.0000,0.0000,,,,,,,,,,,,,,,,,,,,,,
2021,12,13,23,30,5.5,0,0,0,7,4.6000000000000000,0,0,0,0,93.91,163.62,0.16,972,1.7000000000000000,196,0.6000000000000000,0.0000,0.0000,,,,,,,,,,,,,,,,,,,,,,
2021,12,14,0,30,5.1000000000000000,0,0,0,6,4.1000000000000000,0,0,0,0,93.07000000000000,163.34,0.16,972,1.7000000000000000,145,0.8,0.0000,0.0000,,,,,,,,,,,,,,,,,,,,,,
2021,12,14,1,30,5,0,0,0,7,3.7,0,0,0,0,91.47,155.24,0.16,972,1.6,130,1.1,0.0000,0.0000,,,,,,,,,,,,,,,,,,,,,,
2021,12,14,2,30,5,0,0,0,7,3.7,0,0,0,0,91.15,144.39000000000000,0.16,972,1.6,163,1.1,0.0000,0.0000,,,,,,,,,,,,,,,,,,,,,,
2021,12,14,3,30,5.1000000000000000,0,0,0,7,3.9000000000000000,0,0,0,0,91.7,132.79,0.16,973,1.4000000000000000,185,1,0.0000,0.0000,,,,,,,,,,,,,,,,,,,,,,
2021,12,14,4,30,5,0,0,0,6,4,0,0,0,0,93.33,121.07000000000000,0.16,973,1.3,189,0.8,0.0000,0.0000,,,,,,,,,,,,,,,,,,,,,,
2021,12,14,5,30,4.9,0,0,0,6,4,0,0,0,0,93.81,109.54,0.16,974,1.2000000000000000,187,0.7000000000000000,0.0000,0.0000,,,,,,,,,,,,,,,,,,,,,,
2021,12,14,6,30,4.9,0,0,0,6,3.9000000000000000,0,0,0,0,93.32000000000000,98.43,0.16,975,1.2000000000000000,188,0.6000000000000000,0.0000,0.0000,,,,,,,,,,,,,,,,,,,,,,
2021,12,14,7,30,5.2,18,125,23,7,3.8000000000000000,8,0,100,8,90.92,87.75,0.16,975,1.2000000000000000,198,0.6000000000000000,0.0000,0.0000,,,,,,,,,,,,,,,,,,,,,,
2021,12,14,8,30,5.5,56,525,160,7,4.1000000000000000,68,205,21,109,90.73,78.60000000000000,0.16,976,1.2000000000000000,217,0.8,5.2037,3.9731,,,,,,,,,,,,,,,,,,,,,,
2021,12,14,9,30,5.7,81,665,300,8,4,116,349,0,231,88.8,70.8,0.16,976,1.2000000000000000,230,1,11.7405,9.0823,,,,,,,,,,,,,,,,,,,,,,
2021,12,14,10,30,5.800000000000000,103,712,403,8,3.8000000000000000,176,154,0,241,86.8,65.07000000000000,0.16,977,1.2000000000000000,242,1.1,12.8479,9.9999,,,,,,,,,,,,,,,,,,,,,,
2021,12,14,11,30,6,105,761,462,8,3.6,188,173,0,269,84.87,62.050000000000000,0.16,977,1.1,257,1.2000000000000000,14.6442,11.4234,,,,,,,,,,,,,,,,,,,,,,
2021,12,14,12,30,6.1000000000000000,105,762,461,8,3.5,104,104,0,153,83.67,62.13,0.16,977,1.1,269,1.2000000000000000,8.3249,6.4936,,,,,,,,,,,,,,,,,,,,,,
2021,12,14,13,30,6.2,99,728,403,0,3.4000000000000000,96,624,0,357,82.21000000000000,65.3,0.16,977,1,279,1.3,18.9993,14.7848,,,,,,,,,,,,,,,,,,,,,,
2021,12,14,14,30,6.300000000000000,78,681,298,4,3.3000000000000000,67,301,21,164,81.12,71.15,0.16,978,0.9,289,1.3,8.3085,6.4244,,,,,,,,,,,,,,,,,,,,,,
2021,12,14,15,30,6.300000000000000,53,530,154,0,3.5,58,414,29,137,82.11,79.04,0.16,978,0.9,294,1.2000000000000000,6.5330,4.9846,,,,,,,,,,,,,,,,,,,,,,
2021,12,14,16,30,4.800000000000000,16,139,20,0,3.1,16,139,0,20,88.46000000000000,88.22,0.16,979,0.8,313,0.7000000000000000,0.0000,0.0000,,,,,,,,,,,,,,,,,,,,,,
2021,12,14,17,30,3.8000000000000000,0,0,0,0,1.5,0,0,0,0,84.95,98.98,0.16,980,0.7000000000000000,335,0.6000000000000000,0.0000,0.0000,,,,,,,,,,,,,,,,,,,,,,
2021,12,14,18,30,3,0,0,0,0,0.6000000000000000,0,0,0,0,84.4,110.11,0.16,981,0.7000000000000000,184,0.5,0.0000,0.0000,,,,,,,,,,,,,,,,,,,,,,
2021,12,14,19,30,2,0,0,0,0,0,0,0,0,0,86.78,121.66,0.16,982,0.7000000000000000,44,0.6000000000000000,0.0000,0.0000,,,,,,,,,,,,,,,,,,,,,,
2021,12,14,20,30,0.8,0,0,0,0,-0.5,0,0,0,0,90.79,133.38,0.16,982,0.8,85,1,0.0000,0.0000,,,,,,,,,,,,,,,,,,,,,,
2021,12,14,21,30,-0.30000000000000000,0,0,0,0,-1.3,0,0,0,0,93.04,144.97,0.16,983,0.8,105,1.3,0.0000,0.0000,,,,,,,,,,,,,,,,,,,,,,
2021,12,14,22,30,-0.6000000000000000,0,0,0,0,-1.9000000000000000,0,0,0,0,90.88,155.76,0.16,984,1,116,1.5,0.0000,0.0000,,,,,,,,,,,,,,,,,,,,,,
2021,12,14,23,30,-0.30000000000000000,0,0,0,0,-1.7000000000000000,0,0,0,0,90.04,163.63,0.16,984,1.1,128,1.5,0.0000,0.0000,,,,,,,,,,,,,,,,,,,,,,
2021,12,15,0,30,-0.1,0,0,0,0,-1.5,0,0,0,0,90.03,163.43,0.16,985,1.2000000000000000,139,1.6,0.0000,0.0000,,,,,,,,,,,,,,,,,,,,,,
2021,12,15,1,30,0.30000000000000000,0,0,0,4,-1.2000000000000000,0,0,0,0,89.45,155.36,0.16,986,1.3,141,1.9000000000000000,0.0000,0.0000,,,,,,,,,,,,,,,,,,,,,,
2021,12,15,2,30,1.1,0,0,0,6,-0.7000000000000000,0,0,0,0,87.77,144.51,0.16,987,1.4000000000000000,138,2.2,0.0000,0.0000,,,,,,,,,,,,,,,,,,,,,,
2021,12,15,3,30,1.9000000000000000,0,0,0,7,-0.1,0,0,0,0,86.78,132.91,0.16,988,1.4000000000000000,134,2.5,0.0000,0.0000,,,,,,,,,,,,,,,,,,,,,,
2021,12,15,4,30,2.4000000000000000,0,0,0,7,0.30000000000000000,0,0,0,0,86.06,121.19,0.16,988,1.3,131,2.7,0.0000,0.0000,,,,,,,,,,,,,,,,,,,,,,
2021,12,15,5,30,2.6,0,0,0,7,0.5,0,0,0,0,86.03,109.66,0.16,988,1.2000000000000000,129,2.8000000000000000,0.0000,0.0000,,,,,,,,,,,,,,,,,,,,,,
2021,12,15,6,30,2.4000000000000000,0,0,0,4,0.4,0,0,0,0,86.67,98.55,0.16,989,1.1,130,2.7,0.0000,0.0000,,,,,,,,,,,,,,,,,,,,,,
2021,12,15,7,30,2.7,18,155,24,0,0.1,18,144,7,23,82.8,87.85000000000000,0.16,989,1,131,2.7,0.0000,0.0000,,,,,,,,,,,,,,,,,,,,,,
2021,12,15,8,30,3.9000000000000000,50,591,166,0,0.4,50,591,0,166,77.82000000000000,78.71000000000000,0.16,989,1,130,2.9000000000000000,7.9222,6.0476,,,,,,,,,,,,,,,,,,,,,,
2021,12,15,9,30,5.300000000000000,66,748,311,0,1.2000000000000000,66,748,0,311,74.71000000000000,70.9,0.16,989,1.1,132,3.1,15.7920,12.2149,,,,,,,,,,,,,,,,,,,,,,
2021,12,15,10,30,6.4,77,815,419,4,1.7000000000000000,147,420,0,323,71.83,65.16,0.16,989,1.1,138,3.3000000000000000,17.2079,13.3923,,,,,,,,,,,,,,,,,,,,,,
2021,12,15,11,30,7.2,77,854,476,4,2,181,363,0,351,69.39,62.11,0.16,988,1.2000000000000000,145,3.4000000000000000,19.1008,14.8993,,,,,,,,,,,,,,,,,,,,,,
2021,12,15,12,30,7.5,76,851,473,4,2.1,184,143,0,251,68.56,62.160000000000000,0.16,988,1.4000000000000000,148,3.5,13.6545,10.6507,,,,,,,,,,,,,,,,,,,,,,
2021,12,15,13,30,7.5,73,811,412,4,2.1,161,164,0,230,68.48,65.31,0.16,987,1.5,148,3.6,12.2396,9.5245,,,,,,,,,,,,,,,,,,,,,,
2021,12,15,14,30,7.2,66,727,301,4,2.1,70,4,0,71,70.15,71.13,0.16,986,1.5,145,3.7,3.5977,2.7819,,,,,,,,,,,,,,,,,,,,,,
2021,12,15,15,30,6.9,50,556,156,4,2.3000000000000000,21,2,0,21,72.57000000000000,79,0.16,986,1.5,143,3.7,1.0015,0.7642,,,,,,,,,,,,,,,,,,,,,,
2021,12,15,16,30,5.7,16,133,20,4,2.2,4,0,86,4,78.08,88.17,0.16,985,1.6,139,4.2,0.0000,0.0000,,,,,,,,,,,,,,,,,,,,,,
2021,12,15,17,30,5.4,0,0,0,4,2,0,0,0,0,78.64,98.92,0.16,985,1.7000000000000000,139,4.6000000000000000,0.0000,0.0000,,,,,,,,,,,,,,,,,,,,,,
2021,12,15,18,30,5.300000000000000,0,0,0,4,2.2,0,0,0,0,80.13,110.04,0.16,984,1.7000000000000000,142,5,0.0000,0.0000,,,,,,,,,,,,,,,,,,,,,,
2021,12,15,19,30,5.2,0,0,0,4,2.5,0,0,0,0,82.61,121.59,0.16,984,1.8,146,5.2,0.0000,0.0000,,,,,,,,,,,,,,,,,,,,,,
2021,12,15,20,30,5,0,0,0,4,2.7,0,0,0,0,84.85000000000000,133.31,0.16,984,1.8,148,5.2,0.0000,0.0000,,,,,,,,,,,,,,,,,,,,,,
2021,12,15,21,30,4.7,0,0,0,4,2.7,0,0,0,0,87.09,144.91,0.16,983,1.8,148,5.2,0.0000,0.0000,,,,,,,,,,,,,,,,,,,,,,
2021,12,15,22,30,4.4,0,0,0,4,2.7,0,0,0,0,88.57000000000000,155.71,0.16,983,1.8,146,5,0.0000,0.0000,,,,,,,,,,,,,,,,,,,,,,
2021,12,15,23,30,4.2,0,0,0,4,2.6,0,0,0,0,89.26,163.63,0.16,983,1.8,144,4.800000000000000,0.0000,0.0000,,,,,,,,,,,,,,,,,,,,,,
2021,12,16,0,30,4.1000000000000000,0,0,0,4,2.5,0,0,0,0,89.33,163.51,0.16,983,1.7000000000000000,140,4.5,0.0000,0.0000,,,,,,,,,,,,,,,,,,,,,,
2021,12,16,1,30,4.1000000000000000,0,0,0,4,2.5,0,0,0,0,89.38,155.47,0.16,983,1.7000000000000000,138,4.3,0.0000,0.0000,,,,,,,,,,,,,,,,,,,,,,
2021,12,16,2,30,4.1000000000000000,0,0,0,4,2.6,0,0,0,0,89.81,144.63,0.16,983,1.6,136,4,0.0000,0.0000,,,,,,,,,,,,,,,,,,,,,,
2021,12,16,3,30,4.2,0,0,0,4,2.6,0,0,0,0,89.56,133.03,0.16,983,1.5,136,3.6,0.0000,0.0000,,,,,,,,,,,,,,,,,,,,,,
2021,12,16,4,30,4.5,0,0,0,4,2.8000000000000000,0,0,0,0,88.73,121.31,0.16,983,1.4000000000000000,139,3.1,0.0000,0.0000,,,,,,,,,,,,,,,,,,,,,,
2021,12,16,5,30,4.6000000000000000,0,0,0,4,3.1,0,0,0,0,90.13,109.77,0.16,984,1.3,139,2.6,0.0000,0.0000,,,,,,,,,,,,,,,,,,,,,,
2021,12,16,6,30,4.5,0,0,0,4,3.2,0,0,0,0,91.42,98.67,0.16,984,1.3,136,2,0.0000,0.0000,,,,,,,,,,,,,,,,,,,,,,
2021,12,16,7,30,4.7,18,86,21,4,3.2,14,34,64,15,89.95,87.96000000000000,0.16,985,1.2000000000000000,133,1.8,0.0000,0.0000,,,,,,,,,,,,,,,,,,,,,,
2021,12,16,8,30,5.300000000000000,64,464,154,4,3.5,46,16,0,49,88.31,78.81,0.16,986,1.1,131,1.8,2.3378,1.7844,,,,,,,,,,,,,,,,,,,,,,
2021,12,16,9,30,6,88,646,298,4,4,111,52,0,128,86.9,70.99,0.16,986,1.1,131,1.5,6.4943,5.0226,,,,,,,,,,,,,,,,,,,,,,
2021,12,16,10,30,6.7,99,734,407,0,4.4,99,734,0,407,85.19,65.23,0.16,987,1.1,130,1.3,21.6717,16.8654,,,,,,,,,,,,,,,,,,,,,,
2021,12,16,11,30,7.300000000000000,100,786,467,0,4.5,132,408,0,323,82.62,62.160000000000000,0.16,987,1.1,125,1,17.5714,13.7058,,,,,,,,,,,,,,,,,,,,,,
2021,12,16,12,30,7.800000000000000,97,797,469,4,4.6000000000000000,130,66,0,161,80.33,62.190000000000000,0.16,987,1,111,0.8,8.7568,6.8302,,,,,,,,,,,,,,,,,,,,,,
2021,12,16,13,30,8.1,91,767,411,4,4.800000000000000,105,225,0,199,79.52,65.31,0.16,986,1,83,0.8,10.5899,8.2407,,,,,,,,,,,,,,,,,,,,,,
2021,12,16,14,30,8.1,74,708,303,0,4.800000000000000,72,606,0,268,79.63,71.11,0.16,986,1,45,0.8,13.5824,10.5028,,,,,,,,,,,,,,,,,,,,,,
2021,12,16,15,30,7.9,53,552,159,0,4.800000000000000,53,552,0,159,80.97,78.97,0.16,986,0.9,26,0.8,7.5832,5.7865,,,,,,,,,,,,,,,,,,,,,,
2021,12,16,16,30,4.5,16,157,21,0,3.8000000000000000,16,157,0,21,95.09,88.12,0.16,986,0.9,26,0.9,0.0000,0.0000,,,,,,,,,,,,,,,,,,,,,,
2021,12,16,17,30,2.7,0,0,0,0,2,0,0,0,0,95.01,98.86,0.16,987,0.8,34,1,0.0000,0.0000,,,,,,,,,,,,,,,,,,,,,,
2021,12,16,18,30,1.9000000000000000,0,0,0,0,0.9,0,0,0,0,93.21000000000000,109.97,0.16,987,0.8,39,0.9,0.0000,0.0000,,,,,,,,,,,,,,,,,,,,,,
2021,12,16,19,30,1.6,0,0,0,0,0.2,0,0,0,0,90.65,121.52,0.16,987,0.7000000000000000,45,0.9,0.0000,0.0000,,,,,,,,,,,,,,,,,,,,,,
2021,12,16,20,30,1.5,0,0,0,0,-0.4,0,0,0,0,87.5,133.24,0.16,988,0.7000000000000000,54,1,0.0000,0.0000,,,,,,,,,,,,,,,,,,,,,,
2021,12,16,21,30,1.4000000000000000,0,0,0,0,-0.9,0,0,0,0,84.59,144.84,0.16,987,0.6000000000000000,61,1,0.0000,0.0000,,,,,,,,,,,,,,,,,,,,,,
2021,12,16,22,30,1.1,0,0,0,0,-1.4000000000000000,0,0,0,0,83.33,155.66,0.16,987,0.6000000000000000,66,1,0.0000,0.0000,,,,,,,,,,,,,,,,,,,,,,
2021,12,16,23,30,0.7000000000000000,0,0,0,0,-1.9000000000000000,0,0,0,0,82.54,163.63,0.16,987,0.5,70,1.1,0.0000,0.0000,,,,,,,,,,,,,,,,,,,,,,
2021,12,17,0,30,0.6000000000000000,0,0,0,0,-2.3000000000000000,0,0,0,0,80.79,163.59,0.16,987,0.5,74,1.3,0.0000,0.0000,,,,,,,,,,,,,,,,,,,,,,
2021,12,17,1,30,0.6000000000000000,0,0,0,0,-2.6,0,0,0,0,79.14,155.58,0.16,988,0.5,78,1.4000000000000000,0.0000,0.0000,,,,,,,,,,,,,,,,,,,,,,
2021,12,17,2,30,0.6000000000000000,0,0,0,0,-2.8000000000000000,0,0,0,0,78.25,144.74,0.16,988,0.4,82,1.5,0.0000,0.0000,,,,,,,,,,,,,,,,,,,,,,
2021,12,17,3,30,0.5,0,0,0,0,-2.8000000000000000,0,0,0,0,78.43,133.15,0.16,988,0.4,85,1.4000000000000000,0.0000,0.0000,,,,,,,,,,,,,,,,,,,,,,
2021,12,17,4,30,0.2,0,0,0,0,-3,0,0,0,0,78.94,121.42,0.16,989,0.4,87,1.2000000000000000,0.0000,0.0000,,,,,,,,,,,,,,,,,,,,,,
2021,12,17,5,30,0,0,0,0,0,-3.7,0,0,0,0,76.31,109.89,0.16,989,0.4,90,1.1,0.0000,0.0000,,,,,,,,,,,,,,,,,,,,,,
2021,12,17,6,30,0.2,0,0,0,0,-4.6000000000000000,0,0,0,0,70.05,98.78,0.16,990,0.4,94,0.9,0.0000,0.0000,,,,,,,,,,,,,,,,,,,,,,
2021,12,17,7,30,1.7000000000000000,17,243,25,0,-5.300000000000000,15,194,14,22,59.5,88.05,0.16,990,0.4,99,0.7000000000000000,0.0000,0.0000,,,,,,,,,,,,,,,,,,,,,,
2021,12,17,8,30,4.6000000000000000,42,690,175,0,-2.2,42,690,0,175,61.17,78.91,0.16,991,0.4,112,0.6000000000000000,8.3474,6.3702,,,,,,,,,,,,,,,,,,,,,,
2021,12,17,9,30,7,59,819,325,0,-0.2,59,819,0,325,60,71.07000000000000,0.16,991,0.4,145,0.7000000000000000,16.4772,12.7420,,,,,,,,,,,,,,,,,,,,,,
2021,12,17,10,30,8.4,74,864,435,0,-0.2,74,864,0,435,54.82,65.3,0.16,991,0.4,171,0.6000000000000000,23.1505,18.0151,,,,,,,,,,,,,,,,,,,,,,
2021,12,17,11,30,9.1,79,894,496,0,0.5,79,894,0,496,54.75,62.21,0.16,991,0.4,153,0.6000000000000000,26.9739,21.0392,,,,,,,,,,,,,,,,,,,,,,
2021,12,17,12,30,9.4,78,899,497,0,1.2000000000000000,78,899,0,497,56.550000000000000,62.21,0.16,990,0.4,123,0.6000000000000000,27.0283,21.0816,,,,,,,,,,,,,,,,,,,,,,
2021,12,17,13,30,9.600000000000000,71,868,434,3,1.9000000000000000,134,283,0,252,58.53,65.31,0.16,990,0.5,196,0.5,13.4103,10.4355,,,,,,,,,,,,,,,,,,,,,,
2021,12,17,14,30,9.3,64,791,320,0,2.1,66,509,0,231,60.72,71.08,0.16,990,0.5,307,0.5,11.7104,9.0556,,,,,,,,,,,,,,,,,,,,,,
2021,12,17,15,30,8.9,49,627,169,0,2.9000000000000000,48,579,0,159,66.28,78.92,0.16,990,0.5,336,0.5,7.5840,5.7876,,,,,,,,,,,,,,,,,,,,,,
2021,12,17,16,30,4.9,17,184,23,0,1.9000000000000000,17,184,0,23,81.18,88.07000000000000,0.16,990,0.5,41,0.6000000000000000,0.0000,0.0000,,,,,,,,,,,,,,,,,,,,,,
2021,12,17,17,30,3.3000000000000000,0,0,0,0,0.4,0,0,0,0,81.41,98.79,0.16,991,0.5,67,0.7000000000000000,0.0000,0.0000,,,,,,,,,,,,,,,,,,,,,,
2021,12,17,18,30,2.8000000000000000,0,0,0,0,-0.30000000000000000,0,0,0,0,80.14,109.9,0.16,991,0.5,87,0.8,0.0000,0.0000,,,,,,,,,,,,,,,,,,,,,,
2021,12,17,19,30,2.9000000000000000,0,0,0,0,-1.3,0,0,0,0,74.13,121.44,0.16,991,0.5,103,1,0.0000,0.0000,,,,,,,,,,,,,,,,,,,,,,
2021,12,17,20,30,3.2,0,0,0,0,-2.5,0,0,0,0,66.34,133.16,0.16,991,0.6000000000000000,115,1,0.0000,0.0000,,,,,,,,,,,,,,,,,,,,,,
2021,12,17,21,30,3.2,0,0,0,0,-3.5,0,0,0,0,61.620000000000000,144.76,0.16,991,0.6000000000000000,123,1,0.0000,0.0000,,,,,,,,,,,,,,,,,,,,,,
2021,12,17,22,30,2.9000000000000000,0,0,0,0,-4,0,0,0,0,60.69,155.6,0.16,991,0.6000000000000000,126,1.1,0.0000,0.0000,,,,,,,,,,,,,,,,,,,,,,
2021,12,17,23,30,2.4000000000000000,0,0,0,0,-4,0,0,0,0,62.61,163.62,0.16,991,0.6000000000000000,124,1.2000000000000000,0.0000,0.0000,,,,,,,,,,,,,,,,,,,,,,
2021,12,18,0,30,2.2,0,0,0,0,-4,0,0,0,0,63.63,163.65,0.16,991,0.6000000000000000,120,1.1,0.0000,0.0000,,,,,,,,,,,,,,,,,,,,,,
2021,12,18,1,30,2.5,0,0,0,0,-4.2,0,0,0,0,61.11,155.68,0.16,991,0.6000000000000000,118,1.1,0.0000,0.0000,,,,,,,,,,,,,,,,,,,,,,
2021,12,18,2,30,2.9000000000000000,0,0,0,0,-4.7,0,0,0,0,57.2,144.85,0.16,991,0.7000000000000000,118,1,0.0000,0.0000,,,,,,,,,,,,,,,,,,,,,,
2021,12,18,3,30,2.9000000000000000,0,0,0,0,-5.2,0,0,0,0,55.11,133.26,0.16,991,0.7000000000000000,115,1,0.0000,0.0000,,,,,,,,,,,,,,,,,,,,,,
2021,12,18,4,30,2.9000000000000000,0,0,0,0,-5.800000000000000,0,0,0,0,52.94,121.53,0.16,991,0.7000000000000000,111,1,0.0000,0.0000,,,,,,,,,,,,,,,,,,,,,,
2021,12,18,5,30,2.8000000000000000,0,0,0,0,-6.300000000000000,0,0,0,0,51.08,109.99000000000000,0.16,991,0.7000000000000000,109,1.1,0.0000,0.0000,,,,,,,,,,,,,,,,,,,,,,
2021,12,18,6,30,2.7,0,0,0,0,-6.7,0,0,0,0,49.84,98.88,0.16,991,0.7000000000000000,108,1.1,0.0000,0.0000,,,,,,,,,,,,,,,,,,,,,,
2021,12,18,7,30,3.2,16,181,22,0,-6.7,15,144,21,20,48.28,88.15,0.16,991,0.7000000000000000,107,1,0.0000,0.0000,,,,,,,,,,,,,,,,,,,,,,
2021,12,18,8,30,4.9,47,622,166,0,-3,47,622,0,166,56.82,79,0.16,992,0.7000000000000000,106,0.9,7.9166,6.0406,,,,,,,,,,,,,,,,,,,,,,
2021,12,18,9,30,7.2,64,780,316,0,0.6000000000000000,64,780,0,316,62.690000000000000,71.15,0.16,992,0.7000000000000000,117,0.8,16.0092,12.3786,,,,,,,,,,,,,,,,,,,,,,
2021,12,18,10,30,9,73,846,426,0,0.4,73,846,0,426,54.730000000000000,65.36,0.16,991,0.8,139,0.7000000000000000,22.6613,17.6336,,,,,,,,,,,,,,,,,,,,,,
2021,12,18,11,30,10,76,878,485,0,0.7000000000000000,82,849,0,477,52.47,62.25,0.16,991,0.8,150,0.7000000000000000,25.9339,20.2274,,,,,,,,,,,,,,,,,,,,,,
2021,12,18,12,30,10.5,75,879,485,0,1.3,75,879,0,485,53.06,62.22,0.16,990,0.8,147,0.6000000000000000,26.3740,20.5711,,,,,,,,,,,,,,,,,,,,,,
2021,12,18,13,30,10.600000000000000,72,841,424,0,1.8,111,524,0,330,54.54,65.29,0.16,989,0.9,142,0.6000000000000000,17.5637,13.6678,,,,,,,,,,,,,,,,,,,,,,
2021,12,18,14,30,10.100000000000000,64,766,313,3,2.4000000000000000,104,7,0,106,58.93,71.05,0.16,988,0.9,137,0.5,5.3751,4.1567,,,,,,,,,,,,,,,,,,,,,,
2021,12,18,15,30,9.600000000000000,49,598,164,4,4,46,44,0,54,68.19,78.87,0.16,988,1,133,0.4,2.5760,1.9660,,,,,,,,,,,,,,,,,,,,,,
2021,12,18,16,30,6.2,17,165,23,4,2.8000000000000000,7,0,86,7,78.72,88.01,0.16,988,1,113,0.5,0.0000,0.0000,,,,,,,,,,,,,,,,,,,,,,
2021,12,18,17,30,4.800000000000000,0,0,0,4,1,0,0,0,0,76.3,98.72,0.16,988,1.1,110,0.7000000000000000,0.0000,0.0000,,,,,,,,,,,,,,,,,,,,,,
2021,12,18,18,30,4.4,0,0,0,0,0.4,0,0,0,0,75.15,109.82000000000000,0.16,988,1.1,114,0.8,0.0000,0.0000,,,,,,,,,,,,,,,,,,,,,,
2021,12,18,19,30,4.1000000000000000,0,0,0,0,0,0,0,0,0,74.49,121.35000000000000,0.16,988,1.1,122,0.9,0.0000,0.0000,,,,,,,,,,,,,,,,,,,,,,
2021,12,18,20,30,3.8000000000000000,0,0,0,0,-0.5,0,0,0,0,73.61,133.08,0.16,987,1.1,128,0.9,0.0000,0.0000,,,,,,,,,,,,,,,,,,,,,,
2021,12,18,21,30,3.6,0,0,0,0,-0.7000000000000000,0,0,0,0,73.4,144.68,0.16,987,1,132,0.9,0.0000,0.0000,,,,,,,,,,,,,,,,,,,,,,
2021,12,18,22,30,3.3000000000000000,0,0,0,0,-0.9,0,0,0,0,73.8,155.53,0.16,987,1,133,0.9,0.0000,0.0000,,,,,,,,,,,,,,,,,,,,,,
2021,12,18,23,30,2.9000000000000000,0,0,0,0,-1.4000000000000000,0,0,0,0,73.61,163.59,0.16,987,0.9,133,0.9,0.0000,0.0000,,,,,,,,,,,,,,,,,,,,,,
2021,12,19,0,30,2.5,0,0,0,0,-1.8,0,0,0,0,73.26,163.72,0.16,987,0.9,130,1.1,0.0000,0.0000,,,,,,,,,,,,,,,,,,,,,,
2021,12,19,1,30,2.1,0,0,0,0,-2.3000000000000000,0,0,0,0,72.58,155.78,0.16,986,0.9,127,1.2000000000000000,0.0000,0.0000,,,,,,,,,,,,,,,,,,,,,,
2021,12,19,2,30,1.9000000000000000,0,0,0,0,-2.6,0,0,0,0,72.02,144.96,0.16,986,0.8,126,1.3,0.0000,0.0000,,,,,,,,,,,,,,,,,,,,,,
2021,12,19,3,30,1.7000000000000000,0,0,0,0,-2.8000000000000000,0,0,0,0,71.95,133.36,0.16,985,0.8,127,1.3,0.0000,0.0000,,,,,,,,,,,,,,,,,,,,,,
2021,12,19,4,30,1.5,0,0,0,0,-3,0,0,0,0,71.93,121.64,0.16,985,0.8,130,1.3,0.0000,0.0000,,,,,,,,,,,,,,,,,,,,,,
2021,12,19,5,30,1.2000000000000000,0,0,0,0,-3.1,0,0,0,0,72.76,110.10000000000000,0.16,985,0.8,134,1.2000000000000000,0.0000,0.0000,,,,,,,,,,,,,,,,,,,,,,
2021,12,19,6,30,1.2000000000000000,0,0,0,0,-3.2,0,0,0,0,72.37,98.98,0.16,985,0.8,138,1,0.0000,0.0000,,,,,,,,,,,,,,,,,,,,,,
2021,12,19,7,30,2.7,16,142,20,0,-2.8000000000000000,15,131,7,19,66.87,88.24,0.16,986,0.8,142,0.8,0.0000,0.0000,,,,,,,,,,,,,,,,,,,,,,
2021,12,19,8,30,5.5,51,570,159,3,-0.30000000000000000,26,45,0,35,66.09,79.09,0.16,986,0.8,145,1,1.6689,1.2732,,,,,,,,,,,,,,,,,,,,,,
2021,12,19,9,30,7.5,68,747,308,3,1,101,10,86,104,63.36,71.23,0.16,987,0.8,148,1.7000000000000000,5.2650,4.0705,,,,,,,,,,,,,,,,,,,,,,
2021,12,19,10,30,8.8,74,830,419,4,2.1,157,26,0,168,62.940000000000000,65.42,0.16,986,0.9,151,2.1,8.9328,6.9506,,,,,,,,,,,,,,,,,,,,,,
2021,12,19,11,30,9.8,77,864,479,0,3,112,648,0,413,62.68,62.28,0.16,986,0.9,157,2.4000000000000000,22.4499,17.5097,,,,,,,,,,,,,,,,,,,,,,
2021,12,19,12,30,10.4,77,863,479,0,3.5,95,767,0,452,62.190000000000000,62.230000000000000,0.16,985,1,166,2.4000000000000000,24.5779,19.1701,,,,,,,,,,,,,,,,,,,,,,
2021,12,19,13,30,10.5,72,835,421,8,3.8000000000000000,104,633,57,369,63.07,65.27,0.16,985,1,173,2.1,19.6424,15.2856,,,,,,,,,,,,,,,,,,,,,,
2021,12,19,14,30,9.9,64,761,312,0,4,75,675,29,295,66.94,71.01,0.16,985,1,176,1.4000000000000000,14.9645,11.5731,,,,,,,,,,,,,,,,,,,,,,
2021,12,19,15,30,9.5,49,600,165,0,4.800000000000000,49,600,0,165,72.38,78.81,0.16,985,1,176,1,7.8723,6.0086,,,,,,,,,,,,,,,,,,,,,,
2021,12,19,16,30,5.800000000000000,17,179,23,0,3.9000000000000000,15,121,43,19,87.47,87.94,0.16,986,1,129,0.5,0.0000,0.0000,,,,,,,,,,,,,,,,,,,,,,
2021,12,19,17,30,4.3,0,0,0,0,2.3000000000000000,0,0,0,0,86.71000000000000,98.64,0.16,986,1,103,0.7000000000000000,0.0000,0.0000,,,,,,,,,,,,,,,,,,,,,,
2021,12,19,18,30,3.7,0,0,0,0,1.3,0,0,0,0,84.2,109.74000000000000,0.16,986,0.9,102,0.8,0.0000,0.0000,,,,,,,,,,,,,,,,,,,,,,
2021,12,19,19,30,3.5,0,0,0,0,0.4,0,0,0,0,80.06,121.27,0.16,986,0.9,107,0.9,0.0000,0.0000,,,,,,,,,,,,,,,,,,,,,,
2021,12,19,20,30,3.5,0,0,0,0,-0.5,0,0,0,0,74.88,132.99,0.16,986,0.9,112,0.9,0.0000,0.0000,,,,,,,,,,,,,,,,,,,,,,
2021,12,19,21,30,3.6,0,0,0,0,-1.5,0,0,0,0,69.3,144.6,0.16,987,1,118,0.9,0.0000,0.0000,,,,,,,,,,,,,,,,,,,,,,
2021,12,19,22,30,3.6,0,0,0,0,-2.7,0,0,0,0,63.59,155.46,0.16,987,1,126,0.9,0.0000,0.0000,,,,,,,,,,,,,,,,,,,,,,
2021,12,19,23,30,3.4000000000000000,0,0,0,0,-3.6,0,0,0,0,60.21,163.57,0.16,987,1,127,1,0.0000,0.0000,,,,,,,,,,,,,,,,,,,,,,
2021,12,20,0,30,3.1,0,0,0,0,-4.1000000000000000,0,0,0,0,59.25,163.77,0.16,987,0.9,122,1,0.0000,0.0000,,,,,,,,,,,,,,,,,,,,,,
2021,12,20,1,30,2.9000000000000000,0,0,0,0,-4.3,0,0,0,0,59.07,155.87,0.16,986,0.9,114,1.1,0.0000,0.0000,,,,,,,,,,,,,,,,,,,,,,
2021,12,20,2,30,3,0,0,0,0,-4.5,0,0,0,0,57.96,145.06,0.16,986,0.8,109,1.2000000000000000,0.0000,0.0000,,,,,,,,,,,,,,,,,,,,,,
2021,12,20,3,30,2.8000000000000000,0,0,0,0,-4.5,0,0,0,0,58.76,133.47,0.16,986,0.7000000000000000,108,1.2000000000000000,0.0000,0.0000,,,,,,,,,,,,,,,,,,,,,,
2021,12,20,4,30,2.5,0,0,0,0,-4.1000000000000000,0,0,0,0,61.9,121.74000000000000,0.16,986,0.7000000000000000,110,1.1,0.0000,0.0000,,,,,,,,,,,,,,,,,,,,,,
2021,12,20,5,30,2.2,0,0,0,0,-4.1000000000000000,0,0,0,0,63.26,110.2,0.16,986,0.7000000000000000,111,1,0.0000,0.0000,,,,,,,,,,,,,,,,,,,,,,
2021,12,20,6,30,1.9000000000000000,0,0,0,0,-4.2,0,0,0,0,64.03,99.08,0.16,987,0.6000000000000000,113,1,0.0000,0.0000,,,,,,,,,,,,,,,,,,,,,,
2021,12,20,7,30,3,14,169,19,0,-4.1000000000000000,13,105,43,16,59.43,88.32000000000000,0.16,987,0.6000000000000000,117,0.9,0.0000,0.0000,,,,,,,,,,,,,,,,,,,,,,
2021,12,20,8,30,5.9,46,634,165,0,-1.1,52,496,57,145,60.82,79.17,0.16,988,0.6000000000000000,121,1.2000000000000000,6.9131,5.2736,,,,,,,,,,,,,,,,,,,,,,
2021,12,20,9,30,8.200000000000000,62,792,316,4,0.30000000000000000,91,535,14,263,57.47,71.3,0.16,988,0.6000000000000000,124,1.5,13.3057,10.2861,,,,,,,,,,,,,,,,,,,,,,
2021,12,20,10,30,9.200000000000000,70,864,429,4,1.1,118,563,0,352,56.870000000000000,65.47,0.16,988,0.6000000000000000,132,1.5,18.7093,14.5570,,,,,,,,,,,,,,,,,,,,,,
2021,12,20,11,30,9.8,75,893,490,0,1.7000000000000000,103,719,21,437,57.19,62.300000000000000,0.16,987,0.6000000000000000,143,1.6,23.7514,18.5246,,,,,,,,,,,,,,,,,,,,,,
2021,12,20,12,30,9.8,75,893,491,7,2.3000000000000000,154,494,0,384,59.61,62.230000000000000,0.16,986,0.6000000000000000,147,1.4000000000000000,20.8803,16.2861,,,,,,,,,,,,,,,,,,,,,,
2021,12,20,13,30,9.5,71,860,431,6,2.9000000000000000,146,263,0,256,63.49,65.25,0.16,986,0.7000000000000000,148,1.1,13.6293,10.6064,,,,,,,,,,,,,,,,,,,,,,
2021,12,20,14,30,8.6,63,789,320,7,3.9000000000000000,109,398,0,239,72.29,70.96000000000000,0.16,986,0.7000000000000000,141,0.7000000000000000,12.1293,9.3811,,,,,,,,,,,,,,,,,,,,,,
2021,12,20,15,30,7.9,48,633,171,7,4.5,70,142,0,98,78.88,78.75,0.16,986,0.7000000000000000,133,0.5,4.6764,3.5697,,,,,,,,,,,,,,,,,,,,,,
2021,12,20,16,30,6.4,18,200,25,7,3.2,14,6,86,14,79.88,87.87,0.16,986,0.8,124,0.5,0.0000,0.0000,,,,,,,,,,,,,,,,,,,,,,
2021,12,20,17,30,5.800000000000000,0,0,0,8,2.4000000000000000,0,0,0,0,78.94,98.55,0.16,986,0.8,120,0.6000000000000000,0.0000,0.0000,,,,,,,,,,,,,,,,,,,,,,
2021,12,20,18,30,5.5,0,0,0,7,2.1,0,0,0,0,78.67,109.65,0.16,987,0.9,117,0.8,0.0000,0.0000,,,,,,,,,,,,,,,,,,,,,,
2021,12,20,19,30,5.300000000000000,0,0,0,8,1.6,0,0,0,0,77,121.17,0.16,987,0.9,116,0.9,0.0000,0.0000,,,,,,,,,,,,,,,,,,,,,,
2021,12,20,20,30,5,0,0,0,5,0.6000000000000000,0,0,0,0,73.43,132.9,0.16,987,1,117,0.9,0.0000,0.0000,,,,,,,,,,,,,,,,,,,,,,
2021,12,20,21,30,4.7,0,0,0,8,-0.2,0,0,0,0,70.69,144.51,0.16,987,1,116,1,0.0000,0.0000,,,,,,,,,,,,,,,,,,,,,,
2021,12,20,22,30,4.4,0,0,0,0,-0.8,0,0,0,0,68.88,155.38,0.16,987,1,113,1.1,0.0000,0.0000,,,,,,,,,,,,,,,,,,,,,,
2021,12,20,23,30,4.2,0,0,0,0,-1.7000000000000000,0,0,0,0,65.61,163.53,0.16,987,1,112,1.1,0.0000,0.0000,,,,,,,,,,,,,,,,,,,,,,
2021,12,21,0,30,4.1000000000000000,0,0,0,0,-2.5,0,0,0,0,62.25,163.81,0.16,986,0.9,115,1.1,0.0000,0.0000,,,,,,,,,,,,,,,,,,,,,,
2021,12,21,1,30,3.8000000000000000,0,0,0,0,-2.8000000000000000,0,0,0,0,61.93,155.95000000000000,0.16,987,0.9,114,1.2000000000000000,0.0000,0.0000,,,,,,,,,,,,,,,,,,,,,,
2021,12,21,2,30,3.5,0,0,0,0,-3.3000000000000000,0,0,0,0,60.97,145.16,0.16,987,0.9,113,1.3,0.0000,0.0000,,,,,,,,,,,,,,,,,,,,,,
2021,12,21,3,30,3.3000000000000000,0,0,0,0,-3.7,0,0,0,0,60.27,133.57,0.16,987,0.9,113,1.4000000000000000,0.0000,0.0000,,,,,,,,,,,,,,,,,,,,,,
2021,12,21,4,30,3.1,0,0,0,0,-3.9000000000000000,0,0,0,0,60.19,121.84,0.16,987,0.8,113,1.4000000000000000,0.0000,0.0000,,,,,,,,,,,,,,,,,,,,,,
2021,12,21,5,30,2.9000000000000000,0,0,0,8,-4.1000000000000000,0,0,0,0,60,110.3,0.16,987,0.8,113,1.4000000000000000,0.0000,0.0000,,,,,,,,,,,,,,,,,,,,,,
2021,12,21,6,30,2.8000000000000000,0,0,0,7,-4.5,0,0,0,0,58.57,99.17,0.16,987,0.7000000000000000,113,1.4000000000000000,0.0000,0.0000,,,,,,,,,,,,,,,,,,,,,,
2021,12,21,7,30,4.2,14,178,19,4,-4.6000000000000000,6,0,86,6,52.69,88.4,0.16,987,0.7000000000000000,116,1.2000000000000000,0.0000,0.0000,,,,,,,,,,,,,,,,,,,,,,
2021,12,21,8,30,7.2,43,650,164,8,-1.5,47,142,7,74,54.160000000000000,79.24,0.16,988,0.7000000000000000,123,1.1,3.5277,2.6908,,,,,,,,,,,,,,,,,,,,,,
2021,12,21,9,30,9.600000000000000,58,800,314,4,0.4,93,17,0,98,52.63,71.36,0.16,988,0.7000000000000000,128,1.3,4.9553,3.8304,,,,,,,,,,,,,,,,,,,,,,
2021,12,21,10,30,10.9,69,861,426,4,1,100,4,0,102,50.31,65.51,0.16,988,0.7000000000000000,134,1.5,5.4198,4.2168,,,,,,,,,,,,,,,,,,,,,,
2021,12,21,11,30,11.9,73,885,484,8,1.7000000000000000,149,416,57,342,49.800000000000000,62.32,0.16,987,0.8,151,1.6,18.5856,14.4954,,,,,,,,,,,,,,,,,,,,,,
2021,12,21,12,30,12.200000000000000,77,869,482,8,2.4000000000000000,143,483,29,368,51.26,62.22,0.16,987,0.9,166,1.5,20.0116,15.6086,,,,,,,,,,,,,,,,,,,,,,
2021,12,21,13,30,11.9,77,819,420,8,2.9000000000000000,144,344,64,288,53.95,65.21000000000000,0.16,987,1.1,166,1.1,15.3375,11.9362,,,,,,,,,,,,,,,,,,,,,,
2021,12,21,14,30,11,68,738,309,8,3.5,114,142,0,160,59.870000000000000,70.9,0.16,987,1.2000000000000000,160,0.8,8.1245,6.2842,,,,,,,,,,,,,,,,,,,,,,
2021,12,21,15,30,10.5,51,571,163,8,5.300000000000000,53,78,0,68,70.06,78.68,0.16,987,1.3,157,0.5,3.2455,2.4777,,,,,,,,,,,,,,,,,,,,,,
2021,12,21,16,30,7.9,17,158,23,8,4.4,9,0,86,9,78.58,87.8,0.16,987,1.5,113,0.5,0.0000,0.0000,,,,,,,,,,,,,,,,,,,,,,
2021,12,21,17,30,7.1000000000000000,0,0,0,5,3.6,0,0,0,0,78.23,98.47,0.16,987,1.6,106,0.8,0.0000,0.0000,,,,,,,,,,,,,,,,,,,,,,
2021,12,21,18,30,6.9,0,0,0,8,3,0,0,0,0,75.96000000000000,109.55,0.16,987,1.7000000000000000,109,0.9,0.0000,0.0000,,,,,,,,,,,,,,,,,,,,,,
2021,12,21,19,30,6.800000000000000,0,0,0,8,2.2,0,0,0,0,72.72,121.08,0.16,987,1.7000000000000000,111,0.9,0.0000,0.0000,,,,,,,,,,,,,,,,,,,,,,
2021,12,21,20,30,6.6000000000000000,0,0,0,7,1.5,0,0,0,0,70.02,132.8,0.16,987,1.7000000000000000,113,0.9,0.0000,0.0000,,,,,,,,,,,,,,,,,,,,,,
2021,12,21,21,30,6.5,0,0,0,8,1,0,0,0,0,68.16,144.41,0.16,987,1.8,115,0.9,0.0000,0.0000,,,,,,,,,,,,,,,,,,,,,,
2021,12,21,22,30,6.4,0,0,0,4,0.8,0,0,0,0,67.41,155.3,0.16,986,1.8,116,0.9,0.0000,0.0000,,,,,,,,,,,,,,,,,,,,,,
2021,12,21,23,30,6.2,0,0,0,4,0.9,0,0,0,0,68.65,163.48,0.16,986,1.8,118,1,0.0000,0.0000,,,,,,,,,,,,,,,,,,,,,,
2021,12,22,0,30,6.1000000000000000,0,0,0,4,1.2000000000000000,0,0,0,0,70.65,163.85,0.16,986,1.8,119,1.2000000000000000,0.0000,0.0000,,,,,,,,,,,,,,,,,,,,,,
2021,12,22,1,30,6.6000000000000000,0,0,0,5,1.4000000000000000,0,0,0,0,69.19,156.03,0.16,985,1.8,119,1.6,0.0000,0.0000,,,,,,,,,,,,,,,,,,,,,,
2021,12,22,2,30,7.2,0,0,0,5,2,0,0,0,0,69.44,145.25,0.16,985,1.9000000000000000,121,1.8,0.0000,0.0000,,,,,,,,,,,,,,,,,,,,,,
2021,12,22,3,30,7.5,0,0,0,8,2.8000000000000000,0,0,0,0,72.09,133.66,0.16,984,2.1,124,1.9000000000000000,0.0000,0.0000,,,,,,,,,,,,,,,,,,,,,,
2021,12,22,4,30,7.6000000000000000,0,0,0,7,3.4000000000000000,0,0,0,0,74.79,121.94,0.16,984,2.2,126,2.2,0.0000,0.0000,,,,,,,,,,,,,,,,,,,,,,
2021,12,22,5,30,7.7,0,0,0,8,3.9000000000000000,0,0,0,0,76.83,110.39,0.16,984,2.2,126,2.6,0.0000,0.0000,,,,,,,,,,,,,,,,,,,,,,
2021,12,22,6,30,7.7,0,0,0,5,4.3,0,0,0,0,79.11,99.26,0.16,984,2.3000000000000000,127,3,0.0000,0.0000,,,,,,,,,,,,,,,,,,,,,,
2021,12,22,7,30,7.800000000000000,14,124,17,8,4.7,8,24,71,9,80.71000000000000,88.48,0.16,984,2.2,130,3.4000000000000000,0.0000,0.0000,,,,,,,,,,,,,,,,,,,,,,
2021,12,22,8,30,8.1,47,556,150,4,5.2,47,159,7,76,81.83,79.31,0.16,984,2.2,132,3.4000000000000000,3.6228,2.7631,,,,,,,,,,,,,,,,,,,,,,
2021,12,22,9,30,8.6,62,721,292,4,5.7,87,24,0,95,82.23,71.41,0.16,984,2.2,133,3.4000000000000000,4.8014,3.7112,,,,,,,,,,,,,,,,,,,,,,
2021,12,22,10,30,9.200000000000000,73,791,401,4,6.4,137,46,0,156,82.49,65.54,0.16,984,2.1,136,3.2,8.2872,6.4476,,,,,,,,,,,,,,,,,,,,,,
2021,12,22,11,30,9.700000000000000,78,822,460,0,6.9,107,501,0,340,82.83,62.33,0.16,983,2.1,140,3.1,18.4757,14.4096,,,,,,,,,,,,,,,,,,,,,,
2021,12,22,12,30,10,81,816,462,8,7.300000000000000,171,131,0,232,83.46000000000000,62.2,0.16,982,2,141,3,12.6177,9.8416,,,,,,,,,,,,,,,,,,,,,,
2021,12,22,13,30,10.100000000000000,83,767,405,8,7.6000000000000000,164,85,0,200,84.66,65.17,0.16,981,2,140,2.7,10.6542,8.2918,,,,,,,,,,,,,,,,,,,,,,
2021,12,22,14,30,10.100000000000000,74,685,299,8,7.9,97,117,14,135,86.37,70.84,0.16,981,2,138,2.5,6.8588,5.3056,,,,,,,,,,,,,,,,,,,,,,
2021,12,22,15,30,10.100000000000000,55,519,158,7,8.1,68,60,0,80,87.11,78.60000000000000,0.16,981,2,138,2.4000000000000000,3.8192,2.9160,,,,,,,,,,,,,,,,,,,,,,
2021,12,22,16,30,9.700000000000000,18,119,23,6,8,5,0,100,5,88.95,87.72,0.16,981,1.9000000000000000,138,2.5,0.0000,0.0000,,,,,,,,,,,,,,,,,,,,,,
2021,12,22,17,30,9.600000000000000,0,0,0,6,7.9,0,0,0,0,89.23,98.37,0.16,981,1.9000000000000000,137,2.7,0.0000,0.0000,,,,,,,,,,,,,,,,,,,,,,
2021,12,22,18,30,9.600000000000000,0,0,0,6,8,0,0,0,0,89.48,109.46000000000000,0.16,981,1.8,137,2.9000000000000000,0.0000,0.0000,,,,,,,,,,,,,,,,,,,,,,
2021,12,22,19,30,9.700000000000000,0,0,0,7,8,0,0,0,0,89.29,120.98,0.16,980,1.8,138,2.9000000000000000,0.0000,0.0000,,,,,,,,,,,,,,,,,,,,,,
2021,12,22,20,30,9.8,0,0,0,7,8.200000000000000,0,0,0,0,89.76,132.7,0.16,980,1.7000000000000000,140,3,0.0000,0.0000,,,,,,,,,,,,,,,,,,,,,,
2021,12,22,21,30,9.9,0,0,0,7,8.4,0,0,0,0,90.35000000000000,144.31,0.16,979,1.7000000000000000,141,3.2,0.0000,0.0000,,,,,,,,,,,,,,,,,,,,,,
2021,12,22,22,30,10,0,0,0,8,8.5,0,0,0,0,90.61,155.21,0.16,979,1.7000000000000000,143,3.3000000000000000,0.0000,0.0000,,,,,,,,,,,,,,,,,,,,,,
2021,12,22,23,30,10,0,0,0,7,8.6,0,0,0,0,91.25,163.43,0.16,978,1.7000000000000000,143,3.4000000000000000,0.0000,0.0000,,,,,,,,,,,,,,,,,,,,,,
2021,12,23,0,30,10.100000000000000,0,0,0,7,8.8,0,0,0,0,91.39,163.88,0.16,977,1.8,144,3.5,0.0000,0.0000,,,,,,,,,,,,,,,,,,,,,,
2021,12,23,1,30,10.200000000000000,0,0,0,7,8.9,0,0,0,0,91.8,156.11,0.16,977,2,151,3.6,0.0000,0.0000,,,,,,,,,,,,,,,,,,,,,,
2021,12,23,2,30,10.3,0,0,0,7,9.1,0,0,0,0,92.37,145.34,0.16,976,2.1,159,3.5,0.0000,0.0000,,,,,,,,,,,,,,,,,,,,,,
2021,12,23,3,30,10.5,0,0,0,7,9.3,0,0,0,0,92.23,133.75,0.16,976,2.3000000000000000,162,3.4000000000000000,0.0000,0.0000,,,,,,,,,,,,,,,,,,,,,,
2021,12,23,4,30,10.700000000000000,0,0,0,6,9.5,0,0,0,0,92.42,122.03,0.16,975,2.4000000000000000,167,3.4000000000000000,0.0000,0.0000,,,,,,,,,,,,,,,,,,,,,,
2021,12,23,5,30,10.700000000000000,0,0,0,6,9.600000000000000,0,0,0,0,93.14,110.48,0.16,975,2.4000000000000000,175,3.2,0.0000,0.0000,,,,,,,,,,,,,,,,,,,,,,
2021,12,23,6,30,10.600000000000000,0,0,0,6,9.600000000000000,0,0,0,0,93.54,99.34,0.16,975,2.4000000000000000,176,2.9000000000000000,0.0000,0.0000,,,,,,,,,,,,,,,,,,,,,,
2021,12,23,7,30,10.600000000000000,13,115,16,6,9.5,3,0,71,3,93.19,88.55,0.16,975,2.4000000000000000,168,2.8000000000000000,0.0000,0.0000,,,,,,,,,,,,,,,,,,,,,,
2021,12,23,8,30,10.9,47,544,147,6,9.700000000000000,21,0,0,21,92.41,79.38,0.16,975,2.4000000000000000,161,3.1,1.0010,0.7634,,,,,,,,,,,,,,,,,,,,,,
2021,12,23,9,30,11.4,63,708,288,7,10,7,0,0,7,91.25,71.46000000000000,0.16,974,2.4000000000000000,162,3.4000000000000000,0.3536,0.2733,,,,,,,,,,,,,,,,,,,,,,
2021,12,23,10,30,11.8,72,785,397,7,10.4,18,0,0,18,91.32000000000000,65.57000000000000,0.16,974,2.4000000000000000,170,3.5,0.9560,0.7438,,,,,,,,,,,,,,,,,,,,,,
2021,12,23,11,30,12,73,826,457,7,10.600000000000000,143,10,0,148,90.9,62.33,0.16,974,2.3000000000000000,187,3.1,8.0424,6.2724,,,,,,,,,,,,,,,,,,,,,,
2021,12,23,12,30,12,77,821,460,7,10.4,72,0,0,72,90.01,62.17,0.16,974,2.2,206,2.7,3.9166,3.0550,,,,,,,,,,,,,,,,,,,,,,
2021,12,23,13,30,12,78,777,405,7,10.200000000000000,31,0,0,31,88.56,65.12,0.16,974,2.1,220,2.1,1.6520,1.2858,,,,,,,,,,,,,,,,,,,,,,
2021,12,23,14,30,11.8,69,707,302,7,9.9,48,12,0,52,88.34,70.78,0.16,974,1.9000000000000000,223,1.5,2.6434,2.0449,,,,,,,,,,,,,,,,,,,,,,
2021,12,23,15,30,11.700000000000000,52,551,162,7,9.8,31,38,29,39,88.25,78.52,0.16,974,1.9000000000000000,221,1.2000000000000000,1.8624,1.4221,,,,,,,,,,,,,,,,,,,,,,
2021,12,23,16,30,9.700000000000000,18,154,24,8,8.700000000000000,10,0,93,10,93.64,87.64,0.16,974,1.7000000000000000,197,0.7000000000000000,0.0000,0.0000,,,,,,,,,,,,,,,,,,,,,,
2021,12,23,17,30,9,0,0,0,3,7.6000000000000000,0,0,0,0,91.23,98.27,0.16,974,1.7000000000000000,177,0.7000000000000000,0.0000,0.0000,,,,,,,,,,,,,,,,,,,,,,
2021,12,23,18,30,8.700000000000000,0,0,0,4,7.300000000000000,0,0,0,0,90.85000000000000,109.35000000000000,0.16,974,1.7000000000000000,165,0.7000000000000000,0.0000,0.0000,,,,,,,,,,,,,,,,,,,,,,
2021,12,23,19,30,8.700000000000000,0,0,0,4,7.1000000000000000,0,0,0,0,89.81,120.87,0.16,974,1.7000000000000000,163,0.7000000000000000,0.0000,0.0000,,,,,,,,,,,,,,,,,,,,,,
2021,12,23,20,30,8.700000000000000,0,0,0,4,7.2,0,0,0,0,90.04,132.59,0.16,974,1.7000000000000000,160,0.7000000000000000,0.0000,0.0000,,,,,,,,,,,,,,,,,,,,,,
2021,12,23,21,30,8.4,0,0,0,8,7.1000000000000000,0,0,0,0,91.60000000000000,144.21,0.16,974,1.7000000000000000,147,0.7000000000000000,0.0000,0.0000,,,,,,,,,,,,,,,,,,,,,,
2021,12,23,22,30,7.9,0,0,0,8,6.9,0,0,0,0,93.18,155.11,0.16,974,1.7000000000000000,136,0.7000000000000000,0.0000,0.0000,,,,,,,,,,,,,,,,,,,,,,
2021,12,23,23,30,7.6000000000000000,0,0,0,8,6.7,0,0,0,0,93.99,163.37,0.16,974,1.7000000000000000,135,0.8,0.0000,0.0000,,,,,,,,,,,,,,,,,,,,,,
2021,12,24,0,30,7.4,0,0,0,4,6.5,0,0,0,0,94.31,163.9,0.16,973,1.7000000000000000,140,0.8,0.0000,0.0000,,,,,,,,,,,,,,,,,,,,,,
2021,12,24,1,30,7.300000000000000,0,0,0,7,6.5,0,0,0,0,94.48,156.18,0.16,973,1.8,149,0.9,0.0000,0.0000,,,,,,,,,,,,,,,,,,,,,,
2021,12,24,2,30,7.4,0,0,0,7,6.4,0,0,0,0,93.65,145.42000000000000,0.16,973,1.8,163,0.9,0.0000,0.0000,,,,,,,,,,,,,,,,,,,,,,
2021,12,24,3,30,7.300000000000000,0,0,0,7,6.5,0,0,0,0,94.45,133.84,0.16,972,1.9000000000000000,170,0.9,0.0000,0.0000,,,,,,,,,,,,,,,,,,,,,,
2021,12,24,4,30,7.4,0,0,0,7,6.4,0,0,0,0,93.60000000000000,122.11,0.16,972,1.9000000000000000,168,0.9,0.0000,0.0000,,,,,,,,,,,,,,,,,,,,,,
2021,12,24,5,30,7.4,0,0,0,7,6.5,0,0,0,0,94.16,110.56,0.16,972,2,165,1,0.0000,0.0000,,,,,,,,,,,,,,,,,,,,,,
2021,12,24,6,30,7.300000000000000,0,0,0,8,6.4,0,0,0,0,94.24,99.42,0.16,972,1.9000000000000000,173,1.1,0.0000,0.0000,,,,,,,,,,,,,,,,,,,,,,
2021,12,24,7,30,7.6000000000000000,13,125,16,4,6.5,2,0,71,2,92.44,88.61,0.16,973,1.8,195,1.3,0.0000,0.0000,,,,,,,,,,,,,,,,,,,,,,
2021,12,24,8,30,8.1,45,581,152,8,6.800000000000000,59,171,0,90,91.48,79.43,0.16,974,1.5,218,1.7000000000000000,4.2898,3.2713,,,,,,,,,,,,,,,,,,,,,,
2021,12,24,9,30,8.5,61,761,302,4,6.6000000000000000,63,24,0,71,88.12,71.5,0.16,975,1.2000000000000000,228,1.9000000000000000,3.5854,2.7710,,,,,,,,,,,,,,,,,,,,,,
2021,12,24,10,30,9,71,840,418,4,6.1000000000000000,58,0,0,58,81.94,65.59,0.16,976,1,228,1.8,3.0800,2.3962,,,,,,,,,,,,,,,,,,,,,,
2021,12,24,11,30,9.5,75,877,482,0,5.6000000000000000,75,877,0,482,76.54,62.32,0.16,976,0.9,229,2,26.1937,20.4292,,,,,,,,,,,,,,,,,,,,,,
2021,12,24,12,30,9.600000000000000,78,865,482,3,5.2,163,275,0,292,74.15,62.14,0.16,976,1,233,2.1,15.8870,12.3922,,,,,,,,,,,,,,,,,,,,,,
2021,12,24,13,30,9.4,80,814,423,3,5,136,64,7,163,73.88,65.06,0.16,977,1.1,227,2.1,8.6903,6.7640,,,,,,,,,,,,,,,,,,,,,,
2021,12,24,14,30,8.9,73,725,313,4,5.1000000000000000,94,70,0,117,76.81,70.7,0.16,977,1.1,213,1.8,5.9519,4.6050,,,,,,,,,,,,,,,,,,,,,,
2021,12,24,15,30,8.5,56,552,167,4,5.5,46,221,21,90,81.23,78.43,0.16,977,1.1,205,1.6,4.2992,3.2834,,,,,,,,,,,,,,,,,,,,,,
2021,12,24,16,30,7.4,20,120,25,4,5.6000000000000000,6,0,93,6,88.11,87.54,0.16,978,1.2000000000000000,181,1.6,0.0000,0.0000,,,,,,,,,,,,,,,,,,,,,,
2021,12,24,17,30,6.9,0,0,0,4,5.2,0,0,0,0,88.95,98.17,0.16,979,1.2000000000000000,172,1.9000000000000000,0.0000,0.0000,,,,,,,,,,,,,,,,,,,,,,
2021,12,24,18,30,6.5,0,0,0,4,5,0,0,0,0,90.25,109.25,0.16,979,1.2000000000000000,166,2,0.0000,0.0000,,,,,,,,,,,,,,,,,,,,,,
2021,12,24,19,30,6.300000000000000,0,0,0,4,4.9,0,0,14,0,90.61,120.76,0.16,979,1.2000000000000000,164,2.2,0.0000,0.0000,,,,,,,,,,,,,,,,,,,,,,
2021,12,24,20,30,6.2,0,0,0,4,4.800000000000000,0,0,0,0,90.96000000000000,132.48,0.16,980,1.2000000000000000,164,2.4000000000000000,0.0000,0.0000,,,,,,,,,,,,,,,,,,,,,,
2021,12,24,21,30,6.2,0,0,0,4,4.9,0,0,0,0,91.19,144.1,0.16,980,1.3,164,2.6,0.0000,0.0000,,,,,,,,,,,,,,,,,,,,,,
2021,12,24,22,30,6.1000000000000000,0,0,0,4,4.9,0,0,0,0,91.82000000000000,155.01,0.16,980,1.3,159,2.6,0.0000,0.0000,,,,,,,,,,,,,,,,,,,,,,
2021,12,24,23,30,6.1000000000000000,0,0,0,4,4.800000000000000,0,0,0,0,91.67,163.3,0.16,980,1.3,154,2.7,0.0000,0.0000,,,,,,,,,,,,,,,,,,,,,,
2021,12,25,0,30,6,0,0,0,4,4.800000000000000,0,0,0,0,91.84,163.92000000000000,0.16,980,1.3,151,2.8000000000000000,0.0000,0.0000,,,,,,,,,,,,,,,,,,,,,,
2021,12,25,1,30,6,0,0,0,4,4.7,0,0,0,0,91.39,156.24,0.16,980,1.3,147,3,0.0000,0.0000,,,,,,,,,,,,,,,,,,,,,,
2021,12,25,2,30,5.9,0,0,0,3,4.6000000000000000,0,0,0,0,91.49,145.5,0.16,980,1.3,143,3.1,0.0000,0.0000,,,,,,,,,,,,,,,,,,,,,,
2021,12,25,3,30,5.800000000000000,0,0,0,4,4.5,0,0,0,0,91.24,133.92000000000000,0.16,979,1.4000000000000000,142,3.2,0.0000,0.0000,,,,,,,,,,,,,,,,,,,,,,
2021,12,25,4,30,5.6000000000000000,0,0,0,4,4.3,0,0,0,0,91.17,122.2,0.16,979,1.4000000000000000,141,3.4000000000000000,0.0000,0.0000,,,,,,,,,,,,,,,,,,,,,,
2021,12,25,5,30,5.4,0,0,0,4,4,0,0,0,0,90.79,110.64,0.16,978,1.4000000000000000,140,3.7,0.0000,0.0000,,,,,,,,,,,,,,,,,,,,,,
2021,12,25,6,30,5.2,0,0,0,4,3.8000000000000000,0,0,0,0,90.74,99.49000000000000,0.16,978,1.4000000000000000,139,3.9000000000000000,0.0000,0.0000,,,,,,,,,,,,,,,,,,,,,,
2021,12,25,7,30,5.300000000000000,13,72,15,4,3.7,10,9,57,10,89.38,88.66,0.16,978,1.5,140,4.1000000000000000,0.0000,0.0000,,,,,,,,,,,,,,,,,,,,,,
2021,12,25,8,30,5.800000000000000,58,472,144,4,3.9000000000000000,49,36,21,56,87.8,79.48,0.16,978,1.5,145,4.4,2.6692,2.0353,,,,,,,,,,,,,,,,,,,,,,
2021,12,25,9,30,6.5,81,650,287,4,4.5,39,0,0,39,87.24,71.53,0.16,978,1.5,150,4.6000000000000000,1.9689,1.5216,,,,,,,,,,,,,,,,,,,,,,
2021,12,25,10,30,7,98,722,396,7,5.1000000000000000,123,25,0,133,87.43,65.6,0.16,977,1.5,154,4.7,7.0622,5.4942,,,,,,,,,,,,,,,,,,,,,,
2021,12,25,11,30,7.300000000000000,106,751,455,7,5.300000000000000,47,0,0,47,87.27,62.31,0.16,976,1.6,157,4.6000000000000000,2.5543,1.9922,,,,,,,,,,,,,,,,,,,,,,
2021,12,25,12,30,7.4,105,757,459,7,5.5,45,0,0,45,87.82000000000000,62.1,0.16,975,1.6,160,4.5,2.4490,1.9103,,,,,,,,,,,,,,,,,,,,,,
2021,12,25,13,30,7.4,98,727,405,7,5.7,75,0,0,75,88.73,65,0.16,974,1.6,161,4.2,4.0004,3.1138,,,,,,,,,,,,,,,,,,,,,,
2021,12,25,14,30,7.300000000000000,87,643,300,6,5.800000000000000,18,0,0,18,90.27,70.62,0.16,974,1.6,162,3.9000000000000000,0.9163,0.7090,,,,,,,,,,,,,,,,,,,,,,
2021,12,25,15,30,7.2,64,474,160,6,5.9,19,0,0,19,91.14,78.34,0.16,973,1.6,162,3.7,0.9079,0.6935,,,,,,,,,,,,,,,,,,,,,,
2021,12,25,16,30,6.7,21,108,26,6,5.6000000000000000,6,0,100,6,92.73,87.45,0.16,973,1.5,176,2.7,0.0000,0.0000,,,,,,,,,,,,,,,,,,,,,,
2021,12,25,17,30,6.300000000000000,0,0,0,6,5.2,0,0,0,0,92.65,98.06,0.16,973,1.4000000000000000,199,2.2,0.0000,0.0000,,,,,,,,,,,,,,,,,,,,,,
2021,12,25,18,30,5.7,0,0,0,9,4.7,0,0,0,0,93.08,109.14,0.16,973,1.4000000000000000,219,1.9000000000000000,0.0000,0.0000,,,,,,,,,,,,,,,,,,,,,,
2021,12,25,19,30,5.1000000000000000,0,0,0,9,4.1000000000000000,0,0,0,0,93.56,120.65,0.16,974,1.3,228,1.8,0.0000,0.0000,,,,,,,,,,,,,,,,,,,,,,
2021,12,25,20,30,4.6000000000000000,0,0,0,6,3.5,0,0,0,0,92.89,132.37,0.16,974,1.2000000000000000,226,1.8,0.0000,0.0000,,,,,,,,,,,,,,,,,,,,,,
2021,12,25,21,30,4.3,0,0,0,8,3.1,0,0,0,0,91.95,143.99,0.16,974,1.2000000000000000,216,1.7000000000000000,0.0000,0.0000,,,,,,,,,,,,,,,,,,,,,,
2021,12,25,22,30,4.2,0,0,0,7,3,0,0,0,0,91.73,154.91,0.16,975,1.1,208,1.7000000000000000,0.0000,0.0000,,,,,,,,,,,,,,,,,,,,,,
2021,12,25,23,30,4.1000000000000000,0,0,0,7,2.9000000000000000,0,0,0,0,91.68,163.23,0.16,975,1.1,213,1.8,0.0000,0.0000,,,,,,,,,,,,,,,,,,,,,,
2021,12,26,0,30,4,0,0,0,7,2.7,0,0,0,0,91.29,163.92000000000000,0.16,976,1,222,1.9000000000000000,0.0000,0.0000,,,,,,,,,,,,,,,,,,,,,,
2021,12,26,1,30,3.7,0,0,0,7,2.5,0,0,0,0,91.61,156.3,0.16,977,0.9,228,1.8,0.0000,0.0000,,,,,,,,,,,,,,,,,,,,,,
2021,12,26,2,30,3.3000000000000000,0,0,0,4,2.1,0,0,0,0,91.95,145.58,0.16,978,0.9,235,1.8,0.0000,0.0000,,,,,,,,,,,,,,,,,,,,,,
2021,12,26,3,30,2.7,0,0,0,0,1.6,0,0,0,0,92.26,134,0.16,979,0.8,238,1.5,0.0000,0.0000,,,,,,,,,,,,,,,,,,,,,,
2021,12,26,4,30,2.2,0,0,0,0,1.1,0,0,0,0,92.67,122.28,0.16,980,0.8,231,1.3,0.0000,0.0000,,,,,,,,,,,,,,,,,,,,,,
2021,12,26,5,30,1.9000000000000000,0,0,0,0,0.8,0,0,0,0,92.71000000000000,110.71000000000000,0.16,981,0.8,207,1.1,0.0000,0.0000,,,,,,,,,,,,,,,,,,,,,,
2021,12,26,6,30,1.7000000000000000,0,0,0,4,0.5,0,0,0,0,91.74,99.56,0.16,981,0.8,176,1.3,0.0000,0.0000,,,,,,,,,,,,,,,,,,,,,,
2021,12,26,7,30,2.3000000000000000,12,28,13,0,0.4,12,28,0,13,87.07000000000000,88.71000000000000,0.16,982,0.9,154,1.9000000000000000,0.0000,0.0000,,,,,,,,,,,,,,,,,,,,,,
2021,12,26,8,30,3.4000000000000000,73,340,135,6,1.4000000000000000,56,65,14,68,86.58,79.53,0.16,983,1,150,2.4000000000000000,3.2411,2.4712,,,,,,,,,,,,,,,,,,,,,,
2021,12,26,9,30,4.3,107,536,277,6,2.1,116,43,0,130,85.47,71.56,0.16,984,1.1,156,2.6,6.5612,5.0703,,,,,,,,,,,,,,,,,,,,,,
2021,12,26,10,30,5,120,651,389,7,2.6,167,76,0,198,84.73,65.6,0.16,985,1.2000000000000000,164,2.7,10.5136,8.1793,,,,,,,,,,,,,,,,,,,,,,
2021,12,26,11,30,5.2,125,702,451,7,3,162,19,0,171,85.49,62.29,0.16,985,1.2000000000000000,169,2.7,9.2946,7.2493,,,,,,,,,,,,,,,,,,,,,,
2021,12,26,12,30,5.300000000000000,121,714,456,7,3.2,121,2,0,122,86.02,62.050000000000000,0.16,984,1.3,169,2.6,6.6416,5.1809,,,,,,,,,,,,,,,,,,,,,,
2021,12,26,13,30,5.300000000000000,112,690,404,7,3.3000000000000000,69,0,0,69,87.05,64.93,0.16,984,1.3,164,2.4000000000000000,3.6823,2.8663,,,,,,,,,,,,,,,,,,,,,,
2021,12,26,14,30,5.2,94,620,301,7,3.4000000000000000,73,0,0,73,88.33,70.53,0.16,983,1.3,159,2.3000000000000000,3.7193,2.8783,,,,,,,,,,,,,,,,,,,,,,
2021,12,26,15,30,5.1000000000000000,69,452,161,7,3.4000000000000000,20,0,0,20,88.74,78.24,0.16,983,1.3,157,2.2,0.9561,0.7304,,,,,,,,,,,,,,,,,,,,,,
2021,12,26,16,30,4.6000000000000000,22,91,26,7,3.1,8,0,100,8,90.02,87.34,0.17,983,1.4000000000000000,150,2.4000000000000000,0.0000,0.0000,,,,,,,,,,,,,,,,,,,,,,
2021,12,26,17,30,4.4,0,0,0,7,2.8000000000000000,0,0,0,0,89.64,97.95,0.17,983,1.4000000000000000,146,2.6,0.0000,0.0000,,,,,,,,,,,,,,,,,,,,,,
2021,12,26,18,30,4.2,0,0,0,4,2.7,0,0,0,0,89.73,109.02,0.17,983,1.4000000000000000,144,2.9000000000000000,0.0000,0.0000,,,,,,,,,,,,,,,,,,,,,,
2021,12,26,19,30,4,0,0,0,4,2.5,0,0,0,0,89.98,120.54,0.17,982,1.3,144,3.1,0.0000,0.0000,,,,,,,,,,,,,,,,,,,,,,
2021,12,26,20,30,3.9000000000000000,0,0,0,4,2.4000000000000000,0,0,0,0,90.26,132.25,0.17,982,1.3,144,3.2,0.0000,0.0000,,,,,,,,,,,,,,,,,,,,,,
2021,12,26,21,30,3.8000000000000000,0,0,0,7,2.4000000000000000,0,0,0,0,90.68,143.87,0.17,982,1.3,144,3.3000000000000000,0.0000,0.0000,,,,,,,,,,,,,,,,,,,,,,
2021,12,26,22,30,3.8000000000000000,0,0,0,6,2.3000000000000000,0,0,0,0,90.25,154.8,0.17,982,1.4000000000000000,145,3.4000000000000000,0.0000,0.0000,,,,,,,,,,,,,,,,,,,,,,
2021,12,26,23,30,3.7,0,0,0,6,2.3000000000000000,0,0,0,0,90.62,163.15,0.17,981,1.4000000000000000,147,3.5,0.0000,0.0000,,,,,,,,,,,,,,,,,,,,,,
2021,12,27,0,30,3.6,0,0,0,6,2.2,0,0,0,0,90.48,163.92000000000000,0.17,980,1.4000000000000000,148,3.5,0.0000,0.0000,,,,,,,,,,,,,,,,,,,,,,
2021,12,27,1,30,3.6,0,0,0,6,2.1,0,0,0,0,90.01,156.35,0.17,979,1.4000000000000000,148,3.5,0.0000,0.0000,,,,,,,,,,,,,,,,,,,,,,
2021,12,27,2,30,3.7,0,0,0,6,2.2,0,0,0,0,89.79,145.64000000000000,0.17,979,1.5,149,3.4000000000000000,0.0000,0.0000,,,,,,,,,,,,,,,,,,,,,,
2021,12,27,3,30,3.6,0,0,0,6,2.2,0,0,0,0,90.79,134.08,0.17,978,1.5,149,3.3000000000000000,0.0000,0.0000,,,,,,,,,,,,,,,,,,,,,,
2021,12,27,4,30,3.5,0,0,0,7,2.2,0,0,0,0,91.31,122.35000000000000,0.17,977,1.5,147,3.1,0.0000,0.0000,,,,,,,,,,,,,,,,,,,,,,
2021,12,27,5,30,3.3000000000000000,0,0,0,7,2.1,0,0,0,0,91.78,110.78,0.17,977,1.4000000000000000,147,2.7,0.0000,0.0000,,,,,,,,,,,,,,,,,,,,,,
2021,12,27,6,30,3.3000000000000000,0,0,0,7,2,0,0,0,0,91.19,99.62,0.17,977,1.4000000000000000,149,2.4000000000000000,0.0000,0.0000,,,,,,,,,,,,,,,,,,,,,,
2021,12,27,7,30,3.4000000000000000,12,87,14,7,2,5,0,71,5,90.61,88.76,0.17,977,1.4000000000000000,153,2.2,0.0000,0.0000,,,,,,,,,,,,,,,,,,,,,,
2021,12,27,8,30,3.7,50,518,144,7,2.2,29,24,0,33,90.04,79.57000000000000,0.17,977,1.3,156,2,1.5729,1.1992,,,,,,,,,,,,,,,,,,,,,,
2021,12,27,9,30,4.2,70,704,292,4,2.6,83,29,0,92,89.02,71.58,0.17,978,1.2000000000000000,164,1.8,4.6424,3.5875,,,,,,,,,,,,,,,,,,,,,,
2021,12,27,10,30,4.800000000000000,83,783,406,4,2.8000000000000000,46,0,0,46,87.04,65.6,0.17,978,1.1,182,1.6,2.4426,1.9003,,,,,,,,,,,,,,,,,,,,,,
2021,12,27,11,30,5.300000000000000,86,827,471,4,2.9000000000000000,112,40,0,131,84.38,62.26,0.17,977,1.1,211,1.5,7.1218,5.5547,,,,,,,,,,,,,,,,,,,,,,
2021,12,27,12,30,5.6000000000000000,84,844,480,4,2.7,86,0,0,86,81.45,62,0.17,977,1,235,1.6,4.6833,3.6534,,,,,,,,,,,,,,,,,,,,,,
2021,12,27,13,30,5.7,80,814,426,4,2.4000000000000000,144,30,0,157,79.13,64.85,0.17,976,1,246,1.6,8.3834,6.5262,,,,,,,,,,,,,,,,,,,,,,
2021,12,27,14,30,5.5,73,734,319,4,2.1,72,67,0,94,78.88,70.43,0.17,976,1,249,1.4000000000000000,4.7936,3.7101,,,,,,,,,,,,,,,,,,,,,,
2021,12,27,15,30,5.300000000000000,57,570,174,8,2.2,30,0,7,30,80.59,78.13,0.17,976,1,249,1.2000000000000000,1.4348,1.0964,,,,,,,,,,,,,,,,,,,,,,
2021,12,27,16,30,4.1000000000000000,23,150,30,7,2.1,15,0,100,15,86.58,87.24,0.16,976,1.1,245,0.9,0.0000,0.0000,,,,,,,,,,,,,,,,,,,,,,
2021,12,27,17,30,3.8000000000000000,0,0,0,7,1.8,0,0,0,0,86.69,97.83,0.16,977,1.2000000000000000,241,0.9,0.0000,0.0000,,,,,,,,,,,,,,,,,,,,,,
2021,12,27,18,30,3.5,0,0,0,4,1.7000000000000000,0,0,0,0,88.05,108.9,0.16,977,1.2000000000000000,237,0.9,0.0000,0.0000,,,,,,,,,,,,,,,,,,,,,,
2021,12,27,19,30,2.8000000000000000,0,0,0,7,1.5,0,0,0,0,91.19,120.41,0.16,977,1.2000000000000000,231,0.8,0.0000,0.0000,,,,,,,,,,,,,,,,,,,,,,
2021,12,27,20,30,1.9000000000000000,0,0,0,8,0.8,0,0,0,0,92.09,132.13,0.16,978,1.2000000000000000,213,0.7000000000000000,0.0000,0.0000,,,,,,,,,,,,,,,,,,,,,,
2021,12,27,21,30,1.2000000000000000,0,0,0,0,0.2,0,0,0,0,92.9,143.75,0.16,978,1.2000000000000000,180,0.7000000000000000,0.0000,0.0000,,,,,,,,,,,,,,,,,,,,,,
2021,12,27,22,30,0.7000000000000000,0,0,0,4,-0.30000000000000000,0,0,0,0,92.96000000000000,154.68,0.16,978,1.2000000000000000,150,0.7000000000000000,0.0000,0.0000,,,,,,,,,,,,,,,,,,,,,,
2021,12,27,23,30,0.5,0,0,0,5,-0.5,0,0,0,0,92.88,163.06,0.16,978,1.1,134,0.9,0.0000,0.0000,,,,,,,,,,,,,,,,,,,,,,
2021,12,28,0,30,0.30000000000000000,0,0,0,7,-0.5,0,0,0,0,94.51,163.91,0.16,978,1.1,127,1.2000000000000000,0.0000,0.0000,,,,,,,,,,,,,,,,,,,,,,
2021,12,28,1,30,-0.1,0,0,0,4,-0.8,0,0,0,0,94.94,156.4,0.16,978,1.1,126,1.2000000000000000,0.0000,0.0000,,,,,,,,,,,,,,,,,,,,,,
2021,12,28,2,30,-0.5,0,0,0,4,-1.5,0,0,0,0,93.2,145.71,0.16,978,1.1,129,1.1,0.0000,0.0000,,,,,,,,,,,,,,,,,,,,,,
2021,12,28,3,30,-0.6000000000000000,0,0,0,4,-2,0,0,0,0,89.96000000000000,134.15,0.16,978,1.2000000000000000,137,1,0.0000,0.0000,,,,,,,,,,,,,,,,,,,,,,
2021,12,28,4,30,-0.5,0,0,0,7,-2,0,0,0,0,89.39,122.42,0.16,978,1.2000000000000000,144,0.9,0.0000,0.0000,,,,,,,,,,,,,,,,,,,,,,
2021,12,28,5,30,-0.30000000000000000,0,0,0,7,-1.8,0,0,0,0,89.39,110.85000000000000,0.16,978,1.2000000000000000,147,0.8,0.0000,0.0000,,,,,,,,,,,,,,,,,,,,,,
2021,12,28,6,30,-0.1,0,0,0,7,-1.6,0,0,0,0,89.56,99.68,0.16,978,1.2000000000000000,147,0.8,0.0000,0.0000,,,,,,,,,,,,,,,,,,,,,,
2021,12,28,7,30,0.8,13,84,15,4,-1.4000000000000000,7,0,71,7,85.11,88.8,0.16,978,1.1,142,0.9,0.0000,0.0000,,,,,,,,,,,,,,,,,,,,,,
2021,12,28,8,30,2.3000000000000000,52,527,147,4,0,58,42,0,66,84.53,79.60000000000000,0.16,978,1.1,137,1.2000000000000000,3.1458,2.3983,,,,,,,,,,,,,,,,,,,,,,
2021,12,28,9,30,3.6,68,729,298,4,0.7000000000000000,121,82,0,147,81.55,71.59,0.16,979,1.1,143,1.3,7.4171,5.7315,,,,,,,,,,,,,,,,,,,,,,
2021,12,28,10,30,4.5,73,824,414,5,0.8,164,282,14,281,77.08,65.59,0.16,979,1.1,150,1.2000000000000000,14.9220,11.6090,,,,,,,,,,,,,,,,,,,,,,
2021,12,28,11,30,5.300000000000000,77,861,478,4,0.8,152,6,0,155,72.91,62.22,0.16,978,1.1,153,1.1,8.4288,6.5743,,,,,,,,,,,,,,,,,,,,,,
2021,12,28,12,30,5.800000000000000,75,869,484,4,0.9,208,131,0,270,70.54,61.940000000000000,0.16,977,1.1,151,0.9,14.7091,11.4748,,,,,,,,,,,,,,,,,,,,,,
2021,12,28,13,30,5.9,71,848,432,4,0.9,181,184,0,259,70.41,64.77,0.16,977,1.1,142,0.8,13.8381,10.7732,,,,,,,,,,,,,,,,,,,,,,
2021,12,28,14,30,5.7,61,787,326,0,0.9,61,787,0,326,71.44,70.33,0.16,977,1.1,133,0.8,16.6397,12.8803,,,,,,,,,,,,,,,,,,,,,,
2021,12,28,15,30,5.5,48,643,181,4,1.2000000000000000,70,339,64,140,74.03,78.02,0.16,977,1.1,130,0.8,6.6993,5.1200,,,,,,,,,,,,,,,,,,,,,,
2021,12,28,16,30,2.5,21,259,34,4,0.9,18,21,100,19,89.16,87.12,0.16,976,1.1,130,0.9,0.0000,0.0000,,,,,,,,,,,,,,,,,,,,,,
2021,12,28,17,30,1.1,0,0,0,8,-0.7000000000000000,0,0,0,0,87.78,97.71000000000000,0.16,976,1.1,127,1.1,0.0000,0.0000,,,,,,,,,,,,,,,,,,,,,,
2021,12,28,18,30,1,0,0,0,4,-1.1,0,0,0,0,86.14,108.78,0.16,976,1.2000000000000000,131,1.2000000000000000,0.0000,0.0000,,,,,,,,,,,,,,,,,,,,,,
2021,12,28,19,30,1.3,0,0,0,8,-0.8,0,0,0,0,86.13,120.29,0.16,977,1.2000000000000000,136,1.4000000000000000,0.0000,0.0000,,,,,,,,,,,,,,,,,,,,,,
2021,12,28,20,30,1.4000000000000000,0,0,0,4,-0.7000000000000000,0,0,0,0,85.89,132.01,0.16,976,1.2000000000000000,132,1.6,0.0000,0.0000,,,,,,,,,,,,,,,,,,,,,,
2021,12,28,21,30,1.5,0,0,0,4,-0.7000000000000000,0,0,0,0,85.37,143.63,0.16,976,1.2000000000000000,127,1.9000000000000000,0.0000,0.0000,,,,,,,,,,,,,,,,,,,,,,
2021,12,28,22,30,1.8,0,0,0,0,-0.6000000000000000,0,0,0,0,84.08,154.56,0.16,975,1.3,127,2.1,0.0000,0.0000,,,,,,,,,,,,,,,,,,,,,,
2021,12,28,23,30,2.3000000000000000,0,0,0,4,-0.30000000000000000,0,0,0,0,82.8,162.96,0.16,974,1.3,128,2.3000000000000000,0.0000,0.0000,,,,,,,,,,,,,,,,,,,,,,
2021,12,29,0,30,2.8000000000000000,0,0,0,7,0.30000000000000000,0,0,0,0,83.42,163.89000000000000,0.16,974,1.4000000000000000,128,2.5,0.0000,0.0000,,,,,,,,,,,,,,,,,,,,,,
2021,12,29,1,30,3.2,0,0,0,7,0.8,0,0,0,0,83.97,156.44,0.16,973,1.4000000000000000,129,2.9000000000000000,0.0000,0.0000,,,,,,,,,,,,,,,,,,,,,,
2021,12,29,2,30,3.4000000000000000,0,0,0,7,1.2000000000000000,0,0,0,0,85.48,145.77,0.16,973,1.5,132,3.3000000000000000,0.0000,0.0000,,,,,,,,,,,,,,,,,,,,,,
2021,12,29,3,30,3.5,0,0,0,7,1.4000000000000000,0,0,0,0,86.09,134.21,0.16,972,1.5,136,3.8000000000000000,0.0000,0.0000,,,,,,,,,,,,,,,,,,,,,,
2021,12,29,4,30,3.5,0,0,0,7,1.5,0,0,0,0,86.69,122.48,0.16,972,1.5,138,4.1000000000000000,0.0000,0.0000,,,,,,,,,,,,,,,,,,,,,,
2021,12,29,5,30,3.3000000000000000,0,0,0,7,1.4000000000000000,0,0,0,0,87.66,110.91,0.16,972,1.5,139,4.1000000000000000,0.0000,0.0000,,,,,,,,,,,,,,,,,,,,,,
2021,12,29,6,30,3.1,0,0,0,7,1.4000000000000000,0,0,0,0,88.32000000000000,99.73,0.16,972,1.5,140,4,0.0000,0.0000,,,,,,,,,,,,,,,,,,,,,,
2021,12,29,7,30,3.1,13,99,15,7,1.3,4,0,71,4,88.08,88.84,0.16,973,1.5,140,3.7,0.0000,0.0000,,,,,,,,,,,,,,,,,,,,,,
2021,12,29,8,30,3.3000000000000000,50,526,145,7,1.4000000000000000,31,10,0,33,87.35000000000000,79.63,0.16,973,1.5,139,3.5,1.5729,1.1991,,,,,,,,,,,,,,,,,,,,,,
2021,12,29,9,30,3.7,69,705,292,8,1.7000000000000000,67,148,0,114,86.87,71.60000000000000,0.16,974,1.5,138,3.3000000000000000,5.7515,4.4444,,,,,,,,,,,,,,,,,,,,,,
2021,12,29,10,30,4.1000000000000000,80,785,405,7,2.1,140,30,0,152,86.76,65.58,0.16,974,1.5,135,3,8.0723,6.2802,,,,,,,,,,,,,,,,,,,,,,
2021,12,29,11,30,4.6000000000000000,84,823,468,4,2.5,184,91,0,226,85.99,62.18,0.16,974,1.5,132,2.6,12.2929,9.5885,,,,,,,,,,,,,,,,,,,,,,
2021,12,29,12,30,5,83,831,475,8,2.8000000000000000,83,2,0,84,85.89,61.86,0.16,974,1.5,128,2.1,4.5785,3.5720,,,,,,,,,,,,,,,,,,,,,,
2021,12,29,13,30,5.2,80,800,422,4,3.1,97,0,0,97,86.39,64.68,0.16,974,1.5,123,1.7000000000000000,5.1860,4.0377,,,,,,,,,,,,,,,,,,,,,,
2021,12,29,14,30,5.2,72,725,317,4,3.3000000000000000,64,0,0,64,87.42,70.23,0.16,974,1.5,108,1.4000000000000000,3.2696,2.5313,,,,,,,,,,,,,,,,,,,,,,
2021,12,29,15,30,5.2,55,570,174,4,3.4000000000000000,22,4,0,23,88.07000000000000,77.91,0.16,975,1.5,97,1.2000000000000000,1.1012,0.8418,,,,,,,,,,,,,,,,,,,,,,
2021,12,29,16,30,4.6000000000000000,22,197,32,4,3.2,14,4,100,14,90.52,87.01,0.16,976,1.5,73,0.9,0.0000,0.0000,,,,,,,,,,,,,,,,,,,,,,
2021,12,29,17,30,4.3,0,0,0,4,2.7,0,0,0,0,89.48,97.59,0.16,976,1.5,73,0.7000000000000000,0.0000,0.0000,,,,,,,,,,,,,,,,,,,,,,
2021,12,29,18,30,4.2,0,0,0,4,2.5,0,0,0,0,88.94,108.65,0.16,977,1.5,74,0.7000000000000000,0.0000,0.0000,,,,,,,,,,,,,,,,,,,,,,
2021,12,29,19,30,4.2,0,0,0,0,2.3000000000000000,0,0,0,0,87.7,120.16,0.16,977,1.4000000000000000,88,0.8,0.0000,0.0000,,,,,,,,,,,,,,,,,,,,,,
2021,12,29,20,30,4.3,0,0,0,0,2.2,0,0,0,0,86.41,131.88,0.16,977,1.4000000000000000,111,0.8,0.0000,0.0000,,,,,,,,,,,,,,,,,,,,,,
2021,12,29,21,30,4.5,0,0,0,0,2.4000000000000000,0,0,0,0,86.14,143.5,0.16,978,1.4000000000000000,135,0.7000000000000000,0.0000,0.0000,,,,,,,,,,,,,,,,,,,,,,
2021,12,29,22,30,4.9,0,0,0,0,2.6,0,0,0,0,85.32000000000000,154.44,0.16,978,1.4000000000000000,148,0.6000000000000000,0.0000,0.0000,,,,,,,,,,,,,,,,,,,,,,
2021,12,29,23,30,5,0,0,0,0,2.9000000000000000,0,0,0,0,85.99,162.86,0.16,978,1.4000000000000000,137,0.6000000000000000,0.0000,0.0000,,,,,,,,,,,,,,,,,,,,,,
2021,12,30,0,30,4.9,0,0,0,0,2.9000000000000000,0,0,0,0,86.68,163.86,0.16,978,1.4000000000000000,121,0.6000000000000000,0.0000,0.0000,,,,,,,,,,,,,,,,,,,,,,
2021,12,30,1,30,4.7,0,0,0,0,2.9000000000000000,0,0,0,0,87.96000000000000,156.47,0.16,979,1.4000000000000000,119,0.7000000000000000,0.0000,0.0000,,,,,,,,,,,,,,,,,,,,,,
2021,12,30,2,30,4.6000000000000000,0,0,0,0,2.8000000000000000,0,0,0,0,87.88,145.82,0.16,978,1.4000000000000000,125,0.7000000000000000,0.0000,0.0000,,,,,,,,,,,,,,,,,,,,,,
2021,12,30,3,30,4.4,0,0,0,0,2.6,0,0,0,0,88.12,134.27,0.16,978,1.4000000000000000,127,0.7000000000000000,0.0000,0.0000,,,,,,,,,,,,,,,,,,,,,,
2021,12,30,4,30,4.2,0,0,0,0,2.1,0,0,0,0,86.48,122.54,0.16,978,1.4000000000000000,124,0.7000000000000000,0.0000,0.0000,,,,,,,,,,,,,,,,,,,,,,
2021,12,30,5,30,4.1000000000000000,0,0,0,0,1.8,0,0,0,0,85.08,110.96000000000000,0.16,979,1.4000000000000000,120,0.8,0.0000,0.0000,,,,,,,,,,,,,,,,,,,,,,
2021,12,30,6,30,3.9000000000000000,0,0,0,0,1.5,0,0,0,0,84.41,99.78,0.16,979,1.4000000000000000,121,0.7000000000000000,0.0000,0.0000,,,,,,,,,,,,,,,,,,,,,,
2021,12,30,7,30,4.3,13,106,15,0,1.4000000000000000,13,106,0,15,81.45,88.87,0.16,979,1.4000000000000000,123,0.7000000000000000,0.0000,0.0000,,,,,,,,,,,,,,,,,,,,,,
2021,12,30,8,30,5.7,50,541,147,0,2.6,50,541,0,147,80.73,79.65,0.16,979,1.4000000000000000,123,0.6000000000000000,7.0066,5.3415,,,,,,,,,,,,,,,,,,,,,,
2021,12,30,9,30,7.2,70,703,292,0,4.2,77,633,0,277,81,71.60000000000000,0.16,980,1.5,138,0.5,13.9752,10.7991,,,,,,,,,,,,,,,,,,,,,,
2021,12,30,10,30,8.1,87,762,402,0,5,93,725,7,393,80.65,65.55,0.16,980,1.6,160,0.7000000000000000,20.8759,16.2416,,,,,,,,,,,,,,,,,,,,,,
2021,12,30,11,30,8.6,96,788,464,0,5.4,105,741,21,451,80.58,62.13,0.16,979,1.6,171,1,24.5394,19.1414,,,,,,,,,,,,,,,,,,,,,,
2021,12,30,12,30,8.700000000000000,96,790,469,3,5.6000000000000000,158,495,43,392,81.16,61.79,0.16,978,1.7000000000000000,182,1,21.3759,16.6774,,,,,,,,,,,,,,,,,,,,,,
2021,12,30,13,30,8.6,89,767,418,4,5.7,148,26,0,159,82.19,64.58,0.16,978,1.7000000000000000,197,0.9,8.5070,6.6239,,,,,,,,,,,,,,,,,,,,,,
2021,12,30,14,30,8.5,79,693,315,8,5.9,135,118,0,175,83.68,70.11,0.16,978,1.7000000000000000,212,0.6000000000000000,8.9501,6.9299,,,,,,,,,,,,,,,,,,,,,,
2021,12,30,15,30,8.4,61,536,174,8,6.300000000000000,57,5,0,58,86.43,77.78,0.16,978,1.7000000000000000,218,0.5,2.7788,2.1246,,,,,,,,,,,,,,,,,,,,,,
2021,12,30,16,30,7.6000000000000000,24,159,33,0,5.7,23,132,14,30,87.52,86.89,0.16,978,1.6,188,0.30000000000000000,0.0000,0.0000,,,,,,,,,,,,,,,,,,,,,,
2021,12,30,17,30,6.9,0,0,0,0,5.1000000000000000,0,0,0,0,88.27,97.46000000000000,0.16,978,1.6,148,0.4,0.0000,0.0000,,,,,,,,,,,,,,,,,,,,,,
2021,12,30,18,30,6.4,0,0,0,0,4.800000000000000,0,0,0,0,89.4,108.52,0.16,978,1.6,138,0.5,0.0000,0.0000,,,,,,,,,,,,,,,,,,,,,,
2021,12,30,19,30,6,0,0,0,0,4.6000000000000000,0,0,0,0,90.77,120.03,0.16,978,1.5,136,0.6000000000000000,0.0000,0.0000,,,,,,,,,,,,,,,,,,,,,,
2021,12,30,20,30,5.7,0,0,0,0,4.5,0,0,0,0,92.10000000000000,131.75,0.16,978,1.5,141,0.6000000000000000,0.0000,0.0000,,,,,,,,,,,,,,,,,,,,,,
2021,12,30,21,30,5.4,0,0,0,0,4.4,0,0,0,0,93.35000000000000,143.37,0.16,978,1.4000000000000000,146,0.6000000000000000,0.0000,0.0000,,,,,,,,,,,,,,,,,,,,,,
2021,12,30,22,30,5.2,0,0,0,0,4.3,0,0,0,0,93.81,154.31,0.16,978,1.4000000000000000,151,0.6000000000000000,0.0000,0.0000,,,,,,,,,,,,,,,,,,,,,,
2021,12,30,23,30,5.1000000000000000,0,0,0,0,4.2,0,0,0,0,94.18,162.74,0.16,978,1.4000000000000000,156,0.6000000000000000,0.0000,0.0000,,,,,,,,,,,,,,,,,,,,,,
2021,12,31,0,30,4.800000000000000,0,0,0,0,4.1000000000000000,0,0,0,0,95.44,163.82,0.16,978,1.3,160,0.6000000000000000,0.0000,0.0000,,,,,,,,,,,,,,,,,,,,,,
2021,12,31,1,30,4.6000000000000000,0,0,0,0,3.9000000000000000,0,0,0,0,95.33,156.49,0.16,978,1.3,163,0.5,0.0000,0.0000,,,,,,,,,,,,,,,,,,,,,,
2021,12,31,2,30,4.5,0,0,0,0,3.7,0,0,0,0,94.24,145.87,0.16,978,1.3,163,0.5,0.0000,0.0000,,,,,,,,,,,,,,,,,,,,,,
2021,12,31,3,30,4.3,0,0,0,0,3.3000000000000000,0,0,0,0,93.07000000000000,134.33,0.16,977,1.2000000000000000,156,0.5,0.0000,0.0000,,,,,,,,,,,,,,,,,,,,,,
2021,12,31,4,30,4,0,0,0,8,3,0,0,0,0,93.23,122.60000000000000,0.16,977,1.1,147,0.5,0.0000,0.0000,,,,,,,,,,,,,,,,,,,,,,
2021,12,31,5,30,3.6,0,0,0,0,2.6,0,0,0,0,93.39,111.01,0.16,977,1.1,142,0.5,0.0000,0.0000,,,,,,,,,,,,,,,,,,,,,,
2021,12,31,6,30,3.2,0,0,0,4,1.9000000000000000,0,0,0,0,91.46000000000000,99.82000000000000,0.16,977,1,146,0.5,0.0000,0.0000,,,,,,,,,,,,,,,,,,,,,,
2021,12,31,7,30,3.5,13,93,15,8,1.4000000000000000,5,0,71,5,86.2,88.9,0.16,978,1,154,0.5,0.0000,0.0000,,,,,,,,,,,,,,,,,,,,,,
2021,12,31,8,30,4.7,53,533,149,4,2.3000000000000000,32,83,0,47,84.21000000000000,79.66,0.16,978,0.9,173,0.4,2.2402,1.7078,,,,,,,,,,,,,,,,,,,,,,
2021,12,31,9,30,5.800000000000000,70,732,301,4,3,29,0,0,29,82.09,71.60000000000000,0.16,979,0.9,241,0.5,1.4631,1.1306,,,,,,,,,,,,,,,,,,,,,,
2021,12,31,10,30,6.5,78,824,419,4,3,66,0,0,66,78.28,65.52,0.16,979,1,301,1,3.5067,2.7283,,,,,,,,,,,,,,,,,,,,,,
2021,12,31,11,30,7.4,82,858,484,4,3.6,163,14,0,170,76.75,62.07,0.16,978,1,311,1.5,9.2535,7.2182,,,,,,,,,,,,,,,,,,,,,,
2021,12,31,12,30,8.1,81,865,491,0,3.7,137,518,0,383,73.91,61.7,0.16,978,1,317,1.9000000000000000,20.8971,16.3048,,,,,,,,,,,,,,,,,,,,,,
2021,12,31,13,30,8.3,76,846,441,0,3.4000000000000000,124,557,14,364,71.27,64.47,0.16,978,0.9,320,2.1,19.4906,15.1775,,,,,,,,,,,,,,,,,,,,,,
2021,12,31,14,30,8,65,791,336,0,3,65,791,0,336,70.74,69.99,0.16,978,0.9,319,1.9000000000000000,17.2027,13.3218,,,,,,,,,,,,,,,,,,,,,,
2021,12,31,15,30,7.7,50,661,191,0,3.3000000000000000,50,661,0,191,73.48,77.66,0.16,978,0.8,318,1.7000000000000000,9.1567,7.0026,,,,,,,,,,,,,,,,,,,,,,
2021,12,31,16,30,9.200000000000000,23,243,37,0,3.1,23,243,0,37,65.44,86.73,0.16,986,0.8,342,1.7000000000000000,0.0000,0.0000,,,,,,,,,,,,,,,,,,,,,,
2021,12,31,17,30,7.7,0,0,0,0,2.4000000000000000,0,0,0,0,69.27,97.29,0.16,986,0.8,192,1.5,0.0000,0.0000,,,,,,,,,,,,,,,,,,,,,,
2021,12,31,18,30,6.7,0,0,0,0,2,0,0,0,0,71.93,108.35000000000000,0.16,986,0.8,39,1.3,0.0000,0.0000,,,,,,,,,,,,,,,,,,,,,,
2021,12,31,19,30,6,0,0,0,0,1.4000000000000000,0,0,0,0,72.45,119.86,0.16,986,0.7000000000000000,54,1.3,0.0000,0.0000,,,,,,,,,,,,,,,,,,,,,,
2021,12,31,20,30,5.5,0,0,0,0,0.8,0,0,0,0,71.59,131.58,0.16,986,0.7000000000000000,60,1.4000000000000000,0.0000,0.0000,,,,,,,,,,,,,,,,,,,,,,
2021,12,31,21,30,5.1000000000000000,0,0,0,0,0.2,0,0,0,0,70.5,143.20000000000000,0.16,985,0.7000000000000000,63,1.5,0.0000,0.0000,,,,,,,,,,,,,,,,,,,,,,
2021,12,31,22,30,4.7,0,0,0,0,-0.30000000000000000,0,0,0,0,69.88,154.14000000000000,0.16,985,0.7000000000000000,68,1.7000000000000000,0.0000,0.0000,,,,,,,,,,,,,,,,,,,,,,
2021,12,31,23,30,4.5,0,0,0,0,-0.9,0,0,0,0,68.21000000000000,162.59,0.16,985,0.7000000000000000,76,1.6,0.0000,0.0000,,,,,,,,,,,,,,,,,,,,,,