{
    "type": "FeatureCollection",
    "features": [
        {
            "type": "Feature",
            "id": 1,
            "geometry": {
                "type": "LineString",
                "coordinates": [
                    [
                        -120.64289916099995,
                        37.82498856300003
                    ],
                    [
                        -120.64490797799999,
                        37.79721538900003
                    ],
                    [
                        -120.62984184799996,
                        37.79562803500005
                    ],
                    [
                        -120.59368313499999,
                        37.73846058000004
                    ],
                    [
                        -120.59468754399995,
                        37.67965910200007
                    ]
                ]
            },
            "properties": {
                "OBJECTID": 1,
                "type": "BRANCH",
                "branch": 1,
                "fbus": 1.0,
                "tbus": 2.0,
                "length": 29.3,
                "Shape_Length": 0.16944826647582603,
                "r": 0.02,
                "x": 0.06,
                "b": 0.03,
                "rateA": 20.0,
                "rateB": 130.0,
                "rateC": 130.0,
                "ratio": 0.0,
                "angle": 0.0,
                "status": 1.0,
                "angmin": -360.0,
                "angmax": 360.0
            }
        },
        {
            "type": "Feature",
            "id": 2,
            "geometry": {
                "type": "LineString",
                "coordinates": [
                    [
                        -120.64289916099995,
                        37.82498856300003
                    ],
                    [
                        -120.64490797799999,
                        37.79721538900003
                    ],
                    [
                        -120.62984184799996,
                        37.79562803500005
                    ],
                    [
                        -120.59368313499999,
                        37.73846058000004
                    ],
                    [
                        -120.54748033599998,
                        37.74560892900007
                    ],
                    [
                        -120.53140979799997,
                        37.74163770900003
                    ],
                    [
                        -120.51634366799999,
                        37.756727210000065
                    ],
                    [
                        -120.50027312899999,
                        37.76387379400006
                    ],
                    [
                        -120.46612323399995,
                        37.74878575100007
                    ]
                ]
            },
            "properties": {
                "OBJECTID": 2,
                "type": "BRANCH",
                "branch": 2,
                "fbus": 1.0,
                "tbus": 3.0,
                "length": 78.7,
                "Shape_Length": 0.25019035766429,
                "r": 0.05,
                "x": 0.19,
                "b": 0.02,
                "rateA": 130.0,
                "rateB": 130.0,
                "rateC": 130.0,
                "ratio": 0.0,
                "angle": 0.0,
                "status": 1.0,
                "angmin": -360.0,
                "angmax": 360.0
            }
        },
        {
            "type": "Feature",
            "id": 3,
            "geometry": {
                "type": "LineString",
                "coordinates": [
                    [
                        -120.59569195299997,
                        37.678864168000075
                    ],
                    [
                        -120.58363904899994,
                        37.64149266100003
                    ],
                    [
                        -120.52638775399998,
                        37.637515861000054
                    ],
                    [
                        -120.51031721499999,
                        37.637515861000054
                    ],
                    [
                        -120.48420258999994,
                        37.664553899000055
                    ],
                    [
                        -120.46813205099994,
                        37.67647931500005
                    ],
                    [
                        -120.46712764199998,
                        37.707476427000074
                    ],
                    [
                        -120.44804387799996,
                        37.719394943000054
                    ],
                    [
                        -120.42795570399994,
                        37.701119101000074
                    ],
                    [
                        -120.38978817499998,
                        37.693966458000034
                    ],
                    [
                        -120.36568236599999,
                        37.68045402800004
                    ],
                    [
                        -120.33755892299996,
                        37.678864168000075
                    ],
                    [
                        -120.33052806299997,
                        37.686018268000055
                    ],
                    [
                        -120.341274597,
                        37.70564147400006
                    ],
                    [
                        -120.38701088199997,
                        37.775162298000055
                    ]
                ]
            },
            "properties": {
                "OBJECTID": 3,
                "type": "BRANCH",
                "branch": 3,
                "fbus": 2.0,
                "tbus": 4.0,
                "length": 87.6,
                "Shape_Length": 0.46125506062106675,
                "r": 0.06,
                "x": 0.17,
                "b": 0.02,
                "rateA": 65.0,
                "rateB": 65.0,
                "rateC": 65.0,
                "ratio": 0.0,
                "angle": 0.0,
                "status": 1.0,
                "angmin": -360.0,
                "angmax": 360.0
            }
        },
        {
            "type": "Feature",
            "id": 4,
            "geometry": {
                "type": "LineString",
                "coordinates": [
                    [
                        -120.46612323399995,
                        37.74878575100007
                    ],
                    [
                        -120.42722263899998,
                        37.768209848000026
                    ],
                    [
                        -120.38701088199997,
                        37.775162298000055
                    ]
                ]
            },
            "properties": {
                "OBJECTID": 4,
                "type": "BRANCH",
                "branch": 4,
                "fbus": 3.0,
                "tbus": 4.0,
                "length": 19.8,
                "Shape_Length": 0.08428883300995757,
                "r": 0.01,
                "x": 0.04,
                "b": 0.0,
                "rateA": 130.0,
                "rateB": 130.0,
                "rateC": 130.0,
                "ratio": 0.0,
                "angle": 0.0,
                "status": 1.0,
                "angmin": -360.0,
                "angmax": 360.0
            }
        },
        {
            "type": "Feature",
            "id": 5,
            "geometry": {
                "type": "LineString",
                "coordinates": [
                    [
                        -120.59569195299997,
                        37.678864168000075
                    ],
                    [
                        -120.58363904899994,
                        37.64149266100003
                    ],
                    [
                        -120.52638775399998,
                        37.637515861000054
                    ],
                    [
                        -120.51031721499999,
                        37.637515861000054
                    ],
                    [
                        -120.48420258999994,
                        37.664553899000055
                    ],
                    [
                        -120.46813205099994,
                        37.67647931500005
                    ],
                    [
                        -120.46712764199998,
                        37.707476427000074
                    ],
                    [
                        -120.44804387799996,
                        37.719394943000054
                    ],
                    [
                        -120.42795570399994,
                        37.701119101000074
                    ],
                    [
                        -120.38978817499998,
                        37.693966458000034
                    ],
                    [
                        -120.36568236599999,
                        37.68045402800004
                    ],
                    [
                        -120.33755892299996,
                        37.678864168000075
                    ],
                    [
                        -120.33052806299997,
                        37.686018268000055
                    ],
                    [
                        -120.27270974599998,
                        37.691273903000024
                    ],
                    [
                        -120.16982267499998,
                        37.64387863800005
                    ]
                ]
            },
            "properties": {
                "OBJECTID": 5,
                "type": "BRANCH",
                "branch": 5,
                "fbus": 2.0,
                "tbus": 5.0,
                "length": 83.1,
                "Shape_Length": 0.5270009787075789,
                "r": 0.05,
                "x": 0.2,
                "b": 0.02,
                "rateA": 130.0,
                "rateB": 130.0,
                "rateC": 130.0,
                "ratio": 0.0,
                "angle": 0.0,
                "status": 1.0,
                "angmin": -360.0,
                "angmax": 360.0
            }
        },
        {
            "type": "Feature",
            "id": 6,
            "geometry": {
                "type": "LineString",
                "coordinates": [
                    [
                        -120.59569195299997,
                        37.678864168000075
                    ],
                    [
                        -120.58363904899994,
                        37.64149266100003
                    ],
                    [
                        -120.52638775399998,
                        37.637515861000054
                    ],
                    [
                        -120.51031721499999,
                        37.637515861000054
                    ],
                    [
                        -120.48420258999994,
                        37.664553899000055
                    ],
                    [
                        -120.46813205099994,
                        37.67647931500005
                    ],
                    [
                        -120.46712764199998,
                        37.707476427000074
                    ],
                    [
                        -120.44804387799996,
                        37.719394943000054
                    ],
                    [
                        -120.42795570399994,
                        37.701119101000074
                    ],
                    [
                        -120.38978817499998,
                        37.693966458000034
                    ],
                    [
                        -120.36568236599999,
                        37.68045402800004
                    ],
                    [
                        -120.33755892299996,
                        37.678864168000075
                    ],
                    [
                        -120.33052806299997,
                        37.686018268000055
                    ],
                    [
                        -120.341274597,
                        37.70564147400006
                    ],
                    [
                        -120.32094193799998,
                        37.71427397200006
                    ],
                    [
                        -120.29899301399996,
                        37.70401321300005
                    ],
                    [
                        -120.23514160199994,
                        37.70717052100008
                    ],
                    [
                        -120.19722982599995,
                        37.71190623100006
                    ],
                    [
                        -120.18525768599994,
                        37.73873620400008
                    ],
                    [
                        -120.17886235299994,
                        37.74163770900003
                    ]
                ]
            },
            "properties": {
                "OBJECTID": 6,
                "type": "BRANCH",
                "branch": 6,
                "fbus": 2.0,
                "tbus": 6.0,
                "length": 89.2,
                "Shape_Length": 0.5628954353452336,
                "r": 0.06,
                "x": 0.18,
                "b": 0.02,
                "rateA": 65.0,
                "rateB": 65.0,
                "rateC": 65.0,
                "ratio": 0.0,
                "angle": 0.0,
                "status": 1.0,
                "angmin": -360.0,
                "angmax": 360.0
            }
        },
        {
            "type": "Feature",
            "id": 7,
            "geometry": {
                "type": "LineString",
                "coordinates": [
                    [
                        -120.38701088199997,
                        37.775162298000055
                    ],
                    [
                        -120.341274597,
                        37.70564147400006
                    ],
                    [
                        -120.32094193799998,
                        37.71427397200006
                    ],
                    [
                        -120.29899301399996,
                        37.70401321300005
                    ],
                    [
                        -120.23514160199994,
                        37.70717052100008
                    ],
                    [
                        -120.19722982599995,
                        37.71190623100006
                    ],
                    [
                        -120.18525768599994,
                        37.73873620400008
                    ],
                    [
                        -120.17886235299994,
                        37.74163770900003
                    ]
                ]
            },
            "properties": {
                "OBJECTID": 7,
                "type": "BRANCH",
                "branch": 7,
                "fbus": 4.0,
                "tbus": 6.0,
                "length": 19.3,
                "Shape_Length": 0.2680729765212564,
                "r": 0.01,
                "x": 0.04,
                "b": 0.0,
                "rateA": 90.0,
                "rateB": 90.0,
                "rateC": 90.0,
                "ratio": 0.0,
                "angle": 0.0,
                "status": 1.0,
                "angmin": -360.0,
                "angmax": 360.0
            }
        },
        {
            "type": "Feature",
            "id": 8,
            "geometry": {
                "type": "LineString",
                "coordinates": [
                    [
                        -120.16982267499998,
                        37.64387863800005
                    ],
                    [
                        -120.14514724099996,
                        37.65841095700006
                    ],
                    [
                        -120.15754875199997,
                        37.66577399400006
                    ],
                    [
                        -120.15754875199997,
                        37.67531758400003
                    ],
                    [
                        -120.16684988499998,
                        37.68131578400005
                    ],
                    [
                        -120.16409399399998,
                        37.69222036000008
                    ],
                    [
                        -120.14273583599999,
                        37.68676827200005
                    ],
                    [
                        -120.11069859999998,
                        37.68240631400005
                    ],
                    [
                        -120.06625985299996,
                        37.65732007400004
                    ]
                ]
            },
            "properties": {
                "OBJECTID": 8,
                "type": "BRANCH",
                "branch": 8,
                "fbus": 5.0,
                "tbus": 7.0,
                "length": 66,
                "Shape_Length": 0.1803243816412463,
                "r": 0.05,
                "x": 0.12,
                "b": 0.01,
                "rateA": 70.0,
                "rateB": 70.0,
                "rateC": 70.0,
                "ratio": 0.0,
                "angle": 0.0,
                "status": 1.0,
                "angmin": -360.0,
                "angmax": 360.0
            }
        },
        {
            "type": "Feature",
            "id": 9,
            "geometry": {
                "type": "LineString",
                "coordinates": [
                    [
                        -120.17886235299994,
                        37.74163770900003
                    ],
                    [
                        -120.17752210399999,
                        37.73905802000007
                    ],
                    [
                        -120.15676941799995,
                        37.72811020900008
                    ],
                    [
                        -120.15407721399998,
                        37.70681387600007
                    ],
                    [
                        -120.14273583599999,
                        37.68676827200005
                    ],
                    [
                        -120.11069859999998,
                        37.68240631400005
                    ],
                    [
                        -120.06625985299996,
                        37.65732007400004
                    ]
                ]
            },
            "properties": {
                "OBJECTID": 9,
                "type": "BRANCH",
                "branch": 9,
                "fbus": 6.0,
                "tbus": 7.0,
                "length": 41.2,
                "Shape_Length": 0.15423122511844578,
                "r": 0.03,
                "x": 0.08,
                "b": 0.01,
                "rateA": 130.0,
                "rateB": 130.0,
                "rateC": 130.0,
                "ratio": 0.0,
                "angle": 0.0,
                "status": 1.0,
                "angmin": -360.0,
                "angmax": 360.0
            }
        },
        {
            "type": "Feature",
            "id": 10,
            "geometry": {
                "type": "LineString",
                "coordinates": [
                    [
                        -120.17886235299994,
                        37.74163770900003
                    ],
                    [
                        -120.17752210399999,
                        37.73905802000007
                    ],
                    [
                        -120.15676941799995,
                        37.72811020900008
                    ],
                    [
                        -120.13890078599997,
                        37.73810630000003
                    ],
                    [
                        -120.11758238599998,
                        37.750253661000045
                    ],
                    [
                        -120.10128008099997,
                        37.753971842000055
                    ],
                    [
                        -120.08123453999997,
                        37.75704292000006
                    ],
                    [
                        -120.05519471699995,
                        37.742816738000045
                    ],
                    [
                        -120.06213485299998,
                        37.700296654000056
                    ],
                    [
                        -120.03567364999998,
                        37.68887578700003
                    ]
                ]
            },
            "properties": {
                "OBJECTID": 10,
                "type": "BRANCH",
                "branch": 10,
                "fbus": 6.0,
                "tbus": 8.0,
                "length": 19.5,
                "Shape_Length": 0.20995767019494507,
                "r": 0.01,
                "x": 0.04,
                "b": 0.0,
                "rateA": 32.0,
                "rateB": 32.0,
                "rateC": 32.0,
                "ratio": 0.0,
                "angle": 0.0,
                "status": 1.0,
                "angmin": -360.0,
                "angmax": 360.0
            }
        },
        {
            "type": "Feature",
            "id": 11,
            "geometry": {
                "type": "LineString",
                "coordinates": [
                    [
                        -120.17886235299994,
                        37.74163770900003
                    ],
                    [
                        -120.17716217299994,
                        37.74187909600005
                    ]
                ]
            },
            "properties": {
                "OBJECTID": 11,
                "type": "LINK",
                "branch": 11,
                "fbus": 6.0,
                "tbus": 9.0,
                "length": 0,
                "Shape_Length": 0,
                "r": 0.0,
                "x": 0.21,
                "b": 0.0,
                "rateA": 65.0,
                "rateB": 65.0,
                "rateC": 65.0,
                "ratio": 0.0,
                "angle": 0.0,
                "status": 1.0,
                "angmin": -360.0,
                "angmax": 360.0
            }
        },
        {
            "type": "Feature",
            "id": 12,
            "geometry": {
                "type": "LineString",
                "coordinates": [
                    [
                        -120.17886235299994,
                        37.74163770900003
                    ],
                    [
                        -120.17386037999995,
                        37.74178464700003
                    ]
                ]
            },
            "properties": {
                "OBJECTID": 12,
                "type": "LINK",
                "branch": 12,
                "fbus": 6.0,
                "tbus": 10.0,
                "length": 0,
                "Shape_Length": 0,
                "r": 0.0,
                "x": 0.56,
                "b": 0.0,
                "rateA": 32.0,
                "rateB": 32.0,
                "rateC": 32.0,
                "ratio": 0.0,
                "angle": 0.0,
                "status": 1.0,
                "angmin": -360.0,
                "angmax": 360.0
            }
        },
        {
            "type": "Feature",
            "id": 13,
            "geometry": {
                "type": "LineString",
                "coordinates": [
                    [
                        -120.17716217299994,
                        37.74187909600005
                    ],
                    [
                        -120.17569543299999,
                        37.74177807700005
                    ]
                ]
            },
            "properties": {
                "OBJECTID": 13,
                "type": "LINK",
                "branch": 13,
                "fbus": 9.0,
                "tbus": 11.0,
                "length": 0,
                "Shape_Length": 0,
                "r": 0.0,
                "x": 0.21,
                "b": 0.0,
                "rateA": 65.0,
                "rateB": 65.0,
                "rateC": 65.0,
                "ratio": 0.0,
                "angle": 0.0,
                "status": 1.0,
                "angmin": -360.0,
                "angmax": 360.0
            }
        },
        {
            "type": "Feature",
            "id": 14,
            "geometry": {
                "type": "LineString",
                "coordinates": [
                    [
                        -120.17716217299994,
                        37.74187909600005
                    ],
                    [
                        -120.17386037999995,
                        37.74178464700003
                    ]
                ]
            },
            "properties": {
                "OBJECTID": 14,
                "type": "LINK",
                "branch": 14,
                "fbus": 9.0,
                "tbus": 10.0,
                "length": 0,
                "Shape_Length": 0,
                "r": 0.0,
                "x": 0.11,
                "b": 0.0,
                "rateA": 65.0,
                "rateB": 65.0,
                "rateC": 65.0,
                "ratio": 0.0,
                "angle": 0.0,
                "status": 1.0,
                "angmin": -360.0,
                "angmax": 360.0
            }
        },
        {
            "type": "Feature",
            "id": 15,
            "geometry": {
                "type": "LineString",
                "coordinates": [
                    [
                        -120.38701088199997,
                        37.775162298000055
                    ],
                    [
                        -120.39429598399994,
                        37.775379592000036
                    ]
                ]
            },
            "properties": {
                "OBJECTID": 15,
                "type": "LINK",
                "branch": 15,
                "fbus": 4.0,
                "tbus": 12.0,
                "length": 0,
                "Shape_Length": 0,
                "r": 0.0,
                "x": 0.26,
                "b": 0.0,
                "rateA": 65.0,
                "rateB": 65.0,
                "rateC": 65.0,
                "ratio": 0.0,
                "angle": 0.0,
                "status": 1.0,
                "angmin": -360.0,
                "angmax": 360.0
            }
        },
        {
            "type": "Feature",
            "id": 16,
            "geometry": {
                "type": "LineString",
                "coordinates": [
                    [
                        -120.39429598399994,
                        37.775379592000036
                    ],
                    [
                        -120.40083666999999,
                        37.77578323300003
                    ]
                ]
            },
            "properties": {
                "OBJECTID": 16,
                "type": "LINK",
                "branch": 16,
                "fbus": 12.0,
                "tbus": 13.0,
                "length": 0,
                "Shape_Length": 0,
                "r": 0.0,
                "x": 0.14,
                "b": 0.0,
                "rateA": 65.0,
                "rateB": 65.0,
                "rateC": 65.0,
                "ratio": 0.0,
                "angle": 0.0,
                "status": 1.0,
                "angmin": -360.0,
                "angmax": 360.0
            }
        },
        {
            "type": "Feature",
            "id": 17,
            "geometry": {
                "type": "LineString",
                "coordinates": [
                    [
                        -120.39429598399994,
                        37.775379592000036
                    ],
                    [
                        -120.39925851799995,
                        37.78526904700004
                    ],
                    [
                        -120.42841285299994,
                        37.788744429000076
                    ],
                    [
                        -120.43278398299998,
                        37.81014928500008
                    ],
                    [
                        -120.42933890299997,
                        37.83205631200008
                    ],
                    [
                        -120.41297476999995,
                        37.85178067700008
                    ],
                    [
                        -120.42658283799994,
                        37.863884744000075
                    ],
                    [
                        -120.43627729099995,
                        37.87361977300003
                    ],
                    [
                        -120.44874223299996,
                        37.87751830500008
                    ],
                    [
                        -120.46567574099998,
                        37.88104537100003
                    ],
                    [
                        -120.48025737199998,
                        37.88290165300003
                    ],
                    [
                        -120.48872412499998,
                        37.88921266300008
                    ],
                    [
                        -120.50448169499998,
                        37.88011721200007
                    ],
                    [
                        -120.51005062599995,
                        37.86705776300005
                    ]
                ]
            },
            "properties": {
                "OBJECTID": 17,
                "type": "BRANCH",
                "branch": 17,
                "fbus": 12.0,
                "tbus": 14.0,
                "length": 16.1,
                "Shape_Length": 0.2300363079109736,
                "r": 0.12,
                "x": 0.26,
                "b": 0.0,
                "rateA": 32.0,
                "rateB": 32.0,
                "rateC": 32.0,
                "ratio": 0.0,
                "angle": 0.0,
                "status": 1.0,
                "angmin": -360.0,
                "angmax": 360.0
            }
        },
        {
            "type": "Feature",
            "id": 18,
            "geometry": {
                "type": "LineString",
                "coordinates": [
                    [
                        -120.39429598399994,
                        37.775379592000036
                    ],
                    [
                        -120.39925851799995,
                        37.78526904700004
                    ],
                    [
                        -120.42841285299994,
                        37.788744429000076
                    ],
                    [
                        -120.43278398299998,
                        37.81014928500008
                    ],
                    [
                        -120.42933890299997,
                        37.83205631200008
                    ],
                    [
                        -120.41297476999995,
                        37.85178067700008
                    ],
                    [
                        -120.42658283799994,
                        37.863884744000075
                    ],
                    [
                        -120.412630262,
                        37.87421922800007
                    ],
                    [
                        -120.40436206799995,
                        37.87843419300003
                    ]
                ]
            },
            "properties": {
                "OBJECTID": 18,
                "type": "BRANCH",
                "branch": 18,
                "fbus": 12.0,
                "tbus": 15.0,
                "length": 8.4,
                "Shape_Length": 0.15493307799257638,
                "r": 0.07,
                "x": 0.13,
                "b": 0.0,
                "rateA": 32.0,
                "rateB": 32.0,
                "rateC": 32.0,
                "ratio": 0.0,
                "angle": 0.0,
                "status": 1.0,
                "angmin": -360.0,
                "angmax": 360.0
            }
        },
        {
            "type": "Feature",
            "id": 19,
            "geometry": {
                "type": "LineString",
                "coordinates": [
                    [
                        -120.39429598399994,
                        37.775379592000036
                    ],
                    [
                        -120.39925851799995,
                        37.78526904700004
                    ],
                    [
                        -120.42841285299994,
                        37.788744429000076
                    ],
                    [
                        -120.43278398299998,
                        37.81014928500008
                    ],
                    [
                        -120.42933890299997,
                        37.83205631200008
                    ],
                    [
                        -120.41297476999995,
                        37.85178067700008
                    ],
                    [
                        -120.39292787499994,
                        37.849991319000026
                    ],
                    [
                        -120.37670964999995,
                        37.83960715500007
                    ],
                    [
                        -120.36903886799996,
                        37.839434073000064
                    ],
                    [
                        -120.35106731999997,
                        37.82991394900006
                    ],
                    [
                        -120.32608248699995,
                        37.82143135000007
                    ],
                    [
                        -120.30742666299994,
                        37.81467403200003
                    ]
                ]
            },
            "properties": {
                "OBJECTID": 19,
                "type": "BRANCH",
                "branch": 19,
                "fbus": 12.0,
                "tbus": 16.0,
                "length": 12.4,
                "Shape_Length": 0.22369906556666122,
                "r": 0.09,
                "x": 0.2,
                "b": 0.0,
                "rateA": 32.0,
                "rateB": 32.0,
                "rateC": 32.0,
                "ratio": 0.0,
                "angle": 0.0,
                "status": 1.0,
                "angmin": -360.0,
                "angmax": 360.0
            }
        },
        {
            "type": "Feature",
            "id": 20,
            "geometry": {
                "type": "LineString",
                "coordinates": [
                    [
                        -120.51005062599995,
                        37.86705776300005
                    ],
                    [
                        -120.50448169499998,
                        37.88011721200007
                    ],
                    [
                        -120.48872412499998,
                        37.88921266300008
                    ],
                    [
                        -120.48025737199998,
                        37.88290165300003
                    ],
                    [
                        -120.46567574099998,
                        37.88104537100003
                    ],
                    [
                        -120.44874223299996,
                        37.87751830500008
                    ],
                    [
                        -120.43627729099995,
                        37.87361977300003
                    ],
                    [
                        -120.42658283799994,
                        37.863884744000075
                    ],
                    [
                        -120.412630262,
                        37.87421922800007
                    ],
                    [
                        -120.40436206799995,
                        37.87843419300003
                    ]
                ]
            },
            "properties": {
                "OBJECTID": 20,
                "type": "BRANCH",
                "branch": 20,
                "fbus": 14.0,
                "tbus": 15.0,
                "length": 20.5,
                "Shape_Length": 0.1283904928659994,
                "r": 0.22,
                "x": 0.2,
                "b": 0.0,
                "rateA": 16.0,
                "rateB": 16.0,
                "rateC": 16.0,
                "ratio": 0.0,
                "angle": 0.0,
                "status": 1.0,
                "angmin": -360.0,
                "angmax": 360.0
            }
        },
        {
            "type": "Feature",
            "id": 21,
            "geometry": {
                "type": "LineString",
                "coordinates": [
                    [
                        -120.30742666299994,
                        37.81467403200003
                    ],
                    [
                        -120.29815506399996,
                        37.815575326000044
                    ],
                    [
                        -120.29055476999997,
                        37.81913325100004
                    ],
                    [
                        -120.28295447699998,
                        37.82157922500005
                    ],
                    [
                        -120.27296149799997,
                        37.81724312500006
                    ],
                    [
                        -120.26902060399999,
                        37.81479700700004
                    ],
                    [
                        -120.26085732599995,
                        37.822468650000076
                    ],
                    [
                        -120.23425629699994,
                        37.83736492700007
                    ],
                    [
                        -120.22510779499999,
                        37.838587622000034
                    ]
                ]
            },
            "properties": {
                "OBJECTID": 21,
                "type": "BRANCH",
                "branch": 21,
                "fbus": 16.0,
                "tbus": 17.0,
                "length": 11.5,
                "Shape_Length": 0.09214301537230118,
                "r": 0.08,
                "x": 0.19,
                "b": 0.0,
                "rateA": 16.0,
                "rateB": 16.0,
                "rateC": 16.0,
                "ratio": 0.0,
                "angle": 0.0,
                "status": 1.0,
                "angmin": -360.0,
                "angmax": 360.0
            }
        },
        {
            "type": "Feature",
            "id": 22,
            "geometry": {
                "type": "LineString",
                "coordinates": [
                    [
                        -120.40436206799995,
                        37.87843419300003
                    ],
                    [
                        -120.38806483099995,
                        37.88968716100004
                    ],
                    [
                        -120.39364540199995,
                        37.91338190500005
                    ],
                    [
                        -120.38168703499997,
                        37.91820379400008
                    ],
                    [
                        -120.35909900899998,
                        37.945452009000064
                    ],
                    [
                        -120.34554619399995,
                        37.94775716400005
                    ]
                ]
            },
            "properties": {
                "OBJECTID": 22,
                "type": "BRANCH",
                "branch": 22,
                "fbus": 15.0,
                "tbus": 18.0,
                "length": 13.8,
                "Shape_Length": 0.10618247220824185,
                "r": 0.11,
                "x": 0.22,
                "b": 0.0,
                "rateA": 16.0,
                "rateB": 16.0,
                "rateC": 16.0,
                "ratio": 0.0,
                "angle": 0.0,
                "status": 1.0,
                "angmin": -360.0,
                "angmax": 360.0
            }
        },
        {
            "type": "Feature",
            "id": 23,
            "geometry": {
                "type": "LineString",
                "coordinates": [
                    [
                        -120.34554619399995,
                        37.94775716400005
                    ],
                    [
                        -120.31118072199996,
                        37.95521976300006
                    ],
                    [
                        -120.28283784299998,
                        37.96488174600006
                    ],
                    [
                        -120.26131503699997,
                        37.963280944000076
                    ],
                    [
                        -120.262247506,
                        37.94848810900004
                    ]
                ]
            },
            "properties": {
                "OBJECTID": 23,
                "type": "BRANCH",
                "branch": 23,
                "fbus": 18.0,
                "tbus": 19.0,
                "length": 8.2,
                "Shape_Length": 0.1015153492400985,
                "r": 0.06,
                "x": 0.13,
                "b": 0.0,
                "rateA": 16.0,
                "rateB": 16.0,
                "rateC": 16.0,
                "ratio": 0.0,
                "angle": 0.0,
                "status": 1.0,
                "angmin": -360.0,
                "angmax": 360.0
            }
        },
        {
            "type": "Feature",
            "id": 24,
            "geometry": {
                "type": "LineString",
                "coordinates": [
                    [
                        -120.262247506,
                        37.94848810900004
                    ],
                    [
                        -120.26218345399997,
                        37.94164225000003
                    ],
                    [
                        -120.25784500299994,
                        37.937793001000045
                    ],
                    [
                        -120.26370191099994,
                        37.916575747000024
                    ],
                    [
                        -120.26793190099994,
                        37.90930229600008
                    ],
                    [
                        -120.27194496799996,
                        37.88944639300007
                    ]
                ]
            },
            "properties": {
                "OBJECTID": 24,
                "type": "BRANCH",
                "branch": 24,
                "fbus": 19.0,
                "tbus": 20.0,
                "length": 4.400000000000001,
                "Shape_Length": 0.06332827372543512,
                "r": 0.03,
                "x": 0.07,
                "b": 0.0,
                "rateA": 32.0,
                "rateB": 32.0,
                "rateC": 32.0,
                "ratio": 0.0,
                "angle": 0.0,
                "status": 1.0,
                "angmin": -360.0,
                "angmax": 360.0
            }
        },
        {
            "type": "Feature",
            "id": 25,
            "geometry": {
                "type": "LineString",
                "coordinates": [
                    [
                        -120.17386037999995,
                        37.74178464700003
                    ],
                    [
                        -120.17389248399996,
                        37.754737410000075
                    ],
                    [
                        -120.19498857199994,
                        37.76872944400003
                    ],
                    [
                        -120.19870186499998,
                        37.77755187400004
                    ],
                    [
                        -120.21580412499998,
                        37.788963727000066
                    ],
                    [
                        -120.21682092599997,
                        37.799115724000046
                    ],
                    [
                        -120.223280424,
                        37.80128007400003
                    ],
                    [
                        -120.23903735799996,
                        37.81509949100007
                    ],
                    [
                        -120.23052368999998,
                        37.822352386000034
                    ],
                    [
                        -120.23648877099998,
                        37.83616279800003
                    ],
                    [
                        -120.24306315899997,
                        37.857226480000065
                    ],
                    [
                        -120.28872783299994,
                        37.86711966000007
                    ],
                    [
                        -120.29410017199996,
                        37.87502314100004
                    ],
                    [
                        -120.29239079099995,
                        37.88205845400006
                    ],
                    [
                        -120.27194496799996,
                        37.88944639300007
                    ]
                ]
            },
            "properties": {
                "OBJECTID": 25,
                "type": "BRANCH",
                "branch": 25,
                "fbus": 10.0,
                "tbus": 20.0,
                "length": 12.7,
                "Shape_Length": 0.23992701552637832,
                "r": 0.09,
                "x": 0.21,
                "b": 0.0,
                "rateA": 32.0,
                "rateB": 32.0,
                "rateC": 32.0,
                "ratio": 0.0,
                "angle": 0.0,
                "status": 1.0,
                "angmin": -360.0,
                "angmax": 360.0
            }
        },
        {
            "type": "Feature",
            "id": 26,
            "geometry": {
                "type": "LineString",
                "coordinates": [
                    [
                        -120.17386037999995,
                        37.74178464700003
                    ],
                    [
                        -120.17389248399996,
                        37.754737410000075
                    ],
                    [
                        -120.19498857199994,
                        37.76872944400003
                    ],
                    [
                        -120.19870186499998,
                        37.77755187400004
                    ],
                    [
                        -120.21580412499998,
                        37.788963727000066
                    ],
                    [
                        -120.21682092599997,
                        37.799115724000046
                    ],
                    [
                        -120.223280424,
                        37.80128007400003
                    ],
                    [
                        -120.23903735799996,
                        37.81509949100007
                    ],
                    [
                        -120.23052368999998,
                        37.822352386000034
                    ],
                    [
                        -120.23648877099998,
                        37.83616279800003
                    ],
                    [
                        -120.23425629699994,
                        37.83736492700007
                    ],
                    [
                        -120.22510779499999,
                        37.838587622000034
                    ]
                ]
            },
            "properties": {
                "OBJECTID": 26,
                "type": "BRANCH",
                "branch": 26,
                "fbus": 10.0,
                "tbus": 17.0,
                "length": 47,
                "Shape_Length": 0.14436633359908663,
                "r": 0.03,
                "x": 0.08,
                "b": 0.0,
                "rateA": 32.0,
                "rateB": 32.0,
                "rateC": 32.0,
                "ratio": 0.0,
                "angle": 0.0,
                "status": 1.0,
                "angmin": -360.0,
                "angmax": 360.0
            }
        },
        {
            "type": "Feature",
            "id": 27,
            "geometry": {
                "type": "LineString",
                "coordinates": [
                    [
                        -120.17386037999995,
                        37.74178464700003
                    ],
                    [
                        -120.17389248399996,
                        37.754737410000075
                    ],
                    [
                        -120.19498857199994,
                        37.76872944400003
                    ],
                    [
                        -120.19870186499998,
                        37.77755187400004
                    ],
                    [
                        -120.19579919799997,
                        37.781316471000025
                    ],
                    [
                        -120.17890398799995,
                        37.781824157000074
                    ],
                    [
                        -120.17384533599994,
                        37.79572929200003
                    ],
                    [
                        -120.16820017399999,
                        37.79636654800004
                    ],
                    [
                        -120.16578081899996,
                        37.79978446300004
                    ],
                    [
                        -120.15808286999999,
                        37.800305826000056
                    ]
                ]
            },
            "properties": {
                "OBJECTID": 27,
                "type": "BRANCH",
                "branch": 27,
                "fbus": 10.0,
                "tbus": 21.0,
                "length": 4.6,
                "Shape_Length": 0.10187667943830214,
                "r": 0.03,
                "x": 0.07,
                "b": 0.0,
                "rateA": 32.0,
                "rateB": 32.0,
                "rateC": 32.0,
                "ratio": 0.0,
                "angle": 0.0,
                "status": 1.0,
                "angmin": -360.0,
                "angmax": 360.0
            }
        },
        {
            "type": "Feature",
            "id": 28,
            "geometry": {
                "type": "LineString",
                "coordinates": [
                    [
                        -120.17386037999995,
                        37.74178464700003
                    ],
                    [
                        -120.17389248399996,
                        37.754737410000075
                    ],
                    [
                        -120.19498857199994,
                        37.76872944400003
                    ],
                    [
                        -120.19870186499998,
                        37.77755187400004
                    ],
                    [
                        -120.19579919799997,
                        37.781316471000025
                    ],
                    [
                        -120.17890398799995,
                        37.781824157000074
                    ],
                    [
                        -120.17384533599994,
                        37.79572929200003
                    ],
                    [
                        -120.16820017399999,
                        37.79636654800004
                    ],
                    [
                        -120.16578081899996,
                        37.79978446300004
                    ],
                    [
                        -120.16374106599994,
                        37.804479280000066
                    ],
                    [
                        -120.16758764699995,
                        37.82261965600003
                    ],
                    [
                        -120.15560914499997,
                        37.82064851300004
                    ],
                    [
                        -120.14569956399998,
                        37.82132888000007
                    ],
                    [
                        -120.13211649899995,
                        37.818952996000064
                    ]
                ]
            },
            "properties": {
                "OBJECTID": 28,
                "type": "BRANCH",
                "branch": 28,
                "fbus": 10.0,
                "tbus": 22.0,
                "length": 9.4,
                "Shape_Length": 0.15368539038562273,
                "r": 0.07,
                "x": 0.15,
                "b": 0.0,
                "rateA": 32.0,
                "rateB": 32.0,
                "rateC": 32.0,
                "ratio": 0.0,
                "angle": 0.0,
                "status": 1.0,
                "angmin": -360.0,
                "angmax": 360.0
            }
        },
        {
            "type": "Feature",
            "id": 29,
            "geometry": {
                "type": "LineString",
                "coordinates": [
                    [
                        -120.15808286999999,
                        37.800305826000056
                    ],
                    [
                        -120.16578081899996,
                        37.79978446300004
                    ],
                    [
                        -120.16374106599994,
                        37.804479280000066
                    ],
                    [
                        -120.16758764699995,
                        37.82261965600003
                    ],
                    [
                        -120.15560914499997,
                        37.82064851300004
                    ],
                    [
                        -120.14569956399998,
                        37.82132888000007
                    ],
                    [
                        -120.13211649899995,
                        37.818952996000064
                    ]
                ]
            },
            "properties": {
                "OBJECTID": 29,
                "type": "BRANCH",
                "branch": 29,
                "fbus": 21.0,
                "tbus": 22.0,
                "length": 1.5,
                "Shape_Length": 0.06723987917062971,
                "r": 0.01,
                "x": 0.02,
                "b": 0.0,
                "rateA": 32.0,
                "rateB": 32.0,
                "rateC": 32.0,
                "ratio": 0.0,
                "angle": 0.0,
                "status": 1.0,
                "angmin": -360.0,
                "angmax": 360.0
            }
        },
        {
            "type": "Feature",
            "id": 30,
            "geometry": {
                "type": "LineString",
                "coordinates": [
                    [
                        -120.40436206799995,
                        37.87843419300003
                    ],
                    [
                        -120.38806483099995,
                        37.88968716100004
                    ],
                    [
                        -120.39364540199995,
                        37.91338190500005
                    ],
                    [
                        -120.38168703499997,
                        37.91820379400008
                    ],
                    [
                        -120.35909900899998,
                        37.945452009000064
                    ],
                    [
                        -120.37251121799994,
                        37.956257005000055
                    ],
                    [
                        -120.37391097599999,
                        37.96812062500004
                    ],
                    [
                        -120.35466430799994,
                        37.97612058900006
                    ],
                    [
                        -120.32561933599999,
                        37.98136147200006
                    ],
                    [
                        -120.29307496999996,
                        37.98163729800007
                    ],
                    [
                        -120.26822927199999,
                        37.99570302700005
                    ]
                ]
            },
            "properties": {
                "OBJECTID": 30,
                "type": "BRANCH",
                "branch": 30,
                "fbus": 15.0,
                "tbus": 23.0,
                "length": 12.9,
                "Shape_Length": 0.23305754847094648,
                "r": 0.1,
                "x": 0.2,
                "b": 0.0,
                "rateA": 16.0,
                "rateB": 16.0,
                "rateC": 16.0,
                "ratio": 0.0,
                "angle": 0.0,
                "status": 1.0,
                "angmin": -360.0,
                "angmax": 360.0
            }
        },
        {
            "type": "Feature",
            "id": 31,
            "geometry": {
                "type": "LineString",
                "coordinates": [
                    [
                        -120.13211649899995,
                        37.818952996000064
                    ],
                    [
                        -120.11993906899994,
                        37.81380862900005
                    ],
                    [
                        -120.10912059999998,
                        37.81754770200007
                    ],
                    [
                        -120.12969372899994,
                        37.84175027400005
                    ],
                    [
                        -120.16331923499996,
                        37.85034088300006
                    ],
                    [
                        -120.19476897399994,
                        37.85971131500003
                    ],
                    [
                        -120.22206497299999,
                        37.86517685000007
                    ],
                    [
                        -120.22246056799997,
                        37.872671782000054
                    ],
                    [
                        -120.23235042299996,
                        37.88297606900005
                    ],
                    [
                        -120.23076804599998,
                        37.88843987900003
                    ],
                    [
                        -120.21514207499996,
                        37.897493299000075
                    ],
                    [
                        -120.20268085799995,
                        37.89983452000007
                    ],
                    [
                        -120.18388439599994,
                        37.91379249200003
                    ]
                ]
            },
            "properties": {
                "OBJECTID": 31,
                "type": "BRANCH",
                "branch": 31,
                "fbus": 22.0,
                "tbus": 24.0,
                "length": 13.1,
                "Shape_Length": 0.23341705792056797,
                "r": 0.12,
                "x": 0.18,
                "b": 0.0,
                "rateA": 16.0,
                "rateB": 16.0,
                "rateC": 16.0,
                "ratio": 0.0,
                "angle": 0.0,
                "status": 1.0,
                "angmin": -360.0,
                "angmax": 360.0
            }
        },
        {
            "type": "Feature",
            "id": 32,
            "geometry": {
                "type": "LineString",
                "coordinates": [
                    [
                        -120.26822927199999,
                        37.99570302700005
                    ],
                    [
                        -120.25233219499995,
                        37.99252608100005
                    ],
                    [
                        -120.24664164799998,
                        37.97785853500005
                    ],
                    [
                        -120.22280286999995,
                        37.97616127400005
                    ],
                    [
                        -120.21495914299999,
                        37.97203919200007
                    ],
                    [
                        -120.18712160199999,
                        37.93953938100003
                    ],
                    [
                        -120.18404563099995,
                        37.92583179300004
                    ],
                    [
                        -120.18942858099996,
                        37.92207085800004
                    ],
                    [
                        -120.18388439599994,
                        37.91379249200003
                    ]
                ]
            },
            "properties": {
                "OBJECTID": 32,
                "type": "BRANCH",
                "branch": 32,
                "fbus": 23.0,
                "tbus": 24.0,
                "length": 17.1,
                "Shape_Length": 0.13807483000972307,
                "r": 0.13,
                "x": 0.27,
                "b": 0.0,
                "rateA": 16.0,
                "rateB": 16.0,
                "rateC": 16.0,
                "ratio": 0.0,
                "angle": 0.0,
                "status": 1.0,
                "angmin": -360.0,
                "angmax": 360.0
            }
        },
        {
            "type": "Feature",
            "id": 33,
            "geometry": {
                "type": "LineString",
                "coordinates": [
                    [
                        -120.18388439599994,
                        37.91379249200003
                    ],
                    [
                        -120.18942858099996,
                        37.92207085800004
                    ],
                    [
                        -120.18404563099995,
                        37.92583179300004
                    ],
                    [
                        -120.17559127999999,
                        37.926139266000064
                    ],
                    [
                        -120.16766059599996,
                        37.93300501700003
                    ],
                    [
                        -120.15818246099997,
                        37.934683214000074
                    ],
                    [
                        -120.16533941999995,
                        37.94566683000005
                    ],
                    [
                        -120.17365696699994,
                        37.956953836000025
                    ],
                    [
                        -120.16475912599998,
                        37.96686666700003
                    ],
                    [
                        -120.14038677999997,
                        37.972661241000026
                    ],
                    [
                        -120.128007175,
                        37.97128888300006
                    ]
                ]
            },
            "properties": {
                "OBJECTID": 33,
                "type": "BRANCH",
                "branch": 33,
                "fbus": 24.0,
                "tbus": 25.0,
                "length": 22.6,
                "Shape_Length": 0.12306316083166931,
                "r": 0.19,
                "x": 0.33,
                "b": 0.0,
                "rateA": 16.0,
                "rateB": 16.0,
                "rateC": 16.0,
                "ratio": 0.0,
                "angle": 0.0,
                "status": 1.0,
                "angmin": -360.0,
                "angmax": 360.0
            }
        },
        {
            "type": "Feature",
            "id": 34,
            "geometry": {
                "type": "LineString",
                "coordinates": [
                    [
                        -120.128007175,
                        37.97128888300006
                    ],
                    [
                        -120.11913364299994,
                        37.98155009300007
                    ],
                    [
                        -120.09458973299996,
                        37.97940053600007
                    ],
                    [
                        -120.09911652899996,
                        37.953470053000046
                    ],
                    [
                        -120.11314000399994,
                        37.935652779000065
                    ],
                    [
                        -120.11443847399994,
                        37.92274791800003
                    ],
                    [
                        -120.11002367599997,
                        37.91537269500003
                    ],
                    [
                        -120.09389587199996,
                        37.911380766000036
                    ],
                    [
                        -120.10457010299996,
                        37.892217886000026
                    ]
                ]
            },
            "properties": {
                "OBJECTID": 34,
                "type": "BRANCH",
                "branch": 34,
                "fbus": 25.0,
                "tbus": 26.0,
                "length": 28.4,
                "Shape_Length": 0.14731578053232536,
                "r": 0.25,
                "x": 0.38,
                "b": 0.0,
                "rateA": 16.0,
                "rateB": 16.0,
                "rateC": 16.0,
                "ratio": 0.0,
                "angle": 0.0,
                "status": 1.0,
                "angmin": -360.0,
                "angmax": 360.0
            }
        },
        {
            "type": "Feature",
            "id": 35,
            "geometry": {
                "type": "LineString",
                "coordinates": [
                    [
                        -120.128007175,
                        37.97128888300006
                    ],
                    [
                        -120.11913364299994,
                        37.98155009300007
                    ],
                    [
                        -120.13981787999995,
                        37.99336448200006
                    ],
                    [
                        -120.14637648699994,
                        38.006380844000034
                    ],
                    [
                        -120.12184244199995,
                        38.01709846500006
                    ],
                    [
                        -120.11654159399995,
                        38.029099839000025
                    ]
                ]
            },
            "properties": {
                "OBJECTID": 35,
                "type": "BRANCH",
                "branch": 35,
                "fbus": 25.0,
                "tbus": 27.0,
                "length": 3.7,
                "Shape_Length": 0.0918545023006894,
                "r": 0.11,
                "x": 0.21,
                "b": 0.0,
                "rateA": 16.0,
                "rateB": 16.0,
                "rateC": 16.0,
                "ratio": 0.0,
                "angle": 0.0,
                "status": 1.0,
                "angmin": -360.0,
                "angmax": 360.0
            }
        },
        {
            "type": "Feature",
            "id": 36,
            "geometry": {
                "type": "LineString",
                "coordinates": [
                    [
                        -120.11654159399995,
                        38.029099839000025
                    ],
                    [
                        -120.11479096299996,
                        38.029099839000025
                    ]
                ]
            },
            "properties": {
                "OBJECTID": 36,
                "type": "LINK",
                "branch": 36,
                "fbus": 28.0,
                "tbus": 27.0,
                "length": 0,
                "Shape_Length": 0,
                "r": 0.0,
                "x": 0.4,
                "b": 0.0,
                "rateA": 65.0,
                "rateB": 65.0,
                "rateC": 65.0,
                "ratio": 0.0,
                "angle": 0.0,
                "status": 1.0,
                "angmin": -360.0,
                "angmax": 360.0
            }
        },
        {
            "type": "Feature",
            "id": 37,
            "geometry": {
                "type": "LineString",
                "coordinates": [
                    [
                        -120.11654159399995,
                        38.029099839000025
                    ],
                    [
                        -120.13816070899998,
                        38.03756793300005
                    ],
                    [
                        -120.19636965399997,
                        38.02987893300008
                    ],
                    [
                        -120.20198794399994,
                        38.056803427000034
                    ]
                ]
            },
            "properties": {
                "OBJECTID": 37,
                "type": "BRANCH",
                "branch": 37,
                "fbus": 27.0,
                "tbus": 29.0,
                "length": 27.4,
                "Shape_Length": 0.10943742282058175,
                "r": 0.22,
                "x": 0.42,
                "b": 0.0,
                "rateA": 16.0,
                "rateB": 16.0,
                "rateC": 16.0,
                "ratio": 0.0,
                "angle": 0.0,
                "status": 1.0,
                "angmin": -360.0,
                "angmax": 360.0
            }
        },
        {
            "type": "Feature",
            "id": 38,
            "geometry": {
                "type": "LineString",
                "coordinates": [
                    [
                        -120.11654159399995,
                        38.029099839000025
                    ],
                    [
                        -120.13816070899998,
                        38.03756793300005
                    ],
                    [
                        -120.19636965399997,
                        38.02987893300008
                    ],
                    [
                        -120.20198794399994,
                        38.056803427000034
                    ],
                    [
                        -120.20945500099998,
                        38.05630600000006
                    ],
                    [
                        -120.232734,
                        38.04816099900006
                    ],
                    [
                        -120.24071799999996,
                        38.04652400000003
                    ],
                    [
                        -120.24844200099994,
                        38.02769600000005
                    ],
                    [
                        -120.27244647199996,
                        38.03306896700008
                    ],
                    [
                        -120.27808307899994,
                        38.04079479600006
                    ],
                    [
                        -120.29660335699998,
                        38.04217844000004
                    ],
                    [
                        -120.31922298599994,
                        38.03993000500003
                    ]
                ]
            },
            "properties": {
                "OBJECTID": 38,
                "type": "BRANCH",
                "branch": 38,
                "fbus": 27.0,
                "tbus": 30.0,
                "length": 39.8,
                "Shape_Length": 0.24554957295395652,
                "r": 0.32,
                "x": 0.6,
                "b": 0.0,
                "rateA": 16.0,
                "rateB": 16.0,
                "rateC": 16.0,
                "ratio": 0.0,
                "angle": 0.0,
                "status": 1.0,
                "angmin": -360.0,
                "angmax": 360.0
            }
        },
        {
            "type": "Feature",
            "id": 39,
            "geometry": {
                "type": "LineString",
                "coordinates": [
                    [
                        -120.20198794399994,
                        38.056803427000034
                    ],
                    [
                        -120.20945500099998,
                        38.05630600000006
                    ],
                    [
                        -120.232734,
                        38.04816099900006
                    ],
                    [
                        -120.24071799999996,
                        38.04652400000003
                    ],
                    [
                        -120.24844200099994,
                        38.02769600000005
                    ],
                    [
                        -120.27244647199996,
                        38.03306896700008
                    ],
                    [
                        -120.27808307899994,
                        38.04079479600006
                    ],
                    [
                        -120.29660335699998,
                        38.04217844000004
                    ],
                    [
                        -120.31922298599994,
                        38.03993000500003
                    ]
                ]
            },
            "properties": {
                "OBJECTID": 39,
                "type": "BRANCH",
                "branch": 39,
                "fbus": 29.0,
                "tbus": 30.0,
                "length": 29.9,
                "Shape_Length": 0.13611215013337477,
                "r": 0.24,
                "x": 0.45,
                "b": 0.0,
                "rateA": 16.0,
                "rateB": 16.0,
                "rateC": 16.0,
                "ratio": 0.0,
                "angle": 0.0,
                "status": 1.0,
                "angmin": -360.0,
                "angmax": 360.0
            }
        },
        {
            "type": "Feature",
            "id": 40,
            "geometry": {
                "type": "LineString",
                "coordinates": [
                    [
                        -120.03567364999998,
                        37.68887578700003
                    ],
                    [
                        -120.06213485299998,
                        37.700296654000056
                    ],
                    [
                        -120.05519471699995,
                        37.742816738000045
                    ],
                    [
                        -120.08123453999997,
                        37.75704292000006
                    ],
                    [
                        -120.07556301299996,
                        37.78668917300007
                    ],
                    [
                        -120.05970312599999,
                        37.817070744000034
                    ],
                    [
                        -120.05083352199995,
                        37.825543527000036
                    ],
                    [
                        -120.04700964599999,
                        37.83570800700005
                    ],
                    [
                        -120.04123279799995,
                        37.85515566600003
                    ],
                    [
                        -120.04670560099999,
                        37.88335765900007
                    ],
                    [
                        -120.05483064599997,
                        37.91813556900007
                    ],
                    [
                        -120.071145737,
                        37.93652013700006
                    ],
                    [
                        -120.08070171899999,
                        37.958391781000046
                    ],
                    [
                        -120.08559624599997,
                        37.993483076000075
                    ],
                    [
                        -120.07598556899995,
                        38.01945886400006
                    ],
                    [
                        -120.08674703699995,
                        38.02590915700006
                    ],
                    [
                        -120.09828130599999,
                        38.02345722000007
                    ],
                    [
                        -120.11479096299996,
                        38.029099839000025
                    ]
                ]
            },
            "properties": {
                "OBJECTID": 40,
                "type": "BRANCH",
                "branch": 40,
                "fbus": 8.0,
                "tbus": 28.0,
                "length": 99,
                "Shape_Length": 0.4272495634782954,
                "r": 0.06,
                "x": 0.2,
                "b": 0.02,
                "rateA": 32.0,
                "rateB": 32.0,
                "rateC": 32.0,
                "ratio": 0.0,
                "angle": 0.0,
                "status": 1.0,
                "angmin": -360.0,
                "angmax": 360.0
            }
        },
        {
            "type": "Feature",
            "id": 41,
            "geometry": {
                "type": "LineString",
                "coordinates": [
                    [
                        -120.17886235299994,
                        37.74163770900003
                    ],
                    [
                        -120.17752210399999,
                        37.73905802000007
                    ],
                    [
                        -120.15676941799995,
                        37.72811020900008
                    ],
                    [
                        -120.11758238599998,
                        37.750253661000045
                    ],
                    [
                        -120.10128008099997,
                        37.753971842000055
                    ],
                    [
                        -120.08123453999997,
                        37.75704292000006
                    ],
                    [
                        -120.07556301299996,
                        37.78668917300007
                    ],
                    [
                        -120.05970312599999,
                        37.817070744000034
                    ],
                    [
                        -120.05083352199995,
                        37.825543527000036
                    ],
                    [
                        -120.04700964599999,
                        37.83570800700005
                    ],
                    [
                        -120.04123279799995,
                        37.85515566600003
                    ],
                    [
                        -120.05483064599997,
                        37.91813556900007
                    ],
                    [
                        -120.071145737,
                        37.93652013700006
                    ],
                    [
                        -120.08070171899999,
                        37.958391781000046
                    ],
                    [
                        -120.08559624599997,
                        37.993483076000075
                    ],
                    [
                        -120.07598556899995,
                        38.01945886400006
                    ],
                    [
                        -120.08674703699995,
                        38.02590915700006
                    ],
                    [
                        -120.09828130599999,
                        38.02345722000007
                    ],
                    [
                        -120.11479096299996,
                        38.029099839000025
                    ]
                ]
            },
            "properties": {
                "OBJECTID": 41,
                "type": "BRANCH",
                "branch": 41,
                "fbus": 6.0,
                "tbus": 28.0,
                "length": 27.6,
                "Shape_Length": 0.43404366505519315,
                "r": 0.02,
                "x": 0.06,
                "b": 0.01,
                "rateA": 32.0,
                "rateB": 32.0,
                "rateC": 32.0,
                "ratio": 0.0,
                "angle": 0.0,
                "status": 1.0,
                "angmin": -360.0,
                "angmax": 360.0
            }
        },
        {
            "type": "Feature",
            "id": 101,
            "geometry": {
                "type": "Point",
                "coordinates": [
                    -120.64289916099995,
                    37.82498856300003
                ]
            },
            "properties": {
                "OBJECTID": 101,
                "type": "GEN",
                "bus": 1,
                "Pd": 0.0,
                "Qd": 0.0,
                "Gs": 0.0,
                "Bs": 0.0,
                "area": 1.0,
                "Vm": 1.0,
                "Va": 0.0,
                "baseKV": 135.0,
                "zone": 1.0,
                "Vmax": 1.05,
                "Vmin": 0.95,
                "bus_type": "Reference bus",
                "Pg": 23.54,
                "Qg": 0.0,
                "Qmax": 150.0,
                "Qmin": -20.0,
                "Vg": 1.0,
                "mBase": 100.0,
                "status": 1.0,
                "Pmax": 80.0,
                "Pmin": 0.0,
                "Pc1": 0.0,
                "Pc2": 0.0,
                "Qc1min": 0.0,
                "Qc1max": 0.0,
                "Qc2min": 0.0,
                "Qc2max": 0.0,
                "ramp_agc": 0.0,
                "ramp_10": 0.0,
                "ramp_30": 0.0,
                "ramp_q": 0.0,
                "apf": 0.0,
                "has_gen": 1,
                "gen_index": 0,
                "connected_branches": [
                    1,
                    2
                ]
            }
        },
        {
            "type": "Feature",
            "id": 102,
            "geometry": {
                "type": "Point",
                "coordinates": [
                    -120.59770076999996,
                    37.682838753000055
                ]
            },
            "properties": {
                "OBJECTID": 102,
                "type": "SUBSTATION",
                "bus": 2,
                "Pd": 21.7,
                "Qd": 12.7,
                "Gs": 0.0,
                "Bs": 0.0,
                "area": 1.0,
                "Vm": 1.0,
                "Va": 0.0,
                "baseKV": 135.0,
                "zone": 1.0,
                "Vmax": 1.1,
                "Vmin": 0.95,
                "bus_type": "PV bus",
                "Pg": 60.97,
                "Qg": 0.0,
                "Qmax": 60.0,
                "Qmin": -20.0,
                "Vg": 1.0,
                "mBase": 100.0,
                "status": 1.0,
                "Pmax": 80.0,
                "Pmin": 0.0,
                "Pc1": 0.0,
                "Pc2": 0.0,
                "Qc1min": 0.0,
                "Qc1max": 0.0,
                "Qc2min": 0.0,
                "Qc2max": 0.0,
                "ramp_agc": 0.0,
                "ramp_10": 0.0,
                "ramp_30": 0.0,
                "ramp_q": 0.0,
                "apf": 0.0,
                "has_gen": 1,
                "gen_index": 1,
                "connected_branches": [
                    1,
                    3,
                    5,
                    6
                ]
            }
        },
        {
            "type": "Feature",
            "id": 103,
            "geometry": {
                "type": "Point",
                "coordinates": [
                    -120.40083666999999,
                    37.77578323300003
                ]
            },
            "properties": {
                "OBJECTID": 103,
                "type": "SUBSTATION",
                "bus": 13,
                "Pd": 0.0,
                "Qd": 0.0,
                "Gs": 0.0,
                "Bs": 0.0,
                "area": 2.0,
                "Vm": 1.0,
                "Va": 0.0,
                "baseKV": 135.0,
                "zone": 1.0,
                "Vmax": 1.1,
                "Vmin": 0.95,
                "bus_type": "PV bus",
                "Pg": 37.0,
                "Qg": 0.0,
                "Qmax": 44.7,
                "Qmin": -15.0,
                "Vg": 1.0,
                "mBase": 100.0,
                "status": 1.0,
                "Pmax": 40.0,
                "Pmin": 0.0,
                "Pc1": 0.0,
                "Pc2": 0.0,
                "Qc1min": 0.0,
                "Qc1max": 0.0,
                "Qc2min": 0.0,
                "Qc2max": 0.0,
                "ramp_agc": 0.0,
                "ramp_10": 0.0,
                "ramp_30": 0.0,
                "ramp_q": 0.0,
                "apf": 0.0,
                "has_gen": 1,
                "gen_index": 5,
                "connected_branches": [
                    16
                ]
            }
        },
        {
            "type": "Feature",
            "id": 104,
            "geometry": {
                "type": "Point",
                "coordinates": [
                    -120.13211649899995,
                    37.818952996000064
                ]
            },
            "properties": {
                "OBJECTID": 104,
                "type": "SUBSTATION",
                "bus": 22,
                "Pd": 0.0,
                "Qd": 0.0,
                "Gs": 0.0,
                "Bs": 0.0,
                "area": 3.0,
                "Vm": 1.0,
                "Va": 0.0,
                "baseKV": 135.0,
                "zone": 1.0,
                "Vmax": 1.1,
                "Vmin": 0.95,
                "bus_type": "PV bus",
                "Pg": 21.59,
                "Qg": 0.0,
                "Qmax": 62.5,
                "Qmin": -15.0,
                "Vg": 1.0,
                "mBase": 100.0,
                "status": 1.0,
                "Pmax": 50.0,
                "Pmin": 0.0,
                "Pc1": 0.0,
                "Pc2": 0.0,
                "Qc1min": 0.0,
                "Qc1max": 0.0,
                "Qc2min": 0.0,
                "Qc2max": 0.0,
                "ramp_agc": 0.0,
                "ramp_10": 0.0,
                "ramp_30": 0.0,
                "ramp_q": 0.0,
                "apf": 0.0,
                "has_gen": 1,
                "gen_index": 2,
                "connected_branches": [
                    28,
                    29,
                    31
                ]
            }
        },
        {
            "type": "Feature",
            "id": 105,
            "geometry": {
                "type": "Point",
                "coordinates": [
                    -120.26822927199999,
                    37.99570302700005
                ]
            },
            "properties": {
                "OBJECTID": 105,
                "type": "SUBSTATION",
                "bus": 23,
                "Pd": 3.2,
                "Qd": 1.6,
                "Gs": 0.0,
                "Bs": 0.0,
                "area": 2.0,
                "Vm": 1.0,
                "Va": 0.0,
                "baseKV": 135.0,
                "zone": 1.0,
                "Vmax": 1.1,
                "Vmin": 0.95,
                "bus_type": "PV bus",
                "Pg": 19.2,
                "Qg": 0.0,
                "Qmax": 40.0,
                "Qmin": -10.0,
                "Vg": 1.0,
                "mBase": 100.0,
                "status": 1.0,
                "Pmax": 30.0,
                "Pmin": 0.0,
                "Pc1": 0.0,
                "Pc2": 0.0,
                "Qc1min": 0.0,
                "Qc1max": 0.0,
                "Qc2min": 0.0,
                "Qc2max": 0.0,
                "ramp_agc": 0.0,
                "ramp_10": 0.0,
                "ramp_30": 0.0,
                "ramp_q": 0.0,
                "apf": 0.0,
                "has_gen": 1,
                "gen_index": 4,
                "connected_branches": [
                    30,
                    32
                ]
            }
        },
        {
            "type": "Feature",
            "id": 106,
            "geometry": {
                "type": "Point",
                "coordinates": [
                    -120.11654159399995,
                    38.029099839000025
                ]
            },
            "properties": {
                "OBJECTID": 106,
                "type": "SUBSTATION",
                "bus": 27,
                "Pd": 0.0,
                "Qd": 0.0,
                "Gs": 0.0,
                "Bs": 0.0,
                "area": 3.0,
                "Vm": 1.0,
                "Va": 0.0,
                "baseKV": 135.0,
                "zone": 1.0,
                "Vmax": 1.1,
                "Vmin": 0.95,
                "bus_type": "PV bus",
                "Pg": 26.91,
                "Qg": 0.0,
                "Qmax": 48.7,
                "Qmin": -15.0,
                "Vg": 1.0,
                "mBase": 100.0,
                "status": 1.0,
                "Pmax": 55.0,
                "Pmin": 0.0,
                "Pc1": 0.0,
                "Pc2": 0.0,
                "Qc1min": 0.0,
                "Qc1max": 0.0,
                "Qc2min": 0.0,
                "Qc2max": 0.0,
                "ramp_agc": 0.0,
                "ramp_10": 0.0,
                "ramp_30": 0.0,
                "ramp_q": 0.0,
                "apf": 0.0,
                "has_gen": 1,
                "gen_index": 3,
                "connected_branches": [
                    35,
                    36,
                    37,
                    38
                ]
            }
        },
        {
            "type": "Feature",
            "id": 107,
            "geometry": {
                "type": "Point",
                "coordinates": [
                    -120.46612323399995,
                    37.74878575100007
                ]
            },
            "properties": {
                "OBJECTID": 107,
                "type": "NODE",
                "bus": 3,
                "Pd": 3.0,
                "Qd": 1.2,
                "Gs": 0.0,
                "Bs": 0.0,
                "area": 1.0,
                "Vm": 1.0,
                "Va": 0.0,
                "baseKV": 135.0,
                "zone": 1.0,
                "Vmax": 1.05,
                "Vmin": 0.95,
                "bus_type": "PQ bus",
                "connected_branches": [
                    2,
                    4
                ]
            }
        },
        {
            "type": "Feature",
            "id": 108,
            "geometry": {
                "type": "Point",
                "coordinates": [
                    -120.38701088199997,
                    37.775162298000055
                ]
            },
            "properties": {
                "OBJECTID": 108,
                "type": "NODE",
                "bus": 4,
                "Pd": 7.6,
                "Qd": 1.6,
                "Gs": 0.0,
                "Bs": 0.0,
                "area": 1.0,
                "Vm": 1.0,
                "Va": 0.0,
                "baseKV": 135.0,
                "zone": 1.0,
                "Vmax": 1.05,
                "Vmin": 0.95,
                "bus_type": "PQ bus",
                "connected_branches": [
                    3,
                    4,
                    7,
                    15
                ]
            }
        },
        {
            "type": "Feature",
            "id": 109,
            "geometry": {
                "type": "Point",
                "coordinates": [
                    -120.16982267499998,
                    37.64387863800005
                ]
            },
            "properties": {
                "OBJECTID": 109,
                "type": "NODE",
                "bus": 5,
                "Pd": 0.0,
                "Qd": 0.0,
                "Gs": 0.0,
                "Bs": 0.19,
                "area": 1.0,
                "Vm": 1.0,
                "Va": 0.0,
                "baseKV": 135.0,
                "zone": 1.0,
                "Vmax": 1.05,
                "Vmin": 0.95,
                "bus_type": "PQ bus",
                "connected_branches": [
                    5,
                    8
                ]
            }
        },
        {
            "type": "Feature",
            "id": 110,
            "geometry": {
                "type": "Point",
                "coordinates": [
                    -120.17886235299994,
                    37.74163770900003
                ]
            },
            "properties": {
                "OBJECTID": 110,
                "type": "NODE",
                "bus": 6,
                "Pd": 0.0,
                "Qd": 0.0,
                "Gs": 0.0,
                "Bs": 0.0,
                "area": 1.0,
                "Vm": 1.0,
                "Va": 0.0,
                "baseKV": 135.0,
                "zone": 1.0,
                "Vmax": 1.05,
                "Vmin": 0.95,
                "bus_type": "PQ bus",
                "connected_branches": [
                    6,
                    7,
                    9,
                    10,
                    11,
                    12,
                    41
                ]
            }
        },
        {
            "type": "Feature",
            "id": 111,
            "geometry": {
                "type": "Point",
                "coordinates": [
                    -120.06625985299996,
                    37.65732007400004
                ]
            },
            "properties": {
                "OBJECTID": 111,
                "type": "NODE",
                "bus": 7,
                "Pd": 22.8,
                "Qd": 10.9,
                "Gs": 0.0,
                "Bs": 0.0,
                "area": 1.0,
                "Vm": 1.0,
                "Va": 0.0,
                "baseKV": 135.0,
                "zone": 1.0,
                "Vmax": 1.05,
                "Vmin": 0.95,
                "bus_type": "PQ bus",
                "connected_branches": [
                    8,
                    9
                ]
            }
        },
        {
            "type": "Feature",
            "id": 112,
            "geometry": {
                "type": "Point",
                "coordinates": [
                    -120.03567364999998,
                    37.68887578700003
                ]
            },
            "properties": {
                "OBJECTID": 112,
                "type": "NODE",
                "bus": 8,
                "Pd": 30.0,
                "Qd": 30.0,
                "Gs": 0.0,
                "Bs": 0.0,
                "area": 1.0,
                "Vm": 1.0,
                "Va": 0.0,
                "baseKV": 135.0,
                "zone": 1.0,
                "Vmax": 1.05,
                "Vmin": 0.95,
                "bus_type": "PQ bus",
                "connected_branches": [
                    10,
                    40
                ]
            }
        },
        {
            "type": "Feature",
            "id": 113,
            "geometry": {
                "type": "Point",
                "coordinates": [
                    -120.17716217299994,
                    37.74187909600005
                ]
            },
            "properties": {
                "OBJECTID": 113,
                "type": "NODE",
                "bus": 9,
                "Pd": 0.0,
                "Qd": 0.0,
                "Gs": 0.0,
                "Bs": 0.0,
                "area": 1.0,
                "Vm": 1.0,
                "Va": 0.0,
                "baseKV": 135.0,
                "zone": 1.0,
                "Vmax": 1.05,
                "Vmin": 0.95,
                "bus_type": "PQ bus",
                "connected_branches": [
                    11,
                    13,
                    14
                ]
            }
        },
        {
            "type": "Feature",
            "id": 114,
            "geometry": {
                "type": "Point",
                "coordinates": [
                    -120.17386037999995,
                    37.74178464700003
                ]
            },
            "properties": {
                "OBJECTID": 114,
                "type": "NODE",
                "bus": 10,
                "Pd": 5.8,
                "Qd": 2.0,
                "Gs": 0.0,
                "Bs": 0.0,
                "area": 3.0,
                "Vm": 1.0,
                "Va": 0.0,
                "baseKV": 135.0,
                "zone": 1.0,
                "Vmax": 1.05,
                "Vmin": 0.95,
                "bus_type": "PQ bus",
                "connected_branches": [
                    12,
                    14,
                    25,
                    26,
                    27,
                    28
                ]
            }
        },
        {
            "type": "Feature",
            "id": 115,
            "geometry": {
                "type": "Point",
                "coordinates": [
                    -120.17569543299999,
                    37.74177807700005
                ]
            },
            "properties": {
                "OBJECTID": 115,
                "type": "NODE",
                "bus": 11,
                "Pd": 0.0,
                "Qd": 0.0,
                "Gs": 0.0,
                "Bs": 0.0,
                "area": 1.0,
                "Vm": 1.0,
                "Va": 0.0,
                "baseKV": 135.0,
                "zone": 1.0,
                "Vmax": 1.05,
                "Vmin": 0.95,
                "bus_type": "PQ bus",
                "connected_branches": [
                    13
                ]
            }
        },
        {
            "type": "Feature",
            "id": 116,
            "geometry": {
                "type": "Point",
                "coordinates": [
                    -120.39429598399994,
                    37.775379592000036
                ]
            },
            "properties": {
                "OBJECTID": 116,
                "type": "NODE",
                "bus": 12,
                "Pd": 11.2,
                "Qd": 7.5,
                "Gs": 0.0,
                "Bs": 0.0,
                "area": 2.0,
                "Vm": 1.0,
                "Va": 0.0,
                "baseKV": 135.0,
                "zone": 1.0,
                "Vmax": 1.05,
                "Vmin": 0.95,
                "bus_type": "PQ bus",
                "connected_branches": [
                    15,
                    16,
                    17,
                    18,
                    19
                ]
            }
        },
        {
            "type": "Feature",
            "id": 117,
            "geometry": {
                "type": "Point",
                "coordinates": [
                    -120.51005062599995,
                    37.86705776300005
                ]
            },
            "properties": {
                "OBJECTID": 117,
                "type": "NODE",
                "bus": 14,
                "Pd": 6.2,
                "Qd": 1.6,
                "Gs": 0.0,
                "Bs": 0.0,
                "area": 2.0,
                "Vm": 1.0,
                "Va": 0.0,
                "baseKV": 135.0,
                "zone": 1.0,
                "Vmax": 1.05,
                "Vmin": 0.95,
                "bus_type": "PQ bus",
                "connected_branches": [
                    17,
                    20
                ]
            }
        },
        {
            "type": "Feature",
            "id": 118,
            "geometry": {
                "type": "Point",
                "coordinates": [
                    -120.40436206799995,
                    37.87843419300003
                ]
            },
            "properties": {
                "OBJECTID": 118,
                "type": "NODE",
                "bus": 15,
                "Pd": 8.2,
                "Qd": 2.5,
                "Gs": 0.0,
                "Bs": 0.0,
                "area": 2.0,
                "Vm": 1.0,
                "Va": 0.0,
                "baseKV": 135.0,
                "zone": 1.0,
                "Vmax": 1.05,
                "Vmin": 0.95,
                "bus_type": "PQ bus",
                "connected_branches": [
                    18,
                    20,
                    22,
                    30
                ]
            }
        },
        {
            "type": "Feature",
            "id": 119,
            "geometry": {
                "type": "Point",
                "coordinates": [
                    -120.30742666299994,
                    37.81467403200003
                ]
            },
            "properties": {
                "OBJECTID": 119,
                "type": "NODE",
                "bus": 16,
                "Pd": 3.5,
                "Qd": 1.8,
                "Gs": 0.0,
                "Bs": 0.0,
                "area": 2.0,
                "Vm": 1.0,
                "Va": 0.0,
                "baseKV": 135.0,
                "zone": 1.0,
                "Vmax": 1.05,
                "Vmin": 0.95,
                "bus_type": "PQ bus",
                "connected_branches": [
                    19,
                    21
                ]
            }
        },
        {
            "type": "Feature",
            "id": 120,
            "geometry": {
                "type": "Point",
                "coordinates": [
                    -120.22510779499999,
                    37.838587622000034
                ]
            },
            "properties": {
                "OBJECTID": 120,
                "type": "NODE",
                "bus": 17,
                "Pd": 9.0,
                "Qd": 5.8,
                "Gs": 0.0,
                "Bs": 0.0,
                "area": 2.0,
                "Vm": 1.0,
                "Va": 0.0,
                "baseKV": 135.0,
                "zone": 1.0,
                "Vmax": 1.05,
                "Vmin": 0.95,
                "bus_type": "PQ bus",
                "connected_branches": [
                    21,
                    26
                ]
            }
        },
        {
            "type": "Feature",
            "id": 121,
            "geometry": {
                "type": "Point",
                "coordinates": [
                    -120.34554619399995,
                    37.94775716400005
                ]
            },
            "properties": {
                "OBJECTID": 121,
                "type": "NODE",
                "bus": 18,
                "Pd": 3.2,
                "Qd": 0.9,
                "Gs": 0.0,
                "Bs": 0.0,
                "area": 2.0,
                "Vm": 1.0,
                "Va": 0.0,
                "baseKV": 135.0,
                "zone": 1.0,
                "Vmax": 1.05,
                "Vmin": 0.95,
                "bus_type": "PQ bus",
                "connected_branches": [
                    22,
                    23
                ]
            }
        },
        {
            "type": "Feature",
            "id": 122,
            "geometry": {
                "type": "Point",
                "coordinates": [
                    -120.262247506,
                    37.94848810900004
                ]
            },
            "properties": {
                "OBJECTID": 122,
                "type": "NODE",
                "bus": 19,
                "Pd": 9.5,
                "Qd": 3.4,
                "Gs": 0.0,
                "Bs": 0.0,
                "area": 2.0,
                "Vm": 1.0,
                "Va": 0.0,
                "baseKV": 135.0,
                "zone": 1.0,
                "Vmax": 1.05,
                "Vmin": 0.95,
                "bus_type": "PQ bus",
                "connected_branches": [
                    23,
                    24
                ]
            }
        },
        {
            "type": "Feature",
            "id": 123,
            "geometry": {
                "type": "Point",
                "coordinates": [
                    -120.27194496799996,
                    37.88944639300007
                ]
            },
            "properties": {
                "OBJECTID": 123,
                "type": "NODE",
                "bus": 20,
                "Pd": 2.2,
                "Qd": 0.7,
                "Gs": 0.0,
                "Bs": 0.0,
                "area": 2.0,
                "Vm": 1.0,
                "Va": 0.0,
                "baseKV": 135.0,
                "zone": 1.0,
                "Vmax": 1.05,
                "Vmin": 0.95,
                "bus_type": "PQ bus",
                "connected_branches": [
                    24,
                    25
                ]
            }
        },
        {
            "type": "Feature",
            "id": 124,
            "geometry": {
                "type": "Point",
                "coordinates": [
                    -120.15808286999999,
                    37.800305826000056
                ]
            },
            "properties": {
                "OBJECTID": 124,
                "type": "NODE",
                "bus": 21,
                "Pd": 17.5,
                "Qd": 11.2,
                "Gs": 0.0,
                "Bs": 0.0,
                "area": 3.0,
                "Vm": 1.0,
                "Va": 0.0,
                "baseKV": 135.0,
                "zone": 1.0,
                "Vmax": 1.05,
                "Vmin": 0.95,
                "bus_type": "PQ bus",
                "connected_branches": [
                    27,
                    29
                ]
            }
        },
        {
            "type": "Feature",
            "id": 125,
            "geometry": {
                "type": "Point",
                "coordinates": [
                    -120.18388439599994,
                    37.91379249200003
                ]
            },
            "properties": {
                "OBJECTID": 125,
                "type": "NODE",
                "bus": 24,
                "Pd": 8.7,
                "Qd": 6.7,
                "Gs": 0.0,
                "Bs": 0.04,
                "area": 3.0,
                "Vm": 1.0,
                "Va": 0.0,
                "baseKV": 135.0,
                "zone": 1.0,
                "Vmax": 1.05,
                "Vmin": 0.95,
                "bus_type": "PQ bus",
                "connected_branches": [
                    31,
                    32,
                    33
                ]
            }
        },
        {
            "type": "Feature",
            "id": 126,
            "geometry": {
                "type": "Point",
                "coordinates": [
                    -120.128007175,
                    37.97128888300006
                ]
            },
            "properties": {
                "OBJECTID": 126,
                "type": "NODE",
                "bus": 25,
                "Pd": 0.0,
                "Qd": 0.0,
                "Gs": 0.0,
                "Bs": 0.0,
                "area": 3.0,
                "Vm": 1.0,
                "Va": 0.0,
                "baseKV": 135.0,
                "zone": 1.0,
                "Vmax": 1.05,
                "Vmin": 0.95,
                "bus_type": "PQ bus",
                "connected_branches": [
                    33,
                    34,
                    35
                ]
            }
        },
        {
            "type": "Feature",
            "id": 127,
            "geometry": {
                "type": "Point",
                "coordinates": [
                    -120.10457010299996,
                    37.892217886000026
                ]
            },
            "properties": {
                "OBJECTID": 127,
                "type": "NODE",
                "bus": 26,
                "Pd": 3.5,
                "Qd": 2.3,
                "Gs": 0.0,
                "Bs": 0.0,
                "area": 3.0,
                "Vm": 1.0,
                "Va": 0.0,
                "baseKV": 135.0,
                "zone": 1.0,
                "Vmax": 1.05,
                "Vmin": 0.95,
                "bus_type": "PQ bus",
                "connected_branches": [
                    34
                ]
            }
        },
        {
            "type": "Feature",
            "id": 128,
            "geometry": {
                "type": "Point",
                "coordinates": [
                    -120.11479096299996,
                    38.029099839000025
                ]
            },
            "properties": {
                "OBJECTID": 128,
                "type": "NODE",
                "bus": 28,
                "Pd": 0.0,
                "Qd": 0.0,
                "Gs": 0.0,
                "Bs": 0.0,
                "area": 1.0,
                "Vm": 1.0,
                "Va": 0.0,
                "baseKV": 135.0,
                "zone": 1.0,
                "Vmax": 1.05,
                "Vmin": 0.95,
                "bus_type": "PQ bus",
                "connected_branches": [
                    36,
                    40,
                    41
                ]
            }
        },
        {
            "type": "Feature",
            "id": 129,
            "geometry": {
                "type": "Point",
                "coordinates": [
                    -120.20198794399994,
                    38.056803427000034
                ]
            },
            "properties": {
                "OBJECTID": 129,
                "type": "NODE",
                "bus": 29,
                "Pd": 2.4,
                "Qd": 0.9,
                "Gs": 0.0,
                "Bs": 0.0,
                "area": 3.0,
                "Vm": 1.0,
                "Va": 0.0,
                "baseKV": 135.0,
                "zone": 1.0,
                "Vmax": 1.05,
                "Vmin": 0.95,
                "bus_type": "PQ bus",
                "connected_branches": [
                    37,
                    39
                ]
            }
        },
        {
            "type": "Feature",
            "id": 130,
            "geometry": {
                "type": "Point",
                "coordinates": [
                    -120.31922298599994,
                    38.03993000500003
                ]
            },
            "properties": {
                "OBJECTID": 130,
                "type": "NODE",
                "bus": 30,
                "Pd": 10.6,
                "Qd": 1.9,
                "Gs": 0.0,
                "Bs": 0.0,
                "area": 3.0,
                "Vm": 1.0,
                "Va": 0.0,
                "baseKV": 135.0,
                "zone": 1.0,
                "Vmax": 1.05,
                "Vmin": 0.95,
                "bus_type": "PQ bus",
                "connected_branches": [
                    38,
                    39
                ]
            }
        }
    ]
}