Source,Location ID,City,State,Country,Latitude,Longitude,Time Zone,Elevation,Local Time Zone,Clearsky DHI Units,Clearsky DNI Units,Clearsky GHI Units,Dew Point Units,DHI Units,DNI Units,GHI Units,Solar Zenith Angle Units,Temperature Units,Pressure Units,Relative Humidity Units,Precipitable Water Units,Wind Direction Units,Wind Speed Units,Cloud Type -15,Cloud Type 0,Cloud Type 1,Cloud Type 2,Cloud Type 3,Cloud Type 4,Cloud Type 5,Cloud Type 6,Cloud Type 7,Cloud Type 8,Cloud Type 9,Cloud Type 10,Cloud Type 11,Cloud Type 12,Fill Flag 0,Fill Flag 1,Fill Flag 2,Fill Flag 3,Fill Flag 4,Fill Flag 5,Surface Albedo Units,Version
NSRDB,131599,-,-,-,39.85,-122.82,0,1156,-8,w/m2,w/m2,w/m2,c,w/m2,w/m2,w/m2,Degree,c,mbar,%,cm,Degrees,m/s,N/A,Clear,Probably Clear,Fog,Water,Super-Cooled Water,Mixed,Opaque Ice,Cirrus,Overlapping,Overshooting,Unknown,Dust,Smoke,N/A,Missing Image,Low Irradiance,Exceeds Clearsky,Missing CLoud Properties,Rayleigh Violation,N/A,v3.2.2
Year,Month,Day,Hour,Minute,Temperature,Cloud Type,DHI,Relative Humidity,Solar Zenith Angle,Wind Speed,Wind Direction,Precipitable Water
2021,1,1,0,30,3.2,0,21,100,86.3,1.4000000000000001,323,1.2000000000000002
2021,1,1,1,30,1.7000000000000002,0,0,100,96.51,1.6,318,1.2000000000000002
2021,1,1,2,30,1.3,7,0,100,107.3,1.6,315,1.3
2021,1,1,3,30,1,0,0,100,118.57000000000001,1.6,313,1.3
2021,1,1,4,30,0.7000000000000001,4,0,100,130.05,1.6,313,1.4000000000000001
2021,1,1,5,30,0.5,0,0,100,141.44,1.6,313,1.4000000000000001
2021,1,1,6,30,0.4,0,0,100,152.16,1.7000000000000002,311,1.4000000000000001
2021,1,1,7,30,0.4,0,0,100,160.63,1.8,308,1.4000000000000001
2021,1,1,8,30,0.6000000000000001,0,0,97.17,162.81,1.8,306,1.4000000000000001
2021,1,1,9,30,0.8,0,0,92.31,156.81,1.6,307,1.3
2021,1,1,10,30,1.1,4,0,87.83,146.88,1.3,311,1.3
2021,1,1,11,30,1.4000000000000001,4,0,84.18,135.71,1,319,1.2000000000000002
2021,1,1,12,30,1.5,4,0,82.49,124.22,0.9,330,1.1
2021,1,1,13,30,1.2000000000000002,4,0,83.63,112.81,0.9,344,1
2021,1,1,14,30,0.7000000000000001,7,0,85.94,101.75,0.9,191,1
2021,1,1,15,30,1,8,1,85.43,91.3,0.6000000000000001,65,0.9
2021,1,1,16,30,2.7,4,53,85.5,81.69,0.5,135,0.9
2021,1,1,17,30,4.7,4,83,75.41,73.59,0.7000000000000001,171,0.9
2021,1,1,18,30,6.2,7,156,65.01,67.37,0.8,168,0.9
2021,1,1,19,30,7.300000000000001,7,184,62.65,63.64,0.9,154,0.9
2021,1,1,20,30,8,7,141,60.72,62.86,1.1,147,0.9
2021,1,1,21,30,8,0,65,60.94,65.14,1.2000000000000002,153,1
2021,1,1,22,30,7.1000000000000005,0,72,66.39,70.18,1.1,154,1
2021,1,1,23,30,6.4,4,63,73.68,77.41,0.9,150,1
2021,1,2,0,30,2.9000000000000004,0,24,96.44,86.17,0.6000000000000001,138,1.2000000000000002
2021,1,2,1,30,2,0,0,100,96.38,0.5,137,1.2000000000000002
2021,1,2,2,30,1.8,4,0,100,107.17,0.4,133,1.1
2021,1,2,3,30,1.9000000000000001,4,0,100,118.43,0.4,133,1
2021,1,2,4,30,2.1,7,0,100,129.92000000000002,0.4,136,0.9
2021,1,2,5,30,2.1,7,0,100,141.31,0.4,131,0.9
2021,1,2,6,30,1.9000000000000001,7,0,100,152.03,0.5,128,0.9
2021,1,2,7,30,1.6,7,0,100,160.51,0.5,128,0.9
2021,1,2,8,30,1.5,7,0,100,162.74,0.5,123,0.9
2021,1,2,9,30,1.4000000000000001,7,0,100,156.81,0.5,132,0.9
2021,1,2,10,30,1.3,7,0,100,146.91,0.5,143,0.9
2021,1,2,11,30,1.5,0,0,100,135.75,0.4,129,1
2021,1,2,12,30,1.4000000000000001,7,0,100,124.26,0.30000000000000004,111,1
2021,1,2,13,30,1.2000000000000002,7,0,100,112.85000000000001,0.30000000000000004,111,1.1
2021,1,2,14,30,0.9,6,0,100,101.77,0.30000000000000004,124,1.2000000000000002
2021,1,2,15,30,0.9,6,1,100,91.31,0.30000000000000004,145,1.2000000000000002
2021,1,2,16,30,1.6,6,40,100,81.69,0.5,166,1.3
2021,1,2,17,30,2.7,7,92,99.01,73.57000000000001,0.6000000000000001,175,1.3
2021,1,2,18,30,3.9000000000000004,4,149,94.56,67.32000000000001,0.5,174,1.4000000000000001
2021,1,2,19,30,4.5,4,188,91.5,63.56,0.6000000000000001,166,1.5
2021,1,2,20,30,4.6000000000000005,4,78,90.3,62.76,0.5,152,1.5
2021,1,2,21,30,5,6,102,89.74,65.02,0.6000000000000001,139,1.5
2021,1,2,22,30,5,6,79,90.17,70.05,0.6000000000000001,135,1.6
2021,1,2,23,30,4.800000000000001,6,35,92.99,77.27,0.5,135,1.6
2021,1,3,0,30,2.3000000000000003,6,15,100,86.03,0.4,133,1.7000000000000002
2021,1,3,1,30,1.7000000000000002,8,0,100,96.23,0.4,137,1.7000000000000002
2021,1,3,2,30,1.6,6,0,100,107.02,0.4,137,1.6
2021,1,3,3,30,1.6,7,0,100,118.29,0.4,132,1.7000000000000002
2021,1,3,4,30,1.8,7,0,100,129.77,0.4,130,1.7000000000000002
2021,1,3,5,30,1.8,7,0,100,141.16,0.4,128,1.7000000000000002
2021,1,3,6,30,1.8,6,0,100,151.88,0.4,128,1.7000000000000002
2021,1,3,7,30,1.8,6,0,100,160.37,0.4,126,1.7000000000000002
2021,1,3,8,30,1.8,8,0,100,162.66,0.4,123,1.6
2021,1,3,9,30,1.8,6,0,100,156.8,0.4,122,1.6
2021,1,3,10,30,1.8,8,0,100,146.93,0.4,127,1.5
2021,1,3,11,30,2,0,0,100,135.78,0.4,135,1.5
2021,1,3,12,30,2.2,8,0,100,124.29,0.5,133,1.5
2021,1,3,13,30,2.2,0,0,100,112.88,0.5,128,1.5
2021,1,3,14,30,2.3000000000000003,0,0,100,101.79,0.5,132,1.5
2021,1,3,15,30,2.9000000000000004,4,1,100,91.32000000000001,0.4,138,1.5
2021,1,3,16,30,4,7,51,100,81.68,0.4,142,1.5
2021,1,3,17,30,5.300000000000001,4,102,100,73.54,0.6000000000000001,150,1.5
2021,1,3,18,30,6.5,4,147,100,67.27,0.7000000000000001,157,1.5
2021,1,3,19,30,7.7,8,160,93.85000000000001,63.480000000000004,0.8,154,1.5
2021,1,3,20,30,8.4,8,136,87.15,62.65,0.8,141,1.5
2021,1,3,21,30,8.6,4,149,82.43,64.9,0.8,125,1.4000000000000001
2021,1,3,22,30,8.200000000000001,4,129,83.36,69.91,0.7000000000000001,115,1.4000000000000001
2021,1,3,23,30,7.800000000000001,4,66,89.02,77.13,0.6000000000000001,111,1.4000000000000001
2021,1,4,0,30,4.1000000000000005,7,25,100,85.89,0.7000000000000001,118,1.3
2021,1,4,1,30,2.6,7,0,100,96.09,0.7000000000000001,129,1.3
2021,1,4,2,30,2.3000000000000003,7,0,100,106.88,0.6000000000000001,139,1.3
2021,1,4,3,30,2.4000000000000004,7,0,100,118.15,0.5,144,1.3
2021,1,4,4,30,2.5,7,0,100,129.63,0.5,143,1.4000000000000001
2021,1,4,5,30,2.4000000000000004,7,0,100,141.02,0.5,141,1.6
2021,1,4,6,30,2.4000000000000004,6,0,100,151.74,0.5,142,1.8
2021,1,4,7,30,2.3000000000000003,6,0,100,160.23,0.5,148,1.8
2021,1,4,8,30,2,7,0,100,162.57,0.6000000000000001,154,1.8
2021,1,4,9,30,2.1,6,0,100,156.78,0.8,158,1.8
2021,1,4,10,30,2.4000000000000004,7,0,100,146.94,1.1,163,1.8
2021,1,4,11,30,2.8000000000000003,6,0,100,135.81,1.4000000000000001,162,1.7000000000000002
2021,1,4,12,30,3.4000000000000004,7,0,100,124.32000000000001,1.8,156,1.7000000000000002
2021,1,4,13,30,4,6,0,100,112.9,2.1,154,1.7000000000000002
2021,1,4,14,30,4.5,7,0,100,101.81,2.3000000000000003,161,1.7000000000000002
2021,1,4,15,30,4.9,7,1,100,91.32000000000001,2.2,166,1.6
2021,1,4,16,30,5.5,7,32,100,81.67,2.1,168,1.4000000000000001
2021,1,4,17,30,6.300000000000001,4,40,100,73.51,2,177,1.3
2021,1,4,18,30,7,4,71,100,67.21000000000001,2.1,191,1.1
2021,1,4,19,30,7.2,7,108,100,63.39,2.1,204,1.1
2021,1,4,20,30,6.9,8,70,94.61,62.54,2,218,1
2021,1,4,21,30,6.300000000000001,4,96,89.72,64.76,1.6,226,0.9
2021,1,4,22,30,5.7,4,56,91.52,69.77,1.2000000000000002,226,0.8
2021,1,4,23,30,5.4,4,29,94.37,76.98,1,225,0.8
2021,1,5,0,30,3,4,18,100,85.75,0.6000000000000001,234,0.8
2021,1,5,1,30,2,4,0,100,95.94,0.5,241,0.7000000000000001
2021,1,5,2,30,1.6,0,0,100,106.73,0.5,248,0.7000000000000001
2021,1,5,3,30,1.4000000000000001,0,0,100,118,0.5,248,0.7000000000000001
2021,1,5,4,30,1.3,0,0,100,129.48,0.5,243,0.7000000000000001
2021,1,5,5,30,1,0,0,100,140.87,0.4,251,0.7000000000000001
2021,1,5,6,30,0.4,0,0,100,151.58,0.5,263,0.7000000000000001
2021,1,5,7,30,0,7,0,100,160.09,0.5,278,0.7000000000000001
2021,1,5,8,30,-0.1,8,0,100,162.48,0.5,299,0.7000000000000001
2021,1,5,9,30,-0.30000000000000004,7,0,100,156.76,0.5,318,0.8
2021,1,5,10,30,-0.7000000000000001,4,0,100,146.95000000000002,0.5,332,0.8
2021,1,5,11,30,-1.5,4,0,100,135.83,0.5,339,0.8
2021,1,5,12,30,-2.2,0,0,100,124.35000000000001,0.5,340,0.8
2021,1,5,13,30,-2.3000000000000003,0,0,100,112.92,0.6000000000000001,345,0.8
2021,1,5,14,30,-2.2,0,0,100,101.82000000000001,0.6000000000000001,350,0.8
2021,1,5,15,30,-1.1,0,4,99.17,91.32000000000001,0.6000000000000001,346,0.8
2021,1,5,16,30,0.8,0,34,99.60000000000001,81.64,0.7000000000000001,341,0.9
2021,1,5,17,30,2.7,0,48,94.28,73.46000000000001,0.8,343,0.9
2021,1,5,18,30,4.7,8,95,86.11,67.14,0.8,173,0.9
2021,1,5,19,30,6.800000000000001,8,96,74.88,63.300000000000004,0.8,2,0.9
2021,1,5,20,30,8.1,0,57,62.58,62.42,0.8,5,0.9
2021,1,5,21,30,8.5,0,55,57.67,64.63,0.8,9,0.9
2021,1,5,22,30,8.200000000000001,0,50,59.45,69.62,0.7000000000000001,16,1
2021,1,5,23,30,7.9,0,40,66.95,76.82000000000001,0.6000000000000001,19,1
2021,1,6,0,30,4.3,4,26,84.01,85.60000000000001,0.7000000000000001,16,1
2021,1,6,1,30,3.4000000000000004,7,0,80.44,95.78,0.8,176,1
2021,1,6,2,30,3,7,0,81.57000000000001,106.58,0.8,342,1.1
2021,1,6,3,30,2.8000000000000003,7,0,80.99,117.85000000000001,0.8,347,1.2000000000000002
2021,1,6,4,30,2.9000000000000004,7,0,77.02,129.33,0.7000000000000001,352,1.2000000000000002
2021,1,6,5,30,3.1,7,0,73.84,140.72,0.6000000000000001,349,1.2000000000000002
2021,1,6,6,30,3.2,7,0,71.02,151.43,0.6000000000000001,177,1.2000000000000002
2021,1,6,7,30,3.1,7,0,68.97,159.93,0.6000000000000001,27,1.1
2021,1,6,8,30,2.8000000000000003,4,0,68.95,162.38,0.6000000000000001,75,1.1
2021,1,6,9,30,2.4000000000000004,4,0,70,156.72,0.7000000000000001,113,1.1
2021,1,6,10,30,1.9000000000000001,7,0,71.71000000000001,146.95000000000002,0.8,130,1
2021,1,6,11,30,1.3,7,0,73.75,135.84,0.9,134,1
2021,1,6,12,30,1,7,0,75.53,124.36,0.9,135,0.9
2021,1,6,13,30,0.9,7,0,76.62,112.93,0.8,137,0.9
2021,1,6,14,30,0.9,7,0,76.43,101.82000000000001,0.8,139,1
2021,1,6,15,30,1.3,7,2,75.4,91.31,0.7000000000000001,139,1.1
2021,1,6,16,30,2.2,7,41,77.66,81.62,0.5,132,1.2000000000000002
2021,1,6,17,30,3,7,101,87.92,73.41,0.4,125,1.4000000000000001
2021,1,6,18,30,3.3000000000000003,6,34,91.8,67.07000000000001,0.6000000000000001,128,1.5
2021,1,6,19,30,3.6,6,54,91.23,63.2,0.9,142,1.4000000000000001
2021,1,6,20,30,4.2,7,145,94.54,62.29,1,162,1.3
2021,1,6,21,30,4.9,4,74,95.5,64.48,1.2000000000000002,178,1.1
2021,1,6,22,30,5,4,43,98.49000000000001,69.46000000000001,1,184,0.9
2021,1,6,23,30,5,0,41,100,76.67,0.7000000000000001,185,0.8
2021,1,7,0,30,3.1,0,25,100,85.44,0.4,172,0.7000000000000001
2021,1,7,1,30,2.7,0,0,100,95.63,0.5,181,0.7000000000000001
2021,1,7,2,30,2.6,0,0,100,106.42,0.4,198,0.6000000000000001
2021,1,7,3,30,2.5,0,0,100,117.69,0.30000000000000004,217,0.6000000000000001
2021,1,7,4,30,2.4000000000000004,0,0,100,129.18,0.30000000000000004,118,0.6000000000000001
2021,1,7,5,30,1.9000000000000001,0,0,100,140.56,0.30000000000000004,13,0.6000000000000001
2021,1,7,6,30,1,0,0,100,151.27,0.4,10,0.5
2021,1,7,7,30,-0.1,0,0,100,159.78,0.5,3,0.5
2021,1,7,8,30,-1.1,0,0,100,162.27,0.6000000000000001,176,0.5
2021,1,7,9,30,-2,0,0,100,156.68,0.7000000000000001,342,0.5
2021,1,7,10,30,-2.5,0,0,100,146.95000000000002,0.8,331,0.5
2021,1,7,11,30,-2.3000000000000003,0,0,100,135.85,0.8,330,0.5
2021,1,7,12,30,-2,0,0,100,124.37,0.8,334,0.5
2021,1,7,13,30,-1.8,7,0,100,112.94,0.8,336,0.5
2021,1,7,14,30,-1.5,7,0,100,101.82000000000001,0.7000000000000001,333,0.6000000000000001
2021,1,7,15,30,-0.7000000000000001,7,1,99.48,91.3,0.8,323,0.6000000000000001
2021,1,7,16,30,1.2000000000000002,7,53,93.37,81.59,1.1,311,0.6000000000000001
2021,1,7,17,30,3.6,6,75,93.82000000000001,73.36,1.3,308,0.6000000000000001
2021,1,7,18,30,5.7,7,119,83.73,66.98,1.3,319,0.6000000000000001
2021,1,7,19,30,7.1000000000000005,8,131,76.52,63.09,1.1,331,0.6000000000000001
2021,1,7,20,30,8.200000000000001,0,106,68.24,62.160000000000004,1,341,0.6000000000000001
2021,1,7,21,30,8.4,7,177,64.09,64.33,0.9,176,0.7000000000000001
2021,1,7,22,30,7.5,6,118,66.52,69.3,0.6000000000000001,10,0.6000000000000001
2021,1,7,23,30,6.7,7,90,80.96000000000001,76.5,0.4,15,0.6000000000000001
2021,1,8,0,30,3.8000000000000003,4,29,86.95,85.28,0.6000000000000001,321,0.5
2021,1,8,1,30,3.1,7,0,83.88,95.47,0.7000000000000001,291,0.5
2021,1,8,2,30,3,7,0,81.10000000000001,106.26,0.7000000000000001,261,0.5
2021,1,8,3,30,3.1,7,0,75.54,117.54,0.7000000000000001,232,0.5
2021,1,8,4,30,3.3000000000000003,7,0,70.2,129.02,0.7000000000000001,231,0.6000000000000001
2021,1,8,5,30,3.5,7,0,64.86,140.4,0.7000000000000001,256,0.7000000000000001
2021,1,8,6,30,3.6,6,0,62.120000000000005,151.11,0.6000000000000001,275,0.9
2021,1,8,7,30,3.4000000000000004,6,0,63.36,159.61,0.5,242,1
2021,1,8,8,30,2.6,6,0,69.60000000000001,162.15,0.6000000000000001,206,1.1
2021,1,8,9,30,1.7000000000000002,6,0,84.48,156.63,0.6000000000000001,206,1.2000000000000002
2021,1,8,10,30,1.5,6,0,93.32000000000001,146.94,0.5,204,1.3
2021,1,8,11,30,1.9000000000000001,7,0,98.31,135.86,0.5,192,1.3
2021,1,8,12,30,2.1,0,0,100,124.38000000000001,0.5,168,1.2000000000000002
2021,1,8,13,30,2.1,0,0,100,112.94,0.5,165,1.1
2021,1,8,14,30,2.2,0,0,100,101.82000000000001,0.5,209,1
2021,1,8,15,30,2.5,0,3,100,91.27,0.30000000000000004,278,0.9
2021,1,8,16,30,3.1,0,41,100,81.55,0.5,331,0.7000000000000001
2021,1,8,17,30,3.8000000000000003,4,96,100,73.3,0.8,344,0.6000000000000001
2021,1,8,18,30,4.6000000000000005,0,58,94.45,66.89,1,343,0.6000000000000001
2021,1,8,19,30,5.7,0,60,82.75,62.97,1,346,0.5
2021,1,8,20,30,6.7,0,59,68.67,62.02,1.1,348,0.5
2021,1,8,21,30,7.1000000000000005,0,57,59.83,64.17,1.1,351,0.6000000000000001
2021,1,8,22,30,6.6000000000000005,0,51,59.19,69.13,1,352,0.6000000000000001
2021,1,8,23,30,6,0,43,68.9,76.33,0.8,352,0.6000000000000001
2021,1,9,0,30,2.3000000000000003,0,25,95.56,85.12,0.8,334,0.6000000000000001
2021,1,9,1,30,1.1,0,0,92.34,95.3,0.9,321,0.6000000000000001
2021,1,9,2,30,0.2,0,0,97.24000000000001,106.10000000000001,1,318,0.6000000000000001
2021,1,9,3,30,-0.7000000000000001,0,0,100,117.38,1,319,0.7000000000000001
2021,1,9,4,30,-1.2000000000000002,0,0,100,128.86,1.1,318,0.7000000000000001
2021,1,9,5,30,-1.4000000000000001,0,0,100,140.24,1.2000000000000002,315,0.7000000000000001
2021,1,9,6,30,-1.7000000000000002,0,0,100,150.94,1.4000000000000001,313,0.7000000000000001
2021,1,9,7,30,-2.1,0,0,100,159.44,1.5,312,0.8
2021,1,9,8,30,-2.3000000000000003,0,0,100,162.02,1.6,310,0.8
2021,1,9,9,30,-2.3000000000000003,0,0,100,156.58,1.6,309,0.8
2021,1,9,10,30,-2.3000000000000003,0,0,98.86,146.92000000000002,1.5,309,0.8
2021,1,9,11,30,-2.4000000000000004,0,0,95.93,135.85,1.4000000000000001,310,0.9
2021,1,9,12,30,-2.3000000000000003,0,0,92.38,124.38000000000001,1.3,311,1
2021,1,9,13,30,-2.2,0,0,89.4,112.94,1.4000000000000001,311,1
2021,1,9,14,30,-1.8,0,0,85.60000000000001,101.8,1.5,311,1.1
2021,1,9,15,30,-0.30000000000000004,0,4,77.18,91.25,1.6,310,1.2000000000000002
2021,1,9,16,30,2.4000000000000004,0,31,73.28,81.5,1.7000000000000002,311,1.2000000000000002
2021,1,9,17,30,5.1000000000000005,0,69,59.38,73.23,1.5,318,1.2000000000000002
2021,1,9,18,30,7.2,0,53,51.230000000000004,66.8,1.4000000000000001,324,1.2000000000000002
2021,1,9,19,30,8.9,0,54,46.15,62.84,1.4000000000000001,327,1.1
2021,1,9,20,30,9.8,0,54,45.53,61.870000000000005,1.4000000000000001,332,1.1
2021,1,9,21,30,10.100000000000001,0,55,47.06,64.01,1.3,337,1
2021,1,9,22,30,9.4,0,57,52.56,68.96000000000001,1,338,1
2021,1,9,23,30,8.8,7,71,68.26,76.16,0.8,337,1
2021,1,10,0,30,5.300000000000001,7,33,81.33,84.95,0.8,326,0.9
2021,1,10,1,30,4.1000000000000005,7,0,76.82000000000001,95.13,0.9,318,1
2021,1,10,2,30,3.2,7,0,81.19,105.94,0.9,307,1
2021,1,10,3,30,2.8000000000000003,7,0,84.78,117.22,0.8,297,1
2021,1,10,4,30,2.9000000000000004,4,0,83.93,128.7,0.7000000000000001,296,1.1
2021,1,10,5,30,3.3000000000000003,4,0,78.83,140.08,0.5,185,1.1
2021,1,10,6,30,3.4000000000000004,4,0,72.16,150.77,0.5,79,1
2021,1,10,7,30,3.3000000000000003,7,0,67.73,159.27,0.5,73,1.1
2021,1,10,8,30,2.9000000000000004,7,0,67.6,161.88,0.5,68,1.1
2021,1,10,9,30,2.5,0,0,72.36,156.51,0.6000000000000001,92,1.1
2021,1,10,10,30,2.3000000000000003,0,0,76.48,146.9,0.5,122,1.1
2021,1,10,11,30,2.2,0,0,82.11,135.84,0.5,147,1.1
2021,1,10,12,30,2.1,0,0,87.32000000000001,124.37,0.4,143,1.1
2021,1,10,13,30,2.1,0,0,89.85000000000001,112.93,0.4,98,1.1
2021,1,10,14,30,1.8,0,0,92.02,101.78,0.4,63,1
2021,1,10,15,30,2.1,0,4,91.69,91.21000000000001,0.4,62,1
2021,1,10,16,30,3.3000000000000003,0,35,93.5,81.45,0.4,64,0.9
2021,1,10,17,30,4.7,4,117,86.63,73.15,0.4,72,0.9
2021,1,10,18,30,5.800000000000001,4,158,86.21000000000001,66.69,0.30000000000000004,68,0.9
2021,1,10,19,30,6.800000000000001,4,176,85.91,62.71,0.30000000000000004,43,1
2021,1,10,20,30,7.6000000000000005,0,116,84.98,61.71,0.30000000000000004,32,1
2021,1,10,21,30,8,4,156,83.38,63.83,0.4,31,1
2021,1,10,22,30,7.7,4,142,84.35000000000001,68.78,0.5,29,1.1
2021,1,10,23,30,7.2,4,76,90.46000000000001,75.98,0.4,29,1.1
2021,1,11,0,30,4.4,7,33,100,84.78,0.5,8,0.9
2021,1,11,1,30,3.2,7,0,100,94.96000000000001,0.7000000000000001,174,0.8
2021,1,11,2,30,2.5,7,0,100,105.77,0.8,340,0.7000000000000001
2021,1,11,3,30,2,6,0,100,117.05,0.9,327,0.7000000000000001
2021,1,11,4,30,1.8,6,0,100,128.54,0.9,314,0.7000000000000001
2021,1,11,5,30,1.6,9,0,100,139.91,1,305,0.7000000000000001
2021,1,11,6,30,1.5,6,0,100,150.6,1,303,0.7000000000000001
2021,1,11,7,30,1.2000000000000002,7,0,100,159.09,0.9,308,0.7000000000000001
2021,1,11,8,30,0.7000000000000001,7,0,100,161.74,0.9,315,0.7000000000000001
2021,1,11,9,30,0.2,7,0,100,156.44,0.9,317,0.7000000000000001
2021,1,11,10,30,-0.2,7,0,98.71000000000001,146.87,0.9,316,0.7000000000000001
2021,1,11,11,30,-0.2,7,0,95.37,135.83,1,317,0.7000000000000001
2021,1,11,12,30,0,7,0,92.48,124.36,1,321,0.7000000000000001
2021,1,11,13,30,0.2,7,0,90.06,112.91,0.9,323,0.6000000000000001
2021,1,11,14,30,0.6000000000000001,7,0,85.27,101.76,0.8,312,0.6000000000000001
2021,1,11,15,30,1.7000000000000002,7,1,76.46000000000001,91.17,0.6000000000000001,303,0.6000000000000001
2021,1,11,16,30,4.1000000000000005,7,54,78.96000000000001,81.39,0.4,317,0.6000000000000001
2021,1,11,17,30,6.9,7,92,73.8,73.07000000000001,0.30000000000000004,168,0.7000000000000001
2021,1,11,18,30,8.6,0,55,64.51,66.58,0.2,21,0.7000000000000001
2021,1,11,19,30,9.700000000000001,0,60,59.78,62.57,0.30000000000000004,184,0.7000000000000001
2021,1,11,20,30,10.700000000000001,0,59,57.26,61.550000000000004,0.30000000000000004,175,0.8
2021,1,11,21,30,11,0,63,56.46,63.660000000000004,0.2,27,0.8
2021,1,11,22,30,10,7,78,62.24,68.60000000000001,0.30000000000000004,72,0.8
2021,1,11,23,30,9.1,7,95,79.59,75.8,0.5,110,0.9
2021,1,12,0,30,4.7,7,35,99.31,84.60000000000001,0.8,143,0.9
2021,1,12,1,30,3.4000000000000004,6,0,100,94.79,0.9,165,1
2021,1,12,2,30,2.9000000000000004,6,0,100,105.60000000000001,0.9,186,1.1
2021,1,12,3,30,2.6,7,0,100,116.89,0.9,191,1.1
2021,1,12,4,30,2.6,7,0,100,128.37,0.8,190,1.2000000000000002
2021,1,12,5,30,2.6,7,0,100,139.74,0.8,180,1.3
2021,1,12,6,30,2.5,7,0,100,150.42000000000002,0.7000000000000001,171,1.4000000000000001
2021,1,12,7,30,2.5,7,0,100,158.9,0.7000000000000001,172,1.5
2021,1,12,8,30,2.7,7,0,100,161.59,0.7000000000000001,161,1.7000000000000002
2021,1,12,9,30,2.8000000000000003,6,0,100,156.36,0.7000000000000001,143,1.8
2021,1,12,10,30,2.6,6,0,100,146.83,0.7000000000000001,145,1.9000000000000001
2021,1,12,11,30,2.5,6,0,100,135.81,0.6000000000000001,151,2
2021,1,12,12,30,2.5,7,0,100,124.34,0.6000000000000001,149,2
2021,1,12,13,30,2.5,6,0,100,112.89,0.5,150,2
2021,1,12,14,30,2.7,7,0,100,101.73,0.5,156,2
2021,1,12,15,30,3.3000000000000003,7,1,100,91.13,0.4,155,2
2021,1,12,16,30,4.800000000000001,6,50,100,81.32000000000001,0.7000000000000001,154,2
2021,1,12,17,30,6.6000000000000005,6,94,95.24,72.98,1.1,156,2.1
2021,1,12,18,30,7.9,7,104,92.74,66.47,1.4000000000000001,161,2.1
2021,1,12,19,30,8.700000000000001,7,85,91.72,62.43,1.5,168,2.1
2021,1,12,20,30,9.1,4,106,91.85000000000001,61.38,1.6,168,2.1
2021,1,12,21,30,9.200000000000001,7,80,93.32000000000001,63.47,1.6,165,2.2
2021,1,12,22,30,8.8,8,86,97.46000000000001,68.41,1.5,158,2.2
2021,1,12,23,30,8.5,7,25,100,75.62,1.5,155,2.2
2021,1,13,0,30,6.800000000000001,7,25,100,84.43,0.9,151,2.2
2021,1,13,1,30,6.2,7,0,100,94.61,0.8,156,2.2
2021,1,13,2,30,6.2,7,0,100,105.43,0.8,163,2.1
2021,1,13,3,30,6.300000000000001,0,0,100,116.72,0.7000000000000001,165,2.1
2021,1,13,4,30,6,7,0,100,128.21,0.6000000000000001,163,2
2021,1,13,5,30,5.6000000000000005,7,0,100,139.57,0.5,164,2
2021,1,13,6,30,5.5,7,0,100,150.24,0.5,167,1.9000000000000001
2021,1,13,7,30,5.5,7,0,100,158.71,0.5,170,1.8
2021,1,13,8,30,5.5,7,0,100,161.43,0.5,174,1.8
2021,1,13,9,30,5.6000000000000005,7,0,100,156.28,0.5,176,1.7000000000000002
2021,1,13,10,30,5.800000000000001,7,0,100,146.78,0.5,172,1.8
2021,1,13,11,30,5.9,4,0,100,135.78,0.5,164,1.9000000000000001
2021,1,13,12,30,6,4,0,100,124.32000000000001,0.5,160,1.9000000000000001
2021,1,13,13,30,5.9,7,0,100,112.86,0.6000000000000001,161,1.8
2021,1,13,14,30,5.9,4,0,100,101.69,0.6000000000000001,164,1.6
2021,1,13,15,30,6.6000000000000005,4,3,100,91.07000000000001,0.5,159,1.5
2021,1,13,16,30,8,4,36,100,81.25,0.30000000000000004,137,1.4000000000000001
2021,1,13,17,30,9.3,4,66,100,72.88,0.30000000000000004,226,1.3
2021,1,13,18,30,10.700000000000001,4,140,97.82000000000001,66.34,0.30000000000000004,180,1.3
2021,1,13,19,30,12.200000000000001,4,197,93,62.28,0.4,51,1.3
2021,1,13,20,30,13.4,7,212,85.16,61.21,0.5,85,1.3
2021,1,13,21,30,13.4,7,177,77.39,63.29,0.5,109,1.3
2021,1,13,22,30,12.700000000000001,0,57,78.51,68.22,0.30000000000000004,90,1.3
2021,1,13,23,30,12.3,0,47,80.84,75.43,0.2,60,1.3
2021,1,14,0,30,9.1,0,28,91.78,84.24,0.6000000000000001,26,1.3
2021,1,14,1,30,7.9,0,0,90.95,94.43,0.6000000000000001,18,1.3
2021,1,14,2,30,6.4,0,0,100,105.26,0.7000000000000001,184,1.2000000000000002
2021,1,14,3,30,4.800000000000001,0,0,100,116.55,0.9,357,1.2000000000000002
2021,1,14,4,30,3.5,0,0,100,128.04,0.9,352,1.1
2021,1,14,5,30,2.8000000000000003,0,0,100,139.4,0.9,340,1.1
2021,1,14,6,30,2.4000000000000004,0,0,100,150.05,1,327,1.1
2021,1,14,7,30,2.3000000000000003,0,0,100,158.52,1,321,1
2021,1,14,8,30,2.3000000000000003,0,0,100,161.26,1.1,320,1
2021,1,14,9,30,2.8000000000000003,0,0,96.73,156.18,1.2000000000000002,317,1
2021,1,14,10,30,3.5,0,0,86.58,146.73,1.3,313,1.1
2021,1,14,11,30,4.4,0,0,75.03,135.75,1.3,310,1
2021,1,14,12,30,5,0,0,65.47,124.29,1.2000000000000002,310,1
2021,1,14,13,30,5.4,0,0,58.94,112.83,1.2000000000000002,313,1
2021,1,14,14,30,5.6000000000000005,0,0,55.43,101.64,1.1,317,0.9
2021,1,14,15,30,6.5,0,6,51.6,91.02,1,324,0.9
2021,1,14,16,30,8.9,0,32,59.68,81.18,1,324,0.9
2021,1,14,17,30,11.8,0,43,70.3,72.78,1.1,324,0.8
2021,1,14,18,30,14,0,50,53.2,66.21000000000001,1.2000000000000002,328,0.8
2021,1,14,19,30,15.8,0,53,49.54,62.120000000000005,1.2000000000000002,329,0.8
2021,1,14,20,30,17.7,0,52,48.52,61.02,1.2000000000000002,327,0.9
2021,1,14,21,30,17.8,0,50,45.54,63.09,1.2000000000000002,328,0.9
2021,1,14,22,30,15.8,0,46,51.11,68.02,0.9,334,1
2021,1,14,23,30,14.4,0,40,69.35000000000001,75.23,0.7000000000000001,337,1
2021,1,15,0,30,8.6,0,26,99.53,84.06,0.9,322,1
2021,1,15,1,30,6.800000000000001,0,0,98.96000000000001,94.25,1,315,1
2021,1,15,2,30,6.300000000000001,7,0,99.17,105.08,1,311,1
2021,1,15,3,30,6.1000000000000005,7,0,96.29,116.37,1.2000000000000002,305,1.1
2021,1,15,4,30,6.300000000000001,0,0,91.14,127.86,1.3,303,1.1
2021,1,15,5,30,6.4,7,0,85.82000000000001,139.22,1.4000000000000001,305,1.1
2021,1,15,6,30,6.5,7,0,79.75,149.86,1.3,311,1.1
2021,1,15,7,30,6.800000000000001,7,0,73.02,158.32,1.2000000000000002,316,1.1
2021,1,15,8,30,7.300000000000001,7,0,66.43,161.09,1,319,1.1
2021,1,15,9,30,7.9,7,0,60.47,156.08,0.9,316,1.2000000000000002
2021,1,15,10,30,8,7,0,57.18,146.67000000000002,0.9,315,1.1
2021,1,15,11,30,7.6000000000000005,7,0,58.02,135.7,1,325,1.1
2021,1,15,12,30,7,7,0,61.410000000000004,124.25,0.9,173,1
2021,1,15,13,30,6.6000000000000005,7,0,62.33,112.79,0.7000000000000001,23,1
2021,1,15,14,30,6.7,0,0,62.1,101.59,0.5,41,1
2021,1,15,15,30,7.5,7,6,59.78,90.95,0.30000000000000004,162,0.9
2021,1,15,16,30,8.9,7,50,63.13,81.09,0.4,271,0.9
2021,1,15,17,30,11.100000000000001,7,100,63.620000000000005,72.67,0.5,274,0.9
2021,1,15,18,30,13.600000000000001,0,56,59.160000000000004,66.07000000000001,0.5,301,0.9
2021,1,15,19,30,15,7,145,52.6,61.95,0.6000000000000001,324,1
2021,1,15,20,30,15.4,6,193,53.45,60.83,0.6000000000000001,335,1.1
2021,1,15,21,30,15.5,7,182,57.480000000000004,62.89,0.7000000000000001,347,1.3
2021,1,15,22,30,14.9,4,105,66.06,67.82000000000001,0.6000000000000001,178,1.4000000000000001
2021,1,15,23,30,14.4,7,80,77.37,75.03,0.5,2,1.4000000000000001
2021,1,16,0,30,10.3,6,25,99.95,83.87,0.6000000000000001,173,1.4000000000000001
2021,1,16,1,30,8.700000000000001,7,0,99.99000000000001,94.06,0.7000000000000001,334,1.4000000000000001
2021,1,16,2,30,8,0,0,100,104.9,0.7000000000000001,325,1.4000000000000001
2021,1,16,3,30,7.7,7,0,100,116.2,0.7000000000000001,318,1.5
2021,1,16,4,30,7.4,0,0,100,127.69,0.7000000000000001,315,1.6
2021,1,16,5,30,7.300000000000001,0,0,100,139.04,0.9,312,1.7000000000000002
2021,1,16,6,30,7.2,0,0,100,149.67000000000002,1.1,309,1.8
2021,1,16,7,30,7.2,0,0,90.86,158.11,1.3,309,1.8
2021,1,16,8,30,7.1000000000000005,4,0,83.43,160.91,1.4000000000000001,309,1.8
2021,1,16,9,30,7,7,0,78.84,155.96,1.4000000000000001,311,1.7000000000000002
2021,1,16,10,30,6.7,0,0,77.66,146.61,1.4000000000000001,311,1.7000000000000002
2021,1,16,11,30,6,0,0,77.42,135.66,1.5,310,1.7000000000000002
2021,1,16,12,30,5.4,0,0,77.59,124.21000000000001,1.5,310,1.7000000000000002
2021,1,16,13,30,5.1000000000000005,0,0,78.14,112.74000000000001,1.5,309,1.6
2021,1,16,14,30,5,0,0,76.57000000000001,101.54,1.6,309,1.7000000000000002
2021,1,16,15,30,6.2,0,7,69.3,90.88,1.6,308,1.7000000000000002
2021,1,16,16,30,9,0,29,68.58,81,1.7000000000000002,308,1.7000000000000002
2021,1,16,17,30,11.5,0,43,57.29,72.55,1.8,314,1.7000000000000002
2021,1,16,18,30,13.100000000000001,0,45,51.980000000000004,65.92,1.8,324,1.7000000000000002
2021,1,16,19,30,14.100000000000001,0,48,51.58,61.78,1.7000000000000002,330,1.7000000000000002
2021,1,16,20,30,14.700000000000001,0,56,51.64,60.64,1.7000000000000002,331,1.7000000000000002
2021,1,16,21,30,14.9,0,49,52.83,62.68,1.7000000000000002,331,1.7000000000000002
2021,1,16,22,30,14.200000000000001,0,46,58.11,67.61,1.5,327,1.7000000000000002
2021,1,16,23,30,13.700000000000001,0,40,66.8,74.83,1.3,324,1.7000000000000002
2021,1,17,0,30,8.9,0,32,97.21000000000001,83.68,1,313,1.6
2021,1,17,1,30,7.4,7,0,98.94,93.88,1.3,311,1.6
2021,1,17,2,30,7.300000000000001,7,0,96.96000000000001,104.72,1.6,311,1.6
2021,1,17,3,30,7.1000000000000005,0,0,94.98,116.02,1.8,310,1.5
2021,1,17,4,30,7,0,0,91.24,127.51,1.9000000000000001,309,1.5
2021,1,17,5,30,6.9,0,0,87.3,138.86,2.1,308,1.5
2021,1,17,6,30,6.7,0,0,84.26,149.48,2.2,307,1.5
2021,1,17,7,30,6.5,0,0,82.23,157.9,2.3000000000000003,305,1.5
2021,1,17,8,30,6.4,0,0,80.56,160.72,2.3000000000000003,304,1.4000000000000001
2021,1,17,9,30,6.300000000000001,0,0,79.58,155.84,2.4000000000000004,304,1.4000000000000001
2021,1,17,10,30,6.300000000000001,0,0,78.41,146.53,2.3000000000000003,304,1.3
2021,1,17,11,30,6.300000000000001,7,0,77.63,135.6,2.3000000000000003,304,1.3
2021,1,17,12,30,6.4,0,0,76.53,124.16,2.3000000000000003,304,1.2000000000000002
2021,1,17,13,30,6.6000000000000005,0,0,75.32000000000001,112.69,2.2,304,1.2000000000000002
2021,1,17,14,30,6.6000000000000005,0,0,76.16,101.47,2.2,304,1.1
2021,1,17,15,30,7.9,0,6,71.21000000000001,90.25,2.4000000000000004,303,1
2021,1,17,16,30,10.4,0,29,66.56,80.9,2.4000000000000004,302,0.9
2021,1,17,17,30,12.9,0,38,60.480000000000004,72.43,2.3000000000000003,307,0.9
2021,1,17,18,30,14.8,0,42,55.06,65.77,2.2,315,0.9
2021,1,17,19,30,16.400000000000002,0,46,52.65,61.6,2,322,0.9
2021,1,17,20,30,17.3,0,46,51.160000000000004,60.44,1.9000000000000001,329,0.9
2021,1,17,21,30,17.2,0,47,52.06,62.47,1.9000000000000001,332,0.9
2021,1,17,22,30,16.2,0,42,58.02,67.4,1.7000000000000002,328,1
2021,1,17,23,30,15.4,0,36,66.52,74.62,1.6,325,1
2021,1,18,0,30,10.5,0,27,94.27,83.48,1.7000000000000002,315,1
2021,1,18,1,30,9.200000000000001,0,0,93.9,93.69,1.9000000000000001,312,1.1
2021,1,18,2,30,9.3,7,0,93.5,104.54,2.1,311,1.2000000000000002
2021,1,18,3,30,9.5,7,0,90.48,115.84,2.1,311,1.2000000000000002
2021,1,18,4,30,9.3,7,0,86.61,127.34,2.2,311,1.2000000000000002
2021,1,18,5,30,8.9,7,0,81.28,138.68,2.2,311,1.2000000000000002
2021,1,18,6,30,8.4,7,0,76.45,149.28,2.2,311,1.1
2021,1,18,7,30,7.9,7,0,72.03,157.69,2.1,315,1
2021,1,18,8,30,7.2,7,0,68.38,160.53,1.7000000000000002,323,0.9
2021,1,18,9,30,6.2,4,0,65.69,155.72,1.7000000000000002,322,0.7000000000000001
2021,1,18,10,30,5.4,7,0,61.99,146.45000000000002,2.1,317,0.5
2021,1,18,11,30,4.4,7,0,59.5,135.54,2.3000000000000003,317,0.30000000000000004
2021,1,18,12,30,3.7,0,0,58.21,124.11,2.4000000000000004,316,0.2
2021,1,18,13,30,3.3000000000000003,0,0,55.09,112.63,2.4000000000000004,314,0.2
2021,1,18,14,30,3.1,0,0,53.17,101.4,2.3000000000000003,311,0.2
2021,1,18,15,30,4,0,7,49.07,90.17,2.4000000000000004,309,0.2
2021,1,18,16,30,6.4,0,30,47.160000000000004,80.8,2.4000000000000004,309,0.2
2021,1,18,17,30,8.8,0,39,42.82,72.3,2.5,316,0.2
2021,1,18,18,30,10.700000000000001,0,44,41.38,65.61,2.5,326,0.30000000000000004
2021,1,18,19,30,12.100000000000001,0,47,40.37,61.410000000000004,2.4000000000000004,334,0.4
2021,1,18,20,30,12.8,0,48,39.12,60.230000000000004,2.4000000000000004,339,0.4
2021,1,18,21,30,12.8,0,47,40.53,62.25,2.4000000000000004,339,0.5
2021,1,18,22,30,12,0,44,45.230000000000004,67.18,2.3000000000000003,335,0.5
2021,1,18,23,30,11.4,0,39,50.14,74.41,2.3000000000000003,332,0.5
2021,1,19,0,30,7.9,0,26,62.01,83.28,2.3000000000000003,330,0.5
2021,1,19,1,30,6.6000000000000005,0,0,60.57,93.5,2.3000000000000003,330,0.5
2021,1,19,2,30,6,0,0,57.36,104.35000000000001,2.4000000000000004,332,0.5
2021,1,19,3,30,5.4,0,0,54.67,115.66,2.3000000000000003,333,0.4
2021,1,19,4,30,4.7,0,0,53.26,127.16,2.2,332,0.4
2021,1,19,5,30,3.9000000000000004,0,0,53.03,138.49,2.1,331,0.4
2021,1,19,6,30,3.2,0,0,53.08,149.08,2.1,330,0.4
2021,1,19,7,30,2.7,0,0,52.980000000000004,157.47,2,329,0.4
2021,1,19,8,30,2.2,0,0,53.230000000000004,160.32,2,329,0.4
2021,1,19,9,30,1.4000000000000001,0,0,55.59,155.58,2,326,0.4
2021,1,19,10,30,0.5,0,0,59.11,146.36,2,323,0.4
2021,1,19,11,30,0,0,0,59.9,135.47,2.1,322,0.4
2021,1,19,12,30,-0.30000000000000004,0,0,60.17,124.04,2.1,322,0.4
2021,1,19,13,30,-0.6000000000000001,0,0,61.1,112.56,2.1,320,0.4
2021,1,19,14,30,-0.6000000000000001,0,0,61.03,101.33,2.2,317,0.4
2021,1,19,15,30,0.1,0,7,58.02,90.09,2.5,316,0.4
2021,1,19,16,30,1.8,0,29,52.050000000000004,80.68,2.6,315,0.4
2021,1,19,17,30,3.9000000000000004,0,39,45.480000000000004,72.16,2.5,320,0.4
2021,1,19,18,30,5.7,0,43,40.39,65.45,2.3000000000000003,327,0.4
2021,1,19,19,30,7.2,0,46,37.76,61.21,2.1,334,0.4
2021,1,19,20,30,8.3,0,49,36.84,60.01,1.9000000000000001,339,0.4
2021,1,19,21,30,8.8,0,50,37.38,62.03,1.7000000000000002,345,0.5
2021,1,19,22,30,8.6,0,47,39.34,66.96000000000001,1.3,347,0.5
2021,1,19,23,30,8.200000000000001,0,41,45.39,74.2,1.1,346,0.5
2021,1,20,0,30,4.1000000000000005,0,29,66.97,83.08,0.6000000000000001,351,0.5
2021,1,20,1,30,2.4000000000000004,0,0,69.85000000000001,93.3,0.6000000000000001,356,0.5
2021,1,20,2,30,1.7000000000000002,0,0,70.78,104.17,0.6000000000000001,354,0.5
2021,1,20,3,30,1.1,0,0,71.84,115.48,0.7000000000000001,341,0.5
2021,1,20,4,30,0.8,0,0,70.92,126.97,0.9,326,0.5
2021,1,20,5,30,0.5,0,0,69.49,138.31,1.2000000000000002,315,0.5
2021,1,20,6,30,0,0,0,69.66,148.88,1.4000000000000001,310,0.5
2021,1,20,7,30,-0.8,0,0,73.22,157.24,1.3,312,0.5
2021,1,20,8,30,-1.4000000000000001,0,0,75.79,160.11,1,322,0.4
2021,1,20,9,30,-1.6,0,0,75.91,155.43,0.9,329,0.4
2021,1,20,10,30,-1.5,0,0,73.7,146.26,1,328,0.4
2021,1,20,11,30,-0.9,0,0,70.22,135.4,1.1,326,0.4
2021,1,20,12,30,0.30000000000000004,0,0,61.09,123.98,1.1,321,0.30000000000000004
2021,1,20,13,30,1.3,0,0,53.47,112.49000000000001,1.1,317,0.30000000000000004
2021,1,20,14,30,1.8,0,0,49.47,101.25,1.1,319,0.30000000000000004
2021,1,20,15,30,3.2,0,7,45.12,90.01,1,329,0.30000000000000004
2021,1,20,16,30,6.1000000000000005,0,32,50.76,80.57000000000001,0.9,338,0.30000000000000004
2021,1,20,17,30,9.5,0,42,47.730000000000004,72.01,1,341,0.30000000000000004
2021,1,20,18,30,12,0,48,31.53,65.27,1,343,0.30000000000000004
2021,1,20,19,30,13.3,0,52,29.77,61.01,1,347,0.30000000000000004
2021,1,20,20,30,13.8,0,55,30.62,59.79,1,350,0.4
2021,1,20,21,30,13.600000000000001,0,55,32.19,61.800000000000004,0.9,351,0.4
2021,1,20,22,30,12.600000000000001,0,52,36.4,66.73,0.7000000000000001,353,0.4
2021,1,20,23,30,11.9,0,45,46.94,73.98,0.5,355,0.5
2021,1,21,0,30,8.1,0,30,63.230000000000004,82.88,0.8,332,0.5
2021,1,21,1,30,6.5,0,0,57.67,93.10000000000001,0.9,303,0.5
2021,1,21,2,30,5.300000000000001,0,0,62.97,103.98,1,292,0.6000000000000001
2021,1,21,3,30,4.5,0,0,66.48,115.3,1.1,292,0.6000000000000001
2021,1,21,4,30,4.2,0,0,67.23,126.79,1,293,0.6000000000000001
2021,1,21,5,30,4.1000000000000005,0,0,65.85,138.12,1,294,0.6000000000000001
2021,1,21,6,30,3.9000000000000004,0,0,64.97,148.68,1,293,0.6000000000000001
2021,1,21,7,30,3.7,7,0,64.47,157.02,0.9,293,0.6000000000000001
2021,1,21,8,30,3.7,0,0,63.75,159.9,0.9,294,0.6000000000000001
2021,1,21,9,30,3.8000000000000003,0,0,61,155.28,0.8,292,0.6000000000000001
2021,1,21,10,30,3.5,0,0,58.77,146.16,0.7000000000000001,287,0.6000000000000001
2021,1,21,11,30,3.1,0,0,56.88,135.32,0.8,285,0.6000000000000001
2021,1,21,12,30,3,0,0,54.550000000000004,123.9,0.7000000000000001,286,0.6000000000000001
2021,1,21,13,30,3,0,0,51.69,112.41,0.7000000000000001,279,0.6000000000000001
2021,1,21,14,30,2.6,7,0,51.33,101.16,0.7000000000000001,253,0.6000000000000001
2021,1,21,15,30,3,0,7,49.980000000000004,89.92,0.6000000000000001,223,0.7000000000000001
2021,1,21,16,30,5.300000000000001,0,40,64.16,80.44,0.4,191,0.7000000000000001
2021,1,21,17,30,7.800000000000001,0,82,51.47,71.86,0.5,164,0.7000000000000001
2021,1,21,18,30,9.3,4,118,40.11,65.09,0.8,154,0.8
2021,1,21,19,30,10.100000000000001,7,153,38.78,60.81,0.9,151,0.8
2021,1,21,20,30,10.200000000000001,7,166,40.1,59.57,0.9,147,0.8
2021,1,21,21,30,10,4,187,42.37,61.57,0.9,141,0.8
2021,1,21,22,30,9,4,104,49.46,66.5,0.8,133,0.8
2021,1,21,23,30,8.3,7,108,65.66,73.76,0.6000000000000001,128,0.8
2021,1,22,0,30,4.5,4,47,87.23,82.67,0.8,131,0.7000000000000001
2021,1,22,1,30,2.9000000000000004,7,0,87.54,92.91,0.8,132,0.6000000000000001
2021,1,22,2,30,1.8,7,0,91.89,103.79,0.7000000000000001,130,0.6000000000000001
2021,1,22,3,30,0.8,7,0,95.38,115.12,0.7000000000000001,126,0.6000000000000001
2021,1,22,4,30,0,0,0,96.12,126.61,0.6000000000000001,131,0.6000000000000001
2021,1,22,5,30,-0.6000000000000001,0,0,97.09,137.93,0.5,140,0.6000000000000001
2021,1,22,6,30,-0.4,0,0,94.81,148.47,0.4,152,0.7000000000000001
2021,1,22,7,30,0.2,0,0,92.41,156.78,0.4,166,0.8
2021,1,22,8,30,0.6000000000000001,4,0,94.29,159.67000000000002,0.30000000000000004,156,0.9
2021,1,22,9,30,0.6000000000000001,4,0,98.68,155.12,0.30000000000000004,125,0.9
2021,1,22,10,30,0.4,0,0,100,146.05,0.30000000000000004,107,0.9
2021,1,22,11,30,0.2,0,0,100,135.23,0.30000000000000004,89,0.8
2021,1,22,12,30,-0.2,0,0,100,123.82000000000001,0.4,61,0.8
2021,1,22,13,30,-0.8,0,0,100,112.33,0.5,47,0.8
2021,1,22,14,30,-1.2000000000000002,8,0,100,101.07000000000001,0.5,57,0.8
2021,1,22,15,30,-0.7000000000000001,4,3,100,89.83,0.4,65,0.9
2021,1,22,16,30,0.5,4,47,100,80.31,0.4,49,0.9
2021,1,22,17,30,1.7000000000000002,4,101,100,71.71000000000001,0.4,191,0.9
2021,1,22,18,30,3,4,151,94.27,64.91,0.6000000000000001,343,0.8
2021,1,22,19,30,4.2,4,191,86.5,60.59,0.7000000000000001,336,0.8
2021,1,22,20,30,5,4,121,78.12,59.33,0.7000000000000001,341,0.8
2021,1,22,21,30,5.4,4,36,72.23,61.33,0.6000000000000001,173,0.8
2021,1,22,22,30,5.1000000000000005,4,88,72.06,66.27,0.4,14,0.8
2021,1,22,23,30,4.800000000000001,4,78,74.55,73.54,0.30000000000000004,27,0.9
2021,1,23,0,30,2.4000000000000004,4,48,95.23,82.46000000000001,0.4,128,0.9
2021,1,23,1,30,1.4000000000000001,4,0,97.86,92.71000000000001,0.4,196,0.9
2021,1,23,2,30,0.9,4,0,100,103.60000000000001,0.4,244,0.9
2021,1,23,3,30,0.5,4,0,100,114.93,0.5,267,0.9
2021,1,23,4,30,0.30000000000000004,4,0,100,126.42,0.5,278,0.9
2021,1,23,5,30,0.1,4,0,100,137.73,0.5,284,0.9
2021,1,23,6,30,-0.2,4,0,100,148.26,0.5,288,0.9
2021,1,23,7,30,-0.5,0,0,100,156.55,0.5,290,0.9
2021,1,23,8,30,-0.9,4,0,100,159.44,0.6000000000000001,293,0.9
2021,1,23,9,30,-1.5,0,0,100,154.95000000000002,0.6000000000000001,296,0.9
2021,1,23,10,30,-2,0,0,100,145.93,0.8,300,0.8
2021,1,23,11,30,-2.5,0,0,100,135.13,1,303,0.8
2021,1,23,12,30,-3.1,0,0,100,123.73,1.3,305,0.8
2021,1,23,13,30,-3.4000000000000004,0,0,100,112.24000000000001,1.5,306,0.7000000000000001
2021,1,23,14,30,-3.3000000000000003,0,0,100,100.97,1.6,307,0.7000000000000001
2021,1,23,15,30,-1.5,0,9,95.96000000000001,89.73,1.8,309,0.7000000000000001
2021,1,23,16,30,1.4000000000000001,0,37,86.12,80.18,1.9000000000000001,314,0.7000000000000001
2021,1,23,17,30,3.9000000000000004,0,51,75.18,71.54,1.9000000000000001,327,0.6000000000000001
2021,1,23,18,30,6,0,57,62.86,64.72,1.9000000000000001,338,0.6000000000000001
2021,1,23,19,30,7.5,0,59,55.28,60.370000000000005,1.9000000000000001,342,0.6000000000000001
2021,1,23,20,30,8.3,0,60,51.85,59.1,1.9000000000000001,341,0.6000000000000001
2021,1,23,21,30,8.6,0,57,50.72,61.08,1.8,340,0.6000000000000001
2021,1,23,22,30,8.200000000000001,0,53,52.300000000000004,66.03,1.7000000000000002,335,0.6000000000000001
2021,1,23,23,30,7.800000000000001,0,46,55.99,73.31,1.6,332,0.6000000000000001
2021,1,24,0,30,2.8000000000000003,0,32,89.58,82.25,1.1,323,0.6000000000000001
2021,1,24,1,30,0.6000000000000001,0,0,97.63,92.5,1.2000000000000002,324,0.5
2021,1,24,2,30,-0.2,0,0,100,103.4,1.2000000000000002,326,0.5
2021,1,24,3,30,-0.7000000000000001,0,0,100,114.74000000000001,1.2000000000000002,325,0.5
2021,1,24,4,30,-1,0,0,100,126.24000000000001,1.3,322,0.4
2021,1,24,5,30,-1.1,0,0,100,137.54,1.4000000000000001,317,0.4
2021,1,24,6,30,-1.1,0,0,97.87,148.04,1.5,313,0.4
2021,1,24,7,30,-1.3,0,0,93.4,156.31,1.4000000000000001,311,0.4
2021,1,24,8,30,-1.5,0,0,89.23,159.21,1.2000000000000002,309,0.4
2021,1,24,9,30,-1.8,0,0,87.29,154.78,1,307,0.4
2021,1,24,10,30,-2.5,0,0,92.94,145.8,0.9,306,0.5
2021,1,24,11,30,-2.8000000000000003,0,0,95.57000000000001,135.03,0.7000000000000001,307,0.5
2021,1,24,12,30,-2.8000000000000003,0,0,95.96000000000001,123.64,0.6000000000000001,306,0.5
2021,1,24,13,30,-2.5,7,0,94.56,112.14,0.6000000000000001,298,0.6000000000000001
2021,1,24,14,30,-2.1,7,0,93.94,100.86,0.5,276,0.6000000000000001
2021,1,24,15,30,-1.4000000000000001,7,4,94.29,89.62,0.5,253,0.7000000000000001
2021,1,24,16,30,-0.1,7,51,92.10000000000001,80.03,0.4,241,0.8
2021,1,24,17,30,1.2000000000000002,7,75,84.78,71.37,0.5,231,0.9
2021,1,24,18,30,2.2,7,123,77.55,64.52,0.6000000000000001,212,0.9
2021,1,24,19,30,2.8000000000000003,4,219,77.75,60.15,0.6000000000000001,188,1
2021,1,24,20,30,3.1,4,222,79.48,58.85,0.5,166,1
2021,1,24,21,30,3,4,110,83.68,60.83,0.4,149,1
2021,1,24,22,30,2.6,4,111,88.73,65.78,0.30000000000000004,143,0.9
2021,1,24,23,30,2.3000000000000003,7,44,93.02,73.08,0.30000000000000004,143,0.9
2021,1,25,0,30,0.8,7,25,100,82.04,0.2,229,0.9
2021,1,25,1,30,-0.1,7,0,100,92.3,0.4,278,0.8
2021,1,25,2,30,-0.6000000000000001,0,0,100,103.21000000000001,0.7000000000000001,292,0.7000000000000001
2021,1,25,3,30,-0.9,0,0,100,114.55,1.2000000000000002,298,0.7000000000000001
2021,1,25,4,30,-1.3,0,0,100,126.05,1.6,299,0.6000000000000001
2021,1,25,5,30,-1.7000000000000002,0,0,100,137.34,1.8,299,0.5
2021,1,25,6,30,-2.2,0,0,100,147.83,1.9000000000000001,300,0.4
2021,1,25,7,30,-2.5,0,0,100,156.06,2,302,0.4
2021,1,25,8,30,-2.8000000000000003,0,0,100,158.97,2,302,0.4
2021,1,25,9,30,-2.9000000000000004,0,0,100,154.6,2,301,0.4
2021,1,25,10,30,-3,8,0,99.75,145.67000000000002,2,302,0.4
2021,1,25,11,30,-3.1,7,0,99.41,134.92000000000002,1.9000000000000001,302,0.4
2021,1,25,12,30,-3.1,7,0,98.86,123.54,1.9000000000000001,302,0.5
2021,1,25,13,30,-3.1,7,0,98.97,112.04,1.8,303,0.5
2021,1,25,14,30,-3.1,8,0,99.4,100.75,1.8,304,0.5
2021,1,25,15,30,-2.5,0,11,95.25,89.51,1.8,304,0.5
2021,1,25,16,30,-1.2000000000000002,0,37,88.47,79.89,1.9000000000000001,308,0.5
2021,1,25,17,30,0.4,0,50,78.55,71.2,2,319,0.5
2021,1,25,18,30,1.8,0,57,68.44,64.31,2,328,0.5
2021,1,25,19,30,2.7,0,61,62.52,59.92,1.9000000000000001,333,0.5
2021,1,25,20,30,3.2,0,62,59.1,58.6,1.8,335,0.5
2021,1,25,21,30,3.2,0,61,58,60.58,1.7000000000000002,335,0.5
2021,1,25,22,30,2.8000000000000003,0,73,59.13,65.54,1.4000000000000001,334,0.5
2021,1,25,23,30,2.5,4,90,61.03,72.85000000000001,1.3,332,0.5
2021,1,26,0,30,-0.7000000000000001,0,34,84.93,81.82000000000001,0.5,319,0.5
2021,1,26,1,30,-2.3000000000000003,0,0,95.41,92.10000000000001,0.6000000000000001,308,0.5
2021,1,26,2,30,-2.6,0,0,98.95,103.02,0.7000000000000001,304,0.5
2021,1,26,3,30,-2.8000000000000003,0,0,100,114.36,0.9,304,0.5
2021,1,26,4,30,-3,0,0,100,125.86,0.9,303,0.5
2021,1,26,5,30,-3.4000000000000004,0,0,100,137.14000000000001,0.9,303,0.5
2021,1,26,6,30,-3.9000000000000004,0,0,100,147.61,0.8,303,0.5
2021,1,26,7,30,-4.3,0,0,100,155.81,0.8,303,0.5
2021,1,26,8,30,-4.6000000000000005,0,0,100,158.72,0.8,304,0.5
2021,1,26,9,30,-5,0,0,100,154.41,0.8,305,0.5
2021,1,26,10,30,-5.4,0,0,100,145.53,0.7000000000000001,305,0.5
2021,1,26,11,30,-5.5,0,0,100,134.81,0.7000000000000001,305,0.5
2021,1,26,12,30,-5.300000000000001,0,0,100,123.43,0.6000000000000001,303,0.5
2021,1,26,13,30,-4.9,0,0,98.53,111.93,0.6000000000000001,293,0.5
2021,1,26,14,30,-4.5,0,0,93.21000000000001,100.63,0.5,263,0.6000000000000001
2021,1,26,15,30,-3,0,11,83.11,89.39,0.4,211,0.7000000000000001
2021,1,26,16,30,-1.1,8,58,76.2,79.73,0.8,171,0.7000000000000001
2021,1,26,17,30,0,7,125,67.08,71.02,1.4000000000000001,161,0.8
2021,1,26,18,30,0.30000000000000004,7,183,68.7,64.1,1.8,161,0.9
2021,1,26,19,30,0.1,6,176,75.18,59.68,2,159,0.9
2021,1,26,20,30,-0.1,6,145,82.64,58.35,2.3000000000000003,156,1
2021,1,26,21,30,-0.30000000000000004,6,94,89.79,60.32,2.5,153,1
2021,1,26,22,30,-0.6000000000000001,7,116,97.25,65.29,2.7,151,1.1
2021,1,26,23,30,-0.7000000000000001,6,40,100,72.61,2.8000000000000003,150,1.1
2021,1,27,0,30,-1.2000000000000002,6,35,100,81.60000000000001,2.9000000000000004,151,1.1
2021,1,27,1,30,-1.4000000000000001,9,0,100,91.89,3,151,1.1
2021,1,27,2,30,-1.7000000000000002,9,0,100,102.82000000000001,3.2,151,1.1
2021,1,27,3,30,-2,9,0,100,114.17,3.1,152,1.1
2021,1,27,4,30,-2.3000000000000003,9,0,100,125.67,2.8000000000000003,153,1.1
2021,1,27,5,30,-2.6,9,0,100,136.94,2.5,152,1
2021,1,27,6,30,-2.8000000000000003,6,0,100,147.39000000000001,2.4000000000000004,150,0.9
2021,1,27,7,30,-2.6,7,0,100,155.56,2.2,150,0.9
2021,1,27,8,30,-2.3000000000000003,4,0,100,158.46,2,156,0.9
2021,1,27,9,30,-2.1,4,0,100,154.21,1.8,160,0.9
2021,1,27,10,30,-1.9000000000000001,0,0,100,145.38,1.6,159,0.8
2021,1,27,11,30,-1.7000000000000002,8,0,100,134.69,1.6,156,0.8
2021,1,27,12,30,-1.6,8,0,100,123.32000000000001,1.6,153,0.8
2021,1,27,13,30,-1.5,8,0,100,111.81,1.7000000000000002,155,0.8
2021,1,27,14,30,-1.4000000000000001,0,0,100,100.51,1.7000000000000002,161,0.8
2021,1,27,15,30,-1.2000000000000002,0,10,100,89.27,1.7000000000000002,164,0.8
2021,1,27,16,30,-0.9,0,59,100,79.57000000000001,1.6,164,0.8
2021,1,27,17,30,-0.5,0,95,100,70.83,1.6,161,0.8
2021,1,27,18,30,-0.1,4,147,100,63.88,1.7000000000000002,157,0.8
2021,1,27,19,30,0.30000000000000004,4,189,100,59.43,1.7000000000000002,153,0.9
2021,1,27,20,30,0.5,4,196,100,58.09,1.7000000000000002,148,0.9
2021,1,27,21,30,0.7000000000000001,4,156,100,60.06,1.8,144,0.9
2021,1,27,22,30,0.6000000000000001,4,79,100,65.03,1.8,143,0.9
2021,1,27,23,30,0.5,4,57,100,72.37,1.8,143,0.9
2021,1,28,0,30,-0.1,8,38,100,81.38,1.6,144,0.9
2021,1,28,1,30,-0.4,0,3,100,91.68,1.3,148,0.9
2021,1,28,2,30,-0.5,0,0,100,102.62,1,154,0.9
2021,1,28,3,30,-0.7000000000000001,0,0,100,113.98,0.9,156,0.8
2021,1,28,4,30,-1,4,0,100,125.47,0.7000000000000001,155,0.8
2021,1,28,5,30,-1.4000000000000001,7,0,100,136.74,0.5,156,0.8
2021,1,28,6,30,-1.7000000000000002,7,0,100,147.17000000000002,0.5,159,0.8
2021,1,28,7,30,-1.7000000000000002,7,0,100,155.3,0.5,161,0.9
2021,1,28,8,30,-1.6,7,0,100,158.21,0.4,163,1
2021,1,28,9,30,-1.2000000000000002,7,0,100,154,0.4,169,1
2021,1,28,10,30,-0.9,7,0,100,145.23,0.30000000000000004,169,1.1
2021,1,28,11,30,-0.9,7,0,100,134.56,0.30000000000000004,155,1.1
2021,1,28,12,30,-1.1,7,0,100,123.2,0.4,150,1.1
2021,1,28,13,30,-1.2000000000000002,7,0,100,111.69,0.4,166,1.1
2021,1,28,14,30,-1.1,0,0,100,100.37,0.4,185,1
2021,1,28,15,30,-0.6000000000000001,4,6,100,89.15,0.4,187,1
2021,1,28,16,30,0,7,39,100,79.4,0.6000000000000001,172,0.9
2021,1,28,17,30,0.5,8,75,100,70.63,0.8,160,0.9
2021,1,28,18,30,0.9,4,173,100,63.660000000000004,1,162,0.9
2021,1,28,19,30,1.4000000000000001,4,213,100,59.18,1.1,167,0.9
2021,1,28,20,30,1.6,4,180,100,57.82,1.1,166,0.9
2021,1,28,21,30,1.8,4,177,100,59.79,1,156,0.9
2021,1,28,22,30,1.7000000000000002,4,137,100,64.78,0.9,143,0.9
2021,1,28,23,30,1.6,0,68,100,72.13,0.9,137,0.9
2021,1,29,0,30,0.2,0,37,100,81.16,0.5,129,0.9
2021,1,29,1,30,-0.30000000000000004,0,4,100,91.47,0.5,129,0.9
2021,1,29,2,30,-0.30000000000000004,0,0,100,102.42,0.5,133,0.9
2021,1,29,3,30,-0.2,0,0,100,113.79,0.6000000000000001,142,0.9
2021,1,29,4,30,-0.30000000000000004,0,0,100,125.28,0.8,148,0.9
2021,1,29,5,30,-0.5,0,0,100,136.54,0.7000000000000001,150,0.9
2021,1,29,6,30,-0.6000000000000001,0,0,100,146.94,0.6000000000000001,152,0.9
2021,1,29,7,30,-0.6000000000000001,0,0,100,155.04,0.5,154,0.9
2021,1,29,8,30,-0.7000000000000001,0,0,100,157.94,0.5,158,0.8
2021,1,29,9,30,-0.7000000000000001,0,0,100,153.79,0.5,162,0.8
2021,1,29,10,30,-0.6000000000000001,0,0,100,145.06,0.5,166,0.8
2021,1,29,11,30,-0.6000000000000001,0,0,100,134.42000000000002,0.4,244,0.8
2021,1,29,12,30,-1,0,0,100,123.07000000000001,0.5,328,0.7000000000000001
2021,1,29,13,30,-1.5,0,0,100,111.57000000000001,0.6000000000000001,336,0.7000000000000001
2021,1,29,14,30,-1.7000000000000002,0,0,100,100.24000000000001,0.6000000000000001,337,0.7000000000000001
2021,1,29,15,30,-1.2000000000000002,0,11,100,89.01,0.5,337,0.6000000000000001
2021,1,29,16,30,0,0,47,100,79.23,0.5,335,0.6000000000000001
2021,1,29,17,30,1,0,70,100,70.43,0.4,315,0.6000000000000001
2021,1,29,18,30,1.7000000000000002,0,86,100,63.43,0.30000000000000004,272,0.7000000000000001
2021,1,29,19,30,2.5,0,88,96.76,58.93,0.4,227,0.7000000000000001
2021,1,29,20,30,3.1,0,91,92.84,57.550000000000004,0.5,198,0.7000000000000001
2021,1,29,21,30,3.3000000000000003,0,98,89.14,59.52,0.7000000000000001,185,0.7000000000000001
2021,1,29,22,30,3.1,0,112,88.13,64.52,0.8,176,0.8
2021,1,29,23,30,2.9000000000000004,0,65,91.2,71.89,0.8,171,0.8
2021,1,30,0,30,0.4,4,57,100,80.94,0.6000000000000001,149,1
2021,1,30,1,30,-1,4,1,100,91.26,0.7000000000000001,147,1
2021,1,30,2,30,-1.5,4,0,100,102.22,0.7000000000000001,149,1.1
2021,1,30,3,30,-1.4000000000000001,7,0,100,113.60000000000001,0.6000000000000001,149,1.1
2021,1,30,4,30,-1.2000000000000002,7,0,100,125.09,0.5,150,1.1
2021,1,30,5,30,-1.1,8,0,100,136.34,0.4,152,1.1
2021,1,30,6,30,-1.3,0,0,100,146.71,0.4,157,1.1
2021,1,30,7,30,-1.7000000000000002,0,0,100,154.78,0.5,162,1
2021,1,30,8,30,-2.2,0,0,100,157.67000000000002,0.6000000000000001,164,1
2021,1,30,9,30,-2.6,4,0,100,153.57,0.6000000000000001,161,1
2021,1,30,10,30,-2.8000000000000003,0,0,100,144.9,0.6000000000000001,160,1
2021,1,30,11,30,-2.8000000000000003,0,0,100,134.28,0.6000000000000001,160,1
2021,1,30,12,30,-2.8000000000000003,0,0,100,122.94,0.6000000000000001,162,1
2021,1,30,13,30,-2.7,0,0,100,111.43,0.6000000000000001,168,1
2021,1,30,14,30,-2.5,0,0,100,100.10000000000001,0.6000000000000001,182,1
2021,1,30,15,30,-1.7000000000000002,4,6,100,88.86,0.7000000000000001,194,1
2021,1,30,16,30,-0.30000000000000004,0,46,100,79.05,0.8,189,1
2021,1,30,17,30,1,4,96,100,70.23,1,173,1
2021,1,30,18,30,2,4,153,100,63.190000000000005,1.3,163,1
2021,1,30,19,30,2.9000000000000004,4,215,99.17,58.67,1.5,160,1
2021,1,30,20,30,3.6,4,205,95.07000000000001,57.27,1.5,159,1.1
2021,1,30,21,30,4,4,170,92.43,59.24,1.5,159,1.1
2021,1,30,22,30,4.1000000000000005,4,159,91.76,64.25,1.4000000000000001,159,1.1
2021,1,30,23,30,4,4,97,92.91,71.65,1.3,159,1.1
2021,1,31,0,30,2,0,42,100,80.71000000000001,0.6000000000000001,156,1.1
2021,1,31,1,30,0.8,0,6,100,91.05,0.6000000000000001,155,1.1
2021,1,31,2,30,0.30000000000000004,0,0,100,102.02,0.6000000000000001,157,1.1
2021,1,31,3,30,-0.1,0,0,100,113.4,0.6000000000000001,161,1.1
2021,1,31,4,30,-0.5,8,0,100,124.89,0.5,159,1
2021,1,31,5,30,-0.9,0,0,100,136.13,0.5,155,1
2021,1,31,6,30,-1.1,0,0,100,146.48,0.5,155,1
2021,1,31,7,30,-1.3,8,0,100,154.51,0.5,160,1.1
2021,1,31,8,30,-1.4000000000000001,4,0,100,157.39000000000001,0.5,159,1.1
2021,1,31,9,30,-1.5,4,0,100,153.34,0.5,151,1.1
2021,1,31,10,30,-1.7000000000000002,8,0,100,144.72,0.6000000000000001,147,1.2000000000000002
2021,1,31,11,30,-1.7000000000000002,0,0,100,134.13,0.6000000000000001,150,1.3
2021,1,31,12,30,-1.4000000000000001,0,0,100,122.8,0.5,157,1.4000000000000001
2021,1,31,13,30,-1.1,0,0,100,111.29,0.5,162,1.4000000000000001
2021,1,31,14,30,-0.7000000000000001,8,0,100,99.95,0.5,161,1.4000000000000001
2021,1,31,15,30,0.30000000000000004,8,6,100,88.71000000000001,0.6000000000000001,158,1.4000000000000001
2021,1,31,16,30,1.5,4,50,100,78.87,1,159,1.4000000000000001
2021,1,31,17,30,2.5,4,126,99.45,70.02,1.3,161,1.3
2021,1,31,18,30,3.4000000000000004,4,180,97.93,62.95,1.4000000000000001,162,1.2000000000000002
2021,1,31,19,30,4.2,4,173,96.42,58.4,1.4000000000000001,163,1.2000000000000002
2021,1,31,20,30,4.9,4,231,95.93,56.99,1.4000000000000001,164,1.2000000000000002
2021,1,31,21,30,5.6000000000000005,4,222,95.33,58.96,1.3,164,1.1
2021,1,31,22,30,5.800000000000001,4,108,96.63,63.99,1.1,159,1.1
2021,1,31,23,30,5.7,4,83,98.99000000000001,71.4,1,155,1.1
2021,2,1,0,30,3.7,0,46,100,80.48,0.5,138,1.1
2021,2,1,1,30,2.7,0,7,100,90.84,0.5,131,1.1
2021,2,1,2,30,2.3000000000000003,4,0,100,101.82000000000001,0.5,129,1.2000000000000002
2021,2,1,3,30,1.9000000000000001,4,0,100,113.21000000000001,0.5,128,1.2000000000000002
2021,2,1,4,30,1.6,4,0,100,124.69,0.5,127,1.2000000000000002
2021,2,1,5,30,1.3,7,0,100,135.92000000000002,0.5,129,1.2000000000000002
2021,2,1,6,30,1,4,0,100,146.25,0.5,132,1.2000000000000002
2021,2,1,7,30,0.8,4,0,100,154.24,0.6000000000000001,142,1.2000000000000002
2021,2,1,8,30,0.6000000000000001,4,0,100,157.11,0.7000000000000001,152,1.2000000000000002
2021,2,1,9,30,0.4,4,0,100,153.11,0.7000000000000001,157,1.2000000000000002
2021,2,1,10,30,-0.1,4,0,100,144.53,0.8,157,1.1
2021,2,1,11,30,-0.7000000000000001,4,0,100,133.97,0.7000000000000001,160,1
2021,2,1,12,30,-1.2000000000000002,4,0,100,122.65,0.7000000000000001,167,0.9
2021,2,1,13,30,-1.6,4,0,98.91,111.15,0.8,172,0.8
2021,2,1,14,30,-1.7000000000000002,4,0,95.17,99.79,0.8,171,0.8
2021,2,1,15,30,-0.1,4,9,88.21000000000001,88.56,0.6000000000000001,175,0.8
2021,2,1,16,30,2.4000000000000004,0,41,92.16,78.68,0.8,177,0.8
2021,2,1,17,30,4.1000000000000005,0,78,87.3,69.8,1.4000000000000001,174,1
2021,2,1,18,30,5.300000000000001,0,95,85.46000000000001,62.71,1.8,173,1.1
2021,2,1,19,30,6.1000000000000005,0,106,83.99,58.13,2,170,1.3
2021,2,1,20,30,6.800000000000001,4,123,84.3,56.7,2.2,167,1.4000000000000001
2021,2,1,21,30,7.1000000000000005,4,128,88.13,58.68,2.3000000000000003,165,1.5
2021,2,1,22,30,6.800000000000001,4,172,96.10000000000001,63.72,2.3000000000000003,165,1.6
2021,2,1,23,30,6.6000000000000005,4,104,100,71.15,2.2,165,1.6
2021,2,2,0,30,5.6000000000000005,4,36,100,80.26,1.8,168,1.6
2021,2,2,1,30,5,8,4,100,90.10000000000001,1.5,169,1.5
2021,2,2,2,30,4.7,4,0,100,101.62,1.4000000000000001,170,1.5
2021,2,2,3,30,4.6000000000000005,0,0,100,113.01,1.2000000000000002,172,1.4000000000000001
2021,2,2,4,30,4.4,0,0,100,124.5,1,177,1.4000000000000001
2021,2,2,5,30,4,0,0,100,135.71,0.9,186,1.3
2021,2,2,6,30,3.6,0,0,100,146.01,0.7000000000000001,195,1.2000000000000002
2021,2,2,7,30,3.2,0,0,100,153.97,0.7000000000000001,202,1.2000000000000002
2021,2,2,8,30,2.7,0,0,100,156.82,0.6000000000000001,203,1.1
2021,2,2,9,30,2.3000000000000003,0,0,100,152.87,0.6000000000000001,201,1.1
2021,2,2,10,30,2,4,0,100,144.34,0.5,197,1
2021,2,2,11,30,1.8,0,0,100,133.81,0.5,186,1
2021,2,2,12,30,1.6,4,0,100,122.5,0.5,171,0.9
2021,2,2,13,30,1.3,4,0,100,111,0.5,159,0.9
2021,2,2,14,30,1.2000000000000002,0,0,100,99.63,0.5,154,0.9
2021,2,2,15,30,1.9000000000000001,4,7,100,88.4,0.5,160,0.8
2021,2,2,16,30,3.2,0,42,100,78.48,0.8,177,0.8
2021,2,2,17,30,4.1000000000000005,4,114,100,69.57000000000001,1,198,0.9
2021,2,2,18,30,4.9,4,156,97.35000000000001,62.45,1.2000000000000002,209,0.9
2021,2,2,19,30,5.7,4,145,89.04,57.85,1.2000000000000002,210,0.9
2021,2,2,20,30,6.300000000000001,4,230,82.10000000000001,56.410000000000004,1.2000000000000002,207,0.9
2021,2,2,21,30,6.5,4,163,78.92,58.39,1.1,201,0.9
2021,2,2,22,30,6.2,4,127,79.9,63.440000000000005,0.9,195,0.9
2021,2,2,23,30,5.9,4,99,83.17,70.9,0.8,193,0.9
2021,2,3,0,30,3.1,0,50,100,80.03,0.5,195,0.8
2021,2,3,1,30,1.4000000000000001,0,6,100,89.91,0.6000000000000001,218,0.7000000000000001
2021,2,3,2,30,0.5,0,0,100,101.42,0.7000000000000001,246,0.6000000000000001
2021,2,3,3,30,-0.2,0,0,100,112.81,0.7000000000000001,264,0.5
2021,2,3,4,30,-0.7000000000000001,0,0,100,124.3,0.7000000000000001,270,0.4
2021,2,3,5,30,-1.2000000000000002,0,0,100,135.5,0.7000000000000001,269,0.4
2021,2,3,6,30,-1.6,0,0,100,145.77,0.7000000000000001,262,0.4
2021,2,3,7,30,-1.8,0,0,100,153.69,0.6000000000000001,251,0.5
2021,2,3,8,30,-1.7000000000000002,0,0,100,156.53,0.5,235,0.6000000000000001
2021,2,3,9,30,-1.4000000000000001,0,0,100,152.62,0.4,214,0.7000000000000001
2021,2,3,10,30,-1.1,0,0,100,144.15,0.4,193,0.7000000000000001
2021,2,3,11,30,-1.1,0,0,100,133.64000000000001,0.5,175,0.8
2021,2,3,12,30,-1.2000000000000002,0,0,100,122.35000000000001,0.5,165,0.8
2021,2,3,13,30,-1.3,0,0,100,110.84,0.5,166,0.9
2021,2,3,14,30,-1.1,4,0,100,99.47,0.5,171,0.9
2021,2,3,15,30,0,4,5,100,88.23,0.7000000000000001,174,0.9
2021,2,3,16,30,1.5,4,54,100,78.28,1,181,0.9
2021,2,3,17,30,2.8000000000000003,4,103,100,69.35000000000001,1.2000000000000002,215,0.9
2021,2,3,18,30,3.9000000000000004,4,194,97.73,62.190000000000005,1.2000000000000002,265,0.9
2021,2,3,19,30,4.6000000000000005,4,182,91.85000000000001,57.57,1.2000000000000002,307,0.8
2021,2,3,20,30,5.1000000000000005,4,249,84.97,56.120000000000005,1.3,334,0.7000000000000001
2021,2,3,21,30,5.300000000000001,4,173,80.5,58.09,1.4000000000000001,345,0.7000000000000001
2021,2,3,22,30,5,4,161,78.61,63.17,1.3,352,0.7000000000000001
2021,2,3,23,30,4.800000000000001,4,102,77.03,70.64,1.3,354,0.7000000000000001
2021,2,4,0,30,1.4000000000000001,0,38,100,79.79,0.8,346,0.7000000000000001
2021,2,4,1,30,-0.7000000000000001,0,10,100,89.72,1,337,0.7000000000000001
2021,2,4,2,30,-1.3,0,0,100,101.21000000000001,1.1,331,0.7000000000000001
2021,2,4,3,30,-1.8,0,0,100,112.62,1.1,329,0.7000000000000001
2021,2,4,4,30,-2.2,0,0,100,124.10000000000001,1.2000000000000002,329,0.7000000000000001
2021,2,4,5,30,-2.6,0,0,100,135.29,1.4000000000000001,328,0.7000000000000001
2021,2,4,6,30,-2.8000000000000003,0,0,100,145.53,1.5,326,0.7000000000000001
2021,2,4,7,30,-3,0,0,100,153.41,1.5,325,0.7000000000000001
2021,2,4,8,30,-3.1,0,0,100,156.23,1.5,322,0.7000000000000001
2021,2,4,9,30,-3.2,0,0,100,152.37,1.6,317,0.7000000000000001
2021,2,4,10,30,-3.1,0,0,98.01,143.94,1.8,311,0.7000000000000001
2021,2,4,11,30,-3,0,0,96.52,133.47,2,306,0.7000000000000001
2021,2,4,12,30,-3,0,0,95.29,122.18,2.1,305,0.7000000000000001
2021,2,4,13,30,-2.9000000000000004,0,0,92.91,110.68,2.2,305,0.7000000000000001
2021,2,4,14,30,-2.5,0,0,88.23,99.3,2.2,306,0.6000000000000001
2021,2,4,15,30,-0.9,0,16,78.24,88.06,2.3000000000000003,305,0.6000000000000001
2021,2,4,16,30,1.7000000000000002,0,35,69.28,78.07000000000001,2.3000000000000003,307,0.7000000000000001
2021,2,4,17,30,4,0,49,62.04,69.11,2.2,314,0.7000000000000001
2021,2,4,18,30,6,0,62,57.38,61.93,2.1,323,0.8
2021,2,4,19,30,7.4,0,66,54.65,57.28,2.1,331,0.9
2021,2,4,20,30,8.3,0,74,54.25,55.82,2.1,333,0.9
2021,2,4,21,30,8.8,0,68,55.89,57.800000000000004,2,331,1
2021,2,4,22,30,8.6,0,62,60.65,62.89,1.9000000000000001,327,1
2021,2,4,23,30,8.4,0,52,67.47,70.39,1.8,324,1
2021,2,5,0,30,4.4,0,35,94.91,79.56,1.9000000000000001,318,1
2021,2,5,1,30,2.3000000000000003,0,10,96.58,89.53,2.2,312,1
2021,2,5,2,30,1.8,7,0,95.64,101.01,2.3000000000000003,307,0.9
2021,2,5,3,30,1.8,0,0,92.43,112.42,2.3000000000000003,306,0.8
2021,2,5,4,30,1.7000000000000002,0,0,90.03,123.9,2.3000000000000003,305,0.7000000000000001
2021,2,5,5,30,1.7000000000000002,0,0,87.58,135.07,2.3000000000000003,304,0.6000000000000001
2021,2,5,6,30,1.7000000000000002,0,0,84.92,145.29,2.3000000000000003,305,0.5
2021,2,5,7,30,2.1,0,0,80.37,153.12,2.2,307,0.5
2021,2,5,8,30,2.7,0,0,74.38,155.93,2,310,0.5
2021,2,5,9,30,3.2,0,0,68.86,152.11,1.7000000000000002,313,0.4
2021,2,5,10,30,3.4000000000000004,0,0,65.56,143.73,1.5,314,0.4
2021,2,5,11,30,3.5,0,0,63.28,133.28,1.4000000000000001,314,0.4
2021,2,5,12,30,3.7,0,0,60.64,122.01,1.3,313,0.30000000000000004
2021,2,5,13,30,3.9000000000000004,0,0,57.95,110.51,1.2000000000000002,314,0.30000000000000004
2021,2,5,14,30,4.5,0,0,53.26,99.12,1.1,318,0.30000000000000004
2021,2,5,15,30,6.2,0,17,48.69,87.89,1,324,0.30000000000000004
2021,2,5,16,30,8.9,0,34,56.120000000000005,77.86,1,326,0.30000000000000004
2021,2,5,17,30,11,0,45,62.43,68.87,1.2000000000000002,330,0.30000000000000004
2021,2,5,18,30,12.3,0,53,51.71,61.660000000000004,1.3,339,0.4
2021,2,5,19,30,13.100000000000001,0,57,52.13,56.980000000000004,1.6,346,0.4
2021,2,5,20,30,13.4,0,61,51.730000000000004,55.51,1.7000000000000002,347,0.5
2021,2,5,21,30,13.100000000000001,0,61,55.95,57.5,1.9000000000000001,343,0.6000000000000001
2021,2,5,22,30,12.3,0,57,63.21,62.61,1.9000000000000001,339,0.7000000000000001
2021,2,5,23,30,11.8,0,49,71.03,70.13,1.9000000000000001,338,0.7000000000000001
2021,2,6,0,30,7.1000000000000005,0,35,100,79.33,1.9000000000000001,329,0.7000000000000001
2021,2,6,1,30,4.3,0,11,100,89.35000000000001,2.3000000000000003,322,0.6000000000000001
2021,2,6,2,30,3.3000000000000003,0,0,100,100.8,2.6,316,0.5
2021,2,6,3,30,2.5,0,0,100,112.22,2.6,313,0.5
2021,2,6,4,30,1.7000000000000002,0,0,100,123.7,2.6,310,0.5
2021,2,6,5,30,1.2000000000000002,0,0,96.91,134.86,2.4000000000000004,309,0.5
2021,2,6,6,30,0.9,0,0,91.55,145.04,2.3000000000000003,308,0.5
2021,2,6,7,30,0.6000000000000001,0,0,86.43,152.84,2.1,308,0.5
2021,2,6,8,30,0.7000000000000001,0,0,80.21000000000001,155.63,1.9000000000000001,310,0.5
2021,2,6,9,30,0.9,0,0,73.64,151.84,1.7000000000000002,313,0.5
2021,2,6,10,30,1.3,0,0,66.71000000000001,143.51,1.7000000000000002,315,0.5
2021,2,6,11,30,1.6,0,0,61.39,133.1,1.6,318,0.5
2021,2,6,12,30,1.7000000000000002,0,0,58.2,121.84,1.6,319,0.5
2021,2,6,13,30,1.8,0,0,55.81,110.33,1.5,320,0.5
2021,2,6,14,30,2.4000000000000004,0,0,51.39,98.94,1.6,317,0.5
2021,2,6,15,30,4.800000000000001,0,17,46.53,87.7,1.6,313,0.5
2021,2,6,16,30,8.3,0,33,57.480000000000004,77.65,1.7000000000000002,314,0.5
2021,2,6,17,30,11.100000000000001,0,43,56.660000000000004,68.63,1.7000000000000002,322,0.5
2021,2,6,18,30,13.100000000000001,0,50,44.58,61.39,1.6,333,0.5
2021,2,6,19,30,15.3,0,53,44.38,56.69,1.4000000000000001,346,0.5
2021,2,6,20,30,16.5,0,56,40.6,55.2,1.3,179,0.5
2021,2,6,21,30,16.3,0,58,43,57.2,1.1,5,0.6000000000000001
2021,2,6,22,30,15.5,0,54,49.89,62.32,0.8,5,0.5
2021,2,6,23,30,15,0,46,56.52,69.87,0.7000000000000001,4,0.5
2021,2,7,0,30,10.200000000000001,0,36,87.69,79.09,0.8,338,0.5
2021,2,7,1,30,7.6000000000000005,0,12,79.31,89.16,1,319,0.5
2021,2,7,2,30,5.9,0,0,85.76,100.60000000000001,1,316,0.5
2021,2,7,3,30,4.800000000000001,0,0,89.38,112.02,1.1,320,0.5
2021,2,7,4,30,4.2,0,0,87.88,123.49000000000001,1.2000000000000002,320,0.6000000000000001
2021,2,7,5,30,4,0,0,82.12,134.64000000000001,1.3,320,0.6000000000000001
2021,2,7,6,30,3.8000000000000003,0,0,76.87,144.8,1.4000000000000001,321,0.5
2021,2,7,7,30,4,0,0,71.28,152.54,1.6,321,0.5
2021,2,7,8,30,4.4,0,0,65.85,155.31,1.8,321,0.5
2021,2,7,9,30,4.6000000000000005,0,0,62.24,151.57,1.8,321,0.5
2021,2,7,10,30,4.5,0,0,60.7,143.29,1.6,322,0.5
2021,2,7,11,30,4.2,0,0,60.370000000000005,132.9,1.5,323,0.5
2021,2,7,12,30,3.9000000000000004,0,0,59.9,121.66,1.5,325,0.4
2021,2,7,13,30,3.6,0,0,59.11,110.15,1.5,327,0.4
2021,2,7,14,30,3.7,0,0,57,98.75,1.6,325,0.4
2021,2,7,15,30,5.2,0,18,53.38,87.51,1.8,321,0.4
2021,2,7,16,30,8.1,0,34,58.870000000000005,77.43,1.8,317,0.4
2021,2,7,17,30,11.3,0,44,57.730000000000004,68.38,1.6,317,0.4
2021,2,7,18,30,14,0,52,39.6,61.11,1.5,321,0.4
2021,2,7,19,30,15.9,0,56,34.49,56.38,1.3,329,0.4
2021,2,7,20,30,17,0,59,31.02,54.89,1.1,340,0.5
2021,2,7,21,30,17.400000000000002,0,62,31.23,56.89,0.9,351,0.5
2021,2,7,22,30,16.400000000000002,0,60,33.57,62.04,0.8,182,0.5
2021,2,7,23,30,15.5,0,53,37.46,69.61,0.7000000000000001,7,0.5
2021,2,8,0,30,10.3,0,44,70.18,78.86,0.6000000000000001,28,0.5
2021,2,8,1,30,8.6,0,14,62.36,88.97,0.6000000000000001,155,0.5
2021,2,8,2,30,7.7,7,0,63.77,100.39,0.6000000000000001,265,0.5
2021,2,8,3,30,6.7,7,0,67.78,111.82000000000001,0.7000000000000001,255,0.5
2021,2,8,4,30,6.1000000000000005,0,0,68.66,123.29,0.6000000000000001,262,0.5
2021,2,8,5,30,5.9,7,0,63.17,134.42000000000002,0.5,169,0.5
2021,2,8,6,30,5.7,7,0,61.120000000000005,144.55,0.5,70,0.5
2021,2,8,7,30,5.5,7,0,56.84,152.25,0.5,76,0.5
2021,2,8,8,30,5.2,7,0,55.49,155,0.4,75,0.5
2021,2,8,9,30,4.4,8,0,56.39,151.29,0.5,63,0.5
2021,2,8,10,30,3.5,8,0,59.370000000000005,143.06,0.6000000000000001,57,0.6000000000000001
2021,2,8,11,30,3.2,8,0,60.46,132.7,0.6000000000000001,61,0.6000000000000001
2021,2,8,12,30,3.5,4,0,57.910000000000004,121.47,0.4,51,0.6000000000000001
2021,2,8,13,30,3.6,7,0,56.21,109.97,0.2,177,0.7000000000000001
2021,2,8,14,30,3.6,8,0,54.77,98.56,0.30000000000000004,332,0.7000000000000001
2021,2,8,15,30,4.1000000000000005,4,16,53.26,87.31,0.30000000000000004,178,0.8
2021,2,8,16,30,5.5,7,77,61.300000000000004,77.2,0.30000000000000004,77,0.8
2021,2,8,17,30,7,7,109,65.98,68.12,0.30000000000000004,150,0.9
2021,2,8,18,30,8.5,8,181,57.42,60.83,0.30000000000000004,152,1
2021,2,8,19,30,9.700000000000001,7,230,57.120000000000005,56.08,0.4,147,1
2021,2,8,20,30,10.200000000000001,7,263,56.07,54.57,0.4,140,1.1
2021,2,8,21,30,10.100000000000001,7,248,52.63,56.58,0.30000000000000004,119,1.2000000000000002
2021,2,8,22,30,9,7,185,62.93,61.75,0.30000000000000004,100,1.3
2021,2,8,23,30,8.200000000000001,8,134,80.63,69.35000000000001,0.4,97,1.3
2021,2,9,0,30,6.2,7,60,90.37,78.62,0.30000000000000004,205,1.4000000000000001
2021,2,9,1,30,5,7,7,87.43,88.77,0.30000000000000004,308,1.5
2021,2,9,2,30,4.1000000000000005,7,0,92.77,100.19,0.4,301,1.5
2021,2,9,3,30,3.5,7,0,95.42,111.62,0.4,302,1.6
2021,2,9,4,30,3.2,7,0,96.04,123.08,0.4,301,1.5
2021,2,9,5,30,2.9000000000000004,7,0,97.13,134.2,0.5,297,1.5
2021,2,9,6,30,2.7,7,0,97.92,144.3,0.5,297,1.4000000000000001
2021,2,9,7,30,2.1,7,0,100,151.95000000000002,0.5,298,1.4000000000000001
2021,2,9,8,30,1.6,7,0,100,154.68,0.5,297,1.3
2021,2,9,9,30,1.3,0,0,100,151.01,0.5,303,1.3
2021,2,9,10,30,0.8,0,0,100,142.82,0.5,317,1.2000000000000002
2021,2,9,11,30,0.30000000000000004,0,0,100,132.5,0.5,324,1.2000000000000002
2021,2,9,12,30,0,0,0,100,121.28,0.6000000000000001,321,1.1
2021,2,9,13,30,-0.2,0,0,100,109.78,0.6000000000000001,315,1.1
2021,2,9,14,30,0.1,0,0,100,98.36,0.6000000000000001,313,1.2000000000000002
2021,2,9,15,30,2.3000000000000003,0,20,91.06,87.11,0.7000000000000001,314,1.2000000000000002
2021,2,9,16,30,5.4,0,50,82.13,76.97,0.6000000000000001,324,1.3
2021,2,9,17,30,7.9,0,54,67.63,67.86,0.5,173,1.3
2021,2,9,18,30,9.9,7,156,56.19,60.54,0.30000000000000004,21,1.4000000000000001
2021,2,9,19,30,11,7,207,54.32,55.76,0.4,28,1.4000000000000001
2021,2,9,20,30,11.600000000000001,7,142,55.27,54.25,0.4,30,1.4000000000000001
2021,2,9,21,30,11.700000000000001,4,209,57.550000000000004,56.27,0.5,31,1.5
2021,2,9,22,30,11.4,4,149,60.980000000000004,61.46,0.5,31,1.5
2021,2,9,23,30,11,4,107,65.64,69.09,0.6000000000000001,31,1.5
2021,2,10,0,30,7.6000000000000005,4,61,97.32000000000001,78.38,0.5,36,1.5
2021,2,10,1,30,5.800000000000001,4,8,96.75,88.57000000000001,0.7000000000000001,36,1.5
2021,2,10,2,30,5.2,4,0,96.23,99.98,0.6000000000000001,28,1.5
2021,2,10,3,30,4.800000000000001,4,0,96.59,111.42,0.6000000000000001,188,1.5
2021,2,10,4,30,4.4,4,0,96.65,122.88,0.6000000000000001,347,1.5
2021,2,10,5,30,3.9000000000000004,4,0,98.09,133.98,0.6000000000000001,333,1.5
2021,2,10,6,30,3.6,4,0,98.76,144.04,0.7000000000000001,327,1.4000000000000001
2021,2,10,7,30,3.2,4,0,100,151.65,0.7000000000000001,328,1.4000000000000001
2021,2,10,8,30,2.8000000000000003,4,0,100,154.35,0.8,336,1.3
2021,2,10,9,30,2.5,0,0,100,150.72,0.8,343,1.3
2021,2,10,10,30,2.1,0,0,100,142.58,0.7000000000000001,338,1.3
2021,2,10,11,30,1.8,0,0,100,132.28,0.7000000000000001,324,1.3
2021,2,10,12,30,1.3,0,0,100,121.08,0.7000000000000001,313,1.3
2021,2,10,13,30,0.9,0,0,100,109.58,0.7000000000000001,310,1.3
2021,2,10,14,30,1,0,0,100,98.16,0.6000000000000001,314,1.3
2021,2,10,15,30,3,0,20,94.44,86.9,0.7000000000000001,320,1.2000000000000002
2021,2,10,16,30,6.2,0,41,82.36,76.73,0.7000000000000001,333,1.2000000000000002
2021,2,10,17,30,8.8,0,51,72.35000000000001,67.6,0.6000000000000001,351,1.1
2021,2,10,18,30,10.700000000000001,0,60,66.84,60.25,0.4,346,1.1
2021,2,10,19,30,11.8,0,63,64.12,55.45,0.4,314,1.1
2021,2,10,20,30,12.5,0,65,62.230000000000004,53.92,0.5,294,1.2000000000000002
2021,2,10,21,30,12.600000000000001,0,65,62.57,55.95,0.5,294,1.2000000000000002
2021,2,10,22,30,12.4,0,61,64.18,61.17,0.4,305,1.2000000000000002
2021,2,10,23,30,12.100000000000001,0,52,67.91,68.82000000000001,0.4,313,1.2000000000000002
2021,2,11,0,30,8.8,0,43,90.5,78.15,0.30000000000000004,64,1.2000000000000002
2021,2,11,1,30,6.6000000000000005,0,15,92.52,88.36,0.5,147,1.2000000000000002
2021,2,11,2,30,5.4,0,0,97.75,99.77,0.5,200,1.1
2021,2,11,3,30,4.5,7,0,100,111.21000000000001,0.5,225,1.1
2021,2,11,4,30,4.3,0,0,100,122.67,0.5,238,1.1
2021,2,11,5,30,4.4,7,0,99.98,133.76,0.4,261,1.1
2021,2,11,6,30,4.5,7,0,98.59,143.79,0.30000000000000004,159,1
2021,2,11,7,30,4.4,7,0,98.12,151.35,0.30000000000000004,58,1
2021,2,11,8,30,4.2,7,0,98.79,154.03,0.4,93,1
2021,2,11,9,30,4,9,0,99.36,150.42000000000002,0.30000000000000004,104,1
2021,2,11,10,30,3.8000000000000003,9,0,99.57000000000001,142.33,0.30000000000000004,88,1.1
2021,2,11,11,30,3.6,9,0,98.76,132.07,0.30000000000000004,76,1.2000000000000002
2021,2,11,12,30,3.3000000000000003,6,0,99.27,120.88,0.30000000000000004,81,1.3
2021,2,11,13,30,3.1,7,0,98.63,109.38,0.30000000000000004,87,1.3
2021,2,11,14,30,3.2,7,0,96.78,97.95,0.30000000000000004,102,1.4000000000000001
2021,2,11,15,30,4,4,11,93.12,86.69,0.30000000000000004,119,1.4000000000000001
2021,2,11,16,30,5.7,7,65,92.19,76.49,0.6000000000000001,124,1.4000000000000001
2021,2,11,17,30,7,4,127,88.66,67.33,1,137,1.5
2021,2,11,18,30,7.4,6,122,88.56,59.95,1.1,149,1.6
2021,2,11,19,30,7.1000000000000005,7,156,92.21000000000001,55.120000000000005,1.1,149,1.7000000000000002
2021,2,11,20,30,6.5,6,101,98.4,53.59,1.2000000000000002,143,1.7000000000000002
2021,2,11,21,30,5.9,6,78,100,55.63,1.3,141,1.7000000000000002
2021,2,11,22,30,5.2,6,77,100,60.870000000000005,1.4000000000000001,145,1.7000000000000002
2021,2,11,23,30,4.800000000000001,6,47,100,68.56,1.4000000000000001,147,1.7000000000000002
2021,2,12,0,30,4.3,6,26,100,77.91,1,156,1.5
2021,2,12,1,30,3.9000000000000004,8,9,100,88.16,0.7000000000000001,158,1.3
2021,2,12,2,30,3.6,8,0,100,99.57000000000001,0.5,164,1.2000000000000002
2021,2,12,3,30,3.3000000000000003,4,0,100,111.01,0.4,180,1.1
2021,2,12,4,30,2.8000000000000003,4,0,100,122.47,0.4,208,1
2021,2,12,5,30,2.1,0,0,100,133.53,0.5,246,0.8
2021,2,12,6,30,1.2000000000000002,0,0,100,143.53,0.5,273,0.8
2021,2,12,7,30,0.8,0,0,100,151.04,0.6000000000000001,288,0.7000000000000001
2021,2,12,8,30,0.5,0,0,100,153.69,0.7000000000000001,296,0.7000000000000001
2021,2,12,9,30,0.4,0,0,100,150.12,0.8,301,0.7000000000000001
2021,2,12,10,30,0.2,0,0,100,142.08,0.8,302,0.7000000000000001
2021,2,12,11,30,0.1,0,0,100,131.84,0.8,303,0.7000000000000001
2021,2,12,12,30,-0.1,0,0,100,120.67,0.6000000000000001,303,0.7000000000000001
2021,2,12,13,30,-0.4,0,0,100,109.18,0.6000000000000001,300,0.7000000000000001
2021,2,12,14,30,-0.1,0,0,100,97.74000000000001,0.6000000000000001,293,0.8
2021,2,12,15,30,1.4000000000000001,0,21,100,86.47,0.8,295,0.8
2021,2,12,16,30,3.4000000000000004,0,64,98.83,76.24,1,306,0.9
2021,2,12,17,30,5.4,0,47,91.98,67.06,1,309,1
2021,2,12,18,30,7.1000000000000005,0,50,84.17,59.64,0.8,313,1.1
2021,2,12,19,30,8.3,0,53,77.19,54.800000000000004,0.6000000000000001,315,1.2000000000000002
2021,2,12,20,30,8.9,3,192,75.09,53.26,0.6000000000000001,313,1.4000000000000001
2021,2,12,21,30,9.1,7,193,76.76,55.31,0.6000000000000001,314,1.6
2021,2,12,22,30,8.5,4,129,81.13,60.58,0.4,307,1.7000000000000002
2021,2,12,23,30,8.1,7,116,86.19,68.29,0.4,298,1.7000000000000002
2021,2,13,0,30,6.6000000000000005,8,35,96.92,77.67,0.2,205,1.7000000000000002
2021,2,13,1,30,5.800000000000001,7,8,98.74000000000001,87.95,0.30000000000000004,125,1.8
2021,2,13,2,30,5.2,7,0,100,99.36,0.4,131,1.8
2021,2,13,3,30,4.9,7,0,100,110.81,0.4,137,1.8
2021,2,13,4,30,4.6000000000000005,6,0,100,122.26,0.4,143,1.8
2021,2,13,5,30,4.2,6,0,100,133.31,0.4,154,1.7000000000000002
2021,2,13,6,30,4,6,0,100,143.27,0.4,162,1.5
2021,2,13,7,30,3.7,6,0,100,150.73,0.4,158,1.3
2021,2,13,8,30,3.2,6,0,100,153.36,0.5,153,1.1
2021,2,13,9,30,2.8000000000000003,4,0,100,149.81,0.6000000000000001,156,1.1
2021,2,13,10,30,3,4,0,100,141.82,0.8,165,1.2000000000000002
2021,2,13,11,30,3.2,4,0,100,131.61,0.7000000000000001,183,1
2021,2,13,12,30,2.8000000000000003,4,0,100,120.45,0.7000000000000001,212,0.8
2021,2,13,13,30,2,0,0,100,108.96000000000001,0.7000000000000001,243,0.7000000000000001
2021,2,13,14,30,1.7000000000000002,0,0,100,97.52,0.7000000000000001,271,0.6000000000000001
2021,2,13,15,30,2.4000000000000004,0,23,100,86.25,1,290,0.5
2021,2,13,16,30,3.6,0,44,100,75.99,1.5,300,0.5
2021,2,13,17,30,4.9,0,54,93.52,66.78,2,304,0.6000000000000001
2021,2,13,18,30,6.300000000000001,0,85,80.75,59.34,2.3000000000000003,308,0.6000000000000001
2021,2,13,19,30,7.300000000000001,4,208,67.76,54.47,2.4000000000000004,312,0.6000000000000001
2021,2,13,20,30,7.7,4,264,61.230000000000004,52.92,2.3000000000000003,316,0.6000000000000001
2021,2,13,21,30,7.6000000000000005,0,107,59.61,54.980000000000004,2.1,319,0.6000000000000001
2021,2,13,22,30,7,0,66,61.68,60.28,1.9000000000000001,319,0.7000000000000001
2021,2,13,23,30,6.7,0,85,63.77,68.02,1.7000000000000002,319,0.7000000000000001
2021,2,14,0,30,4.2,0,59,81.12,77.43,0.9,313,0.7000000000000001
2021,2,14,1,30,2.5,8,15,95.4,87.75,0.7000000000000001,307,0.7000000000000001
2021,2,14,2,30,1.7000000000000002,0,0,100,99.15,0.9,305,0.7000000000000001
2021,2,14,3,30,1.4000000000000001,0,0,100,110.61,1,306,0.7000000000000001
2021,2,14,4,30,0.9,4,0,100,122.05,1,307,0.7000000000000001
2021,2,14,5,30,0.30000000000000004,4,0,100,133.08,1,308,0.7000000000000001
2021,2,14,6,30,-0.1,0,0,100,143,1.1,306,0.8
2021,2,14,7,30,-0.4,0,0,100,150.42000000000002,1,304,0.9
2021,2,14,8,30,-0.5,0,0,100,153.02,1.1,304,0.9
2021,2,14,9,30,-0.4,8,0,100,149.5,1.3,305,1
2021,2,14,10,30,-0.5,8,0,100,141.55,1.3,303,1.1
2021,2,14,11,30,-0.8,8,0,100,131.38,1.3,302,1.2000000000000002
2021,2,14,12,30,-1,6,0,100,120.23,1.3,300,1.3
2021,2,14,13,30,-0.9,7,0,100,108.75,1.2000000000000002,299,1.4000000000000001
2021,2,14,14,30,-0.5,7,0,100,97.3,1.2000000000000002,300,1.4000000000000001
2021,2,14,15,30,0.7000000000000001,4,14,97.68,86.02,1.3,302,1.5
2021,2,14,16,30,2.3000000000000003,4,68,93.06,75.73,1.2000000000000002,307,1.5
2021,2,14,17,30,3.7,7,112,89.03,66.5,1,313,1.6
2021,2,14,18,30,4.800000000000001,8,181,86.60000000000001,59.03,0.7000000000000001,321,1.7000000000000002
2021,2,14,19,30,5.7,4,180,85.52,54.13,0.30000000000000004,211,1.7000000000000002
2021,2,14,20,30,5.9,4,176,87.64,52.58,0.4,116,1.8
2021,2,14,21,30,5.800000000000001,4,141,90.17,54.660000000000004,0.6000000000000001,139,1.8
2021,2,14,22,30,5.6000000000000005,4,85,93.36,59.980000000000004,0.7000000000000001,150,1.8
2021,2,14,23,30,5.4,4,106,95.4,67.75,0.8,158,1.8
2021,2,15,0,30,4.1000000000000005,0,46,100,77.19,0.5,149,1.9000000000000001
2021,2,15,1,30,3.2,4,8,100,87.54,0.4,146,1.9000000000000001
2021,2,15,2,30,2.6,0,0,100,98.94,0.4,151,1.9000000000000001
2021,2,15,3,30,2.3000000000000003,7,0,100,110.4,0.4,152,1.9000000000000001
2021,2,15,4,30,2.3000000000000003,7,0,100,121.84,0.4,151,1.9000000000000001
2021,2,15,5,30,2.6,7,0,100,132.86,0.4,157,1.8
2021,2,15,6,30,3,7,0,100,142.74,0.4,160,1.8
2021,2,15,7,30,3.3000000000000003,7,0,100,150.11,0.4,155,1.8
2021,2,15,8,30,3.5,7,0,100,152.67000000000002,0.5,149,1.9000000000000001
2021,2,15,9,30,3.7,8,0,100,149.19,0.6000000000000001,152,1.9000000000000001
2021,2,15,10,30,3.9000000000000004,8,0,100,141.28,0.7000000000000001,160,1.8
2021,2,15,11,30,4,8,0,100,131.14000000000001,0.7000000000000001,164,1.8
2021,2,15,12,30,4.1000000000000005,7,0,100,120.01,0.6000000000000001,162,1.6
2021,2,15,13,30,4.1000000000000005,7,0,100,108.53,0.5,153,1.3
2021,2,15,14,30,4.3,7,0,100,97.07000000000001,0.5,143,1.1
2021,2,15,15,30,5.1000000000000005,4,23,100,85.79,0.4,157,1
2021,2,15,16,30,6.1000000000000005,7,85,100,75.47,0.6000000000000001,213,0.9
2021,2,15,17,30,6.9,7,131,100,66.21000000000001,0.9,258,0.9
2021,2,15,18,30,8,7,209,92.58,58.71,0.9,270,0.9
2021,2,15,19,30,9.1,4,269,81.5,53.79,1,282,0.9
2021,2,15,20,30,9.700000000000001,7,259,72.43,52.230000000000004,1,289,0.9
2021,2,15,21,30,9.700000000000001,7,217,69.31,54.33,1,292,0.9
2021,2,15,22,30,9.1,7,219,71.16,59.68,1.1,295,0.9
2021,2,15,23,30,8.6,0,93,72.65,67.49,1.1,298,0.9
2021,2,16,0,30,5.4,0,45,94.34,76.95,0.7000000000000001,300,0.8
2021,2,16,1,30,3.7,0,19,100,87.33,0.8,302,0.8
2021,2,16,2,30,2.9000000000000004,0,0,100,98.74000000000001,0.9,303,0.7000000000000001
2021,2,16,3,30,2.2,0,0,100,110.2,1,303,0.6000000000000001
2021,2,16,4,30,1.7000000000000002,7,0,100,121.63,0.9,305,0.5
2021,2,16,5,30,1.3,0,0,100,132.63,0.9,305,0.5
2021,2,16,6,30,1.2000000000000002,0,0,100,142.47,0.8,304,0.5
2021,2,16,7,30,0.8,0,0,100,149.79,0.7000000000000001,304,0.5
2021,2,16,8,30,0.2,0,0,100,152.33,0.7000000000000001,304,0.5
2021,2,16,9,30,-0.30000000000000004,0,0,100,148.86,0.7000000000000001,303,0.5
2021,2,16,10,30,-0.6000000000000001,0,0,100,141,0.8,302,0.5
2021,2,16,11,30,-0.9,0,0,100,130.89000000000001,0.9,301,0.5
2021,2,16,12,30,-1.2000000000000002,0,0,100,119.78,1,300,0.5
2021,2,16,13,30,-1.5,0,0,100,108.3,1,299,0.5
2021,2,16,14,30,-1.1,7,0,100,96.84,1.2000000000000002,299,0.6000000000000001
2021,2,16,15,30,0.4,0,25,97.16,85.55,1.6,301,0.6000000000000001
2021,2,16,16,30,2.6,0,41,87.63,75.21000000000001,1.7000000000000002,312,0.6000000000000001
2021,2,16,17,30,4.800000000000001,0,50,75.79,65.92,1.7000000000000002,329,0.6000000000000001
2021,2,16,18,30,6.6000000000000005,0,56,65.76,58.39,1.7000000000000002,341,0.7000000000000001
2021,2,16,19,30,7.800000000000001,0,63,59.83,53.45,1.6,343,0.7000000000000001
2021,2,16,20,30,8.4,0,66,57.5,51.89,1.6,342,0.8
2021,2,16,21,30,8.4,4,232,57.76,54,1.5,340,0.8
2021,2,16,22,30,8,0,83,59.910000000000004,59.38,1.4000000000000001,337,0.8
2021,2,16,23,30,7.7,4,122,62.370000000000005,67.22,1.4000000000000001,336,0.8
2021,2,17,0,30,4.6000000000000005,4,87,85.79,76.71000000000001,0.7000000000000001,334,0.8
2021,2,17,1,30,2,4,19,100,87.12,0.6000000000000001,329,0.7000000000000001
2021,2,17,2,30,0.6000000000000001,7,0,100,98.53,0.7000000000000001,323,0.7000000000000001
2021,2,17,3,30,0.4,0,0,100,110,0.8,319,0.6000000000000001
2021,2,17,4,30,0.5,0,0,100,121.42,0.8,318,0.6000000000000001
2021,2,17,5,30,0.2,0,0,100,132.4,0.9,318,0.6000000000000001
2021,2,17,6,30,-0.30000000000000004,0,0,100,142.21,1,318,0.5
2021,2,17,7,30,-0.8,0,0,100,149.47,1.2000000000000002,315,0.5
2021,2,17,8,30,-1.4000000000000001,0,0,100,151.98,1.4000000000000001,313,0.4
2021,2,17,9,30,-1.8,0,0,100,148.54,1.6,311,0.4
2021,2,17,10,30,-2.1,0,0,100,140.72,1.8,310,0.4
2021,2,17,11,30,-2.8000000000000003,0,0,100,130.64000000000001,1.9000000000000001,311,0.30000000000000004
2021,2,17,12,30,-3.2,0,0,100,119.54,2,312,0.30000000000000004
2021,2,17,13,30,-2.9000000000000004,0,0,100,108.07000000000001,2,314,0.30000000000000004
2021,2,17,14,30,-2.2,0,0,92.82000000000001,96.61,2,314,0.30000000000000004
2021,2,17,15,30,-0.4,0,26,81.28,85.3,2.1,314,0.30000000000000004
2021,2,17,16,30,2,0,44,68.86,74.94,2.2,326,0.30000000000000004
2021,2,17,17,30,4.1000000000000005,0,53,57.61,65.62,2.3000000000000003,342,0.4
2021,2,17,18,30,5.7,0,67,49.75,58.07,2.3000000000000003,347,0.4
2021,2,17,19,30,7,7,201,45.27,53.11,2.2,348,0.4
2021,2,17,20,30,7.800000000000001,0,105,43.71,51.54,2.1,346,0.5
2021,2,17,21,30,8.1,0,66,43.9,53.660000000000004,1.9000000000000001,343,0.5
2021,2,17,22,30,7.9,0,66,46.22,59.07,1.7000000000000002,338,0.6000000000000001
2021,2,17,23,30,7.6000000000000005,0,91,51.57,66.95,1.6,337,0.6000000000000001
2021,2,18,0,30,4.4,4,78,80.37,76.47,1,327,0.6000000000000001
2021,2,18,1,30,2.2,4,15,87.21000000000001,86.91,1.1,324,0.6000000000000001
2021,2,18,2,30,1.8,4,0,83.83,98.32000000000001,1.1,325,0.6000000000000001
2021,2,18,3,30,1.6,4,0,87.95,109.79,1,332,0.6000000000000001
2021,2,18,4,30,0.9,4,0,87.45,121.21000000000001,1,337,0.6000000000000001
2021,2,18,5,30,0.2,4,0,85.91,132.16,1,338,0.6000000000000001
2021,2,18,6,30,-0.30000000000000004,4,0,82.62,141.94,1,338,0.6000000000000001
2021,2,18,7,30,-0.7000000000000001,4,0,81.58,149.15,1,336,0.6000000000000001
2021,2,18,8,30,-0.8,4,0,79.32000000000001,151.62,0.9,335,0.6000000000000001
2021,2,18,9,30,-0.5,7,0,75.16,148.21,0.8,332,0.6000000000000001
2021,2,18,10,30,-0.30000000000000004,7,0,71.34,140.43,0.8,323,0.7000000000000001
2021,2,18,11,30,-0.4,7,0,70.28,130.38,1,321,0.8
2021,2,18,12,30,-0.30000000000000004,7,0,77.9,119.3,0.9,337,1
2021,2,18,13,30,0.30000000000000004,7,0,78.59,107.83,0.7000000000000001,354,1.2000000000000002
2021,2,18,14,30,0.4,7,0,80.38,96.36,0.4,314,1.5
2021,2,18,15,30,0.8,8,13,86.27,85.06,0.30000000000000004,269,1.7000000000000002
2021,2,18,16,30,2.3000000000000003,8,38,83.87,74.67,0.30000000000000004,167,1.7000000000000002
2021,2,18,17,30,4.3,6,84,82.63,65.32000000000001,0.5,76,1.7000000000000002
2021,2,18,18,30,6.1000000000000005,4,207,80.07000000000001,57.74,0.7000000000000001,103,1.7000000000000002
2021,2,18,19,30,7.300000000000001,4,268,78.63,52.76,0.9,136,1.6
2021,2,18,20,30,8,7,278,76.48,51.18,1,158,1.6
2021,2,18,21,30,8.200000000000001,7,260,74.47,53.33,1.2000000000000002,171,1.6
2021,2,18,22,30,7.7,4,232,75.8,58.77,1.3,175,1.5
2021,2,18,23,30,7.300000000000001,4,140,76.96000000000001,66.68,1.3,176,1.4000000000000001
2021,2,19,0,30,4.800000000000001,4,84,92.25,76.23,0.8,168,1.4000000000000001
2021,2,19,1,30,3.5,4,14,98.06,86.7,0.7000000000000001,172,1.5
2021,2,19,2,30,2.8000000000000003,8,0,100,98.11,0.7000000000000001,177,1.6
2021,2,19,3,30,2.5,8,0,100,109.59,0.7000000000000001,179,1.5
2021,2,19,4,30,2.5,4,0,100,121,0.7000000000000001,177,1.4000000000000001
2021,2,19,5,30,2.7,8,0,100,131.93,0.6000000000000001,170,1.3
2021,2,19,6,30,2.8000000000000003,8,0,100,141.66,0.6000000000000001,170,1.3
2021,2,19,7,30,3.1,8,0,100,148.82,0.5,177,1.2000000000000002
2021,2,19,8,30,3.4000000000000004,8,0,100,151.27,0.5,165,1.1
2021,2,19,9,30,3.3000000000000003,7,0,100,147.87,0.4,131,1
2021,2,19,10,30,2.8000000000000003,7,0,100,140.14000000000001,0.5,104,0.9
2021,2,19,11,30,2.3000000000000003,7,0,100,130.12,0.5,95,0.9
2021,2,19,12,30,1.8,4,0,100,119.06,0.5,93,0.8
2021,2,19,13,30,1.3,4,0,100,107.59,0.4,93,0.8
2021,2,19,14,30,1.3,4,0,100,96.12,0.30000000000000004,92,0.8
2021,2,19,15,30,2.2,4,27,100,84.81,0.30000000000000004,103,0.8
2021,2,19,16,30,3.5,0,71,100,74.39,0.30000000000000004,150,0.8
2021,2,19,17,30,4.800000000000001,4,139,97.27,65.02,0.4,194,0.8
2021,2,19,18,30,6.1000000000000005,4,205,89.73,57.410000000000004,0.5,201,0.8
2021,2,19,19,30,7.2,4,270,81.96000000000001,52.4,0.6000000000000001,196,0.8
2021,2,19,20,30,7.7,4,243,77.60000000000001,50.83,0.7000000000000001,194,0.8
2021,2,19,21,30,7.7,0,194,76.57000000000001,52.99,0.8,196,0.8
2021,2,19,22,30,7.300000000000001,0,87,77.43,58.47,0.8,199,0.8
2021,2,19,23,30,6.9,0,116,77.16,66.41,0.8,200,0.8
2021,2,20,0,30,4.1000000000000005,0,47,94.53,75.99,0.5,185,0.7000000000000001
2021,2,20,1,30,2,0,23,100,86.48,0.4,185,0.7000000000000001
2021,2,20,2,30,1,0,0,100,97.91,0.5,204,0.7000000000000001
2021,2,20,3,30,0.4,0,0,100,109.38,0.5,222,0.7000000000000001
2021,2,20,4,30,0,0,0,100,120.79,0.5,225,0.7000000000000001
2021,2,20,5,30,-0.2,4,0,100,131.7,0.5,212,0.8
2021,2,20,6,30,-0.30000000000000004,8,0,100,141.39000000000001,0.5,190,0.9
2021,2,20,7,30,-0.30000000000000004,8,0,100,148.5,0.6000000000000001,174,0.9
2021,2,20,8,30,-0.1,8,0,100,150.91,0.5,194,0.8
2021,2,20,9,30,-0.4,7,0,100,147.54,0.5,231,0.7000000000000001
2021,2,20,10,30,-0.9,7,0,100,139.84,0.5,257,0.7000000000000001
2021,2,20,11,30,-1.1,7,0,100,129.86,0.5,279,0.7000000000000001
2021,2,20,12,30,-1.2000000000000002,4,0,100,118.81,0.5,293,0.7000000000000001
2021,2,20,13,30,-1.3,4,0,100,107.35000000000001,0.5,303,0.6000000000000001
2021,2,20,14,30,-0.9,0,0,100,95.87,0.6000000000000001,307,0.5
2021,2,20,15,30,0.4,0,27,100,84.55,1,310,0.5
2021,2,20,16,30,2,0,46,96.25,74.11,1.4000000000000001,321,0.5
2021,2,20,17,30,3.7,0,57,86.9,64.71000000000001,1.5,333,0.5
2021,2,20,18,30,5.4,0,68,77.37,57.07,1.5,341,0.6000000000000001
2021,2,20,19,30,6.800000000000001,0,73,70.56,52.050000000000004,1.6,345,0.6000000000000001
2021,2,20,20,30,7.6000000000000005,0,138,66.48,50.47,1.6,343,0.7000000000000001
2021,2,20,21,30,7.800000000000001,0,187,65.23,52.65,1.5,338,0.7000000000000001
2021,2,20,22,30,7.6000000000000005,0,133,65.54,58.160000000000004,1.4000000000000001,335,0.8
2021,2,20,23,30,7.300000000000001,0,98,66.27,66.14,1.4000000000000001,333,0.7000000000000001
2021,2,21,0,30,4.2,0,57,85.77,75.75,0.8,327,0.8
2021,2,21,1,30,1.8,4,24,100,86.27,0.7000000000000001,322,0.8
2021,2,21,2,30,0.9,7,0,100,97.7,0.8,316,0.9
2021,2,21,3,30,0.7000000000000001,7,0,100,109.18,1,315,0.9
2021,2,21,4,30,0.4,8,0,100,120.58,1.2000000000000002,316,0.9
2021,2,21,5,30,-0.1,0,0,100,131.46,1.2000000000000002,316,0.9
2021,2,21,6,30,-0.6000000000000001,0,0,100,141.12,1.3,313,1
2021,2,21,7,30,-0.9,0,0,100,148.17000000000002,1.5,310,1
2021,2,21,8,30,-1.2000000000000002,0,0,100,150.55,1.7000000000000002,310,1
2021,2,21,9,30,-1.6,7,0,100,147.19,1.7000000000000002,310,1
2021,2,21,10,30,-1.8,7,0,100,139.54,1.8,310,1
2021,2,21,11,30,-2,7,0,100,129.58,1.8,311,1
2021,2,21,12,30,-2.3000000000000003,0,0,100,118.55,2,311,1
2021,2,21,13,30,-2.5,4,0,100,107.10000000000001,2,309,1
2021,2,21,14,30,-1.6,0,0,96.63,95.62,2.1,308,1
2021,2,21,15,30,0.7000000000000001,0,28,84.8,84.29,2.1,311,1.1
2021,2,21,16,30,3.4000000000000004,0,47,72.39,73.83,2.2,320,1.1
2021,2,21,17,30,5.9,0,57,63.43,64.4,2.3000000000000003,332,1.2000000000000002
2021,2,21,18,30,7.800000000000001,0,63,59.410000000000004,56.730000000000004,2.3000000000000003,340,1.3
2021,2,21,19,30,9.1,0,66,59.06,51.69,2.4000000000000004,344,1.3
2021,2,21,20,30,10.100000000000001,0,69,59.63,50.1,2.4000000000000004,346,1.4000000000000001
2021,2,21,21,30,10.600000000000001,0,70,61.2,52.31,2.3000000000000003,346,1.4000000000000001
2021,2,21,22,30,10.600000000000001,0,65,63.940000000000005,57.85,2.1,346,1.5
2021,2,21,23,30,10.5,0,57,66.62,65.87,2,346,1.5
2021,2,22,0,30,7.5,0,42,86.63,75.51,1.4000000000000001,339,1.5
2021,2,22,1,30,4.9,0,22,100,86.06,1.4000000000000001,336,1.4000000000000001
2021,2,22,2,30,3.9000000000000004,0,0,100,97.49000000000001,1.5,332,1.4000000000000001
2021,2,22,3,30,3.6,0,0,100,108.98,1.8,324,1.4000000000000001
2021,2,22,4,30,3.4000000000000004,7,0,100,120.36,2,318,1.3
2021,2,22,5,30,3.1,7,0,99.59,131.23,2.1,314,1.3
2021,2,22,6,30,2.7,7,0,99.33,140.84,2.2,310,1.3
2021,2,22,7,30,2.3000000000000003,7,0,99.36,147.83,2.3000000000000003,308,1.2000000000000002
2021,2,22,8,30,2.1,7,0,97.93,150.18,2.3000000000000003,307,1.2000000000000002
2021,2,22,9,30,2,0,0,95.63,146.85,2.2,306,1.1
2021,2,22,10,30,1.9000000000000001,0,0,93.32000000000001,139.23,2.2,305,1
2021,2,22,11,30,1.8,0,0,90.37,129.31,2.2,304,1
2021,2,22,12,30,1.6,0,0,88.33,118.3,2.2,305,0.9
2021,2,22,13,30,1.5,0,0,86.22,106.85000000000001,2,306,0.9
2021,2,22,14,30,2.4000000000000004,0,0,78.88,95.36,1.9000000000000001,305,0.9
2021,2,22,15,30,5.300000000000001,0,26,71.96000000000001,84.03,1.9000000000000001,304,0.8
2021,2,22,16,30,8.4,0,41,64.11,73.54,1.8,310,0.8
2021,2,22,17,30,10.600000000000001,0,51,56.64,64.09,1.8,323,0.8
2021,2,22,18,30,12.3,0,59,53.35,56.39,1.7000000000000002,330,0.8
2021,2,22,19,30,13.4,0,62,52.77,51.33,1.6,334,0.8
2021,2,22,20,30,14.100000000000001,7,147,53.13,49.74,1.5,336,0.8
2021,2,22,21,30,14.200000000000001,7,153,55.78,51.97,1.3,337,0.8
2021,2,22,22,30,13.700000000000001,7,212,61.6,57.550000000000004,1,334,0.8
2021,2,22,23,30,13.200000000000001,7,163,71.63,65.6,0.9,333,0.8
2021,2,23,0,30,9.8,7,96,99.56,75.27,0.6000000000000001,321,0.7000000000000001
2021,2,23,1,30,7.9,7,26,100,85.85000000000001,0.8,318,0.7000000000000001
2021,2,23,2,30,7.4,7,0,100,97.29,1.1,319,0.7000000000000001
2021,2,23,3,30,7.2,7,0,100,108.77,1.6,318,0.8
2021,2,23,4,30,7.1000000000000005,7,0,99.75,120.15,1.9000000000000001,315,0.8
2021,2,23,5,30,6.800000000000001,7,0,98.88,130.99,2.1,312,0.8
2021,2,23,6,30,6.1000000000000005,7,0,99.7,140.56,2.1,313,0.8
2021,2,23,7,30,5.2,7,0,100,147.5,2,313,0.8
2021,2,23,8,30,4.4,7,0,100,149.81,2,311,0.7000000000000001
2021,2,23,9,30,3.8000000000000003,0,0,100,146.5,2.1,312,0.6000000000000001
2021,2,23,10,30,3.1,0,0,100,138.92000000000002,2.1,314,0.4
2021,2,23,11,30,2.8000000000000003,0,0,100,129.03,2.2,317,0.30000000000000004
2021,2,23,12,30,2.3000000000000003,4,0,100,118.03,2.3000000000000003,317,0.30000000000000004
2021,2,23,13,30,1.7000000000000002,4,0,97.35000000000001,106.59,2.3000000000000003,316,0.2
2021,2,23,14,30,1.9000000000000001,4,0,84.72,95.10000000000001,2.4000000000000004,315,0.2
2021,2,23,15,30,3.9000000000000004,4,34,70,83.76,2.5,315,0.2
2021,2,23,16,30,6.5,0,47,56.71,73.25,2.5,322,0.2
2021,2,23,17,30,8.9,0,58,48.06,63.77,2.5,331,0.2
2021,2,23,18,30,11.100000000000001,0,65,42.27,56.050000000000004,2.5,335,0.30000000000000004
2021,2,23,19,30,12.600000000000001,0,69,39.74,50.96,2.5,338,0.30000000000000004
2021,2,23,20,30,13.4,0,69,39.54,49.370000000000005,2.4000000000000004,340,0.30000000000000004
2021,2,23,21,30,13.600000000000001,0,70,41.22,51.620000000000005,2.2,339,0.4
2021,2,23,22,30,13.200000000000001,0,68,45.33,57.24,2,337,0.4
2021,2,23,23,30,12.9,0,60,51.35,65.33,1.8,336,0.4
2021,2,24,0,30,8.700000000000001,0,48,76.39,75.03,1.3,335,0.4
2021,2,24,1,30,5.5,0,26,91.75,85.64,1.3,333,0.4
2021,2,24,2,30,4.1000000000000005,0,0,93.55,97.08,1.6,330,0.4
2021,2,24,3,30,3.2,0,0,95.32000000000001,108.57000000000001,1.8,326,0.4
2021,2,24,4,30,2.2,0,0,96.95,119.94,2,322,0.30000000000000004
2021,2,24,5,30,1.7000000000000002,0,0,94.3,130.75,2.2,322,0.30000000000000004
2021,2,24,6,30,1.7000000000000002,0,0,88.26,140.28,2.3000000000000003,319,0.30000000000000004
2021,2,24,7,30,1.5,0,0,84.04,147.17000000000002,2.5,316,0.30000000000000004
2021,2,24,8,30,1.2000000000000002,0,0,82.15,149.44,2.6,314,0.30000000000000004
2021,2,24,9,30,0.6000000000000001,0,0,83.09,146.14000000000001,2.7,314,0.30000000000000004
2021,2,24,10,30,0,0,0,84.76,138.6,2.8000000000000003,313,0.30000000000000004
2021,2,24,11,30,-0.5,0,0,85.44,128.74,2.7,311,0.30000000000000004
2021,2,24,12,30,-0.9,0,0,84.16,117.77,2.7,311,0.30000000000000004
2021,2,24,13,30,-1.2000000000000002,0,0,81.52,106.33,2.7,312,0.2
2021,2,24,14,30,-0.8,0,0,75.57000000000001,94.84,2.7,313,0.2
2021,2,24,15,30,0.8,0,32,67.74,83.49,2.8000000000000003,317,0.2
2021,2,24,16,30,2.8000000000000003,0,52,58.75,72.95,2.9000000000000004,325,0.2
2021,2,24,17,30,4.7,0,63,50.02,63.45,3,333,0.2
2021,2,24,18,30,6.4,0,69,44.62,55.7,3,338,0.2
2021,2,24,19,30,7.9,0,72,42.050000000000004,50.59,3,342,0.30000000000000004
2021,2,24,20,30,8.8,0,71,40.74,49,3,344,0.30000000000000004
2021,2,24,21,30,9,0,69,40.92,51.28,2.9000000000000004,344,0.4
2021,2,24,22,30,8.6,0,64,42.910000000000004,56.93,2.7,343,0.4
2021,2,24,23,30,8.3,0,57,44.88,65.06,2.6,342,0.4
2021,2,25,0,30,5.2,0,45,59.79,74.79,2.1,334,0.4
2021,2,25,1,30,2.7,0,25,71.35000000000001,85.43,1.8,332,0.4
2021,2,25,2,30,1.3,0,0,72.82000000000001,96.87,1.6,332,0.4
2021,2,25,3,30,0.5,0,0,72.01,108.36,1.5,330,0.4
2021,2,25,4,30,-0.1,0,0,69.69,119.72,1.4000000000000001,325,0.4
2021,2,25,5,30,-0.7000000000000001,0,0,67.62,130.51,1.5,318,0.5
2021,2,25,6,30,-1.4000000000000001,0,0,67.97,140,1.7000000000000002,312,0.5
2021,2,25,7,30,-2,0,0,69.33,146.83,1.9000000000000001,308,0.5
2021,2,25,8,30,-2.5,0,0,71.15,149.07,1.9000000000000001,306,0.5
2021,2,25,9,30,-2.8000000000000003,0,0,73.03,145.78,1.9000000000000001,306,0.6000000000000001
2021,2,25,10,30,-2.9000000000000004,0,0,72.8,138.28,1.8,307,0.6000000000000001
2021,2,25,11,30,-2.8000000000000003,0,0,71.34,128.45,1.8,308,0.6000000000000001
2021,2,25,12,30,-2.6,0,0,70.01,117.5,1.7000000000000002,310,0.6000000000000001
2021,2,25,13,30,-2.4000000000000004,0,0,68.7,106.07000000000001,1.7000000000000002,312,0.6000000000000001
2021,2,25,14,30,-0.9,7,0,60.910000000000004,94.57000000000001,1.6,313,0.7000000000000001
2021,2,25,15,30,2.6,4,43,59.7,83.21000000000001,1.6,311,0.7000000000000001
2021,2,25,16,30,6,0,47,47.18,72.66,1.6,319,0.6000000000000001
2021,2,25,17,30,8.5,7,177,40.35,63.13,1.7000000000000002,330,0.5
2021,2,25,18,30,10.5,0,100,39.65,55.35,1.8,334,0.5
2021,2,25,19,30,12,0,64,44.32,50.22,1.9000000000000001,332,0.4
2021,2,25,20,30,12.9,0,65,48.29,48.63,1.9000000000000001,329,0.5
2021,2,25,21,30,13.100000000000001,0,63,50.800000000000004,50.93,1.8,324,0.5
2021,2,25,22,30,12.5,0,61,54.54,56.63,1.6,318,0.6000000000000001
2021,2,25,23,30,12,0,55,57.550000000000004,64.79,1.6,316,0.6000000000000001
2021,2,26,0,30,8.200000000000001,0,46,77.59,74.55,1.3,307,0.6000000000000001
2021,2,26,1,30,5.1000000000000005,0,27,92.91,85.22,1.5,301,0.6000000000000001
2021,2,26,2,30,3.3000000000000003,0,0,99.63,96.67,1.8,299,0.5
2021,2,26,3,30,2.3000000000000003,0,0,100,108.16,1.9000000000000001,302,0.5
2021,2,26,4,30,1.4000000000000001,0,0,100,119.51,1.9000000000000001,306,0.5
2021,2,26,5,30,0.6000000000000001,0,0,100,130.27,1.9000000000000001,308,0.5
2021,2,26,6,30,-0.1,0,0,100,139.71,1.9000000000000001,308,0.5
2021,2,26,7,30,-0.7000000000000001,0,0,100,146.49,2,307,0.6000000000000001
2021,2,26,8,30,-1.1,0,0,100,148.70000000000002,2,307,0.6000000000000001
2021,2,26,9,30,-1.4000000000000001,0,0,98.87,145.42000000000002,1.9000000000000001,306,0.6000000000000001
2021,2,26,10,30,-1.5,0,0,95.42,137.96,1.9000000000000001,304,0.7000000000000001
2021,2,26,11,30,-1.5,0,0,92.71000000000001,128.16,1.8,302,0.8
2021,2,26,12,30,-1.7000000000000002,0,0,92.95,117.22,1.8,301,0.8
2021,2,26,13,30,-1.9000000000000001,0,0,93.77,105.8,1.8,301,0.8
2021,2,26,14,30,-1.1,0,0,88.82000000000001,94.3,1.9000000000000001,300,0.7000000000000001
2021,2,26,15,30,1.2000000000000002,0,33,79.35000000000001,82.94,2,301,0.7000000000000001
2021,2,26,16,30,3.9000000000000004,0,49,72.29,72.36,2.2,307,0.6000000000000001
2021,2,26,17,30,6.2,0,58,66.91,62.800000000000004,2.3000000000000003,312,0.6000000000000001
2021,2,26,18,30,7.6000000000000005,0,63,62.51,55,2.3000000000000003,313,0.6000000000000001
2021,2,26,19,30,8.6,0,66,58.78,49.85,2.3000000000000003,313,0.7000000000000001
2021,2,26,20,30,9,0,67,58.19,48.26,2.4000000000000004,314,0.7000000000000001
2021,2,26,21,30,9,0,84,58.75,50.58,2.4000000000000004,316,0.7000000000000001
2021,2,26,22,30,8.5,0,79,59.51,56.32,2.4000000000000004,319,0.7000000000000001
2021,2,26,23,30,8,0,59,57.95,64.52,2.3000000000000003,320,0.7000000000000001
2021,2,27,0,30,4.9,0,57,67.72,74.32000000000001,1.9000000000000001,316,0.6000000000000001
2021,2,27,1,30,2.4000000000000004,0,32,80.07000000000001,85,1.8,311,0.6000000000000001
2021,2,27,2,30,0.9,7,0,88.07000000000001,96.46000000000001,1.9000000000000001,311,0.6000000000000001
2021,2,27,3,30,0.2,7,0,91.52,107.96000000000001,1.9000000000000001,312,0.6000000000000001
2021,2,27,4,30,-0.4,7,0,94.10000000000001,119.29,1.8,311,0.6000000000000001
2021,2,27,5,30,-1,7,0,97.02,130.03,1.7000000000000002,308,0.6000000000000001
2021,2,27,6,30,-1.6,4,0,99.94,139.43,1.7000000000000002,305,0.6000000000000001
2021,2,27,7,30,-2,4,0,100,146.15,1.7000000000000002,305,0.6000000000000001
2021,2,27,8,30,-2.4000000000000004,4,0,100,148.32,1.7000000000000002,305,0.6000000000000001
2021,2,27,9,30,-2.7,0,0,100,145.06,1.7000000000000002,304,0.6000000000000001
2021,2,27,10,30,-2.9000000000000004,0,0,100,137.63,1.7000000000000002,303,0.6000000000000001
2021,2,27,11,30,-3,0,0,100,127.86,1.7000000000000002,303,0.6000000000000001
2021,2,27,12,30,-3.1,0,0,100,116.94,1.7000000000000002,303,0.6000000000000001
2021,2,27,13,30,-3.1,0,0,100,105.53,1.7000000000000002,302,0.6000000000000001
2021,2,27,14,30,-2.2,0,0,96.65,94.02,1.7000000000000002,302,0.6000000000000001
2021,2,27,15,30,0.1,0,36,84.72,82.65,1.9000000000000001,308,0.6000000000000001
2021,2,27,16,30,2.5,0,56,71.84,72.05,1.9000000000000001,323,0.6000000000000001
2021,2,27,17,30,4.6000000000000005,0,66,59.89,62.480000000000004,2,337,0.6000000000000001
2021,2,27,18,30,6.2,0,70,53.15,54.64,2,343,0.6000000000000001
2021,2,27,19,30,7.4,0,75,49.49,49.47,2.1,346,0.6000000000000001
2021,2,27,20,30,8.3,0,75,47.52,47.89,2,347,0.6000000000000001
2021,2,27,21,30,8.8,0,71,46.94,50.230000000000004,2,347,0.6000000000000001
2021,2,27,22,30,8.9,0,66,47.96,56.01,1.9000000000000001,346,0.7000000000000001
2021,2,27,23,30,8.8,0,60,49.68,64.25,1.8,346,0.7000000000000001
2021,2,28,0,30,5.6000000000000005,0,48,68.29,74.08,1.1,343,0.8
2021,2,28,1,30,2.4000000000000004,0,28,91.39,84.79,1,341,0.8
2021,2,28,2,30,1,0,0,94.11,96.26,1.2000000000000002,340,0.8
2021,2,28,3,30,0.4,0,0,95.04,107.75,1.5,335,0.8
2021,2,28,4,30,-0.1,0,0,95.05,119.08,1.6,325,0.8
2021,2,28,5,30,-0.6000000000000001,0,0,95.42,129.79,1.8,318,0.8
2021,2,28,6,30,-1,0,0,94.72,139.14000000000001,1.9000000000000001,315,0.8
2021,2,28,7,30,-1.4000000000000001,0,0,93.07000000000001,145.8,2,313,0.8
2021,2,28,8,30,-1.7000000000000002,0,0,91.01,147.94,2,312,0.8
2021,2,28,9,30,-1.9000000000000001,7,0,89.48,144.69,1.9000000000000001,311,0.8
2021,2,28,10,30,-2.1,7,0,89.01,137.3,1.9000000000000001,311,0.8
2021,2,28,11,30,-2.2,7,0,88.84,127.56,1.9000000000000001,310,0.8
2021,2,28,12,30,-2.3000000000000003,4,0,88.93,116.66,1.8,310,0.8
2021,2,28,13,30,-2.2,0,0,87.81,105.25,1.8,309,0.8
2021,2,28,14,30,-0.8,0,0,79.26,93.75,1.9000000000000001,309,0.8
2021,2,28,15,30,2.3000000000000003,0,31,72.53,82.37,1.9000000000000001,311,0.9
2021,2,28,16,30,5.4,0,47,57.33,71.75,1.8,319,0.9
2021,2,28,17,30,7.800000000000001,0,56,49.28,62.14,1.7000000000000002,327,0.9
2021,2,28,18,30,9.700000000000001,0,62,45.35,54.28,1.6,335,0.9
2021,2,28,19,30,11.100000000000001,0,66,43.9,49.09,1.4000000000000001,341,0.9
2021,2,28,20,30,12,0,65,43.9,47.51,1.3,344,0.9
2021,2,28,21,30,12.4,0,63,45.34,49.88,1.1,340,0.9
2021,2,28,22,30,12.4,0,60,47.660000000000004,55.7,0.9,331,0.9
2021,2,28,23,30,12.200000000000001,0,54,50.93,63.99,0.7000000000000001,327,0.9
2021,3,1,0,30,9.9,0,44,69.97,73.84,0.6000000000000001,298,0.9
2021,3,1,1,30,7.800000000000001,0,26,74.53,84.58,0.7000000000000001,272,0.9
2021,3,1,2,30,6.800000000000001,0,0,68.82000000000001,96.05,0.7000000000000001,248,0.8
2021,3,1,3,30,6.2,0,0,69.44,107.55,0.7000000000000001,214,0.8
2021,3,1,4,30,5.5,0,0,69.65,118.86,0.7000000000000001,173,0.8
2021,3,1,5,30,4.3,0,0,73.72,129.55,0.8,149,0.8
2021,3,1,6,30,3.2,0,0,77.08,138.85,1,137,0.8
2021,3,1,7,30,1.9000000000000001,0,0,82.01,145.46,1,127,0.8
2021,3,1,8,30,0.6000000000000001,0,0,87.61,147.56,1.1,121,0.8
2021,3,1,9,30,-0.2,0,0,89.51,144.32,1,120,0.7000000000000001
2021,3,1,10,30,-0.7000000000000001,0,0,88.72,136.97,0.9,124,0.7000000000000001
2021,3,1,11,30,-0.9,0,0,85.75,127.26,0.8,128,0.7000000000000001
2021,3,1,12,30,-0.9,0,0,81.86,116.37,0.8,128,0.7000000000000001
2021,3,1,13,30,-1,0,0,79.87,104.97,0.8,124,0.8
2021,3,1,14,30,-0.1,0,0,74.47,93.47,0.6000000000000001,130,0.8
2021,3,1,15,30,2.6,0,35,75.48,82.08,0.7000000000000001,145,0.8
2021,3,1,16,30,5.5,0,53,59.38,71.44,1.1,153,0.8
2021,3,1,17,30,7.6000000000000005,0,61,54.410000000000004,61.81,1.3,153,0.8
2021,3,1,18,30,9.200000000000001,0,67,50.15,53.92,1.6,152,0.8
2021,3,1,19,30,10.200000000000001,0,71,47.15,48.71,1.7000000000000002,152,0.9
2021,3,1,20,30,10.8,0,72,45.03,47.13,1.8,152,0.9
2021,3,1,21,30,11,0,73,44.31,49.53,1.7000000000000002,151,0.9
2021,3,1,22,30,10.600000000000001,0,71,45.69,55.39,1.6,150,1
2021,3,1,23,30,10.200000000000001,4,110,48.53,63.72,1.5,149,1
2021,3,2,0,30,7.300000000000001,4,88,73.45,73.61,0.8,141,1
2021,3,2,1,30,5.300000000000001,0,30,85.05,84.37,0.8,136,0.9
2021,3,2,2,30,4.4,0,0,77.24,95.85000000000001,0.9,132,0.8
2021,3,2,3,30,3.7,0,0,74.92,107.34,1,127,0.8
2021,3,2,4,30,3.2,0,0,72.75,118.64,0.9,122,0.7000000000000001
2021,3,2,5,30,3.1,0,0,69.66,129.3,0.8,118,0.7000000000000001
2021,3,2,6,30,3.2,0,0,65.63,138.56,0.6000000000000001,98,0.7000000000000001
2021,3,2,7,30,2.8000000000000003,0,0,65.02,145.11,0.6000000000000001,205,0.7000000000000001
2021,3,2,8,30,1.8,0,0,69.2,147.18,0.8,328,0.7000000000000001
2021,3,2,9,30,0.6000000000000001,0,0,77.63,143.95000000000002,0.9,325,0.6000000000000001
2021,3,2,10,30,-0.30000000000000004,0,0,84.34,136.63,1,324,0.5
2021,3,2,11,30,-0.9,0,0,89.02,126.95,1,324,0.5
2021,3,2,12,30,-1.3,7,0,91.98,116.09,0.9,322,0.5
2021,3,2,13,30,-1.5,0,0,93.34,104.69,0.9,320,0.5
2021,3,2,14,30,-0.2,0,0,85.32000000000001,93.18,0.8,317,0.5
2021,3,2,15,30,3,0,40,77.62,81.79,1,312,0.5
2021,3,2,16,30,6.300000000000001,0,61,61.88,71.13,1.3,313,0.5
2021,3,2,17,30,8.9,0,70,53.77,61.480000000000004,1.2000000000000002,318,0.5
2021,3,2,18,30,11,0,71,47.2,53.56,0.9,323,0.5
2021,3,2,19,30,12.5,0,76,42.62,48.33,0.5,170,0.5
2021,3,2,20,30,13.4,0,77,39.300000000000004,46.75,0.30000000000000004,61,0.6000000000000001
2021,3,2,21,30,13.600000000000001,0,75,38.68,49.18,0.30000000000000004,124,0.6000000000000001
2021,3,2,22,30,13.4,0,73,39.660000000000004,55.09,0.30000000000000004,146,0.6000000000000001
2021,3,2,23,30,13.100000000000001,7,66,42.660000000000004,63.45,0.30000000000000004,154,0.5
2021,3,3,0,30,11.3,0,54,54.68,73.38,0.30000000000000004,199,0.5
2021,3,3,1,30,9.600000000000001,7,36,48.81,84.17,0.5,266,0.5
2021,3,3,2,30,8.1,7,0,48.17,95.65,0.6000000000000001,312,0.5
2021,3,3,3,30,6.9,7,0,54.97,107.14,0.7000000000000001,321,0.5
2021,3,3,4,30,6.300000000000001,7,0,55.42,118.43,0.7000000000000001,320,0.4
2021,3,3,5,30,5.7,7,0,54.980000000000004,129.05,0.7000000000000001,316,0.4
2021,3,3,6,30,4.800000000000001,7,0,56.58,138.27,0.8,314,0.4
2021,3,3,7,30,4,7,0,58.52,144.76,0.8,315,0.4
2021,3,3,8,30,3.1,7,0,60.75,146.79,0.9,317,0.4
2021,3,3,9,30,2.3000000000000003,7,0,63.11,143.58,0.9,322,0.4
2021,3,3,10,30,1.7000000000000002,7,0,65.13,136.29,1,325,0.4
2021,3,3,11,30,1.3,7,0,66.56,126.64,1.1,325,0.4
2021,3,3,12,30,1,7,0,68.01,115.79,1.1,324,0.4
2021,3,3,13,30,1,7,0,67.85,104.41,1.2000000000000002,321,0.4
2021,3,3,14,30,1.9000000000000001,7,0,63.29,92.9,1.2000000000000002,318,0.4
2021,3,3,15,30,4.5,4,52,61.370000000000005,81.5,1.4000000000000001,313,0.4
2021,3,3,16,30,7.7,0,59,59.550000000000004,70.82000000000001,1.5,309,0.4
2021,3,3,17,30,10.9,0,70,43.9,61.14,1.3,309,0.5
2021,3,3,18,30,13.3,0,76,35.28,53.19,1.1,310,0.5
2021,3,3,19,30,14.3,0,95,33.15,47.94,0.9,310,0.5
2021,3,3,20,30,14.4,7,206,34.06,46.37,0.7000000000000001,308,0.5
2021,3,3,21,30,14.4,7,223,35.13,48.83,0.5,298,0.6000000000000001
2021,3,3,22,30,13.9,7,141,37.88,54.78,0.4,275,0.6000000000000001
2021,3,3,23,30,13.5,7,83,41.83,63.190000000000005,0.30000000000000004,259,0.6000000000000001
2021,3,4,0,30,9.9,0,53,67,73.14,0.30000000000000004,216,0.6000000000000001
2021,3,4,1,30,6.4,0,31,80.8,83.95,0.5,219,0.5
2021,3,4,2,30,4.2,0,0,88.67,95.44,0.7000000000000001,239,0.5
2021,3,4,3,30,2.7,0,0,99.77,106.93,0.8,247,0.5
2021,3,4,4,30,1.3,0,0,100,118.21000000000001,0.8,245,0.4
2021,3,4,5,30,0.30000000000000004,0,0,100,128.81,0.8,241,0.4
2021,3,4,6,30,-0.4,0,0,98.49000000000001,137.98,0.7000000000000001,236,0.4
2021,3,4,7,30,-0.9,0,0,94.11,144.41,0.7000000000000001,230,0.4
2021,3,4,8,30,-1.1,0,0,89.81,146.4,0.7000000000000001,216,0.4
2021,3,4,9,30,-1.2000000000000002,0,0,88.53,143.20000000000002,0.7000000000000001,183,0.4
2021,3,4,10,30,-1.5,0,0,91.34,135.94,0.7000000000000001,153,0.5
2021,3,4,11,30,-2,7,0,95.66,126.33,0.7000000000000001,138,0.5
2021,3,4,12,30,-2.4000000000000004,0,0,99.10000000000001,115.5,0.8,133,0.5
2021,3,4,13,30,-2.3000000000000003,7,0,99.44,104.12,0.8,132,0.5
2021,3,4,14,30,-0.8,0,0,92.34,92.61,0.9,134,0.5
2021,3,4,15,30,1.6,0,46,90.16,81.21000000000001,1.3,139,0.6000000000000001
2021,3,4,16,30,4.2,7,81,73.52,70.5,1.5,152,0.6000000000000001
2021,3,4,17,30,6.800000000000001,0,69,60.88,60.800000000000004,1.6,161,0.6000000000000001
2021,3,4,18,30,8.9,0,74,51.25,52.82,1.8,161,0.6000000000000001
2021,3,4,19,30,10.3,0,77,46.68,47.56,1.9000000000000001,158,0.6000000000000001
2021,3,4,20,30,11.100000000000001,0,79,44.71,45.980000000000004,1.9000000000000001,159,0.7000000000000001
2021,3,4,21,30,11.4,0,77,44.300000000000004,48.480000000000004,1.9000000000000001,160,0.7000000000000001
2021,3,4,22,30,11.100000000000001,0,73,45.660000000000004,54.47,1.9000000000000001,159,0.7000000000000001
2021,3,4,23,30,10.8,0,65,47.83,62.92,1.8,159,0.7000000000000001
2021,3,5,0,30,7.4,0,53,64.84,72.91,1,154,0.7000000000000001
2021,3,5,1,30,3.9000000000000004,0,33,90.28,83.74,0.7000000000000001,152,0.6000000000000001
2021,3,5,2,30,2,0,0,98.2,95.24,0.7000000000000001,150,0.6000000000000001
2021,3,5,3,30,1.3,0,0,100,106.73,0.6000000000000001,149,0.6000000000000001
2021,3,5,4,30,0.7000000000000001,0,0,100,117.99000000000001,0.6000000000000001,150,0.6000000000000001
2021,3,5,5,30,0,0,0,100,128.56,0.7000000000000001,156,0.6000000000000001
2021,3,5,6,30,-0.5,0,0,99.89,137.68,0.7000000000000001,165,0.5
2021,3,5,7,30,-1.1,0,0,100,144.06,0.8,172,0.5
2021,3,5,8,30,-1.5,0,0,100,146.02,0.8,178,0.6000000000000001
2021,3,5,9,30,-1.7000000000000002,0,0,100,142.82,0.8,188,0.6000000000000001
2021,3,5,10,30,-1.6,0,0,100,135.6,0.8,191,0.6000000000000001
2021,3,5,11,30,-1.5,0,0,100,126.01,0.8,182,0.6000000000000001
2021,3,5,12,30,-1.4000000000000001,0,0,100,115.2,0.8,171,0.7000000000000001
2021,3,5,13,30,-1.4000000000000001,0,0,100,103.83,0.8,166,0.7000000000000001
2021,3,5,14,30,0.2,0,0,99.73,92.32000000000001,0.7000000000000001,168,0.7000000000000001
2021,3,5,15,30,3.1,0,37,90.21000000000001,80.91,0.9,172,0.8
2021,3,5,16,30,5.6000000000000005,0,53,81.25,70.18,1.4000000000000001,177,0.8
2021,3,5,17,30,7.5,0,63,75.66,60.45,1.7000000000000002,178,0.9
2021,3,5,18,30,8.700000000000001,0,68,71.87,52.45,1.8,177,0.9
2021,3,5,19,30,9.600000000000001,0,72,69.92,47.17,1.8,176,0.9
2021,3,5,20,30,10.100000000000001,0,77,69.48,45.6,1.9000000000000001,176,1
2021,3,5,21,30,10.3,0,71,69.9,48.13,1.9000000000000001,176,1
2021,3,5,22,30,10.100000000000001,0,69,71.97,54.160000000000004,2,177,1
2021,3,5,23,30,9.9,0,64,73.82000000000001,62.660000000000004,2,178,1.1
2021,3,6,0,30,7.9,0,59,86.08,72.68,1.4000000000000001,179,1.1
2021,3,6,1,30,6.1000000000000005,0,37,99.34,83.53,1.1,181,1.2000000000000002
2021,3,6,2,30,5.2,4,0,100,95.04,1,183,1.2000000000000002
2021,3,6,3,30,4.7,4,0,100,106.52,1,176,1.2000000000000002
2021,3,6,4,30,4,4,0,100,117.77,1,164,1.3
2021,3,6,5,30,3.1,4,0,100,128.31,1.1,152,1.3
2021,3,6,6,30,2.3000000000000003,6,0,100,137.39000000000001,1.1,155,1.3
2021,3,6,7,30,1.6,6,0,100,143.71,1.1,186,1.2000000000000002
2021,3,6,8,30,1,7,0,100,145.63,1.3,233,1
2021,3,6,9,30,0.30000000000000004,4,0,100,142.44,1.5,264,0.8
2021,3,6,10,30,-0.2,4,0,100,135.25,1.2000000000000002,278,0.7000000000000001
2021,3,6,11,30,-0.5,0,0,100,125.69,1,284,0.6000000000000001
2021,3,6,12,30,-0.9,0,0,100,114.9,0.7000000000000001,287,0.6000000000000001
2021,3,6,13,30,-1.2000000000000002,0,0,100,103.54,0.5,286,0.6000000000000001
2021,3,6,14,30,-0.5,0,3,99.74000000000001,92.03,0.5,280,0.6000000000000001
2021,3,6,15,30,1.1,0,43,97.06,80.61,0.7000000000000001,284,0.7000000000000001
2021,3,6,16,30,3,0,70,86.27,69.87,0.8,301,0.7000000000000001
2021,3,6,17,30,4.9,0,65,75.76,60.11,0.7000000000000001,318,0.7000000000000001
2021,3,6,18,30,6.6000000000000005,0,73,66.23,52.08,0.5,328,0.7000000000000001
2021,3,6,19,30,7.9,0,78,59.120000000000005,46.78,0.4,339,0.8
2021,3,6,20,30,8.700000000000001,0,80,55.13,45.21,0.30000000000000004,182,0.8
2021,3,6,21,30,9.1,0,78,52.96,47.78,0.30000000000000004,33,0.8
2021,3,6,22,30,8.9,0,72,52.99,53.86,0.4,58,0.8
2021,3,6,23,30,8.700000000000001,0,64,52.85,62.39,0.4,70,0.8
2021,3,7,0,30,6.1000000000000005,0,53,64.51,72.44,0.30000000000000004,88,0.8
2021,3,7,1,30,3.2,0,33,89.21000000000001,83.32000000000001,0.4,93,0.7000000000000001
2021,3,7,2,30,1.7000000000000002,0,0,88.82000000000001,94.83,0.30000000000000004,106,0.7000000000000001
2021,3,7,3,30,1.1,0,0,90.54,106.32000000000001,0.30000000000000004,196,0.7000000000000001
2021,3,7,4,30,0.6000000000000001,0,0,95.35000000000001,117.55,0.5,276,0.8
2021,3,7,5,30,0.2,0,0,98.62,128.06,0.5,282,0.8
2021,3,7,6,30,-0.7000000000000001,0,0,100,137.09,0.6000000000000001,291,0.8
2021,3,7,7,30,-1.8,0,0,100,143.35,0.6000000000000001,296,0.8
2021,3,7,8,30,-2.3000000000000003,0,0,100,145.24,0.6000000000000001,298,0.8
2021,3,7,9,30,-2.4000000000000004,0,0,94.87,142.05,0.7000000000000001,299,0.8
2021,3,7,10,30,-2.6,0,0,93.28,134.9,0.7000000000000001,303,0.8
2021,3,7,11,30,-2.8000000000000003,0,0,94.43,125.37,0.7000000000000001,311,0.8
2021,3,7,12,30,-2.8000000000000003,0,0,95.28,114.60000000000001,0.6000000000000001,317,0.9
2021,3,7,13,30,-2.5,0,0,95.57000000000001,103.25,0.6000000000000001,319,0.9
2021,3,7,14,30,-1,0,4,90.68,91.73,0.7000000000000001,318,0.9
2021,3,7,15,30,1.5,0,45,85.62,80.31,1.1,320,0.9
2021,3,7,16,30,3.9000000000000004,0,63,78.37,69.54,1.3,328,0.9
2021,3,7,17,30,6.1000000000000005,0,76,70.46000000000001,59.77,1.2000000000000002,335,0.8
2021,3,7,18,30,8.1,0,89,62.71,51.71,1.1,338,0.8
2021,3,7,19,30,9.5,0,89,57.61,46.38,1,338,0.7000000000000001
2021,3,7,20,30,10.3,0,91,54.160000000000004,44.83,0.9,341,0.7000000000000001
2021,3,7,21,30,10.600000000000001,0,137,51.78,47.42,0.7000000000000001,346,0.7000000000000001
2021,3,7,22,30,10.3,3,144,51.54,53.550000000000004,0.6000000000000001,353,0.7000000000000001
2021,3,7,23,30,10,0,95,51.82,62.13,0.5,357,0.7000000000000001
2021,3,8,0,30,7.1000000000000005,7,84,69.17,72.21000000000001,0.4,2,0.7000000000000001
2021,3,8,1,30,4.5,0,39,90.91,83.12,0.4,171,0.7000000000000001
2021,3,8,2,30,3,8,0,91.81,94.63,0.5,331,0.7000000000000001
2021,3,8,3,30,2.2,7,0,97.38,106.11,0.5,315,0.7000000000000001
2021,3,8,4,30,1.5,7,0,100,117.33,0.6000000000000001,303,0.7000000000000001
2021,3,8,5,30,0.7000000000000001,7,0,100,127.81,0.6000000000000001,296,0.6000000000000001
2021,3,8,6,30,0.1,7,0,100,136.79,0.6000000000000001,293,0.6000000000000001
2021,3,8,7,30,-0.2,7,0,100,143,0.6000000000000001,290,0.6000000000000001
2021,3,8,8,30,-0.5,7,0,100,144.84,0.5,283,0.5
2021,3,8,9,30,-0.9,7,0,100,141.67000000000002,0.6000000000000001,265,0.4
2021,3,8,10,30,-1.4000000000000001,7,0,100,134.54,0.5,245,0.4
2021,3,8,11,30,-2.2,7,0,100,125.04,0.5,234,0.30000000000000004
2021,3,8,12,30,-2.8000000000000003,7,0,100,114.29,0.5,231,0.30000000000000004
2021,3,8,13,30,-2.9000000000000004,7,0,100,102.95,0.5,228,0.4
2021,3,8,14,30,-2,7,2,100,91.44,0.7000000000000001,215,0.4
2021,3,8,15,30,0.1,0,52,92.64,80,1,202,0.5
2021,3,8,16,30,2.3000000000000003,0,67,78.32000000000001,69.22,1.2000000000000002,197,0.6000000000000001
2021,3,8,17,30,3.8000000000000003,0,102,66.58,59.42,1.3,191,0.7000000000000001
2021,3,8,18,30,4.1000000000000005,7,225,67.17,51.33,1.4000000000000001,186,0.8
2021,3,8,19,30,3.9000000000000004,4,263,73.64,45.99,1.5,187,0.8
2021,3,8,20,30,3.8000000000000003,4,247,80.79,44.44,1.5,192,0.8
2021,3,8,21,30,4,4,300,83.68,47.07,1.4000000000000001,199,0.8
2021,3,8,22,30,4.3,7,248,81.49,53.24,1.3,203,0.7000000000000001
2021,3,8,23,30,4.3,7,163,78.19,61.870000000000005,1.2000000000000002,204,0.7000000000000001
2021,3,9,0,30,2.8000000000000003,7,93,84.89,71.98,0.8,197,0.6000000000000001
2021,3,9,1,30,0.5,7,31,100,82.91,0.6000000000000001,194,0.6000000000000001
2021,3,9,2,30,-0.9,7,0,100,94.43,0.6000000000000001,198,0.7000000000000001
2021,3,9,3,30,-1.2000000000000002,7,0,100,105.91,0.6000000000000001,202,0.7000000000000001
2021,3,9,4,30,-1.4000000000000001,0,0,100,117.11,0.6000000000000001,204,0.6000000000000001
2021,3,9,5,30,-1.6,0,0,100,127.56,0.5,202,0.6000000000000001
2021,3,9,6,30,-1.6,0,0,100,136.49,0.5,196,0.6000000000000001
2021,3,9,7,30,-1.7000000000000002,0,0,100,142.64000000000001,0.5,186,0.7000000000000001
2021,3,9,8,30,-1.7000000000000002,0,0,100,144.45000000000002,0.5,170,0.7000000000000001
2021,3,9,9,30,-1.8,0,0,100,141.28,0.5,153,0.7000000000000001
2021,3,9,10,30,-1.9000000000000001,0,0,100,134.18,0.5,142,0.7000000000000001
2021,3,9,11,30,-2.1,4,0,100,124.71000000000001,0.5,139,0.7000000000000001
2021,3,9,12,30,-2.3000000000000003,7,0,100,113.98,0.5,141,0.8
2021,3,9,13,30,-2.2,7,0,100,102.65,0.4,145,0.8
2021,3,9,14,30,-1.4000000000000001,7,2,100,91.14,0.7000000000000001,149,0.8
2021,3,9,15,30,-0.30000000000000004,4,39,100,79.7,1.2000000000000002,150,0.9
2021,3,9,16,30,0.6000000000000001,4,103,100,68.9,1.5,153,0.9
2021,3,9,17,30,1.5,7,97,100,59.07,1.7000000000000002,160,0.9
2021,3,9,18,30,2.7,4,290,97.48,50.96,1.8,169,0.8
2021,3,9,19,30,3.8000000000000003,4,286,90.05,45.6,1.8,175,0.8
2021,3,9,20,30,4.5,4,326,82.78,44.050000000000004,1.8,181,0.7000000000000001
2021,3,9,21,30,4.6000000000000005,4,266,77.7,46.72,1.7000000000000002,184,0.7000000000000001
2021,3,9,22,30,4.4,7,157,75.56,52.94,1.6,181,0.7000000000000001
2021,3,9,23,30,4.2,6,105,74.9,61.6,1.6,180,0.7000000000000001
2021,3,10,0,30,2.2,7,100,87.77,71.75,1,167,0.7000000000000001
2021,3,10,1,30,0.5,7,35,100,82.7,0.7000000000000001,162,0.8
2021,3,10,2,30,-0.30000000000000004,6,0,100,94.23,0.7000000000000001,161,0.8
2021,3,10,3,30,-0.5,6,0,100,105.7,0.7000000000000001,158,0.8
2021,3,10,4,30,-0.6000000000000001,6,0,100,116.89,0.7000000000000001,152,0.8
2021,3,10,5,30,-0.7000000000000001,7,0,100,127.3,0.6000000000000001,144,0.9
2021,3,10,6,30,-0.8,6,0,100,136.19,0.6000000000000001,137,0.9
2021,3,10,7,30,-0.9,7,0,100,142.28,0.6000000000000001,137,0.8
2021,3,10,8,30,-1.1,7,0,100,144.06,0.6000000000000001,145,0.8
2021,3,10,9,30,-1.5,7,0,100,140.89000000000001,0.7000000000000001,152,0.8
2021,3,10,10,30,-2.1,7,0,100,133.83,0.6000000000000001,150,0.8
2021,3,10,11,30,-2.4000000000000004,7,0,100,124.38000000000001,0.5,145,0.8
2021,3,10,12,30,-2.3000000000000003,7,0,100,113.67,0.7000000000000001,140,0.8
2021,3,10,13,30,-2.1,7,0,100,102.35000000000001,0.9,139,0.8
2021,3,10,14,30,-1.7000000000000002,7,3,100,90.84,1,139,0.8
2021,3,10,15,30,-1.2000000000000002,7,39,100,79.39,1,138,0.8
2021,3,10,16,30,-0.4,4,117,100,68.57000000000001,1.1,138,0.8
2021,3,10,17,30,0.4,7,200,100,58.72,1.2000000000000002,139,0.8
2021,3,10,18,30,1.1,7,288,100,50.58,1.2000000000000002,141,0.8
2021,3,10,19,30,1.7000000000000002,7,297,100,45.2,1.2000000000000002,142,0.8
2021,3,10,20,30,2.1,7,215,98.46000000000001,43.660000000000004,1.2000000000000002,137,0.8
2021,3,10,21,30,2.1,7,323,97.49000000000001,46.36,1.1,128,0.8
2021,3,10,22,30,1.8,7,249,99.79,52.64,1,118,0.9
2021,3,10,23,30,1.6,7,146,100,61.34,1,114,0.9
2021,3,11,0,30,0.8,7,94,100,71.53,0.7000000000000001,98,0.9
2021,3,11,1,30,0,7,47,100,82.49,0.6000000000000001,89,0.9
2021,3,11,2,30,-0.4,7,0,100,94.03,0.6000000000000001,85,0.9
2021,3,11,3,30,-0.5,6,0,100,105.5,0.5,85,0.8
2021,3,11,4,30,-0.6000000000000001,7,0,100,116.66,0.4,88,0.8
2021,3,11,5,30,-0.9,7,0,100,127.05,0.30000000000000004,89,0.8
2021,3,11,6,30,-1.1,0,0,100,135.88,0.30000000000000004,82,0.8
2021,3,11,7,30,-1.3,0,0,100,141.92000000000002,0.2,39,0.7000000000000001
2021,3,11,8,30,-1.5,0,0,100,143.66,0.30000000000000004,166,0.7000000000000001
2021,3,11,9,30,-1.7000000000000002,0,0,100,140.5,0.5,327,0.7000000000000001
2021,3,11,10,30,-2.1,0,0,100,133.46,0.7000000000000001,323,0.7000000000000001
2021,3,11,11,30,-2.4000000000000004,0,0,100,124.05,0.8,322,0.7000000000000001
2021,3,11,12,30,-2.5,0,0,100,113.36,0.9,321,0.7000000000000001
2021,3,11,13,30,-2.5,0,0,100,102.05,0.9,319,0.7000000000000001
2021,3,11,14,30,-1.7000000000000002,0,7,100,90.01,1,315,0.7000000000000001
2021,3,11,15,30,-0.2,0,44,100,79.08,1.2000000000000002,315,0.7000000000000001
2021,3,11,16,30,1.6,0,60,95.57000000000001,68.25,1.3,324,0.7000000000000001
2021,3,11,17,30,3.5,0,114,84.36,58.370000000000005,1.4000000000000001,334,0.7000000000000001
2021,3,11,18,30,5.2,0,113,72.71000000000001,50.2,1.5,338,0.6000000000000001
2021,3,11,19,30,6.300000000000001,0,139,64.2,44.800000000000004,1.5,341,0.6000000000000001
2021,3,11,20,30,7.2,3,240,58.56,43.27,1.6,343,0.6000000000000001
2021,3,11,21,30,7.7,4,263,56.25,46.01,1.6,344,0.6000000000000001
2021,3,11,22,30,7.7,0,163,56.9,52.33,1.5,343,0.7000000000000001
2021,3,11,23,30,7.6000000000000005,0,137,58.58,61.09,1.5,342,0.7000000000000001
2021,3,12,0,30,5.300000000000001,4,111,74.44,71.3,1,322,0.7000000000000001
2021,3,12,1,30,2.5,0,35,96.91,82.29,1.1,311,0.7000000000000001
2021,3,12,2,30,0.9,0,0,93.9,93.82000000000001,1.4000000000000001,310,0.6000000000000001
2021,3,12,3,30,0.4,0,0,95.29,105.29,1.4000000000000001,314,0.6000000000000001
2021,3,12,4,30,-0.2,0,0,97.46000000000001,116.44,1.4000000000000001,318,0.6000000000000001
2021,3,12,5,30,-0.8,0,0,99,126.79,1.4000000000000001,321,0.5
2021,3,12,6,30,-1.3,0,0,99.07000000000001,135.58,1.4000000000000001,322,0.4
2021,3,12,7,30,-1.7000000000000002,0,0,98.03,141.56,1.5,322,0.4
2021,3,12,8,30,-2,0,0,95.33,143.26,1.7000000000000002,320,0.30000000000000004
2021,3,12,9,30,-1.9000000000000001,0,0,89.32000000000001,140.11,1.9000000000000001,318,0.30000000000000004
2021,3,12,10,30,-1.7000000000000002,0,0,82.62,133.1,2,317,0.30000000000000004
2021,3,12,11,30,-1.3,0,0,76.17,123.72,2.1,316,0.30000000000000004
2021,3,12,12,30,-0.8,0,0,71.09,113.05,2.2,314,0.30000000000000004
2021,3,12,13,30,-0.5,0,0,68.74,101.74000000000001,2.3000000000000003,313,0.30000000000000004
2021,3,12,14,30,0.8,0,10,65.52,89.75,2.2,313,0.30000000000000004
2021,3,12,15,30,3.7,0,43,71.84,78.78,2.1,314,0.30000000000000004
2021,3,12,16,30,6.5,0,60,61.97,67.92,1.9000000000000001,321,0.4
2021,3,12,17,30,8.8,0,71,50.54,58.02,1.7000000000000002,331,0.4
2021,3,12,18,30,10.5,0,77,44.44,49.82,1.7000000000000002,339,0.4
2021,3,12,19,30,11.4,0,81,42.38,44.410000000000004,1.6,343,0.5
2021,3,12,20,30,12,0,81,42.12,42.88,1.6,345,0.5
2021,3,12,21,30,12.3,0,78,42.75,45.660000000000004,1.6,344,0.5
2021,3,12,22,30,12.100000000000001,0,74,44.77,52.03,1.5,342,0.6000000000000001
2021,3,12,23,30,11.9,0,66,46.78,60.83,1.4000000000000001,340,0.6000000000000001
2021,3,13,0,30,9,0,54,68.07000000000001,71.07000000000001,0.9,328,0.6000000000000001
2021,3,13,1,30,5.6000000000000005,0,34,91.46000000000001,82.08,1.1,318,0.6000000000000001
2021,3,13,2,30,3.7,0,0,87.3,93.62,1.3,313,0.6000000000000001
2021,3,13,3,30,3.1,0,0,88.97,105.09,1.3,312,0.6000000000000001
2021,3,13,4,30,2.8000000000000003,0,0,89.26,116.22,1.3,312,0.6000000000000001
2021,3,13,5,30,2.5,0,0,89.34,126.54,1.3,312,0.5
2021,3,13,6,30,2.3000000000000003,0,0,87.33,135.27,1.3,313,0.5
2021,3,13,7,30,2,0,0,85.52,141.20000000000002,1.2000000000000002,314,0.5
2021,3,13,8,30,1.7000000000000002,0,0,83.98,142.87,1.2000000000000002,314,0.5
2021,3,13,9,30,1.6,0,0,81.95,139.72,1.2000000000000002,314,0.5
2021,3,13,10,30,1.4000000000000001,0,0,81.19,132.74,1.2000000000000002,313,0.5
2021,3,13,11,30,1.1,0,0,81.58,123.38000000000001,1.2000000000000002,313,0.5
2021,3,13,12,30,0.8,0,0,82.63,112.73,1.3,311,0.5
2021,3,13,13,30,0.6000000000000001,0,0,83.7,101.44,1.3,310,0.5
2021,3,13,14,30,2.1,0,11,76.68,89.49,1.2000000000000002,311,0.5
2021,3,13,15,30,5.1000000000000005,0,43,76.4,78.46000000000001,1.1,312,0.5
2021,3,13,16,30,8.1,0,60,60.68,67.59,0.8,322,0.5
2021,3,13,17,30,10.700000000000001,0,69,48.660000000000004,57.67,0.4,185,0.5
2021,3,13,18,30,12.4,0,75,42.46,49.44,0.30000000000000004,92,0.6000000000000001
2021,3,13,19,30,13.4,0,79,40.9,44.01,0.6000000000000001,147,0.6000000000000001
2021,3,13,20,30,14,0,81,41.04,42.49,0.8,148,0.6000000000000001
2021,3,13,21,30,14.100000000000001,0,80,42.51,45.31,0.9,142,0.6000000000000001
2021,3,13,22,30,13.700000000000001,0,75,45.35,51.730000000000004,1,137,0.7000000000000001
2021,3,13,23,30,13.4,0,67,47.47,60.57,1,136,0.7000000000000001
2021,3,14,0,30,9.8,0,55,67.3,70.85000000000001,0.7000000000000001,136,0.7000000000000001
2021,3,14,1,30,5.9,0,36,97.05,81.88,0.6000000000000001,146,0.6000000000000001
2021,3,14,2,30,3.7,0,0,97.8,93.42,0.6000000000000001,160,0.6000000000000001
2021,3,14,3,30,3.3000000000000003,7,0,98.41,104.88,0.6000000000000001,173,0.6000000000000001
2021,3,14,4,30,2.7,7,0,100,115.99000000000001,0.6000000000000001,184,0.6000000000000001
2021,3,14,5,30,1.9000000000000001,0,0,100,126.28,0.6000000000000001,185,0.6000000000000001
2021,3,14,6,30,1,0,0,100,134.97,0.6000000000000001,182,0.6000000000000001
2021,3,14,7,30,0.4,4,0,100,140.84,0.6000000000000001,183,0.6000000000000001
2021,3,14,8,30,0.2,4,0,100,142.47,0.5,176,0.6000000000000001
2021,3,14,9,30,0.4,7,0,100,139.33,0.4,162,0.6000000000000001
2021,3,14,10,30,0.30000000000000004,7,0,100,132.37,0.4,146,0.7000000000000001
2021,3,14,11,30,0.1,7,0,100,123.05,0.4,135,0.8
2021,3,14,12,30,0.2,7,0,100,112.41,0.4,134,0.9
2021,3,14,13,30,0.4,6,0,100,101.13,0.4,137,1
2021,3,14,14,30,0.9,6,7,100,89.22,0.6000000000000001,138,1.1
2021,3,14,15,30,1.8,6,63,100,78.15,1.1,144,1.2000000000000002
2021,3,14,16,30,2.7,7,136,99.58,67.26,1.4000000000000001,154,1.3
2021,3,14,17,30,3.5,7,233,97.75,57.31,1.6,161,1.4000000000000001
2021,3,14,18,30,4,7,291,97.62,49.06,1.7000000000000002,164,1.5
2021,3,14,19,30,4.2,7,337,98.2,43.61,1.8,165,1.5
2021,3,14,20,30,4.4,6,249,97.84,42.1,1.8,165,1.4000000000000001
2021,3,14,21,30,4.5,4,155,98.35000000000001,44.96,1.9000000000000001,164,1.4000000000000001
2021,3,14,22,30,4.2,4,113,100,51.43,1.9000000000000001,162,1.3
2021,3,14,23,30,4,4,113,99.99000000000001,60.32,1.8,162,1.3
2021,3,15,0,30,2.7,4,72,100,70.62,1.5,158,1.2000000000000002
2021,3,15,1,30,1.7000000000000002,4,42,100,81.68,1.1,164,1.1
2021,3,15,2,30,0.8,4,0,100,93.22,0.7000000000000001,183,1
2021,3,15,3,30,-0.1,4,0,100,104.68,0.6000000000000001,217,0.9
2021,3,15,4,30,-0.8,4,0,100,115.77,0.7000000000000001,250,0.8
2021,3,15,5,30,-1.2000000000000002,0,0,100,126.02,0.9,272,0.8
2021,3,15,6,30,-1.3,0,0,100,134.66,1.1,285,0.7000000000000001
2021,3,15,7,30,-1.4000000000000001,0,0,100,140.48,1.2000000000000002,291,0.7000000000000001
2021,3,15,8,30,-1.6,0,0,100,142.07,1.2000000000000002,293,0.7000000000000001
2021,3,15,9,30,-1.8,0,0,100,138.93,1.3,292,0.7000000000000001
2021,3,15,10,30,-2,8,0,100,132,1.5,294,0.7000000000000001
2021,3,15,11,30,-2.2,7,0,100,122.71000000000001,1.7000000000000002,296,0.7000000000000001
2021,3,15,12,30,-2.2,7,0,100,112.09,1.8,300,0.7000000000000001
2021,3,15,13,30,-2.2,7,0,100,100.82000000000001,1.9000000000000001,304,0.7000000000000001
2021,3,15,14,30,-2,7,6,100,88.95,2,309,0.7000000000000001
2021,3,15,15,30,-1.5,4,75,99.60000000000001,77.84,2.2,313,0.7000000000000001
2021,3,15,16,30,-0.7000000000000001,4,149,95.49,66.93,2.3000000000000003,316,0.7000000000000001
2021,3,15,17,30,0.4,4,242,88.71000000000001,56.96,2.4000000000000004,320,0.7000000000000001
2021,3,15,18,30,1.7000000000000002,4,275,77.77,48.68,2.5,324,0.7000000000000001
2021,3,15,19,30,3.2,4,232,66.47,43.21,2.4000000000000004,329,0.7000000000000001
2021,3,15,20,30,4.6000000000000005,4,302,58.7,41.71,2.3000000000000003,333,0.7000000000000001
2021,3,15,21,30,5.5,4,314,56.04,44.61,2.2,337,0.7000000000000001
2021,3,15,22,30,6,4,276,55.82,51.13,1.9000000000000001,339,0.6000000000000001
2021,3,15,23,30,6,4,185,57.25,60.06,1.8,340,0.6000000000000001
2021,3,16,0,30,4.2,0,77,66.73,70.4,1.2000000000000002,327,0.6000000000000001
2021,3,16,1,30,1.3,0,37,89.65,81.47,1.1,318,0.6000000000000001
2021,3,16,2,30,-0.8,0,0,97.88,93.02,1.5,315,0.6000000000000001
2021,3,16,3,30,-1.7000000000000002,0,0,100,104.47,1.7000000000000002,316,0.6000000000000001
2021,3,16,4,30,-2.4000000000000004,0,0,100,115.54,1.7000000000000002,315,0.6000000000000001
2021,3,16,5,30,-3,0,0,100,125.76,1.7000000000000002,312,0.5
2021,3,16,6,30,-3.4000000000000004,0,0,100,134.35,1.9000000000000001,308,0.5
2021,3,16,7,30,-3.7,0,0,100,140.11,2.1,307,0.5
2021,3,16,8,30,-4,0,0,98.44,141.67000000000002,2.1,308,0.4
2021,3,16,9,30,-4.2,0,0,96.42,138.54,2.1,308,0.4
2021,3,16,10,30,-4.3,0,0,95.44,131.64000000000001,2.1,308,0.4
2021,3,16,11,30,-4.2,0,0,93.99,122.37,2,307,0.4
2021,3,16,12,30,-4.2,0,0,93.55,111.77,1.9000000000000001,306,0.4
2021,3,16,13,30,-3.9000000000000004,0,0,90.92,100.51,1.7000000000000002,306,0.4
2021,3,16,14,30,-2.1,0,15,81.28,88.67,1.7000000000000002,308,0.5
2021,3,16,15,30,0.7000000000000001,0,49,70.36,77.53,1.6,316,0.5
2021,3,16,16,30,3.2,0,66,58.300000000000004,66.6,1.3,332,0.5
2021,3,16,17,30,5.4,0,78,52.13,56.61,0.8,350,0.6000000000000001
2021,3,16,18,30,7.2,0,82,49.120000000000005,48.300000000000004,0.5,205,0.6000000000000001
2021,3,16,19,30,8.6,0,87,47.11,42.81,0.4,80,0.7000000000000001
2021,3,16,20,30,9.600000000000001,0,87,46.24,41.32,0.6000000000000001,114,0.7000000000000001
2021,3,16,21,30,10,7,158,46.86,44.26,0.9,124,0.7000000000000001
2021,3,16,22,30,9.8,0,78,49.050000000000004,50.84,1,128,0.7000000000000001
2021,3,16,23,30,9.5,0,72,51.32,59.81,1,129,0.8
2021,3,17,0,30,6.6000000000000005,7,83,66.53,70.18,0.9,131,0.8
2021,3,17,1,30,3.1,0,40,91.9,81.27,0.8,138,0.8
2021,3,17,2,30,1,0,0,96.88,92.83,0.9,146,0.8
2021,3,17,3,30,0.6000000000000001,0,0,97.98,104.26,0.7000000000000001,150,0.8
2021,3,17,4,30,0.5,0,0,97.86,115.32000000000001,0.6000000000000001,145,0.8
2021,3,17,5,30,0,0,0,99.07000000000001,125.5,0.8,135,0.7000000000000001
2021,3,17,6,30,-0.5,0,0,100,134.04,1,135,0.8
2021,3,17,7,30,-0.8,0,0,100,139.75,1,145,0.8
2021,3,17,8,30,-0.7000000000000001,0,0,100,141.27,0.9,156,0.8
2021,3,17,9,30,-0.4,4,0,99.72,138.14000000000001,0.9,157,0.8
2021,3,17,10,30,-0.30000000000000004,0,0,99.07000000000001,131.27,0.8,150,0.8
2021,3,17,11,30,-0.6000000000000001,7,0,100,122.02,0.8,137,0.8
2021,3,17,12,30,-1.2000000000000002,7,0,100,111.45,0.8,130,0.8
2021,3,17,13,30,-1.4000000000000001,7,0,100,100.2,0.6000000000000001,138,0.8
2021,3,17,14,30,-0.30000000000000004,7,11,99.81,88.39,0.5,151,0.8
2021,3,17,15,30,1.8,7,77,93.91,77.21000000000001,0.7000000000000001,158,0.9
2021,3,17,16,30,3.8000000000000003,7,160,79,66.27,1.1,159,0.9
2021,3,17,17,30,5.6000000000000005,7,200,70.27,56.25,1.3,155,0.9
2021,3,17,18,30,6.9,7,264,65.82000000000001,47.92,1.3,152,0.9
2021,3,17,19,30,7.800000000000001,7,313,63.04,42.4,1.4000000000000001,151,0.9
2021,3,17,20,30,8.5,7,364,60.75,40.93,1.5,152,0.9
2021,3,17,21,30,8.8,4,291,60.1,43.910000000000004,1.6,152,0.9
2021,3,17,22,30,8.4,4,243,61.9,50.54,1.6,151,0.9
2021,3,17,23,30,8,4,194,63.65,59.56,1.6,152,0.9
2021,3,18,0,30,5.5,4,72,77.83,69.96000000000001,1.2000000000000002,149,0.8
2021,3,18,1,30,2.7,0,48,100,81.07000000000001,0.9,147,0.8
2021,3,18,2,30,0.5,7,0,100,92.63,0.8,148,0.7000000000000001
2021,3,18,3,30,-0.2,7,0,100,104.06,0.7000000000000001,150,0.7000000000000001
2021,3,18,4,30,-0.2,7,0,100,115.09,0.7000000000000001,151,0.7000000000000001
2021,3,18,5,30,-0.1,7,0,100,125.24000000000001,0.6000000000000001,151,0.8
2021,3,18,6,30,-0.30000000000000004,7,0,100,133.74,0.6000000000000001,154,0.9
2021,3,18,7,30,-0.7000000000000001,7,0,100,139.39000000000001,0.6000000000000001,160,1
2021,3,18,8,30,-0.8,7,0,100,140.87,0.6000000000000001,169,1.2000000000000002
2021,3,18,9,30,-0.6000000000000001,8,0,100,137.75,0.5,176,1.2000000000000002
2021,3,18,10,30,-0.30000000000000004,0,0,100,130.9,0.5,179,1.2000000000000002
2021,3,18,11,30,-0.1,0,0,100,121.68,0.5,174,1.2000000000000002
2021,3,18,12,30,-0.1,4,0,100,111.13,0.5,163,1.3
2021,3,18,13,30,0.30000000000000004,4,0,100,99.89,0.6000000000000001,156,1.4000000000000001
2021,3,18,14,30,1,8,6,100,88.10000000000001,0.8,159,1.5
2021,3,18,15,30,1.7000000000000002,6,37,100,76.9,1.1,168,1.5
2021,3,18,16,30,2,6,78,100,65.94,1.3,175,1.5
2021,3,18,17,30,2.3000000000000003,4,189,100,55.9,1.4000000000000001,175,1.5
2021,3,18,18,30,3.1,4,280,100,47.54,1.4000000000000001,169,1.4000000000000001
2021,3,18,19,30,3.9000000000000004,4,288,100,42,1.5,166,1.3
2021,3,18,20,30,4.5,4,262,100,40.54,1.6,169,1.2000000000000002
2021,3,18,21,30,4.9,4,242,100,43.56,1.6,170,1.2000000000000002
2021,3,18,22,30,5,4,221,100,50.25,1.6,170,1.1
2021,3,18,23,30,5.1000000000000005,4,125,100,59.31,1.5,170,1.1
2021,3,19,0,30,4.4,4,96,100,69.74,1.1,166,1.1
2021,3,19,1,30,3.4000000000000004,4,45,100,80.87,0.7000000000000001,173,1
2021,3,19,2,30,2.5,4,0,100,92.43,0.6000000000000001,185,1
2021,3,19,3,30,1.9000000000000001,0,0,100,103.85000000000001,0.6000000000000001,193,0.9
2021,3,19,4,30,1.5,4,0,100,114.87,0.5,196,0.9
2021,3,19,5,30,1.1,4,0,100,124.98,0.5,195,0.8
2021,3,19,6,30,0.7000000000000001,4,0,100,133.42000000000002,0.5,193,0.8
2021,3,19,7,30,0.4,4,0,100,139.02,0.5,190,0.8
2021,3,19,8,30,0.1,4,0,100,140.48,0.5,187,0.8
2021,3,19,9,30,-0.1,4,0,100,137.35,0.5,184,0.8
2021,3,19,10,30,-0.1,4,0,100,130.53,0.5,183,0.8
2021,3,19,11,30,-0.1,4,0,100,121.34,0.6000000000000001,182,0.8
2021,3,19,12,30,0.1,0,0,100,110.81,0.5,178,0.7000000000000001
2021,3,19,13,30,0.30000000000000004,0,0,100,99.58,0.5,170,0.7000000000000001
2021,3,19,14,30,1.2000000000000002,4,11,100,87.81,0.5,166,0.7000000000000001
2021,3,19,15,30,2.8000000000000003,4,37,100,76.58,0.6000000000000001,180,0.7000000000000001
2021,3,19,16,30,4.2,4,131,96.3,65.61,0.9,198,0.7000000000000001
2021,3,19,17,30,5.5,4,160,86.03,55.54,1,201,0.7000000000000001
2021,3,19,18,30,6.7,4,260,74.15,47.15,1,195,0.8
2021,3,19,19,30,7.5,0,170,66.18,41.6,1,189,0.8
2021,3,19,20,30,7.9,4,314,63.230000000000004,40.15,1,186,0.8
2021,3,19,21,30,7.800000000000001,4,299,63.85,43.21,0.9,187,0.8
2021,3,19,22,30,7.5,4,199,65.53,49.95,0.8,195,0.8
2021,3,19,23,30,7.300000000000001,4,180,66.86,59.06,0.8,201,0.8
2021,3,20,0,30,5.7,4,136,76.22,69.53,0.5,222,0.9
2021,3,20,1,30,4.1000000000000005,4,55,91.97,80.67,0.4,238,0.8
2021,3,20,2,30,3,4,0,96.34,92.23,0.5,257,0.8
2021,3,20,3,30,2.4000000000000004,0,0,100,103.65,0.5,276,0.8
2021,3,20,4,30,1.8,0,0,100,114.64,0.6000000000000001,291,0.8
2021,3,20,5,30,1.2000000000000002,0,0,100,124.72,0.6000000000000001,301,0.7000000000000001
2021,3,20,6,30,0.5,0,0,100,133.11,0.6000000000000001,304,0.7000000000000001
2021,3,20,7,30,-0.1,0,0,100,138.66,0.7000000000000001,301,0.7000000000000001
2021,3,20,8,30,-0.5,0,0,100,140.08,0.7000000000000001,296,0.6000000000000001
2021,3,20,9,30,-0.9,0,0,100,136.95000000000002,0.7000000000000001,294,0.6000000000000001
2021,3,20,10,30,-1.3,0,0,100,130.15,0.7000000000000001,294,0.6000000000000001
2021,3,20,11,30,-1.7000000000000002,0,0,100,120.99000000000001,0.7000000000000001,297,0.6000000000000001
2021,3,20,12,30,-1.8,0,0,100,110.48,0.7000000000000001,298,0.6000000000000001
2021,3,20,13,30,-1.7000000000000002,0,0,100,99.26,0.7000000000000001,300,0.6000000000000001
2021,3,20,14,30,-0.4,0,20,100,87.52,0.8,302,0.6000000000000001
2021,3,20,15,30,1.7000000000000002,0,50,95.15,76.27,1.2000000000000002,306,0.6000000000000001
2021,3,20,16,30,3.5,0,66,84.91,65.28,1.3,315,0.7000000000000001
2021,3,20,17,30,5.300000000000001,0,78,73.85000000000001,55.19,1.2000000000000002,324,0.7000000000000001
2021,3,20,18,30,6.6000000000000005,0,156,67.19,46.77,1,328,0.7000000000000001
2021,3,20,19,30,7.5,4,336,61.95,41.2,0.9,326,0.7000000000000001
2021,3,20,20,30,8,4,318,58.44,39.76,0.9,322,0.7000000000000001
2021,3,20,21,30,8.3,4,221,56.480000000000004,42.87,0.9,320,0.7000000000000001
2021,3,20,22,30,8.200000000000001,4,218,56.28,49.660000000000004,0.9,320,0.7000000000000001
2021,3,20,23,30,8.1,4,176,56.45,58.82,0.9,320,0.7000000000000001
2021,3,21,0,30,6.300000000000001,4,108,65.26,69.31,0.5,318,0.7000000000000001
2021,3,21,1,30,3.7,0,41,88.24,80.47,0.4,309,0.7000000000000001
2021,3,21,2,30,1.3,0,3,97.79,92.04,0.6000000000000001,302,0.7000000000000001
2021,3,21,3,30,0.4,0,0,100,103.44,0.9,301,0.7000000000000001
2021,3,21,4,30,0.2,0,0,100,114.42,1.1,301,0.7000000000000001
2021,3,21,5,30,-0.1,0,0,100,124.46000000000001,1.3,303,0.6000000000000001
2021,3,21,6,30,-0.7000000000000001,0,0,100,132.8,1.4000000000000001,304,0.6000000000000001
2021,3,21,7,30,-1.5,0,0,100,138.29,1.5,304,0.6000000000000001
2021,3,21,8,30,-2.1,0,0,100,139.68,1.7000000000000002,305,0.6000000000000001
2021,3,21,9,30,-2.3000000000000003,0,0,100,136.56,1.7000000000000002,308,0.6000000000000001
2021,3,21,10,30,-2.5,0,0,100,129.78,1.8,312,0.6000000000000001
2021,3,21,11,30,-2.7,0,0,100,120.65,1.8,313,0.6000000000000001
2021,3,21,12,30,-2.8000000000000003,0,0,100,110.16,1.8,313,0.6000000000000001
2021,3,21,13,30,-2.5,0,0,100,98.95,1.9000000000000001,312,0.5
2021,3,21,14,30,-0.30000000000000004,0,21,89.06,87.22,1.9000000000000001,312,0.5
2021,3,21,15,30,2.8000000000000003,0,57,75.33,75.95,2,320,0.5
2021,3,21,16,30,5.4,0,76,61.14,64.95,2,333,0.5
2021,3,21,17,30,7.4,0,87,52.13,54.83,2,340,0.5
2021,3,21,18,30,9.1,0,96,46.03,46.39,1.9000000000000001,342,0.6000000000000001
2021,3,21,19,30,10.4,0,102,42.45,40.800000000000004,1.8,342,0.6000000000000001
2021,3,21,20,30,11.200000000000001,0,102,40.89,39.37,1.8,340,0.6000000000000001
2021,3,21,21,30,11.5,0,97,41.13,42.52,1.7000000000000002,338,0.7000000000000001
2021,3,21,22,30,11.5,0,94,42.45,49.370000000000005,1.5,335,0.7000000000000001
2021,3,21,23,30,11.3,0,86,44.29,58.57,1.4000000000000001,334,0.7000000000000001
2021,3,22,0,30,8.700000000000001,0,68,58.75,69.10000000000001,0.7000000000000001,326,0.8
2021,3,22,1,30,5.1000000000000005,7,56,91.96000000000001,80.27,0.5,315,0.8
2021,3,22,2,30,2.6,7,1,96.62,91.84,0.6000000000000001,305,0.8
2021,3,22,3,30,1.9000000000000001,7,0,100,103.24000000000001,0.7000000000000001,299,0.8
2021,3,22,4,30,1.4000000000000001,0,0,100,114.19,0.9,297,0.8
2021,3,22,5,30,1,4,0,100,124.2,1,297,0.8
2021,3,22,6,30,1.1,4,0,100,132.49,1.2000000000000002,299,0.8
2021,3,22,7,30,1.1,7,0,98.75,137.93,1.4000000000000001,300,0.8
2021,3,22,8,30,0.9,7,0,98.59,139.28,1.5,300,0.9
2021,3,22,9,30,0.8,7,0,96.48,136.16,1.5,300,1
2021,3,22,10,30,0.6000000000000001,7,0,93.41,129.41,1.7000000000000002,300,1.1
2021,3,22,11,30,0.4,7,0,89.77,120.3,1.7000000000000002,300,1.2000000000000002
2021,3,22,12,30,0,7,0,91.17,109.83,1.7000000000000002,299,1.3
2021,3,22,13,30,0,7,0,93.3,98.64,1.7000000000000002,298,1.3
2021,3,22,14,30,1.2000000000000002,7,15,89.01,86.93,1.8,300,1.3
2021,3,22,15,30,3.4000000000000004,7,69,81.49,75.64,1.9000000000000001,307,1.3
2021,3,22,16,30,5.9,7,165,74.05,64.62,1.8,318,1.2000000000000002
2021,3,22,17,30,7.9,7,205,67.96000000000001,54.480000000000004,1.6,326,1.2000000000000002
2021,3,22,18,30,9.600000000000001,0,104,62.74,46.01,1.4000000000000001,330,1.2000000000000002
2021,3,22,19,30,10.600000000000001,7,300,60.64,40.4,1.3,329,1.2000000000000002
2021,3,22,20,30,11.100000000000001,7,279,59.71,38.980000000000004,1.2000000000000002,324,1.2000000000000002
2021,3,22,21,30,11,0,121,60.57,42.18,1.2000000000000002,315,1.3
2021,3,22,22,30,10.8,4,277,61.76,49.08,1.3,307,1.3
2021,3,22,23,30,10.600000000000001,4,196,63.14,58.33,1.3,304,1.3
2021,3,23,0,30,8.4,4,132,73.93,68.88,1.1,299,1.1
2021,3,23,1,30,5.9,0,48,92.78,80.08,0.8,300,1
2021,3,23,2,30,4.3,4,1,100,91.64,1,306,0.9
2021,3,23,3,30,3.6,0,0,100,103.03,1.4000000000000001,312,0.8
2021,3,23,4,30,2.7,0,0,100,113.96000000000001,1.7000000000000002,315,0.7000000000000001
2021,3,23,5,30,1.8,0,0,100,123.93,2,315,0.6000000000000001
2021,3,23,6,30,1,0,0,100,132.18,2.1,315,0.5
2021,3,23,7,30,0.30000000000000004,0,0,100,137.56,2.2,315,0.5
2021,3,23,8,30,-0.2,0,0,100,138.88,2.3000000000000003,315,0.4
2021,3,23,9,30,-0.6000000000000001,0,0,100,135.76,2.3000000000000003,316,0.4
2021,3,23,10,30,-0.9,0,0,96.96000000000001,129.04,2.3000000000000003,317,0.4
2021,3,23,11,30,-1.3,0,0,94.93,119.96000000000001,2.3000000000000003,318,0.4
2021,3,23,12,30,-1.6,0,0,92.98,109.51,2.3000000000000003,317,0.30000000000000004
2021,3,23,13,30,-1.6,0,0,89.57000000000001,98.32000000000001,2.3000000000000003,316,0.30000000000000004
2021,3,23,14,30,-0.30000000000000004,0,25,79.73,86.63,2.4000000000000004,315,0.30000000000000004
2021,3,23,15,30,2.1,0,58,68.23,75.33,2.6,321,0.30000000000000004
2021,3,23,16,30,4.5,0,75,56.42,64.29,2.7,333,0.30000000000000004
2021,3,23,17,30,6.7,0,84,47.5,54.13,2.7,342,0.4
2021,3,23,18,30,8.5,0,91,42.980000000000004,45.63,2.6,346,0.4
2021,3,23,19,30,9.9,0,95,40.730000000000004,40,2.6,350,0.4
2021,3,23,20,30,10.9,0,93,39.69,38.59,2.5,352,0.5
2021,3,23,21,30,11.3,0,95,39.84,41.84,2.5,354,0.6000000000000001
2021,3,23,22,30,11.3,0,82,40.86,48.800000000000004,2.4000000000000004,354,0.6000000000000001
2021,3,23,23,30,11.100000000000001,0,75,42.5,58.09,2.3000000000000003,354,0.6000000000000001
2021,3,24,0,30,9,0,61,52.24,68.67,1.7000000000000002,343,0.5
2021,3,24,1,30,5.800000000000001,0,42,72.55,79.88,1.3,336,0.5
2021,3,24,2,30,3.2,0,4,81.98,91.45,1.1,336,0.5
2021,3,24,3,30,2.1,0,0,84.49,102.83,1.1,336,0.5
2021,3,24,4,30,1.3,0,0,85.10000000000001,113.74000000000001,1.1,334,0.5
2021,3,24,5,30,0.6000000000000001,0,0,84.43,123.67,1.1,330,0.5
2021,3,24,6,30,-0.1,0,0,83.66,131.87,1.3,324,0.5
2021,3,24,7,30,-0.5,0,0,82.06,137.19,1.5,317,0.5
2021,3,24,8,30,-0.8,0,0,80.56,138.48,1.8,313,0.5
2021,3,24,9,30,-1,0,0,79.2,135.37,1.9000000000000001,314,0.6000000000000001
2021,3,24,10,30,-1,0,0,77.31,128.67000000000002,1.9000000000000001,315,0.6000000000000001
2021,3,24,11,30,-1,0,0,75.96000000000001,119.61,1.9000000000000001,312,0.6000000000000001
2021,3,24,12,30,-0.8,0,0,73.63,109.18,2,308,0.7000000000000001
2021,3,24,13,30,-0.2,4,0,69.94,98.01,2,306,0.7000000000000001
2021,3,24,14,30,2,0,23,62.440000000000005,86.34,2,305,0.6000000000000001
2021,3,24,15,30,5.300000000000001,8,80,56.08,75.01,1.9000000000000001,307,0.6000000000000001
2021,3,24,16,30,8.4,0,103,46.74,63.96,1.8,319,0.5
2021,3,24,17,30,11,0,80,41.44,53.78,1.8,333,0.6000000000000001
2021,3,24,18,30,12.8,0,171,40.15,45.25,1.7000000000000002,339,0.6000000000000001
2021,3,24,19,30,13.700000000000001,0,119,42.5,39.6,1.6,337,0.7000000000000001
2021,3,24,20,30,13.8,7,320,46.12,38.2,1.5,330,0.8
2021,3,24,21,30,13.3,7,321,50.230000000000004,41.5,1.4000000000000001,320,0.9
2021,3,24,22,30,11.9,0,156,56.68,48.52,1.1,308,1
2021,3,24,23,30,11,7,211,64.17,57.85,0.9,302,1
2021,3,25,0,30,8.9,7,134,77.18,68.46000000000001,0.8,301,1.1
2021,3,25,1,30,6.6000000000000005,7,63,89.13,79.69,0.8,301,1.3
2021,3,25,2,30,4.9,7,2,93.99,91.25,1,299,1.4000000000000001
2021,3,25,3,30,4.3,7,0,95.24,102.62,1.2000000000000002,299,1.4000000000000001
2021,3,25,4,30,3.7,7,0,98.25,113.51,1.2000000000000002,303,1.3
2021,3,25,5,30,3.2,7,0,100,123.41,1.1,307,1.2000000000000002
2021,3,25,6,30,2.7,7,0,100,131.55,0.9,309,1.1
2021,3,25,7,30,2.2,7,0,100,136.83,0.8,311,1
2021,3,25,8,30,1.8,4,0,100,138.09,0.8,314,1
2021,3,25,9,30,1.4000000000000001,0,0,100,134.97,0.8,316,0.9
2021,3,25,10,30,1,7,0,100,128.29,0.9,316,0.9
2021,3,25,11,30,0.6000000000000001,7,0,100,119.27,1,315,0.8
2021,3,25,12,30,0.30000000000000004,0,0,100,108.86,1.2000000000000002,313,0.8
2021,3,25,13,30,0.30000000000000004,0,0,100,97.7,1.5,313,0.7000000000000001
2021,3,25,14,30,1.2000000000000002,0,25,94.21000000000001,86.04,1.9000000000000001,315,0.7000000000000001
2021,3,25,15,30,3.5,0,46,78.76,74.7,2.1,326,0.7000000000000001
2021,3,25,16,30,5.9,0,58,64.02,63.64,2.3000000000000003,342,0.7000000000000001
2021,3,25,17,30,7.9,0,66,54.9,53.43,2.3000000000000003,347,0.7000000000000001
2021,3,25,18,30,9.600000000000001,0,70,49.6,44.87,2.3000000000000003,347,0.6000000000000001
2021,3,25,19,30,10.9,0,75,46.87,39.2,2.1,346,0.6000000000000001
2021,3,25,20,30,11.600000000000001,0,77,46.08,37.82,2,345,0.7000000000000001
2021,3,25,21,30,11.9,0,87,46.300000000000004,41.160000000000004,1.9000000000000001,344,0.7000000000000001
2021,3,25,22,30,11.600000000000001,0,191,48.01,48.230000000000004,1.7000000000000002,345,0.7000000000000001
2021,3,25,23,30,11.4,0,88,49.35,57.61,1.7000000000000002,345,0.7000000000000001
2021,3,26,0,30,9.1,0,67,58.51,68.25,1.4000000000000001,347,0.7000000000000001
2021,3,26,1,30,6.2,0,47,77.73,79.49,1.2000000000000002,346,0.7000000000000001
2021,3,26,2,30,3.8000000000000003,0,6,91.29,91.06,1.4000000000000001,341,0.7000000000000001
2021,3,26,3,30,2.7,0,0,94.25,102.42,1.7000000000000002,334,0.6000000000000001
2021,3,26,4,30,1.8,0,0,95.84,113.28,1.7000000000000002,325,0.6000000000000001
2021,3,26,5,30,1,0,0,96.71000000000001,123.14,1.8,319,0.5
2021,3,26,6,30,0.30000000000000004,0,0,97.32000000000001,131.24,1.9000000000000001,314,0.6000000000000001
2021,3,26,7,30,-0.1,0,0,96.71000000000001,136.46,1.9000000000000001,312,0.6000000000000001
2021,3,26,8,30,-0.30000000000000004,0,0,95.93,137.69,1.9000000000000001,311,0.6000000000000001
2021,3,26,9,30,-0.4,0,0,95.83,134.58,2,311,0.6000000000000001
2021,3,26,10,30,-0.5,0,0,95.47,127.92,2,310,0.5
2021,3,26,11,30,-0.8,0,0,94.92,118.92,2.1,310,0.5
2021,3,26,12,30,-1,0,0,93.15,108.53,2,310,0.5
2021,3,26,13,30,-0.6000000000000001,0,0,88.22,97.38,2,310,0.6000000000000001
2021,3,26,14,30,1.6,0,27,76.49,85.74,2,310,0.6000000000000001
2021,3,26,15,30,4.800000000000001,0,51,63.99,74.39,1.9000000000000001,316,0.6000000000000001
2021,3,26,16,30,7.7,0,64,53.99,63.31,1.7000000000000002,327,0.6000000000000001
2021,3,26,17,30,10.200000000000001,0,73,46.160000000000004,53.08,1.6,334,0.6000000000000001
2021,3,26,18,30,12.100000000000001,0,75,41.49,44.49,1.6,338,0.7000000000000001
2021,3,26,19,30,13.4,0,77,39.660000000000004,38.800000000000004,1.6,341,0.7000000000000001
2021,3,26,20,30,14.4,0,76,39.06,37.43,1.6,341,0.7000000000000001
2021,3,26,21,30,14.9,0,72,39.7,40.82,1.5,340,0.8
2021,3,26,22,30,14.9,0,69,41.83,47.95,1.4000000000000001,338,0.8
2021,3,26,23,30,14.8,0,64,44.13,57.38,1.3,337,0.8
2021,3,27,0,30,12.9,0,57,56.43,68.04,0.9,332,0.7000000000000001
2021,3,27,1,30,10,0,42,83.25,79.3,0.9,326,0.7000000000000001
2021,3,27,2,30,7.6000000000000005,0,7,78.77,90.87,1.2000000000000002,322,0.6000000000000001
2021,3,27,3,30,6.5,0,0,81.04,102.22,1.3,322,0.6000000000000001
2021,3,27,4,30,5.800000000000001,0,0,82.91,113.05,1.4000000000000001,323,0.6000000000000001
2021,3,27,5,30,5.5,0,0,82.21000000000001,122.88,1.5,324,0.6000000000000001
2021,3,27,6,30,5.2,0,0,80.87,130.92000000000002,1.5,328,0.6000000000000001
2021,3,27,7,30,4.9,0,0,79.31,136.1,1.5,330,0.6000000000000001
2021,3,27,8,30,4.6000000000000005,0,0,78.07000000000001,137.29,1.5,323,0.6000000000000001
2021,3,27,9,30,4.4,0,0,77.12,134.18,1.6,316,0.6000000000000001
2021,3,27,10,30,4.1000000000000005,0,0,77.23,127.55,1.5,314,0.6000000000000001
2021,3,27,11,30,3.8000000000000003,0,0,77.32000000000001,118.57000000000001,1.4000000000000001,313,0.5
2021,3,27,12,30,3.7,0,0,75.74,108.2,1.2000000000000002,315,0.5
2021,3,27,13,30,4.1000000000000005,0,0,70.81,97.07000000000001,1,319,0.5
2021,3,27,14,30,6.2,0,27,63.64,85.44,1,324,0.5
2021,3,27,15,30,9.700000000000001,0,50,69.91,74.07000000000001,1,329,0.6000000000000001
2021,3,27,16,30,13.3,0,62,50.65,62.980000000000004,0.9,335,0.6000000000000001
2021,3,27,17,30,16.3,0,69,39.02,52.730000000000004,0.7000000000000001,171,0.6000000000000001
2021,3,27,18,30,17.8,0,73,35.230000000000004,44.11,0.6000000000000001,26,0.6000000000000001
2021,3,27,19,30,18.5,0,76,34.87,38.4,0.5,59,0.6000000000000001
2021,3,27,20,30,18.8,0,77,35.79,37.050000000000004,0.5,71,0.7000000000000001
2021,3,27,21,30,18.900000000000002,0,77,37.27,40.49,0.5,69,0.7000000000000001
2021,3,27,22,30,18.6,0,74,39.52,47.68,0.4,56,0.7000000000000001
2021,3,27,23,30,18.3,0,68,42.63,57.14,0.4,47,0.7000000000000001
2021,3,28,0,30,17,0,58,48.56,67.84,0.30000000000000004,41,0.8
2021,3,28,1,30,14.3,0,42,66.95,79.11,0.5,96,0.8
2021,3,28,2,30,12,0,6,62.39,90.15,0.7000000000000001,164,0.7000000000000001
2021,3,28,3,30,10.700000000000001,0,0,66.73,102.01,0.8,197,0.7000000000000001
2021,3,28,4,30,10,0,0,68.73,112.83,0.9,212,0.7000000000000001
2021,3,28,5,30,9.5,0,0,69.77,122.61,0.9,221,0.7000000000000001
2021,3,28,6,30,9.200000000000001,0,0,69.69,130.61,0.8,224,0.7000000000000001
2021,3,28,7,30,9.1,0,0,68.68,135.74,0.7000000000000001,224,0.7000000000000001
2021,3,28,8,30,9.1,0,0,67.27,136.9,0.5,217,0.6000000000000001
2021,3,28,9,30,8.9,0,0,66.36,133.79,0.4,201,0.6000000000000001
2021,3,28,10,30,8.200000000000001,0,0,68.46000000000001,127.18,0.4,185,0.6000000000000001
2021,3,28,11,30,7.4,0,0,71.11,118.23,0.5,185,0.6000000000000001
2021,3,28,12,30,6.7,0,0,73.74,107.88,0.5,202,0.6000000000000001
2021,3,28,13,30,6.300000000000001,0,0,74.84,96.76,0.5,216,0.6000000000000001
2021,3,28,14,30,7.6000000000000005,0,28,70.65,85.14,0.4,222,0.6000000000000001
2021,3,28,15,30,10.200000000000001,0,51,74.59,73.76,0.5,214,0.6000000000000001
2021,3,28,16,30,12.700000000000001,0,63,59.52,62.660000000000004,0.7000000000000001,194,0.6000000000000001
2021,3,28,17,30,15,0,71,51.71,52.38,0.8,179,0.7000000000000001
2021,3,28,18,30,16.8,0,75,45.78,43.74,0.9,171,0.7000000000000001
2021,3,28,19,30,18,0,77,42.31,38.01,1,167,0.7000000000000001
2021,3,28,20,30,18.7,0,78,40.67,36.660000000000004,1,165,0.7000000000000001
2021,3,28,21,30,19,0,78,40.36,40.160000000000004,1.1,168,0.8
2021,3,28,22,30,18.6,0,74,41.4,47.4,1,177,0.7000000000000001
2021,3,28,23,30,18.3,0,68,42.480000000000004,56.910000000000004,1,182,0.7000000000000001
2021,3,29,0,30,15.200000000000001,0,59,51.78,67.63,0.7000000000000001,211,0.7000000000000001
2021,3,29,1,30,11.4,0,43,79.88,78.92,0.5,241,0.6000000000000001
2021,3,29,2,30,8.200000000000001,0,7,88.99,89.98,0.7000000000000001,273,0.5
2021,3,29,3,30,6.4,0,0,94.35000000000001,101.81,0.9,291,0.5
2021,3,29,4,30,5.4,0,0,91.67,112.60000000000001,1.1,300,0.6000000000000001
2021,3,29,5,30,4.7,7,0,88.59,122.35000000000001,1.4000000000000001,301,0.6000000000000001
2021,3,29,6,30,4,7,0,91.42,130.3,1.4000000000000001,301,0.6000000000000001
2021,3,29,7,30,3.4000000000000004,7,0,94.71000000000001,135.37,1.3,305,0.7000000000000001
2021,3,29,8,30,3,0,0,96.2,136.51,1.4000000000000001,310,0.8
2021,3,29,9,30,2.7,0,0,96.88,133.4,1.6,312,0.8
2021,3,29,10,30,2.4000000000000004,0,0,99.02,126.81,1.8,313,0.8
2021,3,29,11,30,2,0,0,100,117.88,2.1,315,0.7000000000000001
2021,3,29,12,30,1.4000000000000001,0,0,100,107.56,2.3000000000000003,318,0.5
2021,3,29,13,30,1.1,0,0,99.79,96.45,2.6,320,0.4
2021,3,29,14,30,1.7000000000000002,0,31,84.99,84.84,3,324,0.30000000000000004
2021,3,29,15,30,3.2,0,57,64.61,73.45,3.3000000000000003,332,0.30000000000000004
2021,3,29,16,30,5.1000000000000005,0,71,46.74,62.33,3.3000000000000003,340,0.2
2021,3,29,17,30,7.2,0,80,37.800000000000004,52.03,3.2,346,0.30000000000000004
2021,3,29,18,30,9.1,0,85,33.6,43.36,3.1,348,0.30000000000000004
2021,3,29,19,30,10.600000000000001,0,87,31.96,37.61,3.1,349,0.30000000000000004
2021,3,29,20,30,11.600000000000001,0,91,31.62,36.28,3,349,0.30000000000000004
2021,3,29,21,30,12.100000000000001,0,92,32.15,39.83,2.9000000000000004,348,0.30000000000000004
2021,3,29,22,30,12.100000000000001,0,88,33.72,47.12,2.8000000000000003,347,0.30000000000000004
2021,3,29,23,30,11.9,0,80,36.01,56.68,2.7,347,0.30000000000000004
2021,3,30,0,30,10,0,69,44.61,67.43,2.3000000000000003,337,0.30000000000000004
2021,3,30,1,30,7.300000000000001,0,50,60.910000000000004,78.72,2.1,332,0.30000000000000004
2021,3,30,2,30,5,0,10,68.18,89.81,2.1,331,0.30000000000000004
2021,3,30,3,30,4.1000000000000005,0,0,68.82000000000001,101.60000000000001,2.2,331,0.30000000000000004
2021,3,30,4,30,3.4000000000000004,0,0,68.52,112.37,2.3000000000000003,330,0.30000000000000004
2021,3,30,5,30,2.7,0,0,68.32000000000001,122.08,2.3000000000000003,325,0.30000000000000004
2021,3,30,6,30,2,0,0,69.23,129.98,2.2,321,0.30000000000000004
2021,3,30,7,30,1.5,0,0,68.96000000000001,135.01,2.2,319,0.30000000000000004
2021,3,30,8,30,1.2000000000000002,0,0,67.48,136.11,2.2,318,0.30000000000000004
2021,3,30,9,30,1,0,0,65.34,133.01,2.3000000000000003,318,0.30000000000000004
2021,3,30,10,30,0.8,0,0,64.29,126.44,2.4000000000000004,317,0.30000000000000004
2021,3,30,11,30,0.7000000000000001,0,0,63.440000000000005,117.54,2.5,316,0.30000000000000004
2021,3,30,12,30,0.5,0,0,63.68,107.23,2.6,315,0.30000000000000004
2021,3,30,13,30,0.8,0,0,61.52,96.14,2.7,313,0.30000000000000004
2021,3,30,14,30,2.2,0,32,55.79,84.54,2.8000000000000003,312,0.30000000000000004
2021,3,30,15,30,4.7,0,56,48.79,73.14,2.8000000000000003,314,0.30000000000000004
2021,3,30,16,30,7.4,0,69,41.84,62.01,2.7,321,0.30000000000000004
2021,3,30,17,30,9.8,0,78,37.53,51.69,2.7,327,0.4
2021,3,30,18,30,11.9,0,82,34.76,42.99,2.6,333,0.4
2021,3,30,19,30,13.4,0,84,33.95,37.22,2.6,338,0.4
2021,3,30,20,30,14.5,0,85,34.15,35.9,2.5,341,0.5
2021,3,30,21,30,15.200000000000001,0,82,34.9,39.5,2.3000000000000003,342,0.5
2021,3,30,22,30,15.3,0,79,36.87,46.85,2.1,342,0.5
2021,3,30,23,30,15.200000000000001,0,72,39.54,56.45,2.1,341,0.5
2021,3,31,0,30,13,0,63,50,67.23,1.6,332,0.5
2021,3,31,1,30,9.3,0,46,73.94,78.53,1.4000000000000001,326,0.5
2021,3,31,2,30,6.300000000000001,0,9,82.26,89.65,1.3,321,0.5
2021,3,31,3,30,5.1000000000000005,0,0,82.67,101.4,1.3,318,0.5
2021,3,31,4,30,4.5,0,0,81.24,112.14,1.2000000000000002,318,0.4
2021,3,31,5,30,3.9000000000000004,0,0,80.33,121.82000000000001,1.2000000000000002,317,0.4
2021,3,31,6,30,3.4000000000000004,0,0,79.35000000000001,129.67000000000002,1.3,314,0.4
2021,3,31,7,30,2.9000000000000004,0,0,78.17,134.65,1.5,311,0.4
2021,3,31,8,30,2.7,0,0,73.9,135.72,1.7000000000000002,309,0.4
2021,3,31,9,30,2.4000000000000004,0,0,71.05,132.62,1.6,308,0.30000000000000004
2021,3,31,10,30,2,0,0,70.44,126.07000000000001,1.3,308,0.30000000000000004
2021,3,31,11,30,1.5,0,0,70.91,117.2,1.1,313,0.30000000000000004
2021,3,31,12,30,1,0,0,72.58,106.91,1,319,0.30000000000000004
2021,3,31,13,30,1.4000000000000001,0,0,70.68,95.83,1,317,0.30000000000000004
2021,3,31,14,30,4.2,0,32,65.08,84.24,1.3,312,0.30000000000000004
2021,3,31,15,30,8,0,54,59.980000000000004,72.84,1.4000000000000001,313,0.30000000000000004
2021,3,31,16,30,10.9,0,67,46.050000000000004,61.690000000000005,1,322,0.30000000000000004
2021,3,31,17,30,13.600000000000001,0,74,40.28,51.35,0.6000000000000001,343,0.4
2021,3,31,18,30,15.8,0,80,34.42,42.62,0.4,216,0.4
2021,3,31,19,30,17.3,0,107,31.23,36.83,0.4,81,0.4
2021,3,31,20,30,18.1,0,84,30.98,35.52,0.4,90,0.5
2021,3,31,21,30,18.5,0,82,31.740000000000002,39.17,0.4,89,0.5
2021,3,31,22,30,18.400000000000002,0,78,33.6,46.58,0.30000000000000004,87,0.5
2021,3,31,23,30,18.3,0,72,35.89,56.22,0.30000000000000004,86,0.5
2021,4,1,0,30,16.8,0,67,41.39,67.02,0.2,141,0.5
2021,4,1,1,30,14.4,0,49,57.27,78.35000000000001,0.5,218,0.5
2021,4,1,2,30,12.100000000000001,0,10,51.69,89.49,0.8,258,0.5
2021,4,1,3,30,10.700000000000001,0,0,54.96,101.2,0.9,262,0.5
2021,4,1,4,30,10.100000000000001,0,0,55.19,111.91,0.9,257,0.5
2021,4,1,5,30,9.600000000000001,0,0,53.92,121.55,1,244,0.5
2021,4,1,6,30,8.8,0,0,55.09,129.36,1,231,0.5
2021,4,1,7,30,7.7,0,0,58.38,134.29,1.1,225,0.4
2021,4,1,8,30,6.7,0,0,62.550000000000004,135.33,1.1,227,0.4
2021,4,1,9,30,6.5,0,0,62.4,132.23,1,231,0.4
2021,4,1,10,30,6.6000000000000005,0,0,59.910000000000004,125.7,0.9,233,0.30000000000000004
2021,4,1,11,30,6.5,0,0,58.870000000000005,116.85000000000001,0.7000000000000001,227,0.30000000000000004
2021,4,1,12,30,6.4,0,0,57.300000000000004,106.59,0.5,219,0.30000000000000004
2021,4,1,13,30,6.6000000000000005,0,0,53.78,95.52,0.30000000000000004,196,0.30000000000000004
2021,4,1,14,30,8.200000000000001,0,34,50.04,83.94,0.2,131,0.30000000000000004
2021,4,1,15,30,11,0,59,58.72,72.53,0.30000000000000004,146,0.4
2021,4,1,16,30,13.600000000000001,0,74,47.86,61.370000000000005,0.6000000000000001,199,0.4
2021,4,1,17,30,15.8,0,84,39.410000000000004,51,0.8,187,0.5
2021,4,1,18,30,17.5,0,91,31.7,42.25,1,181,0.5
2021,4,1,19,30,18.5,0,96,30.18,36.43,1,172,0.5
2021,4,1,20,30,19.200000000000003,0,93,29.41,35.14,1,164,0.6000000000000001
2021,4,1,21,30,19.5,0,86,29.67,38.84,1.1,159,0.6000000000000001
2021,4,1,22,30,19.200000000000003,0,82,31.6,46.32,1,159,0.7000000000000001
2021,4,1,23,30,19,0,75,34.11,56,1,160,0.7000000000000001
2021,4,2,0,30,16.3,0,65,43.910000000000004,66.83,0.7000000000000001,161,0.7000000000000001
2021,4,2,1,30,13,0,47,76.72,78.16,0.6000000000000001,164,0.7000000000000001
2021,4,2,2,30,10.700000000000001,0,11,72.77,89.32000000000001,0.8,179,0.7000000000000001
2021,4,2,3,30,9.700000000000001,0,0,70.77,100.99000000000001,0.8,200,0.6000000000000001
2021,4,2,4,30,8.9,0,0,71.33,111.68,0.8,220,0.6000000000000001
2021,4,2,5,30,8.200000000000001,0,0,71.10000000000001,121.29,0.9,235,0.5
2021,4,2,6,30,7.4,0,0,71.14,129.04,1,246,0.5
2021,4,2,7,30,6.6000000000000005,0,0,70.74,133.92000000000002,1,253,0.4
2021,4,2,8,30,6,0,0,68.84,134.94,1,258,0.4
2021,4,2,9,30,5.4,0,0,67.04,131.84,1,265,0.4
2021,4,2,10,30,5,0,0,64.78,125.34,0.9,274,0.30000000000000004
2021,4,2,11,30,5,4,0,60.72,116.51,0.8,282,0.30000000000000004
2021,4,2,12,30,5.1000000000000005,0,0,56.07,106.27,0.6000000000000001,287,0.30000000000000004
2021,4,2,13,30,5.4,0,0,52.08,95.21000000000001,0.5,281,0.30000000000000004
2021,4,2,14,30,7.5,0,34,48.31,83.65,0.30000000000000004,250,0.30000000000000004
2021,4,2,15,30,10.8,0,57,55.58,72.23,0.4,186,0.30000000000000004
2021,4,2,16,30,13.8,0,69,37.89,61.06,1,148,0.4
2021,4,2,17,30,16.1,0,81,32.36,50.67,1.4000000000000001,150,0.4
2021,4,2,18,30,17.8,0,104,28.47,41.88,1.6,151,0.4
2021,4,2,19,30,18.7,8,163,27.18,36.04,1.6,151,0.5
2021,4,2,20,30,18.900000000000002,7,164,27.63,34.77,1.6,151,0.5
2021,4,2,21,30,18.6,7,172,29.8,38.52,1.6,152,0.5
2021,4,2,22,30,18.1,0,102,33.7,46.050000000000004,1.5,156,0.5
2021,4,2,23,30,17.900000000000002,7,146,35.96,55.77,1.4000000000000001,158,0.5
2021,4,3,0,30,15.3,0,69,45.25,66.63,1,165,0.5
2021,4,3,1,30,11.5,0,52,76.10000000000001,77.97,0.7000000000000001,174,0.5
2021,4,3,2,30,8.9,0,11,85.63,89.15,0.7000000000000001,187,0.5
2021,4,3,3,30,8.1,7,0,88.3,100.79,0.6000000000000001,186,0.5
2021,4,3,4,30,7.6000000000000005,7,0,90.59,111.46000000000001,0.6000000000000001,172,0.5
2021,4,3,5,30,7,0,0,91.45,121.02,0.6000000000000001,156,0.5
2021,4,3,6,30,6.5,0,0,91.9,128.73,0.6000000000000001,141,0.5
2021,4,3,7,30,5.7,0,0,93.36,133.56,0.6000000000000001,124,0.5
2021,4,3,8,30,4.6000000000000005,0,0,96.39,134.55,0.6000000000000001,109,0.5
2021,4,3,9,30,3.6,0,0,96.72,131.45,0.6000000000000001,97,0.5
2021,4,3,10,30,3.3000000000000003,0,0,95.11,124.97,0.7000000000000001,88,0.6000000000000001
2021,4,3,11,30,3.2,0,0,94.39,116.17,0.7000000000000001,82,0.6000000000000001
2021,4,3,12,30,3,0,0,93.97,105.95,0.7000000000000001,81,0.6000000000000001
2021,4,3,13,30,3.4000000000000004,0,0,88.79,94.91,0.6000000000000001,85,0.7000000000000001
2021,4,3,14,30,5.6000000000000005,0,38,81.13,83.35000000000001,0.6000000000000001,91,0.7000000000000001
2021,4,3,15,30,8.8,0,67,67.83,71.93,0.9,106,0.8
2021,4,3,16,30,11.4,0,84,55.4,60.74,1.2000000000000002,124,0.8
2021,4,3,17,30,13.700000000000001,0,99,45.82,50.33,1.4000000000000001,134,0.9
2021,4,3,18,30,15.3,0,145,40.6,41.51,1.5,138,1
2021,4,3,19,30,16.1,0,132,38.4,35.660000000000004,1.5,135,1.1
2021,4,3,20,30,16.2,7,185,38.79,34.39,1.5,132,1.1
2021,4,3,21,30,16,7,194,40.09,38.2,1.4000000000000001,131,1.1
2021,4,3,22,30,15.600000000000001,7,196,42.44,45.79,1.3,131,1.1
2021,4,3,23,30,15.3,7,150,45.65,55.550000000000004,1.3,131,1.1
2021,4,4,0,30,12.8,7,112,58.1,66.43,0.9,115,1.1
2021,4,4,1,30,10.600000000000001,7,71,74.05,77.78,0.7000000000000001,107,1.1
2021,4,4,2,30,8.9,7,8,80.85000000000001,88.98,0.7000000000000001,107,1.1
2021,4,4,3,30,7.300000000000001,0,0,91.11,100.58,0.7000000000000001,112,1
2021,4,4,4,30,5.9,0,0,96.97,111.23,0.6000000000000001,117,1
2021,4,4,5,30,5.1000000000000005,0,0,99.69,120.75,0.6000000000000001,116,0.9
2021,4,4,6,30,4.4,0,0,100,128.42000000000002,0.5,109,0.9
2021,4,4,7,30,3.6,0,0,100,133.21,0.6000000000000001,105,0.9
2021,4,4,8,30,3.1,0,0,100,134.17000000000002,0.6000000000000001,100,0.8
2021,4,4,9,30,2.8000000000000003,0,0,100,131.07,0.6000000000000001,92,0.8
2021,4,4,10,30,2.7,0,0,100,124.61,0.6000000000000001,95,0.8
2021,4,4,11,30,2.6,0,0,100,115.84,0.6000000000000001,108,0.8
2021,4,4,12,30,2.5,0,0,100,105.63,0.5,116,0.8
2021,4,4,13,30,2.8000000000000003,0,0,100,94.60000000000001,0.4,119,0.8
2021,4,4,14,30,4.2,0,42,97.25,83.05,0.4,130,0.9
2021,4,4,15,30,6.4,0,74,83.45,71.62,0.5,147,0.9
2021,4,4,16,30,8.8,0,91,71,60.43,0.5,146,1
2021,4,4,17,30,11.100000000000001,0,96,60.76,49.99,0.5,136,1
2021,4,4,18,30,13,0,96,53.86,41.15,0.6000000000000001,136,1
2021,4,4,19,30,14.4,0,146,49.38,35.27,0.6000000000000001,139,1
2021,4,4,20,30,15.100000000000001,0,166,47.22,34.02,0.6000000000000001,138,1
2021,4,4,21,30,15.4,7,300,46.59,37.88,0.7000000000000001,133,1.1
2021,4,4,22,30,15.4,7,185,47.17,45.52,0.8,130,1.1
2021,4,4,23,30,15.3,0,84,48.4,55.33,0.8,129,1.1
2021,4,5,0,30,13.600000000000001,0,68,55.29,66.23,0.8,126,1.1
2021,4,5,1,30,10.3,0,50,78.96000000000001,77.60000000000001,0.7000000000000001,132,1.1
2021,4,5,2,30,7.1000000000000005,0,14,95.37,88.81,0.6000000000000001,143,1
2021,4,5,3,30,6,0,0,97.47,100.38,0.6000000000000001,152,1
2021,4,5,4,30,5.7,0,0,97.06,111,0.5,157,1
2021,4,5,5,30,5.6000000000000005,7,0,96.28,120.49000000000001,0.30000000000000004,156,1
2021,4,5,6,30,5.7,0,0,95.10000000000001,128.1,0.30000000000000004,139,1
2021,4,5,7,30,5.5,7,0,96.76,132.85,0.30000000000000004,127,1
2021,4,5,8,30,5,7,0,100,133.78,0.4,133,1
2021,4,5,9,30,4.7,7,0,100,130.69,0.4,144,1
2021,4,5,10,30,4.5,8,0,100,124.25,0.4,149,1
2021,4,5,11,30,4.3,8,0,100,115.5,0.4,150,1
2021,4,5,12,30,4.2,8,0,100,105.31,0.30000000000000004,155,1.1
2021,4,5,13,30,4.7,7,0,100,94.3,0.30000000000000004,168,1.1
2021,4,5,14,30,6.4,0,39,92.58,82.76,0.30000000000000004,182,1.1
2021,4,5,15,30,8.9,0,74,81.96000000000001,71.33,0.4,191,0.9
2021,4,5,16,30,11.5,0,88,69.15,60.120000000000005,0.30000000000000004,154,0.8
2021,4,5,17,30,13.700000000000001,0,87,56.63,49.660000000000004,0.4,99,0.7000000000000001
2021,4,5,18,30,15.4,0,90,48.17,40.79,0.6000000000000001,85,0.7000000000000001
2021,4,5,19,30,16.5,0,95,43.85,34.88,0.7000000000000001,81,0.7000000000000001
2021,4,5,20,30,17.2,0,94,41.88,33.65,0.8,76,0.7000000000000001
2021,4,5,21,30,17.5,0,91,41.32,37.56,0.8,69,0.8
2021,4,5,22,30,17.3,0,87,41.78,45.27,0.7000000000000001,61,0.8
2021,4,5,23,30,17.1,0,79,42.4,55.11,0.7000000000000001,57,0.8
2021,4,6,0,30,15.200000000000001,0,69,49.29,66.04,0.5,74,0.8
2021,4,6,1,30,12.4,0,51,70.2,77.41,0.5,121,0.8
2021,4,6,2,30,9.5,0,14,81.37,88.64,0.8,170,0.8
2021,4,6,3,30,8.1,0,0,84.8,100.18,0.8,193,0.7000000000000001
2021,4,6,4,30,7.6000000000000005,0,0,86.83,110.77,0.7000000000000001,201,0.7000000000000001
2021,4,6,5,30,7.5,0,0,85.18,120.22,0.6000000000000001,188,0.7000000000000001
2021,4,6,6,30,7.4,0,0,82.97,127.79,0.5,122,0.7000000000000001
2021,4,6,7,30,6.800000000000001,0,0,84.71000000000001,132.49,0.6000000000000001,66,0.7000000000000001
2021,4,6,8,30,5.9,0,0,88.95,133.4,0.7000000000000001,64,0.7000000000000001
2021,4,6,9,30,5,0,0,92.63,130.31,0.8,67,0.7000000000000001
2021,4,6,10,30,4.3,0,0,94.61,123.89,0.8,68,0.7000000000000001
2021,4,6,11,30,3.9000000000000004,0,0,94.54,115.16,0.8,68,0.6000000000000001
2021,4,6,12,30,3.8000000000000003,0,0,92.13,105,0.7000000000000001,62,0.6000000000000001
2021,4,6,13,30,4.3,0,0,86.15,94,0.5,200,0.6000000000000001
2021,4,6,14,30,6.5,0,40,77.18,82.47,0.30000000000000004,291,0.6000000000000001
2021,4,6,15,30,9.700000000000001,0,65,68.35000000000001,71.03,0.30000000000000004,221,0.6000000000000001
2021,4,6,16,30,12.4,0,78,58.160000000000004,59.81,0.30000000000000004,173,0.6000000000000001
2021,4,6,17,30,14.700000000000001,0,83,49.1,49.33,0.4,133,0.6000000000000001
2021,4,6,18,30,16.3,0,86,43.19,40.43,0.4,121,0.7000000000000001
2021,4,6,19,30,17.5,0,88,39.480000000000004,34.5,0.5,119,0.7000000000000001
2021,4,6,20,30,18.3,0,87,37.300000000000004,33.28,0.6000000000000001,119,0.7000000000000001
2021,4,6,21,30,18.5,0,85,36.94,37.25,0.7000000000000001,122,0.8
2021,4,6,22,30,18.2,0,100,38.01,45.01,0.8,128,0.8
2021,4,6,23,30,17.900000000000002,0,109,39.18,54.9,0.9,131,0.8
2021,4,7,0,30,15.4,0,68,48.13,65.84,0.7000000000000001,134,0.8
2021,4,7,1,30,12,0,55,73.92,77.23,0.6000000000000001,132,0.8
2021,4,7,2,30,9.200000000000001,0,15,88.26,88.46000000000001,0.6000000000000001,137,0.8
2021,4,7,3,30,8.4,0,0,88.74,99.97,0.6000000000000001,143,0.8
2021,4,7,4,30,7.800000000000001,0,0,90.21000000000001,110.54,0.6000000000000001,147,0.7000000000000001
2021,4,7,5,30,7.2,0,0,91.5,119.96000000000001,0.5,152,0.7000000000000001
2021,4,7,6,30,6.5,0,0,93.28,127.48,0.5,160,0.7000000000000001
2021,4,7,7,30,5.7,0,0,96.9,132.14000000000001,0.5,166,0.6000000000000001
2021,4,7,8,30,5.1000000000000005,0,0,99.64,133.02,0.4,179,0.6000000000000001
2021,4,7,9,30,4.800000000000001,0,0,100,129.93,0.4,205,0.6000000000000001
2021,4,7,10,30,4.6000000000000005,0,0,99.75,123.53,0.4,229,0.6000000000000001
2021,4,7,11,30,4.5,0,0,98.49000000000001,114.83,0.4,241,0.6000000000000001
2021,4,7,12,30,4.3,0,0,98.73,104.69,0.4,246,0.6000000000000001
2021,4,7,13,30,4.5,0,0,95.83,93.7,0.30000000000000004,254,0.6000000000000001
2021,4,7,14,30,5.9,0,42,88.16,82.18,0.30000000000000004,213,0.6000000000000001
2021,4,7,15,30,8.3,0,65,74.88,70.74,0.4,147,0.6000000000000001
2021,4,7,16,30,10.9,0,78,60.22,59.51,0.7000000000000001,128,0.6000000000000001
2021,4,7,17,30,13.4,0,83,48.99,49.01,0.8,126,0.7000000000000001
2021,4,7,18,30,15.3,0,84,40.14,40.07,0.9,123,0.7000000000000001
2021,4,7,19,30,16.400000000000002,0,87,35.84,34.12,1,122,0.7000000000000001
2021,4,7,20,30,17,0,87,34.29,32.92,1,123,0.8
2021,4,7,21,30,17.2,0,84,34,36.94,0.9,120,0.8
2021,4,7,22,30,16.900000000000002,0,81,35.12,44.75,0.9,116,0.8
2021,4,7,23,30,16.7,0,76,35.800000000000004,54.68,0.8,114,0.8
2021,4,8,0,30,14.5,0,66,42.78,65.65,0.5,120,0.8
2021,4,8,1,30,11.8,0,51,61.17,77.04,0.30000000000000004,152,0.7000000000000001
2021,4,8,2,30,8.8,0,16,73.16,88.29,0.5,219,0.7000000000000001
2021,4,8,3,30,6.4,0,0,86.34,99.77,0.7000000000000001,265,0.7000000000000001
2021,4,8,4,30,4.9,0,0,95.01,110.31,0.7000000000000001,277,0.6000000000000001
2021,4,8,5,30,3.8000000000000003,0,0,98.9,119.69,0.6000000000000001,278,0.6000000000000001
2021,4,8,6,30,3,0,0,100,127.17,0.6000000000000001,278,0.5
2021,4,8,7,30,2.1,0,0,100,131.78,0.6000000000000001,280,0.5
2021,4,8,8,30,1.3,0,0,100,132.64000000000001,0.7000000000000001,284,0.4
2021,4,8,9,30,0.7000000000000001,0,0,100,129.55,0.8,292,0.4
2021,4,8,10,30,0.5,0,0,97.63,123.17,0.9,301,0.4
2021,4,8,11,30,0.4,0,0,95.25,114.5,1,308,0.5
2021,4,8,12,30,0.2,0,0,95.27,104.38,1.1,314,0.6000000000000001
2021,4,8,13,30,1.2000000000000002,0,0,88.35000000000001,93.4,1.3,315,0.6000000000000001
2021,4,8,14,30,4.2,0,39,77.56,81.9,1.5,317,0.7000000000000001
2021,4,8,15,30,7.9,0,61,59.99,70.45,1.4000000000000001,327,0.8
2021,4,8,16,30,11,0,74,48.050000000000004,59.2,1.4000000000000001,339,0.8
2021,4,8,17,30,13.3,0,81,40.59,48.68,1.3,342,0.8
2021,4,8,18,30,14.9,0,86,37.300000000000004,39.71,1.2000000000000002,341,0.9
2021,4,8,19,30,16.1,0,88,36.2,33.74,1.1,343,0.9
2021,4,8,20,30,16.8,0,86,36.39,32.55,1,346,0.9
2021,4,8,21,30,17,0,81,37.32,36.63,0.9,345,0.9
2021,4,8,22,30,16.900000000000002,0,77,38.27,44.5,0.9,344,0.9
2021,4,8,23,30,16.7,0,71,39.37,54.47,0.8,344,0.9
2021,4,9,0,30,14.600000000000001,0,62,45.83,65.46000000000001,0.6000000000000001,345,0.9
2021,4,9,1,30,11.5,0,47,66.3,76.86,0.5,341,0.8
2021,4,9,2,30,8.3,0,17,87.15,88.11,0.6000000000000001,327,0.8
2021,4,9,3,30,6.6000000000000005,0,0,90.43,99.57000000000001,0.7000000000000001,310,0.8
2021,4,9,4,30,5.5,0,0,96.27,110.08,0.8,299,0.8
2021,4,9,5,30,4.6000000000000005,0,0,100,119.42,0.9,297,0.8
2021,4,9,6,30,4,0,0,100,126.86,0.9,300,0.8
2021,4,9,7,30,3.6,0,0,100,131.43,1,303,0.8
2021,4,9,8,30,3.3000000000000003,0,0,100,132.27,1.1,303,0.8
2021,4,9,9,30,3,0,0,100,129.18,1.2000000000000002,304,0.8
2021,4,9,10,30,2.6,0,0,100,122.82000000000001,1.2000000000000002,304,0.8
2021,4,9,11,30,2.3000000000000003,0,0,100,114.17,1.3,303,0.7000000000000001
2021,4,9,12,30,1.8,0,0,100,104.07000000000001,1.2000000000000002,302,0.7000000000000001
2021,4,9,13,30,2.4000000000000004,0,0,95.32000000000001,93.11,1.2000000000000002,300,0.7000000000000001
2021,4,9,14,30,5.1000000000000005,0,39,80.19,81.61,1.3,303,0.6000000000000001
2021,4,9,15,30,8.6,0,59,62.54,70.16,1.1,313,0.6000000000000001
2021,4,9,16,30,11.9,0,71,48.980000000000004,58.9,0.5,313,0.6000000000000001
2021,4,9,17,30,14.5,0,78,40.11,48.36,0.30000000000000004,230,0.6000000000000001
2021,4,9,18,30,16.3,0,82,36.51,39.36,0.6000000000000001,150,0.7000000000000001
2021,4,9,19,30,17.400000000000002,0,85,34.82,33.37,0.7000000000000001,143,0.7000000000000001
2021,4,9,20,30,18,0,86,33.92,32.19,0.8,140,0.7000000000000001
2021,4,9,21,30,18.2,0,85,33.85,36.32,0.9,136,0.7000000000000001
2021,4,9,22,30,17.900000000000002,0,81,34.93,44.25,0.8,130,0.8
2021,4,9,23,30,17.7,0,75,35.38,54.26,0.8,127,0.8
2021,4,10,0,30,15.600000000000001,0,66,41.68,65.27,0.6000000000000001,122,0.8
2021,4,10,1,30,12.5,0,50,61.57,76.68,0.4,142,0.8
2021,4,10,2,30,9.3,0,18,78.68,87.94,0.4,196,0.8
2021,4,10,3,30,7.1000000000000005,0,0,86.18,99.37,0.6000000000000001,244,0.8
2021,4,10,4,30,5.5,0,0,94.54,109.85000000000001,0.6000000000000001,267,0.8
2021,4,10,5,30,4.4,0,0,97.62,119.16,0.5,280,0.8
2021,4,10,6,30,3.7,0,0,99.25,126.55,0.5,283,0.8
2021,4,10,7,30,3.1,0,0,99.47,131.08,0.6000000000000001,283,0.8
2021,4,10,8,30,2.6,0,0,98.98,131.89000000000001,0.7000000000000001,287,0.8
2021,4,10,9,30,2,0,0,99.78,128.81,0.9,293,0.8
2021,4,10,10,30,1.6,0,0,99.12,122.47,1,298,0.8
2021,4,10,11,30,1.2000000000000002,0,0,98.27,113.84,1.1,303,0.7000000000000001
2021,4,10,12,30,0.8,0,0,96.34,103.76,1.3,307,0.7000000000000001
2021,4,10,13,30,1.6,0,0,85.61,92.82000000000001,1.5,307,0.7000000000000001
2021,4,10,14,30,4.6000000000000005,0,41,70.78,81.33,1.6,311,0.7000000000000001
2021,4,10,15,30,8.200000000000001,0,64,51.59,69.87,1.7000000000000002,323,0.7000000000000001
2021,4,10,16,30,11.3,0,77,41.97,58.61,1.7000000000000002,336,0.6000000000000001
2021,4,10,17,30,13.9,0,80,36.19,48.04,1.6,342,0.6000000000000001
2021,4,10,18,30,16,0,79,32.79,39.01,1.6,344,0.6000000000000001
2021,4,10,19,30,17.5,0,80,31.01,32.99,1.6,342,0.6000000000000001
2021,4,10,20,30,18.3,0,80,31.14,31.830000000000002,1.5,339,0.6000000000000001
2021,4,10,21,30,18.7,0,78,31.89,36.02,1.5,335,0.6000000000000001
2021,4,10,22,30,18.5,0,74,33.28,44,1.5,334,0.6000000000000001
2021,4,10,23,30,18.3,0,68,34.36,54.050000000000004,1.5,333,0.6000000000000001
2021,4,11,0,30,16,0,59,41.42,65.08,1.2000000000000002,331,0.7000000000000001
2021,4,11,1,30,12.5,0,45,61.6,76.5,0.9,324,0.7000000000000001
2021,4,11,2,30,8.9,0,18,84.05,87.77,1,314,0.7000000000000001
2021,4,11,3,30,7.2,0,0,87.99,99.16,1.5,310,0.7000000000000001
2021,4,11,4,30,6.2,0,0,91.18,109.62,1.9000000000000001,310,0.7000000000000001
2021,4,11,5,30,5.300000000000001,0,0,93.11,118.89,2,312,0.7000000000000001
2021,4,11,6,30,4.5,0,0,93.78,126.24000000000001,2,314,0.7000000000000001
2021,4,11,7,30,3.8000000000000003,0,0,93.60000000000001,130.73,2,315,0.6000000000000001
2021,4,11,8,30,3.2,0,0,92.11,131.52,2.1,314,0.6000000000000001
2021,4,11,9,30,2.6,0,0,89.98,128.44,2.1,312,0.5
2021,4,11,10,30,2.2,0,0,86.27,122.12,2.1,310,0.5
2021,4,11,11,30,1.8,0,0,83.38,113.52,2.1,308,0.5
2021,4,11,12,30,1.5,0,0,81.71000000000001,103.46000000000001,2,309,0.5
2021,4,11,13,30,2.5,0,0,74.38,92.53,1.8,311,0.5
2021,4,11,14,30,5.300000000000001,0,39,63.300000000000004,81.05,1.8,313,0.5
2021,4,11,15,30,8.5,0,57,51,69.59,1.7000000000000002,322,0.5
2021,4,11,16,30,11.5,0,70,43.31,58.31,1.5,334,0.5
2021,4,11,17,30,14.3,0,75,37.33,47.730000000000004,1.5,340,0.5
2021,4,11,18,30,16.5,0,78,32.96,38.67,1.6,344,0.6000000000000001
2021,4,11,19,30,18.2,0,81,30.03,32.62,1.7000000000000002,346,0.6000000000000001
2021,4,11,20,30,19.3,0,82,28.35,31.48,1.7000000000000002,348,0.6000000000000001
2021,4,11,21,30,19.8,0,79,27.88,35.71,1.7000000000000002,348,0.7000000000000001
2021,4,11,22,30,19.700000000000003,0,75,28.57,43.76,1.7000000000000002,348,0.7000000000000001
2021,4,11,23,30,19.5,0,69,30.09,53.84,1.6,347,0.7000000000000001
2021,4,12,0,30,17.6,0,61,36.660000000000004,64.9,1.2000000000000002,346,0.7000000000000001
2021,4,12,1,30,14.3,0,53,54.58,76.32000000000001,0.9,343,0.7000000000000001
2021,4,12,2,30,10.9,7,17,71.26,87.59,1.1,335,0.7000000000000001
2021,4,12,3,30,9.3,7,0,72.84,98.96000000000001,1.2000000000000002,326,0.7000000000000001
2021,4,12,4,30,8.5,0,0,76.32000000000001,109.4,1.4000000000000001,319,0.7000000000000001
2021,4,12,5,30,8.1,0,0,76.84,118.63,1.8,314,0.6000000000000001
2021,4,12,6,30,7.4,0,0,77.42,125.93,2.1,311,0.6000000000000001
2021,4,12,7,30,6.2,0,0,78.31,130.38,1.7000000000000002,313,0.6000000000000001
2021,4,12,8,30,5.1000000000000005,0,0,77.74,131.15,1.3,316,0.5
2021,4,12,9,30,4.2,0,0,76.72,128.07,1.3,314,0.5
2021,4,12,10,30,3.5,0,0,75.24,121.77,1.4000000000000001,311,0.5
2021,4,12,11,30,2.9000000000000004,0,0,75.06,113.19,1.4000000000000001,310,0.5
2021,4,12,12,30,2.6,0,0,74.08,103.15,1.6,310,0.5
2021,4,12,13,30,3.6,0,0,66.61,92.24,1.9000000000000001,309,0.5
2021,4,12,14,30,6.5,0,38,58.38,80.77,1.9000000000000001,308,0.5
2021,4,12,15,30,10.200000000000001,0,57,45.980000000000004,69.31,1.6,317,0.5
2021,4,12,16,30,13.8,0,68,35.300000000000004,58.02,1.3,331,0.5
2021,4,12,17,30,16.7,0,74,29.02,47.42,1.2000000000000002,340,0.5
2021,4,12,18,30,18.6,0,77,25.73,38.33,1.3,345,0.5
2021,4,12,19,30,19.8,0,80,24.57,32.25,1.3,347,0.6000000000000001
2021,4,12,20,30,20.6,0,83,24.16,31.12,1.3,348,0.6000000000000001
2021,4,12,21,30,20.900000000000002,0,83,24.54,35.42,1.2000000000000002,345,0.6000000000000001
2021,4,12,22,30,20.700000000000003,0,80,25.78,43.51,1.1,339,0.6000000000000001
2021,4,12,23,30,20.400000000000002,0,74,27.45,53.64,1,334,0.7000000000000001
2021,4,13,0,30,18.2,0,64,34.24,64.71000000000001,0.6000000000000001,318,0.7000000000000001
2021,4,13,1,30,14.8,0,49,57.89,76.14,0.5,306,0.7000000000000001
2021,4,13,2,30,11.200000000000001,0,19,77.85000000000001,87.42,0.6000000000000001,294,0.7000000000000001
2021,4,13,3,30,9.200000000000001,0,0,85.45,98.76,0.7000000000000001,293,0.7000000000000001
2021,4,13,4,30,8.1,0,0,93.18,109.17,0.9,300,0.7000000000000001
2021,4,13,5,30,7.4,0,0,96.18,118.36,1.3,306,0.7000000000000001
2021,4,13,6,30,6.7,0,0,95.96000000000001,125.63000000000001,1.8,310,0.6000000000000001
2021,4,13,7,30,5.9,0,0,95.68,130.04,2,312,0.6000000000000001
2021,4,13,8,30,5.2,0,0,95.11,130.78,2,312,0.5
2021,4,13,9,30,4.4,0,0,95.75,127.71000000000001,1.9000000000000001,312,0.4
2021,4,13,10,30,3.6,0,0,95.81,121.43,1.9000000000000001,314,0.4
2021,4,13,11,30,2.9000000000000004,0,0,94.72,112.87,2,316,0.30000000000000004
2021,4,13,12,30,2.3000000000000003,0,0,90.62,102.86,2.1,317,0.30000000000000004
2021,4,13,13,30,3.2,0,3,78.57000000000001,91.95,2.2,318,0.30000000000000004
2021,4,13,14,30,6,0,46,63.64,80.5,2.3000000000000003,321,0.30000000000000004
2021,4,13,15,30,8.9,0,67,48.88,69.03,2.5,329,0.30000000000000004
2021,4,13,16,30,11.3,0,79,38.22,57.74,2.5,337,0.30000000000000004
2021,4,13,17,30,13.3,0,86,32.46,47.11,2.5,340,0.4
2021,4,13,18,30,14.9,0,86,29.38,37.99,2.5,341,0.4
2021,4,13,19,30,15.9,0,86,28.060000000000002,31.89,2.6,340,0.5
2021,4,13,20,30,16.5,0,85,27.650000000000002,30.77,2.5,339,0.5
2021,4,13,21,30,16.7,0,91,28.03,35.12,2.3000000000000003,339,0.6000000000000001
2021,4,13,22,30,16.5,0,94,29.26,43.27,2.1,341,0.6000000000000001
2021,4,13,23,30,16.2,4,150,30.740000000000002,53.43,2,342,0.7000000000000001
2021,4,14,0,30,14.4,4,32,35.64,64.53,1.7000000000000002,351,0.8
2021,4,14,1,30,11.5,4,38,48.44,75.96000000000001,1.4000000000000001,356,0.8
2021,4,14,2,30,8.8,3,18,67.39,87.24,1.3,180,0.8
2021,4,14,3,30,8.1,3,0,65.54,98.56,1.5,4,0.8
2021,4,14,4,30,7.800000000000001,0,0,60.58,108.94,1.6,182,0.8
2021,4,14,5,30,7.1000000000000005,0,0,58.29,118.10000000000001,1.6,351,0.7000000000000001
2021,4,14,6,30,6,0,0,58.59,125.32000000000001,1.6,339,0.6000000000000001
2021,4,14,7,30,4.7,0,0,61.82,129.69,1.5,333,0.6000000000000001
2021,4,14,8,30,3.6,0,0,66.83,130.42000000000002,1.3,327,0.6000000000000001
2021,4,14,9,30,2.8000000000000003,0,0,71.97,127.35000000000001,1.2000000000000002,325,0.6000000000000001
2021,4,14,10,30,2.1,0,0,77.65,121.09,1.2000000000000002,325,0.6000000000000001
2021,4,14,11,30,1.4000000000000001,0,0,83.09,112.56,1.1,330,0.6000000000000001
2021,4,14,12,30,0.9,0,0,87.23,102.56,1,332,0.6000000000000001
2021,4,14,13,30,2.3000000000000003,0,3,79.16,91.67,1.2000000000000002,327,0.6000000000000001
2021,4,14,14,30,5.6000000000000005,0,40,66.24,80.23,1.5,329,0.7000000000000001
2021,4,14,15,30,8.700000000000001,0,57,52.43,68.76,1.5,344,0.7000000000000001
2021,4,14,16,30,11.100000000000001,0,70,43.85,57.45,1.3,179,0.7000000000000001
2021,4,14,17,30,12.9,0,76,38.03,46.800000000000004,1.3,181,0.8
2021,4,14,18,30,14.200000000000001,0,81,34.84,37.65,1.3,354,0.8
2021,4,14,19,30,15.3,0,82,32.81,31.53,1.2000000000000002,346,0.8
2021,4,14,20,30,16,0,83,31.93,30.42,1.1,340,0.8
2021,4,14,21,30,16.2,0,93,31.970000000000002,34.83,1,334,0.8
2021,4,14,22,30,16,3,293,32.8,43.04,0.8,328,0.9
2021,4,14,23,30,15.700000000000001,4,115,34.08,53.230000000000004,0.7000000000000001,325,0.9
2021,4,15,0,30,14.100000000000001,4,108,38.82,64.34,0.5,304,0.9
2021,4,15,1,30,11.600000000000001,4,22,51.410000000000004,75.78,0.5,279,0.9
2021,4,15,2,30,8.6,4,15,78.3,87.06,0.5,260,0.8
2021,4,15,3,30,6.7,0,0,84.08,98.36,0.6000000000000001,257,0.8
2021,4,15,4,30,5.5,0,0,90.14,108.71000000000001,0.7000000000000001,263,0.8
2021,4,15,5,30,4.7,0,0,93.34,117.84,0.7000000000000001,267,0.7000000000000001
2021,4,15,6,30,4.3,0,0,92.72,125.02,0.6000000000000001,262,0.7000000000000001
2021,4,15,7,30,4.1000000000000005,0,0,90.48,129.35,0.6000000000000001,248,0.7000000000000001
2021,4,15,8,30,4,0,0,87.25,130.06,0.5,230,0.7000000000000001
2021,4,15,9,30,3.9000000000000004,0,0,84.53,126.99000000000001,0.4,157,0.7000000000000001
2021,4,15,10,30,3.5,0,0,83.60000000000001,120.75,0.4,77,0.7000000000000001
2021,4,15,11,30,2.8000000000000003,0,0,86.69,112.24000000000001,0.6000000000000001,59,0.7000000000000001
2021,4,15,12,30,2,0,0,89.93,102.26,0.8,57,0.7000000000000001
2021,4,15,13,30,2.6,0,4,85.69,91.39,0.7000000000000001,60,0.6000000000000001
2021,4,15,14,30,5.6000000000000005,0,43,79.57000000000001,79.96000000000001,0.5,81,0.6000000000000001
2021,4,15,15,30,9,0,62,60.34,68.49,0.5,121,0.6000000000000001
2021,4,15,16,30,11.8,0,75,49.18,57.17,0.7000000000000001,146,0.6000000000000001
2021,4,15,17,30,13.8,0,82,40.53,46.5,0.9,150,0.6000000000000001
2021,4,15,18,30,15.4,0,87,35,37.32,1,146,0.7000000000000001
2021,4,15,19,30,16.5,0,91,31.86,31.17,1,137,0.7000000000000001
2021,4,15,20,30,17.3,0,90,29.97,30.07,1,123,0.7000000000000001
2021,4,15,21,30,17.6,0,86,29.46,34.53,1,109,0.8
2021,4,15,22,30,17.400000000000002,0,84,30.23,42.800000000000004,1,96,0.8
2021,4,15,23,30,17.2,0,78,31.19,53.03,1.1,90,0.8
2021,4,16,0,30,15.5,0,68,35.51,64.16,1,82,0.9
2021,4,16,1,30,12.600000000000001,0,53,48.72,75.61,0.7000000000000001,80,0.9
2021,4,16,2,30,9.9,0,22,68.72,86.89,0.6000000000000001,80,0.9
2021,4,16,3,30,9.1,0,0,65.5,98.16,0.7000000000000001,79,0.8
2021,4,16,4,30,9.1,0,0,62.03,108.49000000000001,0.7000000000000001,68,0.8
2021,4,16,5,30,9,0,0,57.99,117.58,0.7000000000000001,37,0.8
2021,4,16,6,30,8.5,0,0,56.71,124.71000000000001,0.8,9,0.7000000000000001
2021,4,16,7,30,8,0,0,58.59,129.01,0.9,180,0.7000000000000001
2021,4,16,8,30,7.5,0,0,58.74,129.7,0.9,356,0.7000000000000001
2021,4,16,9,30,6.800000000000001,0,0,60.74,126.64,1,353,0.7000000000000001
2021,4,16,10,30,6.1000000000000005,0,0,63.49,120.41,1,348,0.7000000000000001
2021,4,16,11,30,5.300000000000001,0,0,67.33,111.93,1.1,342,0.7000000000000001
2021,4,16,12,30,4.7,0,0,69.89,101.97,1.1,336,0.7000000000000001
2021,4,16,13,30,5.5,0,6,65.6,91.12,1.2000000000000002,330,0.7000000000000001
2021,4,16,14,30,8.6,0,44,62.83,79.69,1.3,325,0.8
2021,4,16,15,30,12.100000000000001,0,63,52.06,68.22,1.4000000000000001,328,0.8
2021,4,16,16,30,14.700000000000001,0,75,41.68,56.9,1.3,340,0.8
2021,4,16,17,30,17,0,83,36.28,46.21,1.2000000000000002,350,0.8
2021,4,16,18,30,18.5,0,87,33.32,36.99,1.2000000000000002,354,0.8
2021,4,16,19,30,19.5,0,89,31.580000000000002,30.810000000000002,1.2000000000000002,353,0.9
2021,4,16,20,30,20.200000000000003,0,92,30.79,29.73,1.3,349,0.9
2021,4,16,21,30,20.400000000000002,0,102,30.68,34.25,1.3,345,1
2021,4,16,22,30,20.200000000000003,0,87,31.32,42.57,1.3,340,1
2021,4,16,23,30,19.900000000000002,0,85,32.38,52.83,1.4000000000000001,338,1
2021,4,17,0,30,18,3,108,37.86,63.980000000000004,1.1,333,1
2021,4,17,1,30,14.600000000000001,0,53,56.2,75.43,0.8,322,1
2021,4,17,2,30,10.9,0,23,81.62,86.71000000000001,0.8,310,1.1
2021,4,17,3,30,9.3,0,0,84.54,97.96000000000001,0.9,304,1.1
2021,4,17,4,30,8.6,0,0,90.29,108.26,0.8,304,1.1
2021,4,17,5,30,8,0,0,95.76,117.32000000000001,0.8,306,1.1
2021,4,17,6,30,7.5,0,0,98.69,124.41,0.8,315,1.1
2021,4,17,7,30,7.4,0,0,96.27,128.67000000000002,0.9,332,1.1
2021,4,17,8,30,7.1000000000000005,0,0,93.07000000000001,129.34,1,349,1
2021,4,17,9,30,6.2,0,0,93.74,126.28,1,353,1
2021,4,17,10,30,5.2,0,0,96.46000000000001,120.08,1,348,0.9
2021,4,17,11,30,4.3,0,0,98.45,111.62,0.9,344,0.9
2021,4,17,12,30,3.7,0,0,97.75,101.69,0.9,341,0.9
2021,4,17,13,30,5.1000000000000005,0,6,84.17,90.84,0.9,339,0.8
2021,4,17,14,30,8.700000000000001,0,47,69.01,79.43,1.1,333,0.8
2021,4,17,15,30,12.200000000000001,0,66,49.64,67.96000000000001,1.2000000000000002,337,0.8
2021,4,17,16,30,15.200000000000001,0,79,38.53,56.620000000000005,1,176,0.7000000000000001
2021,4,17,17,30,17.6,0,86,31.330000000000002,45.910000000000004,1,11,0.7000000000000001
2021,4,17,18,30,19.3,0,91,27.14,36.67,1.1,19,0.6000000000000001
2021,4,17,19,30,20.400000000000002,0,95,24.87,30.46,1.1,23,0.6000000000000001
2021,4,17,20,30,21.1,0,92,23.63,29.39,1.2000000000000002,24,0.6000000000000001
2021,4,17,21,30,21.400000000000002,0,87,23.1,33.96,1.1,21,0.6000000000000001
2021,4,17,22,30,21.200000000000003,0,82,23.650000000000002,42.34,1.1,14,0.6000000000000001
2021,4,17,23,30,21,0,75,24.45,52.64,1.1,10,0.6000000000000001
2021,4,18,0,30,19.200000000000003,0,65,29.2,63.800000000000004,0.9,173,0.6000000000000001
2021,4,18,1,30,15.9,0,50,45.660000000000004,75.26,0.8,334,0.6000000000000001
2021,4,18,2,30,12.4,0,23,66.49,86.53,1,316,0.6000000000000001
2021,4,18,3,30,10.8,0,0,63.74,97.76,1.1,308,0.5
2021,4,18,4,30,10,0,0,65.09,108.04,1.1,308,0.5
2021,4,18,5,30,9.600000000000001,0,0,64.82000000000001,117.06,1.1,310,0.5
2021,4,18,6,30,9.4,0,0,63.410000000000004,124.11,1,313,0.5
2021,4,18,7,30,9.200000000000001,0,0,61.51,128.34,1,316,0.5
2021,4,18,8,30,9,0,0,59.22,128.99,1,321,0.5
2021,4,18,9,30,8.9,0,0,56.410000000000004,125.94,1,329,0.5
2021,4,18,10,30,8.700000000000001,0,0,54.370000000000005,119.75,1.1,335,0.5
2021,4,18,11,30,8.5,0,0,52.67,111.32000000000001,1.1,339,0.5
2021,4,18,12,30,8.4,0,0,51.19,101.4,1.1,341,0.5
2021,4,18,13,30,9.3,0,7,47.09,90.06,0.9,342,0.5
2021,4,18,14,30,12.4,0,43,48.22,79.17,0.9,335,0.5
2021,4,18,15,30,16.5,0,59,43.61,67.7,1,326,0.5
2021,4,18,16,30,20,0,68,27.45,56.35,0.9,339,0.5
2021,4,18,17,30,22.5,0,75,24.79,45.62,0.8,182,0.6000000000000001
2021,4,18,18,30,24.1,0,80,23.32,36.34,0.9,13,0.6000000000000001
2021,4,18,19,30,24.3,0,84,22.1,30.11,1,12,0.6000000000000001
2021,4,18,20,30,24,0,85,21.12,29.05,1,8,0.7000000000000001
2021,4,18,21,30,23.900000000000002,0,84,22.06,33.68,1,179,0.7000000000000001
2021,4,18,22,30,23.5,0,80,23.72,42.11,0.9,347,0.8
2021,4,18,23,30,23.200000000000003,0,74,25.54,52.44,0.9,341,0.8
2021,4,19,0,30,20.900000000000002,0,66,31.95,63.63,0.8,325,0.8
2021,4,19,1,30,17.400000000000002,0,52,49.92,75.08,0.7000000000000001,314,0.8
2021,4,19,2,30,13.600000000000001,0,24,75.7,86.36,0.8,303,0.8
2021,4,19,3,30,11.5,3,0,84.52,97.56,1.2000000000000002,298,0.8
2021,4,19,4,30,10.600000000000001,7,0,88.88,107.81,1.5,296,0.8
2021,4,19,5,30,10,7,0,90.12,116.8,1.6,295,0.8
2021,4,19,6,30,9.4,7,0,90.9,123.82000000000001,1.6,296,0.8
2021,4,19,7,30,8.8,7,0,91.81,128.01,1.7000000000000002,298,0.9
2021,4,19,8,30,8.4,7,0,92.14,128.64000000000001,1.8,301,1
2021,4,19,9,30,8.1,0,0,92.43,125.59,1.9000000000000001,305,1
2021,4,19,10,30,8,0,0,92.62,119.43,1.8,308,1
2021,4,19,11,30,7.800000000000001,0,0,93.82000000000001,111.01,1.8,309,1
2021,4,19,12,30,7.6000000000000005,0,0,94.37,101.12,1.9000000000000001,309,1
2021,4,19,13,30,9,0,7,84.57000000000001,89.83,1.9000000000000001,308,1
2021,4,19,14,30,12.3,0,49,73.94,78.91,1.8,313,0.9
2021,4,19,15,30,15.600000000000001,0,71,59.26,67.44,1.7000000000000002,325,0.9
2021,4,19,16,30,18.2,0,83,47.92,56.09,1.6,339,0.9
2021,4,19,17,30,20.5,0,87,38.44,45.34,1.4000000000000001,347,0.9
2021,4,19,18,30,22,0,88,32.19,36.03,1.2000000000000002,350,0.9
2021,4,19,19,30,22.8,0,91,28.900000000000002,29.76,1,348,0.9
2021,4,19,20,30,23.200000000000003,0,87,27.32,28.72,1,345,1
2021,4,19,21,30,23.5,0,83,26.44,33.4,0.9,343,1
2021,4,19,22,30,23.200000000000003,0,81,26.98,41.88,0.9,338,1.1
2021,4,19,23,30,22.8,0,75,28.240000000000002,52.25,0.9,333,1.1
2021,4,20,0,30,20.5,0,66,34.45,63.45,0.8,328,1.1
2021,4,20,1,30,17.3,0,52,48.68,74.91,0.6000000000000001,320,1.1
2021,4,20,2,30,13.600000000000001,0,24,73.16,86.19,0.7000000000000001,309,1.1
2021,4,20,3,30,11.4,0,0,82.3,97.36,1.1,304,1.2000000000000002
2021,4,20,4,30,10.5,0,0,85.85000000000001,107.59,1.5,303,1.2000000000000002
2021,4,20,5,30,9.600000000000001,0,0,89.12,116.54,1.8,302,1.2000000000000002
2021,4,20,6,30,9,0,0,90.3,123.52,1.9000000000000001,302,1.2000000000000002
2021,4,20,7,30,8.6,0,0,90.75,127.68,2,301,1.2000000000000002
2021,4,20,8,30,8.200000000000001,0,0,91.48,128.29,1.9000000000000001,300,1.1
2021,4,20,9,30,7.7,0,0,92.64,125.25,1.9000000000000001,300,1.1
2021,4,20,10,30,7.1000000000000005,0,0,93.86,119.11,1.8,300,1
2021,4,20,11,30,6.6000000000000005,0,0,94.41,110.72,1.7000000000000002,300,1
2021,4,20,12,30,6,3,0,96.46000000000001,100.84,1.5,300,0.9
2021,4,20,13,30,6.4,0,8,92.12,89.61,1.5,299,0.9
2021,4,20,14,30,8.200000000000001,0,49,81.18,78.66,1.7000000000000002,301,0.9
2021,4,20,15,30,10.700000000000001,0,68,68.51,67.19,1.5,310,0.9
2021,4,20,16,30,13.4,0,81,56.15,55.83,1.2000000000000002,321,0.9
2021,4,20,17,30,15.8,0,87,46.74,45.06,0.8,330,1
2021,4,20,18,30,17.5,0,108,41.32,35.72,0.7000000000000001,343,1.1
2021,4,20,19,30,18.6,3,258,38.64,29.42,0.7000000000000001,354,1.2000000000000002
2021,4,20,20,30,18.900000000000002,4,42,38.75,28.39,0.9,356,1.3
2021,4,20,21,30,18.400000000000002,4,63,41.61,33.13,1.2000000000000002,352,1.4000000000000001
2021,4,20,22,30,17.2,4,98,47.06,41.660000000000004,1.6,349,1.5
2021,4,20,23,30,16.5,8,57,51.54,52.06,1.8,348,1.6
2021,4,21,0,30,14.4,8,189,61.14,63.27,2.3000000000000003,346,1.5
2021,4,21,1,30,12.600000000000001,4,96,70.4,74.74,2.3000000000000003,342,1.4000000000000001
2021,4,21,2,30,10.600000000000001,7,24,79.59,86.01,2.2,335,1.3
2021,4,21,3,30,9.200000000000001,7,0,82.94,97.16,2,327,1.3
2021,4,21,4,30,8.700000000000001,0,0,83.12,107.36,1.9000000000000001,321,1.3
2021,4,21,5,30,8.4,0,0,81.58,116.28,1.9000000000000001,320,1.2000000000000002
2021,4,21,6,30,8,0,0,81.77,123.23,1.8,319,1.1
2021,4,21,7,30,7.1000000000000005,0,0,86.11,127.35000000000001,1.8,313,1
2021,4,21,8,30,6.300000000000001,0,0,90.11,127.95,1.9000000000000001,309,0.9
2021,4,21,9,30,5.800000000000001,0,0,90.12,124.91,2,310,0.8
2021,4,21,10,30,5.1000000000000005,0,0,88.37,118.79,2.1,311,0.7000000000000001
2021,4,21,11,30,4.4,0,0,85.21000000000001,110.42,2.1,310,0.6000000000000001
2021,4,21,12,30,3.9000000000000004,0,0,80.51,100.57000000000001,2.1,308,0.6000000000000001
2021,4,21,13,30,5.2,0,10,68.23,89.38,2.1,307,0.6000000000000001
2021,4,21,14,30,8.5,0,44,57.43,78.41,2.1,313,0.5
2021,4,21,15,30,11.9,0,61,41.56,66.94,1.9000000000000001,325,0.5
2021,4,21,16,30,14.5,0,72,31.95,55.57,1.8,336,0.6000000000000001
2021,4,21,17,30,16.6,0,79,26.28,44.78,1.8,343,0.6000000000000001
2021,4,21,18,30,18.2,0,82,24.310000000000002,35.410000000000004,1.8,346,0.6000000000000001
2021,4,21,19,30,19.400000000000002,0,83,23.56,29.080000000000002,1.7000000000000002,346,0.6000000000000001
2021,4,21,20,30,20.3,0,82,23.080000000000002,28.060000000000002,1.7000000000000002,343,0.6000000000000001
2021,4,21,21,30,20.8,0,82,22.86,32.85,1.6,340,0.6000000000000001
2021,4,21,22,30,20.8,0,77,23.21,41.44,1.5,336,0.7000000000000001
2021,4,21,23,30,20.6,0,71,24,51.870000000000005,1.4000000000000001,334,0.7000000000000001
2021,4,22,0,30,18.8,0,61,28.2,63.1,1.2000000000000002,326,0.7000000000000001
2021,4,22,1,30,15.600000000000001,0,49,41.84,74.57000000000001,0.8,313,0.7000000000000001
2021,4,22,2,30,11.8,0,25,69.12,85.84,0.8,300,0.7000000000000001
2021,4,22,3,30,9.700000000000001,0,0,77.21000000000001,96.97,1.1,296,0.7000000000000001
2021,4,22,4,30,8.9,0,0,85.33,107.14,1.3,301,0.6000000000000001
2021,4,22,5,30,8.200000000000001,0,0,90.25,116.03,1.6,306,0.6000000000000001
2021,4,22,6,30,7.7,0,0,90.07000000000001,122.93,1.8,307,0.6000000000000001
2021,4,22,7,30,7.7,0,0,84.89,127.03,1.8,305,0.6000000000000001
2021,4,22,8,30,8.1,0,0,76.32000000000001,127.61,1.6,301,0.6000000000000001
2021,4,22,9,30,8.3,0,0,69.38,124.58,1.3,299,0.6000000000000001
2021,4,22,10,30,8.200000000000001,0,0,67.03,118.47,1,301,0.6000000000000001
2021,4,22,11,30,8.200000000000001,0,0,65.31,110.13,0.9,302,0.6000000000000001
2021,4,22,12,30,8.200000000000001,0,0,63.46,100.29,0.9,300,0.6000000000000001
2021,4,22,13,30,8.700000000000001,0,11,60.550000000000004,89.16,0.8,304,0.6000000000000001
2021,4,22,14,30,10.700000000000001,0,52,64.96000000000001,78.16,0.6000000000000001,315,0.7000000000000001
2021,4,22,15,30,13.4,0,74,54.52,66.69,0.4,182,0.7000000000000001
2021,4,22,16,30,16,0,87,39.31,55.32,0.4,68,0.8
2021,4,22,17,30,18.3,0,92,32.15,44.51,0.6000000000000001,97,0.8
2021,4,22,18,30,20,0,94,28.12,35.1,0.7000000000000001,94,0.9
2021,4,22,19,30,21.3,0,97,25.68,28.740000000000002,0.8,84,0.9
2021,4,22,20,30,22,0,94,24.7,27.73,0.8,77,0.9
2021,4,22,21,30,22.200000000000003,0,90,24.79,32.58,0.8,72,1
2021,4,22,22,30,22,0,86,25.69,41.22,0.7000000000000001,63,1
2021,4,22,23,30,21.8,0,81,26.61,51.69,0.6000000000000001,55,1.1
2021,4,23,0,30,19.900000000000002,0,71,31.13,62.93,0.5,21,1.1
2021,4,23,1,30,16.900000000000002,0,55,43.61,74.4,0.4,174,1.2000000000000002
2021,4,23,2,30,12.9,0,27,73.26,85.66,0.5,330,1.2000000000000002
2021,4,23,3,30,10.5,0,0,82.22,96.77,0.6000000000000001,325,1.2000000000000002
2021,4,23,4,30,9.600000000000001,0,0,86.38,106.92,0.6000000000000001,330,1.1
2021,4,23,5,30,8.8,0,0,88.64,115.78,0.6000000000000001,333,1.1
2021,4,23,6,30,7.800000000000001,0,0,91.77,122.64,0.8,331,1.1
2021,4,23,7,30,7.2,0,0,92.15,126.7,1,326,1.1
2021,4,23,8,30,7.1000000000000005,0,0,87.88,127.28,1.2000000000000002,320,1.1
2021,4,23,9,30,7,0,0,83.01,124.25,1.3,318,1.1
2021,4,23,10,30,6.7,0,0,78.89,118.16,1.2000000000000002,321,1
2021,4,23,11,30,6.300000000000001,0,0,75.79,109.84,1.2000000000000002,326,1
2021,4,23,12,30,5.9,0,0,73.44,100.03,1.1,330,1
2021,4,23,13,30,6.6000000000000005,0,12,67.76,88.93,1,328,1
2021,4,23,14,30,9.3,0,51,68.44,77.92,0.8,330,1
2021,4,23,15,30,13,0,71,49.800000000000004,66.45,0.4,202,1.1
2021,4,23,16,30,16.400000000000002,0,88,37.32,55.07,0.4,93,1.2000000000000002
2021,4,23,17,30,18.1,0,151,32.84,44.24,0.8,117,1.2000000000000002
2021,4,23,18,30,19,0,106,31.28,34.800000000000004,1.2000000000000002,118,1.3
2021,4,23,19,30,19.8,0,145,30.85,28.41,1.4000000000000001,124,1.4000000000000001
2021,4,23,20,30,20,0,151,31.61,27.41,1.5,134,1.5
2021,4,23,21,30,19.400000000000002,7,246,33.45,32.32,1.6,147,1.5
2021,4,23,22,30,18.3,0,162,36.04,41.01,1.7000000000000002,161,1.5
2021,4,23,23,30,17.6,0,101,37.64,51.5,1.7000000000000002,168,1.5
2021,4,24,0,30,14.200000000000001,7,178,48.38,62.76,1.1,170,1.5
2021,4,24,1,30,11.8,7,67,60.99,74.23,0.7000000000000001,189,1.5
2021,4,24,2,30,9.5,6,20,74.25,85.49,0.8,232,1.5
2021,4,24,3,30,7.7,7,0,75.33,96.58,1.6,266,1.6
2021,4,24,4,30,6.5,7,0,72.98,106.7,1.9000000000000001,279,1.6
2021,4,24,5,30,5.9,6,0,78.61,115.52,1.2000000000000002,287,1.5
2021,4,24,6,30,5.6000000000000005,9,0,85.94,122.36,0.6000000000000001,301,1.4000000000000001
2021,4,24,7,30,5.2,9,0,94.62,126.39,0.30000000000000004,331,1.3
2021,4,24,8,30,5,9,0,95.94,126.94,0.2,334,1.2000000000000002
2021,4,24,9,30,4.7,7,0,95.72,123.92,0.2,250,1.2000000000000002
2021,4,24,10,30,3.9000000000000004,7,0,97.3,117.85000000000001,0.30000000000000004,180,1
2021,4,24,11,30,3.2,7,0,95.25,109.55,0.4,195,0.9
2021,4,24,12,30,2.7,4,0,91.81,99.76,0.5,219,0.9
2021,4,24,13,30,3.4000000000000004,4,8,84.64,88.7,0.6000000000000001,229,0.9
2021,4,24,14,30,4.9,4,55,79.93,77.68,0.9,232,0.9
2021,4,24,15,30,6.1000000000000005,4,142,70.51,66.21000000000001,1,230,0.9
2021,4,24,16,30,7.4,7,235,64.15,54.82,1,222,0.9
2021,4,24,17,30,8.6,4,331,61.32,43.980000000000004,1.1,209,0.9
2021,4,24,18,30,9.8,4,348,57.61,34.51,1.3,203,1
2021,4,24,19,30,11,0,260,53.38,28.09,1.5,202,1
2021,4,24,20,30,11.5,3,376,51.27,27.09,1.7000000000000002,204,1
2021,4,24,21,30,11.5,7,388,50.85,32.05,1.9000000000000001,208,1.1
2021,4,24,22,30,10.8,7,370,52.2,40.79,2.1,218,1.1
2021,4,24,23,30,10.3,7,221,53.15,51.32,2.1,223,1.1
2021,4,25,0,30,7.5,7,183,64.61,62.59,1.7000000000000002,238,1.1
2021,4,25,1,30,6.1000000000000005,8,63,73.06,74.06,1.4000000000000001,244,1.1
2021,4,25,2,30,5,8,28,81.19,85.31,0.9,242,1.2000000000000002
2021,4,25,3,30,4.4,7,0,87.56,96.38,0.5,226,1.2000000000000002
2021,4,25,4,30,4,7,0,93.66,106.48,0.5,198,1.2000000000000002
2021,4,25,5,30,3.8000000000000003,7,0,95.58,115.27,0.5,180,1.2000000000000002
2021,4,25,6,30,3.5,7,0,97.86,122.07000000000001,0.5,174,1.2000000000000002
2021,4,25,7,30,3.2,7,0,100,126.07000000000001,0.5,170,1.2000000000000002
2021,4,25,8,30,3,7,0,100,126.61,0.5,165,1.1
2021,4,25,9,30,2.8000000000000003,7,0,100,123.60000000000001,0.4,154,1.1
2021,4,25,10,30,2.7,7,0,100,117.55,0.4,143,1.1
2021,4,25,11,30,2.6,7,0,100,109.27,0.5,142,1
2021,4,25,12,30,2.6,7,0,100,99.5,0.6000000000000001,149,1
2021,4,25,13,30,2.9000000000000004,4,8,100,88.47,0.9,154,1
2021,4,25,14,30,3.7,4,72,100,77.45,1.3,162,1
2021,4,25,15,30,4.6000000000000005,4,150,98.11,65.98,1.6,176,1
2021,4,25,16,30,5.4,4,122,92.18,54.58,1.8,187,1
2021,4,25,17,30,6.300000000000001,4,166,84.84,43.72,1.9000000000000001,192,1
2021,4,25,18,30,7.4,8,268,76.27,34.22,1.9000000000000001,196,1
2021,4,25,19,30,8.5,4,415,67.07000000000001,27.76,1.9000000000000001,199,0.9
2021,4,25,20,30,9.4,4,355,58.61,26.78,1.7000000000000002,205,0.8
2021,4,25,21,30,9.8,4,277,52.94,31.79,1.6,214,0.8
2021,4,25,22,30,9.5,4,267,51.36,40.58,1.4000000000000001,226,0.8
2021,4,25,23,30,9.3,4,223,51.01,51.14,1.3,232,0.8
2021,4,26,0,30,7.7,0,126,57.300000000000004,62.42,1.1,246,0.8
2021,4,26,1,30,5.9,0,54,67.91,73.89,0.7000000000000001,253,0.8
2021,4,26,2,30,4,0,27,89.58,85.14,0.5,260,0.9
2021,4,26,3,30,3.2,0,0,95.58,96.19,0.5,272,0.9
2021,4,26,4,30,2.9000000000000004,0,0,98.66,106.26,0.5,287,0.9
2021,4,26,5,30,2.4000000000000004,0,0,100,115.02,0.5,300,0.9
2021,4,26,6,30,2.1,0,0,100,121.79,0.5,308,0.8
2021,4,26,7,30,1.8,0,0,100,125.76,0.5,312,0.8
2021,4,26,8,30,1.6,0,0,100,126.29,0.5,313,0.8
2021,4,26,9,30,1.4000000000000001,0,0,100,123.28,0.5,311,0.8
2021,4,26,10,30,1.2000000000000002,0,0,100,117.25,0.5,309,0.8
2021,4,26,11,30,0.9,0,0,100,109,0.5,306,0.8
2021,4,26,12,30,0.6000000000000001,0,0,100,99.25,0.5,303,0.8
2021,4,26,13,30,1.2000000000000002,0,15,99.75,88.25,0.7000000000000001,303,0.8
2021,4,26,14,30,3.1,0,44,87.76,77.22,1,309,0.8
2021,4,26,15,30,5.300000000000001,0,59,73.65,65.75,0.8,321,0.8
2021,4,26,16,30,7.5,0,69,59.620000000000005,54.35,0.6000000000000001,334,0.8
2021,4,26,17,30,9.200000000000001,0,162,49.93,43.46,0.4,177,0.8
2021,4,26,18,30,10.700000000000001,3,340,43.46,33.93,0.4,34,0.8
2021,4,26,19,30,11.8,4,351,39.79,27.44,0.4,61,0.8
2021,4,26,20,30,12.4,8,284,38.07,26.47,0.5,71,0.8
2021,4,26,21,30,12.600000000000001,4,325,37.69,31.54,0.5,74,0.8
2021,4,26,22,30,12.4,4,125,38.62,40.38,0.5,72,0.9
2021,4,26,23,30,12.200000000000001,4,66,40.050000000000004,50.96,0.4,70,0.9
2021,4,27,0,30,10.600000000000001,4,175,46.050000000000004,62.25,0.4,51,0.9
2021,4,27,1,30,9.1,4,100,53.07,73.73,0.30000000000000004,22,0.9
2021,4,27,2,30,6.9,4,20,73.25,84.97,0.30000000000000004,157,0.9
2021,4,27,3,30,5.1000000000000005,0,0,79.63,96,0.4,308,0.9
2021,4,27,4,30,3.9000000000000004,0,0,89.03,106.05,0.6000000000000001,306,0.9
2021,4,27,5,30,3.1,0,0,95.49,114.78,0.6000000000000001,310,0.8
2021,4,27,6,30,2.4000000000000004,0,0,99.72,121.51,0.7000000000000001,317,0.8
2021,4,27,7,30,1.6,0,0,100,125.45,0.8,322,0.8
2021,4,27,8,30,1.4000000000000001,0,0,100,125.97,0.9,321,0.8
2021,4,27,9,30,1.2000000000000002,0,0,100,122.96000000000001,1.1,317,0.8
2021,4,27,10,30,0.9,0,0,100,116.96000000000001,1.3,316,0.7000000000000001
2021,4,27,11,30,0.6000000000000001,0,0,100,108.72,1.5,316,0.7000000000000001
2021,4,27,12,30,0.7000000000000001,0,0,99.38,98.99000000000001,1.7000000000000002,315,0.7000000000000001
2021,4,27,13,30,2.5,0,17,85.95,88.03,1.8,313,0.7000000000000001
2021,4,27,14,30,5.9,0,45,73.23,76.99,1.8,322,0.6000000000000001
2021,4,27,15,30,9.200000000000001,0,59,57.59,65.53,1.9000000000000001,341,0.6000000000000001
2021,4,27,16,30,11.8,0,68,46.03,54.120000000000005,1.9000000000000001,351,0.6000000000000001
2021,4,27,17,30,14,0,74,37.89,43.21,2,351,0.6000000000000001
2021,4,27,18,30,15.9,0,78,32.21,33.65,2.1,349,0.6000000000000001
2021,4,27,19,30,17.400000000000002,0,80,28.04,27.13,2.1,348,0.6000000000000001
2021,4,27,20,30,18.400000000000002,0,81,25.29,26.16,2,348,0.6000000000000001
2021,4,27,21,30,18.900000000000002,0,80,24.26,31.28,1.9000000000000001,348,0.6000000000000001
2021,4,27,22,30,18.900000000000002,0,76,24.76,40.17,1.8,347,0.7000000000000001
2021,4,27,23,30,18.8,0,71,25.830000000000002,50.78,1.7000000000000002,347,0.7000000000000001
2021,4,28,0,30,17.3,0,63,29.88,62.09,1.4000000000000001,344,0.8
2021,4,28,1,30,14.200000000000001,0,51,41.64,73.56,0.9,332,0.8
2021,4,28,2,30,10.200000000000001,0,28,72.91,84.8,0.9,319,0.8
2021,4,28,3,30,8.200000000000001,0,0,78.26,95.81,1.1,312,0.8
2021,4,28,4,30,7.5,0,0,83,105.83,1.3,313,0.8
2021,4,28,5,30,7,0,0,87.72,114.53,1.3,316,0.8
2021,4,28,6,30,6.6000000000000005,0,0,89.92,121.23,1.3,319,0.8
2021,4,28,7,30,6.5,0,0,88.17,125.14,1.2000000000000002,322,0.8
2021,4,28,8,30,6.5,0,0,84.53,125.65,1.2000000000000002,325,0.8
2021,4,28,9,30,6.5,0,0,80.38,122.65,1.1,326,0.8
2021,4,28,10,30,6.5,0,0,76.22,116.66,1.1,326,0.7000000000000001
2021,4,28,11,30,6.4,0,0,73.03,108.46000000000001,1.1,326,0.7000000000000001
2021,4,28,12,30,6.6000000000000005,0,0,68.5,98.75,1.1,326,0.7000000000000001
2021,4,28,13,30,8.200000000000001,0,18,59.550000000000004,87.82000000000001,1.2000000000000002,324,0.7000000000000001
2021,4,28,14,30,11.8,0,45,56.08,76.77,1.2000000000000002,320,0.7000000000000001
2021,4,28,15,30,15.9,0,61,44.12,65.31,1,325,0.7000000000000001
2021,4,28,16,30,18.7,0,69,28.7,53.89,0.8,173,0.7000000000000001
2021,4,28,17,30,20.5,0,74,23.2,42.97,0.7000000000000001,24,0.7000000000000001
2021,4,28,18,30,21.900000000000002,0,78,21.11,33.38,0.7000000000000001,38,0.8
2021,4,28,19,30,23.1,0,80,19.81,26.82,0.7000000000000001,46,0.8
2021,4,28,20,30,23.900000000000002,0,81,19.14,25.86,0.7000000000000001,56,0.8
2021,4,28,21,30,24.200000000000003,0,79,19.21,31.03,0.6000000000000001,64,0.9
2021,4,28,22,30,24,0,77,20.14,39.97,0.6000000000000001,66,0.9
2021,4,28,23,30,23.8,0,71,21.09,50.61,0.5,65,0.9
2021,4,29,0,30,21.8,0,61,24.94,61.93,0.30000000000000004,39,1
2021,4,29,1,30,18.8,0,49,35.68,73.4,0.30000000000000004,176,1
2021,4,29,2,30,14.8,0,28,63.01,84.63,0.5,313,1
2021,4,29,3,30,12,0,0,71.39,95.62,0.7000000000000001,298,1
2021,4,29,4,30,10.5,0,0,81.95,105.62,0.8,297,1.1
2021,4,29,5,30,9.8,7,0,88.3,114.29,0.9,297,1.1
2021,4,29,6,30,9.5,0,0,91.02,120.95,1.2000000000000002,297,1.1
2021,4,29,7,30,9.600000000000001,0,0,89.35000000000001,124.84,1.4000000000000001,297,1.1
2021,4,29,8,30,9.700000000000001,0,0,86.38,125.34,1.4000000000000001,297,1.1
2021,4,29,9,30,9.700000000000001,0,0,83.02,122.35000000000001,1.2000000000000002,298,1
2021,4,29,10,30,9.8,0,0,78.93,116.38,1.1,300,1
2021,4,29,11,30,9.700000000000001,0,0,76.31,108.19,0.9,304,0.9
2021,4,29,12,30,9.8,0,0,72.93,98.5,0.9,306,0.9
2021,4,29,13,30,11.100000000000001,0,18,65.37,87.60000000000001,0.7000000000000001,300,0.9
2021,4,29,14,30,14.3,0,47,66.48,76.55,0.6000000000000001,273,0.9
2021,4,29,15,30,17.900000000000002,0,79,47.38,65.09,0.7000000000000001,226,0.9
2021,4,29,16,30,20.8,0,73,35.09,53.67,0.8,184,0.9
2021,4,29,17,30,23.1,0,79,27.98,42.730000000000004,1,163,0.9
2021,4,29,18,30,24.700000000000003,0,108,24.09,33.11,1.1,153,0.9
2021,4,29,19,30,25.8,7,191,22.01,26.51,1.1,148,1
2021,4,29,20,30,26.400000000000002,0,89,21.19,25.560000000000002,1.2000000000000002,143,1
2021,4,29,21,30,26.6,0,92,21.07,30.79,1.4000000000000001,139,1
2021,4,29,22,30,26.3,0,86,21.37,39.77,1.5,138,1
2021,4,29,23,30,25.900000000000002,0,80,22.02,50.44,1.6,138,0.9
2021,4,30,0,30,23.400000000000002,0,70,26.68,61.76,1.3,137,0.9
2021,4,30,1,30,19.700000000000003,7,72,39.13,73.24,0.9,138,0.9
2021,4,30,2,30,15.5,7,35,64.85,84.46000000000001,0.7000000000000001,145,0.9
2021,4,30,3,30,13.3,7,0,73.43,95.43,0.7000000000000001,155,0.9
2021,4,30,4,30,12.9,7,0,75.48,105.41,0.6000000000000001,166,0.8
2021,4,30,5,30,12.600000000000001,7,0,76.17,114.04,0.6000000000000001,170,0.8
2021,4,30,6,30,12.3,7,0,78.04,120.68,0.6000000000000001,164,0.7000000000000001
2021,4,30,7,30,11.8,7,0,80.53,124.54,0.5,158,0.6000000000000001
2021,4,30,8,30,11.3,7,0,81.25,125.03,0.5,159,0.6000000000000001
2021,4,30,9,30,10.600000000000001,8,0,81.42,122.05,0.4,164,0.5
2021,4,30,10,30,10,8,0,81.61,116.10000000000001,0.4,166,0.5
2021,4,30,11,30,9.700000000000001,8,0,80.38,107.93,0.30000000000000004,166,0.5
2021,4,30,12,30,9.600000000000001,0,0,78.93,98.26,0.30000000000000004,242,0.5
2021,4,30,13,30,10.700000000000001,0,20,72.54,87.39,0.2,173,0.5
2021,4,30,14,30,13.5,0,50,68.09,76.34,0.30000000000000004,73,0.5
2021,4,30,15,30,16.6,0,64,50.64,64.88,0.7000000000000001,124,0.5
2021,4,30,16,30,19.6,0,90,36.37,53.45,1.1,136,0.5
2021,4,30,17,30,22.200000000000003,0,89,24.73,42.5,1.3,141,0.5
2021,4,30,18,30,23.900000000000002,7,219,19.23,32.84,1.5,141,0.5
2021,4,30,19,30,24.900000000000002,7,240,16.580000000000002,26.21,1.7000000000000002,140,0.5
2021,4,30,20,30,25.400000000000002,7,236,15.39,25.27,1.8,139,0.5
2021,4,30,21,30,25.5,7,274,15.1,30.54,1.8,140,0.5
2021,4,30,22,30,25.1,7,234,15.6,39.57,1.9000000000000001,141,0.6000000000000001
2021,4,30,23,30,24.700000000000003,7,248,16.7,50.26,1.9000000000000001,142,0.6000000000000001
2021,5,1,0,30,21.1,7,119,23.28,61.6,1.2000000000000002,145,0.6000000000000001
2021,5,1,1,30,17.5,7,100,41.08,73.07000000000001,0.7000000000000001,155,0.6000000000000001
2021,5,1,2,30,14.4,4,35,59.27,84.3,0.6000000000000001,184,0.6000000000000001
2021,5,1,3,30,12.3,7,0,71.86,95.24,0.7000000000000001,221,0.6000000000000001
2021,5,1,4,30,11,7,0,80.27,105.19,0.7000000000000001,247,0.7000000000000001
2021,5,1,5,30,10.3,7,0,84.60000000000001,113.8,0.7000000000000001,260,0.8
2021,5,1,6,30,9.8,6,0,87.41,120.41,0.7000000000000001,266,1
2021,5,1,7,30,9.5,6,0,89.99,124.25,0.7000000000000001,268,1.2000000000000002
2021,5,1,8,30,9,6,0,93.61,124.73,0.6000000000000001,270,1.4000000000000001
2021,5,1,9,30,8.3,0,0,98.07000000000001,121.75,0.6000000000000001,272,1.4000000000000001
2021,5,1,10,30,7.800000000000001,0,0,100,115.82000000000001,0.6000000000000001,272,1.3
2021,5,1,11,30,7.4,0,0,100,107.68,0.6000000000000001,274,1.2000000000000002
2021,5,1,12,30,7.2,0,0,100,98.03,0.5,278,1
2021,5,1,13,30,8.3,0,21,94.15,87.18,0.7000000000000001,285,0.9
2021,5,1,14,30,10.600000000000001,0,54,80.81,76.13,0.9,296,0.9
2021,5,1,15,30,13.3,0,73,66.76,64.68,1,306,0.9
2021,5,1,16,30,15.8,0,85,55.79,53.24,0.9,318,1
2021,5,1,17,30,18.1,0,88,47.17,42.27,0.7000000000000001,333,1
2021,5,1,18,30,19.900000000000002,0,83,41.26,32.58,0.5,337,1
2021,5,1,19,30,21.200000000000003,0,83,37.37,25.92,0.5,332,1.1
2021,5,1,20,30,21.900000000000002,0,83,35.33,24.97,0.6000000000000001,330,1.1
2021,5,1,21,30,22,0,90,34.730000000000004,30.3,0.7000000000000001,331,1.2000000000000002
2021,5,1,22,30,21.5,0,79,35.5,39.38,1,328,1.2000000000000002
2021,5,1,23,30,21.200000000000003,0,74,36.15,50.09,1.2000000000000002,327,1.2000000000000002
2021,5,2,0,30,18.7,0,69,42.39,61.44,1.9000000000000001,323,1.1
2021,5,2,1,30,16.2,0,58,50.11,72.91,2.2,321,1.1
2021,5,2,2,30,13.3,0,34,62.160000000000004,84.13,2.2,319,1
2021,5,2,3,30,11.100000000000001,0,0,72.12,95.05,2.2,321,1
2021,5,2,4,30,9.8,0,0,78.4,104.98,2.1,324,1
2021,5,2,5,30,9,0,0,83.23,113.56,2,324,1
2021,5,2,6,30,8.3,0,0,87.69,120.14,2,321,1
2021,5,2,7,30,7.7,0,0,91.46000000000001,123.96000000000001,1.9000000000000001,318,1
2021,5,2,8,30,7.2,0,0,93.54,124.43,1.9000000000000001,316,1
2021,5,2,9,30,6.6000000000000005,0,0,96.02,121.46000000000001,2,314,0.9
2021,5,2,10,30,6.1000000000000005,0,0,97.94,115.54,2,313,0.9
2021,5,2,11,30,5.800000000000001,0,0,98.06,107.43,2.1,314,0.9
2021,5,2,12,30,5.6000000000000005,0,0,96.72,97.8,2.2,314,0.8
2021,5,2,13,30,6.5,0,22,88.11,86.97,2.3000000000000003,315,0.8
2021,5,2,14,30,8.9,0,52,72.72,75.93,2.5,327,0.8
2021,5,2,15,30,11.600000000000001,0,66,57.65,64.47,2.7,342,0.9
2021,5,2,16,30,14,0,76,47.27,53.04,2.8000000000000003,347,0.9
2021,5,2,17,30,16.1,0,82,39.75,42.050000000000004,2.8000000000000003,348,0.9
2021,5,2,18,30,17.900000000000002,0,84,34.33,32.32,2.7,347,0.9
2021,5,2,19,30,19.3,0,88,30.88,25.62,2.6,345,0.9
2021,5,2,20,30,20.3,0,87,28.82,24.69,2.5,342,0.9
2021,5,2,21,30,20.8,0,83,27.95,30.07,2.4000000000000004,342,1
2021,5,2,22,30,20.8,0,81,28.16,39.19,2.2,342,1
2021,5,2,23,30,20.700000000000003,0,76,28.76,49.93,2.1,343,1
2021,5,3,0,30,19,0,68,32.78,61.28,1.9000000000000001,337,1.1
2021,5,3,1,30,16.7,0,56,40.2,72.75,1.7000000000000002,332,1.1
2021,5,3,2,30,13.4,0,33,57.03,83.96000000000001,1.6,325,1.1
2021,5,3,3,30,11.200000000000001,0,0,71.22,94.86,1.8,324,1
2021,5,3,4,30,10.200000000000001,0,0,77.93,104.77,2,325,1
2021,5,3,5,30,9.200000000000001,0,0,82.22,113.33,2,324,1
2021,5,3,6,30,8.1,0,0,83.9,119.88,2,320,1
2021,5,3,7,30,7.2,0,0,83.46000000000001,123.67,2.2,315,1
2021,5,3,8,30,6.6000000000000005,0,0,80.81,124.13000000000001,2.2,312,1
2021,5,3,9,30,6.4,0,0,78.27,121.17,2.2,310,1.1
2021,5,3,10,30,6.2,0,0,79.17,115.28,2.2,310,1.1
2021,5,3,11,30,6.1000000000000005,0,0,79.68,107.18,2.2,310,1.1
2021,5,3,12,30,6.1000000000000005,0,0,77.66,97.57000000000001,2.3000000000000003,311,1
2021,5,3,13,30,7.4,0,22,67.87,86.77,2.4000000000000004,311,1
2021,5,3,14,30,10.200000000000001,0,51,54.17,75.73,2.5,319,0.9
2021,5,3,15,30,13.200000000000001,0,67,41.99,64.28,2.6,334,0.9
2021,5,3,16,30,15.9,0,78,32.14,52.83,2.6,344,0.9
2021,5,3,17,30,18.2,0,86,26.39,41.83,2.7,347,0.8
2021,5,3,18,30,20,0,92,24.580000000000002,32.08,2.7,348,0.8
2021,5,3,19,30,21.5,0,94,23.96,25.34,2.7,348,0.9
2021,5,3,20,30,22.5,0,90,23.990000000000002,24.400000000000002,2.6,346,1
2021,5,3,21,30,23,0,83,24.5,29.830000000000002,2.4000000000000004,344,1.1
2021,5,3,22,30,22.900000000000002,0,81,25.77,39,2.3000000000000003,341,1.2000000000000002
2021,5,3,23,30,22.700000000000003,0,76,27.43,49.76,2.2,338,1.3
2021,5,4,0,30,20.8,0,67,32.58,61.13,2,331,1.4000000000000001
2021,5,4,1,30,18.3,0,54,41.25,72.59,1.6,323,1.5
2021,5,4,2,30,14.9,0,32,59.44,83.8,1.4000000000000001,314,1.5
2021,5,4,3,30,12.5,0,0,74.93,94.68,1.6,309,1.5
2021,5,4,4,30,11.4,0,0,82.79,104.57000000000001,1.8,309,1.5
2021,5,4,5,30,10.8,0,0,86.95,113.09,1.9000000000000001,311,1.5
2021,5,4,6,30,10.3,0,0,89.67,119.61,1.8,315,1.6
2021,5,4,7,30,9.9,0,0,91.63,123.39,1.8,317,1.6
2021,5,4,8,30,9.5,0,0,93.24,123.84,1.8,317,1.6
2021,5,4,9,30,9,0,0,94.69,120.89,2,315,1.6
2021,5,4,10,30,8.5,0,0,95.75,115.01,2.1,313,1.6
2021,5,4,11,30,8,0,0,96.2,106.94,2.2,311,1.6
2021,5,4,12,30,7.800000000000001,0,0,94.64,97.35000000000001,2.2,311,1.6
2021,5,4,13,30,9.1,0,23,84.75,86.58,2.2,311,1.5
2021,5,4,14,30,11.9,0,52,69.71000000000001,75.53,2.2,320,1.5
2021,5,4,15,30,14.8,0,69,56.44,64.09,2.2,331,1.5
2021,5,4,16,30,17.7,0,80,44.92,52.64,2.2,337,1.4000000000000001
2021,5,4,17,30,20.200000000000003,0,84,36.87,41.62,2.1,340,1.3
2021,5,4,18,30,22.200000000000003,0,83,31.6,31.830000000000002,2,343,1.2000000000000002
2021,5,4,19,30,23.8,0,85,27.77,25.060000000000002,1.8,346,1.1
2021,5,4,20,30,24.900000000000002,0,85,24.95,24.12,1.5,349,1
2021,5,4,21,30,25.5,0,84,23.16,29.6,1.2000000000000002,352,1
2021,5,4,22,30,25.5,0,80,22.73,38.81,1,357,1
2021,5,4,23,30,25.3,0,76,22.89,49.6,0.9,360,1
2021,5,5,0,30,23.6,0,69,25.69,60.97,0.7000000000000001,15,1
2021,5,5,1,30,20.8,0,57,34.13,72.44,0.6000000000000001,24,1
2021,5,5,2,30,17.6,0,34,58.09,83.63,0.6000000000000001,19,1
2021,5,5,3,30,15.700000000000001,0,0,61.31,94.5,0.7000000000000001,178,1
2021,5,5,4,30,14.4,0,0,65.42,104.36,0.8,342,1
2021,5,5,5,30,12.9,0,0,71.86,112.86,0.8,338,1
2021,5,5,6,30,11.8,0,0,76.26,119.35000000000001,0.8,335,1
2021,5,5,7,30,11.100000000000001,0,0,78.24,123.11,0.9,328,1
2021,5,5,8,30,10.700000000000001,0,0,77.56,123.55,1.1,319,0.9
2021,5,5,9,30,10.600000000000001,0,0,74.54,120.61,1.3,314,0.9
2021,5,5,10,30,10.5,0,0,71.77,114.75,1.4000000000000001,315,0.9
2021,5,5,11,30,10.200000000000001,0,0,70.62,106.7,1.2000000000000002,321,0.9
2021,5,5,12,30,10.100000000000001,0,0,68.89,97.13,1,329,0.9
2021,5,5,13,30,11.600000000000001,0,24,62.56,86.39,1,326,1
2021,5,5,14,30,15.3,0,52,57.910000000000004,75.35000000000001,1,317,1
2021,5,5,15,30,19.3,0,67,37.82,63.9,0.7000000000000001,317,1
2021,5,5,16,30,22.400000000000002,0,78,27.05,52.45,0.4,222,1
2021,5,5,17,30,24.700000000000003,0,84,21.79,41.410000000000004,0.6000000000000001,130,1
2021,5,5,18,30,26.200000000000003,0,87,19.14,31.59,0.8,139,1
2021,5,5,19,30,27.200000000000003,0,89,17.69,24.78,1.1,143,1
2021,5,5,20,30,27.8,0,88,16.87,23.85,1.2000000000000002,144,1.1
2021,5,5,21,30,28,0,85,16.72,29.38,1.5,144,1.1
2021,5,5,22,30,27.700000000000003,0,80,17.36,38.62,1.6,146,1.1
2021,5,5,23,30,27.400000000000002,0,75,18.3,49.43,1.7000000000000002,147,1.1
2021,5,6,0,30,25.200000000000003,0,68,21.76,60.82,1.6,156,1.2000000000000002
2021,5,6,1,30,21.900000000000002,0,56,29.1,72.28,1.2000000000000002,164,1.2000000000000002
2021,5,6,2,30,17.3,0,33,49.9,83.47,0.8,180,1.1
2021,5,6,3,30,14.200000000000001,0,0,62.25,94.31,0.8,198,1
2021,5,6,4,30,12.700000000000001,0,0,68.07000000000001,104.16,0.8,205,0.9
2021,5,6,5,30,11.5,0,0,73.93,112.63,0.7000000000000001,207,0.9
2021,5,6,6,30,10.8,0,0,76.95,119.10000000000001,0.6000000000000001,207,0.8
2021,5,6,7,30,10.200000000000001,0,0,78.24,122.83,0.6000000000000001,211,0.8
2021,5,6,8,30,9.3,0,0,80.15,123.27,0.6000000000000001,224,0.9
2021,5,6,9,30,8.4,0,0,81.44,120.34,0.6000000000000001,236,0.9
2021,5,6,10,30,7.6000000000000005,0,0,80.38,114.5,0.6000000000000001,243,0.9
2021,5,6,11,30,6.9,0,0,79.09,106.47,0.7000000000000001,249,0.8
2021,5,6,12,30,6.5,0,0,75.46000000000001,96.92,0.7000000000000001,254,0.8
2021,5,6,13,30,7.800000000000001,0,25,64.2,86.19,0.9,258,0.8
2021,5,6,14,30,10.700000000000001,0,55,48.99,75.16,1.1,254,0.8
2021,5,6,15,30,13.600000000000001,0,72,36.01,63.72,0.9,246,0.8
2021,5,6,16,30,16.1,0,84,30.02,52.26,0.8,237,0.8
2021,5,6,17,30,18.3,7,250,26.42,41.21,0.7000000000000001,227,0.9
2021,5,6,18,30,20.1,7,249,24.46,31.36,0.7000000000000001,221,0.9
2021,5,6,19,30,21.400000000000002,0,178,23.92,24.51,0.7000000000000001,219,0.9
2021,5,6,20,30,22,0,92,24.75,23.580000000000002,0.8,222,1
2021,5,6,21,30,21.900000000000002,0,89,26.7,29.150000000000002,0.9,226,1
2021,5,6,22,30,21.3,0,87,29.19,38.44,1.2000000000000002,235,1
2021,5,6,23,30,20.8,0,81,31.19,49.27,1.3,241,1
2021,5,7,0,30,18,0,72,38.13,60.660000000000004,1.6,266,1
2021,5,7,1,30,15.100000000000001,0,64,47.36,72.13,1.9000000000000001,284,0.9
2021,5,7,2,30,11.700000000000001,4,41,61.79,83.3,2.1,295,0.9
2021,5,7,3,30,9.200000000000001,7,0,75.58,94.13,2.2,299,0.8
2021,5,7,4,30,8,7,0,83.34,103.96000000000001,2.1,301,0.7000000000000001
2021,5,7,5,30,7.2,0,0,87.25,112.41,2,302,0.7000000000000001
2021,5,7,6,30,6.6000000000000005,0,0,88.34,118.85000000000001,2,303,0.6000000000000001
2021,5,7,7,30,6,0,0,89.04,122.56,2.1,303,0.6000000000000001
2021,5,7,8,30,5.6000000000000005,0,0,88.78,122.99000000000001,2.2,304,0.6000000000000001
2021,5,7,9,30,5.1000000000000005,0,0,89.34,120.07000000000001,2.2,306,0.6000000000000001
2021,5,7,10,30,4.6000000000000005,0,0,90.06,114.25,2.1,307,0.7000000000000001
2021,5,7,11,30,4.1000000000000005,0,0,91.33,106.24000000000001,2.1,307,0.7000000000000001
2021,5,7,12,30,3.7,0,0,91.72,96.71000000000001,2.1,305,0.7000000000000001
2021,5,7,13,30,4.5,0,26,83.9,86.01,2.2,309,0.7000000000000001
2021,5,7,14,30,6.9,0,52,66.88,74.98,2.4000000000000004,322,0.7000000000000001
2021,5,7,15,30,9.9,0,68,49.7,63.54,2.4000000000000004,335,0.6000000000000001
2021,5,7,16,30,12.700000000000001,0,78,37.980000000000004,52.08,2.4000000000000004,340,0.6000000000000001
2021,5,7,17,30,15.200000000000001,0,86,29.21,41.01,2.4000000000000004,340,0.5
2021,5,7,18,30,17.2,0,91,23.3,31.14,2.4000000000000004,340,0.5
2021,5,7,19,30,18.6,0,94,19.85,24.240000000000002,2.4000000000000004,341,0.5
2021,5,7,20,30,19.5,0,93,18.34,23.31,2.4000000000000004,341,0.5
2021,5,7,21,30,19.900000000000002,0,88,18.240000000000002,28.93,2.3000000000000003,341,0.6000000000000001
2021,5,7,22,30,19.700000000000003,0,85,19.12,38.26,2.3000000000000003,339,0.6000000000000001
2021,5,7,23,30,19.5,0,79,20.150000000000002,49.11,2.3000000000000003,339,0.6000000000000001
2021,5,8,0,30,17.8,0,73,23.54,60.51,2.3000000000000003,337,0.7000000000000001
2021,5,8,1,30,15.600000000000001,0,59,28.75,71.97,2.1,334,0.7000000000000001
2021,5,8,2,30,12.3,0,36,40.34,83.14,1.8,329,0.7000000000000001
2021,5,8,3,30,9.600000000000001,0,0,54.56,93.95,1.8,325,0.7000000000000001
2021,5,8,4,30,8.3,0,0,62.160000000000004,103.76,1.9000000000000001,324,0.7000000000000001
2021,5,8,5,30,7.300000000000001,0,0,67.37,112.18,2,324,0.7000000000000001
2021,5,8,6,30,6.6000000000000005,0,0,69.76,118.60000000000001,2.1,324,0.7000000000000001
2021,5,8,7,30,5.9,0,0,71.28,122.29,2.2,322,0.7000000000000001
2021,5,8,8,30,5.300000000000001,0,0,70.9,122.72,2.4000000000000004,320,0.7000000000000001
2021,5,8,9,30,4.800000000000001,0,0,69.9,119.81,2.6,317,0.7000000000000001
2021,5,8,10,30,4.6000000000000005,0,0,69.11,114.01,2.7,316,0.6000000000000001
2021,5,8,11,30,4.3,0,0,68.89,106.02,2.8000000000000003,315,0.6000000000000001
2021,5,8,12,30,4.3,0,0,66.31,96.51,2.8000000000000003,312,0.6000000000000001
2021,5,8,13,30,5.5,0,30,58.75,85.83,2.9000000000000004,312,0.6000000000000001
2021,5,8,14,30,8.3,0,62,46.65,74.8,3,319,0.7000000000000001
2021,5,8,15,30,11.600000000000001,0,81,34.77,63.370000000000005,3,331,0.7000000000000001
2021,5,8,16,30,14.600000000000001,0,93,25.27,51.910000000000004,2.9000000000000004,339,0.8
2021,5,8,17,30,17.3,0,98,20.57,40.82,2.9000000000000004,344,0.8
2021,5,8,18,30,19.6,0,97,19.09,30.92,2.8000000000000003,347,0.9
2021,5,8,19,30,21.400000000000002,0,100,18.47,23.98,2.8000000000000003,349,1
2021,5,8,20,30,22.700000000000003,0,101,18.31,23.05,2.7,350,1
2021,5,8,21,30,23.3,0,95,18.89,28.72,2.6,348,1.1
2021,5,8,22,30,23.3,0,92,20.23,38.08,2.4000000000000004,346,1.1
2021,5,8,23,30,23.1,0,88,21.900000000000002,48.96,2.4000000000000004,344,1.1
2021,5,9,0,30,21.1,0,94,26.52,60.36,2.3000000000000003,336,1.1
2021,5,9,1,30,18.7,0,81,33.27,71.82000000000001,2.1,331,1.1
2021,5,9,2,30,15.5,0,46,45.44,82.98,1.9000000000000001,326,1.1
2021,5,9,3,30,13.100000000000001,3,0,57.77,93.78,1.9000000000000001,325,1
2021,5,9,4,30,12,0,0,64.52,103.56,2,329,1
2021,5,9,5,30,11.100000000000001,0,0,69.33,111.96000000000001,2.1,333,1
2021,5,9,6,30,10.200000000000001,0,0,72.61,118.35000000000001,2.2,333,1
2021,5,9,7,30,9.200000000000001,0,0,76.5,122.03,2.2,329,1
2021,5,9,8,30,8.200000000000001,0,0,80.43,122.45,2.3000000000000003,325,1
2021,5,9,9,30,7.4,0,0,83.21000000000001,119.55,2.3000000000000003,322,1.1
2021,5,9,10,30,6.800000000000001,0,0,84.73,113.77,2.3000000000000003,320,1.1
2021,5,9,11,30,6.4,0,0,85.13,105.81,2.3000000000000003,316,1.1
2021,5,9,12,30,6.4,0,0,83.33,96.32000000000001,2.4000000000000004,314,1.1
2021,5,9,13,30,7.7,0,30,74.60000000000001,85.65,2.5,317,1.1
2021,5,9,14,30,10.4,0,75,61.07,74.63,2.6,327,1.1
2021,5,9,15,30,13.3,0,88,47.83,63.21,2.6,339,1.1
2021,5,9,16,30,16,0,101,37.67,51.74,2.6,345,1.1
2021,5,9,17,30,18.1,0,107,31.67,40.64,2.6,347,1.2000000000000002
2021,5,9,18,30,19.900000000000002,0,107,27.72,30.7,2.6,346,1.2000000000000002
2021,5,9,19,30,21.3,0,110,25.22,23.73,2.5,345,1.2000000000000002
2021,5,9,20,30,22.3,0,108,23.96,22.79,2.4000000000000004,344,1.2000000000000002
2021,5,9,21,30,22.8,0,102,23.79,28.5,2.3000000000000003,342,1.2000000000000002
2021,5,9,22,30,22.700000000000003,0,115,24.67,37.910000000000004,2.1,340,1.2000000000000002
2021,5,9,23,30,22.5,3,268,25.94,48.800000000000004,2.1,339,1.2000000000000002
2021,5,10,0,30,20.8,3,192,30.04,60.21,1.9000000000000001,334,1.2000000000000002
2021,5,10,1,30,18.6,0,67,36.12,71.67,1.7000000000000002,330,1.2000000000000002
2021,5,10,2,30,15.600000000000001,0,37,48.120000000000005,82.82000000000001,1.6,324,1.2000000000000002
2021,5,10,3,30,13,0,0,60.63,93.60000000000001,1.8,319,1.2000000000000002
2021,5,10,4,30,11.5,0,0,68.86,103.36,2,317,1.1
2021,5,10,5,30,10.4,0,0,74.4,111.74000000000001,2,316,1.1
2021,5,10,6,30,9.5,0,0,76.51,118.11,2.1,316,1
2021,5,10,7,30,8.8,0,0,76.91,121.77,2.1,314,1
2021,5,10,8,30,8.3,0,0,76.75,122.19,2.2,311,0.9
2021,5,10,9,30,7.9,0,0,77.25,119.3,2.3000000000000003,312,0.9
2021,5,10,10,30,7.5,0,0,78.56,113.54,2.3000000000000003,315,0.8
2021,5,10,11,30,7.2,0,0,78.10000000000001,105.59,2.3000000000000003,316,0.8
2021,5,10,12,30,7.4,0,0,73.14,96.12,2.3000000000000003,316,0.7000000000000001
2021,5,10,13,30,8.9,0,29,62.17,85.48,2.4000000000000004,314,0.6000000000000001
2021,5,10,14,30,11.8,0,55,48.76,74.47,2.3000000000000003,322,0.6000000000000001
2021,5,10,15,30,15.100000000000001,0,72,36.75,63.04,2.2,337,0.5
2021,5,10,16,30,18,0,84,28.2,51.57,2.2,347,0.5
2021,5,10,17,30,20.400000000000002,0,92,22.6,40.46,2.2,351,0.5
2021,5,10,18,30,22.3,0,97,18.39,30.490000000000002,2.2,351,0.5
2021,5,10,19,30,24,0,99,15.26,23.48,2.2,350,0.5
2021,5,10,20,30,25.200000000000003,0,97,13.39,22.54,2.1,348,0.5
2021,5,10,21,30,26,0,93,12.46,28.3,2,346,0.6000000000000001
2021,5,10,22,30,26.1,0,88,12.33,37.74,2,345,0.6000000000000001
2021,5,10,23,30,26.1,0,83,12.47,48.65,1.9000000000000001,345,0.6000000000000001
2021,5,11,0,30,24.5,0,71,14.32,60.06,1.7000000000000002,345,0.7000000000000001
2021,5,11,1,30,21.3,0,58,19.97,71.52,1.2000000000000002,340,0.7000000000000001
2021,5,11,2,30,16.7,0,36,42.32,82.67,0.9,329,0.8
2021,5,11,3,30,13.9,0,0,51.01,93.43,1,323,0.8
2021,5,11,4,30,12.9,0,0,55.69,103.17,1.1,323,0.8
2021,5,11,5,30,12.100000000000001,0,0,60.25,111.52,1.4000000000000001,320,0.8
2021,5,11,6,30,11.3,0,0,62.83,117.87,1.8,313,0.8
2021,5,11,7,30,10.8,0,0,63.56,121.52,2.1,309,0.8
2021,5,11,8,30,10.3,0,0,63.18,121.93,2.2,307,0.8
2021,5,11,9,30,9.9,0,0,62.480000000000004,119.05,2.1,307,0.8
2021,5,11,10,30,9.700000000000001,0,0,61.690000000000005,113.31,2.1,307,0.8
2021,5,11,11,30,9.5,0,0,61.620000000000005,105.39,1.9000000000000001,309,0.8
2021,5,11,12,30,9.700000000000001,0,0,59.68,95.94,1.8,312,0.8
2021,5,11,13,30,11.600000000000001,0,27,53.26,85.31,1.8,315,0.8
2021,5,11,14,30,15.5,0,52,50.17,74.31,1.6,324,0.8
2021,5,11,15,30,19.400000000000002,0,66,29.6,62.89,1.3,338,0.8
2021,5,11,16,30,22.5,0,75,19.21,51.410000000000004,1.2000000000000002,351,0.8
2021,5,11,17,30,24.8,0,78,14.75,40.29,1.1,183,0.8
2021,5,11,18,30,26.6,0,79,12.61,30.29,1,11,0.8
2021,5,11,19,30,27.900000000000002,0,81,11.52,23.23,1,16,0.8
2021,5,11,20,30,28.8,0,82,10.92,22.29,0.9,24,0.9
2021,5,11,21,30,29.1,0,81,10.89,28.09,0.9,36,0.9
2021,5,11,22,30,28.8,0,78,11.51,37.57,0.9,51,1
2021,5,11,23,30,28.6,0,73,12.22,48.5,0.9,59,1
2021,5,12,0,30,26.700000000000003,0,65,14.48,59.92,0.9,85,1
2021,5,12,1,30,23.6,0,54,19.48,71.37,0.7000000000000001,106,1.1
2021,5,12,2,30,19.400000000000002,0,35,39.62,82.51,0.7000000000000001,132,1.1
2021,5,12,3,30,17,0,0,44.03,93.25,0.8,160,1.1
2021,5,12,4,30,16.2,0,0,45.06,102.98,0.7000000000000001,183,1.1
2021,5,12,5,30,15.9,0,0,44.86,111.31,0.6000000000000001,211,1
2021,5,12,6,30,15.8,0,0,44.02,117.64,0.5,257,1
2021,5,12,7,30,15.200000000000001,0,0,44.57,121.27,0.4,152,1
2021,5,12,8,30,14.200000000000001,0,0,47.29,121.68,0.5,24,1
2021,5,12,9,30,13,0,0,50.74,118.81,0.6000000000000001,30,0.9
2021,5,12,10,30,12,0,0,54.01,113.09,0.6000000000000001,17,0.9
2021,5,12,11,30,11.200000000000001,0,0,56.08,105.19,0.7000000000000001,172,0.9
2021,5,12,12,30,10.700000000000001,0,0,57.46,95.75,0.7000000000000001,331,0.8
2021,5,12,13,30,12.8,0,28,52.08,85.15,0.6000000000000001,315,0.8
2021,5,12,14,30,17,0,52,44.22,74.15,0.4,298,0.8
2021,5,12,15,30,21.3,0,67,28.13,62.74,0.4,228,0.9
2021,5,12,16,30,24.700000000000003,0,82,17.48,51.26,0.6000000000000001,159,0.9
2021,5,12,17,30,26.6,0,90,13.75,40.12,0.8,146,1
2021,5,12,18,30,28,0,85,12.27,30.09,1,140,1
2021,5,12,19,30,28.8,0,89,11.67,23,1.1,138,1.1
2021,5,12,20,30,29.200000000000003,0,90,11.52,22.04,1.2000000000000002,138,1.1
2021,5,12,21,30,29.400000000000002,0,89,11.53,27.89,1.3,139,1.1
2021,5,12,22,30,29.3,0,84,11.61,37.4,1.4000000000000001,140,1.1
2021,5,12,23,30,29.1,0,78,11.86,48.35,1.4000000000000001,140,1.1
2021,5,13,0,30,27.3,0,70,13.47,59.77,1.3,142,1
2021,5,13,1,30,24.200000000000003,0,58,17.26,71.22,0.9,145,1
2021,5,13,2,30,19.5,0,37,32.25,82.36,0.6000000000000001,164,1
2021,5,13,3,30,16.5,0,0,42.76,93.08,0.7000000000000001,208,1
2021,5,13,4,30,15.3,0,0,46.89,102.79,0.7000000000000001,251,1
2021,5,13,5,30,14.3,0,0,51.6,111.10000000000001,0.7000000000000001,271,1
2021,5,13,6,30,13.200000000000001,0,0,56.99,117.41,0.7000000000000001,277,1
2021,5,13,7,30,12.4,0,0,60.53,121.02,0.7000000000000001,277,1
2021,5,13,8,30,11.9,0,0,62.36,121.44,0.7000000000000001,275,1
2021,5,13,9,30,11.8,0,0,62.07,118.58,0.6000000000000001,277,1
2021,5,13,10,30,11.4,0,0,63.08,112.87,0.6000000000000001,283,1
2021,5,13,11,30,10.9,0,0,64.69,104.99000000000001,0.6000000000000001,290,0.9
2021,5,13,12,30,10.700000000000001,0,0,65.49,95.58,0.6000000000000001,293,0.9
2021,5,13,13,30,13.100000000000001,0,29,57.620000000000005,85,0.5,285,0.9
2021,5,13,14,30,17.2,0,53,46.2,74,0.4,251,0.9
2021,5,13,15,30,20.900000000000002,0,69,32.7,62.59,0.5,200,0.9
2021,5,13,16,30,24,0,80,21.88,51.11,0.7000000000000001,164,0.9
2021,5,13,17,30,26.400000000000002,0,84,15.540000000000001,39.96,0.9,149,0.9
2021,5,13,18,30,28.1,0,86,12.51,29.900000000000002,1,144,1
2021,5,13,19,30,29.3,0,88,11.03,22.76,0.9,139,1
2021,5,13,20,30,30.1,0,89,10.55,21.8,0.9,130,1
2021,5,13,21,30,30.400000000000002,0,87,10.61,27.69,0.9,121,1
2021,5,13,22,30,30.3,0,84,11.040000000000001,37.24,1,116,1
2021,5,13,23,30,30,0,78,11.68,48.2,1,115,1
2021,5,14,0,30,28.200000000000003,0,71,13.59,59.63,1,116,1
2021,5,14,1,30,25,0,59,17.81,71.08,0.7000000000000001,117,1.1
2021,5,14,2,30,20.3,0,37,33.83,82.2,0.6000000000000001,124,1.1
2021,5,14,3,30,17.3,0,0,43.800000000000004,92.91,0.7000000000000001,143,1.1
2021,5,14,4,30,16.5,0,0,46.26,102.60000000000001,0.6000000000000001,168,1.1
2021,5,14,5,30,16,0,0,49.050000000000004,110.89,0.5,188,1.1
2021,5,14,6,30,15.600000000000001,0,0,51.49,117.18,0.5,199,1.1
2021,5,14,7,30,15,0,0,53.71,120.78,0.4,208,1.1
2021,5,14,8,30,14.100000000000001,0,0,57.52,121.19,0.4,239,1.1
2021,5,14,9,30,13.100000000000001,0,0,61.46,118.34,0.5,272,1.1
2021,5,14,10,30,12,0,0,66.13,112.66,0.6000000000000001,286,1.1
2021,5,14,11,30,11.100000000000001,0,0,71.24,104.8,0.6000000000000001,297,1.1
2021,5,14,12,30,10.9,0,0,73.78,95.41,0.6000000000000001,304,1.1
2021,5,14,13,30,13.200000000000001,0,31,65.81,84.84,0.7000000000000001,306,1.1
2021,5,14,14,30,16.900000000000002,0,60,53.96,73.86,0.5,307,1.1
2021,5,14,15,30,20,0,76,40.82,62.45,0.30000000000000004,228,1.1
2021,5,14,16,30,22.6,0,87,30.5,50.97,0.5,149,1.1
2021,5,14,17,30,24.700000000000003,0,93,24.05,39.81,0.7000000000000001,149,1.1
2021,5,14,18,30,26.200000000000003,0,96,20.37,29.72,0.8,139,1.1
2021,5,14,19,30,26.8,0,127,18.92,22.54,1,130,1.1
2021,5,14,20,30,26.700000000000003,0,101,18.84,21.57,1.2000000000000002,128,1.2000000000000002
2021,5,14,21,30,26.3,0,111,19.32,27.490000000000002,1.2000000000000002,128,1.2000000000000002
2021,5,14,22,30,26,7,247,19.68,37.07,1.2000000000000002,125,1.2000000000000002
2021,5,14,23,30,25.8,4,258,20.03,48.050000000000004,1.2000000000000002,123,1.2000000000000002
2021,5,15,0,30,24.700000000000003,0,77,21.57,59.49,1.1,104,1.2000000000000002
2021,5,15,1,30,22.5,0,65,25.36,70.93,0.8,87,1.3
2021,5,15,2,30,19,0,42,36.5,82.05,0.5,64,1.4000000000000001
2021,5,15,3,30,16.5,0,0,47.54,92.75,0.4,43,1.5
2021,5,15,4,30,15.4,4,0,53.72,102.42,0.4,41,1.6
2021,5,15,5,30,14.5,6,0,59.26,110.69,0.4,60,1.6
2021,5,15,6,30,14,7,0,64.47,116.96000000000001,0.30000000000000004,97,1.7000000000000002
2021,5,15,7,30,13.600000000000001,7,0,69.79,120.55,0.30000000000000004,185,1.7000000000000002
2021,5,15,8,30,12.700000000000001,7,0,78.32000000000001,120.96000000000001,0.30000000000000004,252,1.7000000000000002
2021,5,15,9,30,11.8,0,0,86.59,118.12,0.4,248,1.7000000000000002
2021,5,15,10,30,10.8,0,0,93.9,112.45,0.4,237,1.7000000000000002
2021,5,15,11,30,9.9,0,0,98.38,104.62,0.5,235,1.7000000000000002
2021,5,15,12,30,9.5,0,0,98.02,95.24,0.7000000000000001,234,1.7000000000000002
2021,5,15,13,30,10.100000000000001,0,35,92.17,84.69,1,227,1.7000000000000002
2021,5,15,14,30,11.8,4,102,82.4,73.72,1.1,210,1.7000000000000002
2021,5,15,15,30,14.100000000000001,4,165,67.22,62.32,1,191,1.7000000000000002
2021,5,15,16,30,16.400000000000002,4,257,53.42,50.83,0.8,172,1.7000000000000002
2021,5,15,17,30,18.1,0,263,45.660000000000004,39.660000000000004,0.7000000000000001,103,1.8
2021,5,15,18,30,18.7,0,142,44.980000000000004,29.54,0.9,28,1.9000000000000001
2021,5,15,19,30,18.3,0,151,48.56,22.32,1.2000000000000002,182,1.9000000000000001
2021,5,15,20,30,17.8,0,141,52,21.34,1.4000000000000001,347,1.9000000000000001
2021,5,15,21,30,17.7,0,296,53.02,27.3,1.6,340,2
2021,5,15,22,30,17.2,0,130,54.92,36.910000000000004,1.7000000000000002,328,2
2021,5,15,23,30,16.900000000000002,0,112,56.59,47.910000000000004,1.8,319,2.1
2021,5,16,0,30,16.6,0,89,57.300000000000004,59.35,1.7000000000000002,291,1.9000000000000001
2021,5,16,1,30,16.2,0,67,58.61,70.79,1.4000000000000001,284,1.8
2021,5,16,2,30,14.700000000000001,0,47,67.53,81.9,1,281,1.8
2021,5,16,3,30,13.3,4,0,71.18,92.58,0.8,281,1.8
2021,5,16,4,30,13,7,0,70.79,102.24000000000001,0.7000000000000001,280,1.8
2021,5,16,5,30,12.700000000000001,6,0,70.87,110.49000000000001,0.7000000000000001,279,1.7000000000000002
2021,5,16,6,30,12.4,7,0,71.44,116.74000000000001,0.6000000000000001,284,1.7000000000000002
2021,5,16,7,30,11.9,0,0,73.27,120.32000000000001,0.6000000000000001,295,1.7000000000000002
2021,5,16,8,30,11.200000000000001,0,0,77.01,120.73,0.6000000000000001,309,1.6
2021,5,16,9,30,10.3,0,0,82.03,117.9,0.6000000000000001,320,1.6
2021,5,16,10,30,9.600000000000001,0,0,85.76,112.25,0.7000000000000001,321,1.5
2021,5,16,11,30,9.1,0,0,87.76,104.44,0.7000000000000001,319,1.4000000000000001
2021,5,16,12,30,9.1,0,0,85.43,95.08,0.6000000000000001,316,1.4000000000000001
2021,5,16,13,30,11.5,0,30,71.49,84.55,0.6000000000000001,293,1.4000000000000001
2021,5,16,14,30,15.100000000000001,0,57,55.42,73.58,0.9,241,1.4000000000000001
2021,5,16,15,30,17.8,0,74,44.13,62.190000000000005,1.2000000000000002,205,1.3
2021,5,16,16,30,20.3,0,87,37.32,50.7,1.3,197,1.3
2021,5,16,17,30,22.700000000000003,0,96,31.7,39.51,1.2000000000000002,189,1.3
2021,5,16,18,30,24.700000000000003,0,102,27.43,29.37,1.1,179,1.3
2021,5,16,19,30,26.3,0,106,24.35,22.1,1,165,1.2000000000000002
2021,5,16,20,30,27.400000000000002,3,347,22.17,21.11,0.9,147,1.2000000000000002
2021,5,16,21,30,27.8,0,235,20.89,27.11,0.9,133,1.2000000000000002
2021,5,16,22,30,27.6,3,235,20.55,36.76,1,131,1.2000000000000002
2021,5,16,23,30,27.3,3,202,20.72,47.77,1.1,134,1.2000000000000002
2021,5,17,0,30,25.400000000000002,0,104,23.3,59.21,1.2000000000000002,153,1.2000000000000002
2021,5,17,1,30,22.900000000000002,0,66,27.84,70.65,1,163,1.2000000000000002
2021,5,17,2,30,18.8,0,41,39.04,81.76,0.7000000000000001,177,1.2000000000000002
2021,5,17,3,30,15.3,0,0,54.29,92.42,0.5,204,1.2000000000000002
2021,5,17,4,30,13.600000000000001,0,0,63.230000000000004,102.06,0.5,235,1.2000000000000002
2021,5,17,5,30,12.5,0,0,68.87,110.29,0.4,239,1.1
2021,5,17,6,30,11.3,0,0,75.13,116.53,0.4,200,1.1
2021,5,17,7,30,10.5,0,0,78.52,120.09,0.30000000000000004,160,1.1
2021,5,17,8,30,9.9,0,0,80.13,120.5,0.4,144,1.1
2021,5,17,9,30,9.3,0,0,81.73,117.69,0.5,138,1.1
2021,5,17,10,30,8.700000000000001,0,0,83.9,112.06,0.6000000000000001,142,1
2021,5,17,11,30,8.1,0,0,86.44,104.26,0.5,155,1
2021,5,17,12,30,8,0,0,86.53,94.92,0.6000000000000001,183,0.9
2021,5,17,13,30,9.4,0,33,79.54,84.41,0.7000000000000001,201,0.9
2021,5,17,14,30,12.200000000000001,0,62,69.93,73.45,0.8,192,0.9
2021,5,17,15,30,15.5,0,79,53.65,62.06,0.8,177,0.9
2021,5,17,16,30,18.7,0,91,38.97,50.57,0.8,161,0.9
2021,5,17,17,30,21.3,0,97,29.94,39.37,0.9,149,1
2021,5,17,18,30,23.3,0,98,25.38,29.2,1.1,142,1.1
2021,5,17,19,30,24.700000000000003,0,103,23.38,21.89,1.3,142,1.2000000000000002
2021,5,17,20,30,25.400000000000002,0,103,22.78,20.89,1.4000000000000001,144,1.2000000000000002
2021,5,17,21,30,25.400000000000002,0,98,23.19,26.93,1.4000000000000001,149,1.3
2021,5,17,22,30,25,0,93,24.2,36.6,1.4000000000000001,159,1.3
2021,5,17,23,30,24.6,0,86,25.28,47.63,1.3,166,1.3
2021,5,18,0,30,22.700000000000003,0,82,28.78,59.08,1,191,1.3
2021,5,18,1,30,20.200000000000003,0,61,33.8,70.51,0.7000000000000001,207,1.2000000000000002
2021,5,18,2,30,16.400000000000002,0,39,45.050000000000004,81.61,0.5,228,1.1
2021,5,18,3,30,13.200000000000001,0,0,56.480000000000004,92.26,0.6000000000000001,248,1.1
2021,5,18,4,30,11.3,0,0,63.46,101.88,0.6000000000000001,264,1
2021,5,18,5,30,10,0,0,69.2,110.10000000000001,0.6000000000000001,276,1
2021,5,18,6,30,9.1,0,0,72.96000000000001,116.32000000000001,0.6000000000000001,280,1
2021,5,18,7,30,8.3,0,0,75.68,119.88,0.6000000000000001,280,0.9
2021,5,18,8,30,7.7,0,0,77.17,120.29,0.7000000000000001,280,0.9
2021,5,18,9,30,7.2,0,0,77.87,117.48,0.9,285,0.9
2021,5,18,10,30,6.800000000000001,0,0,77.79,111.87,1,289,1
2021,5,18,11,30,6.4,0,0,78.2,104.09,1.2000000000000002,293,1.1
2021,5,18,12,30,6.6000000000000005,0,0,76.38,94.77,1.3,298,1.3
2021,5,18,13,30,8.4,0,31,68.21000000000001,84.28,1.4000000000000001,306,1.3
2021,5,18,14,30,11.700000000000001,0,55,55.550000000000004,73.33,1.2000000000000002,322,1.4000000000000001
2021,5,18,15,30,14.9,0,67,45.92,61.940000000000005,0.8,327,1.4000000000000001
2021,5,18,16,30,17.6,0,77,36.9,50.45,0.6000000000000001,317,1.3
2021,5,18,17,30,19.8,0,82,29.39,39.24,0.4,306,1.3
2021,5,18,18,30,21.6,0,84,24.72,29.05,0.30000000000000004,268,1.2000000000000002
2021,5,18,19,30,22.900000000000002,0,87,21.82,21.69,0.30000000000000004,205,1.2000000000000002
2021,5,18,20,30,23.700000000000003,0,88,19.97,20.68,0.5,166,1.2000000000000002
2021,5,18,21,30,23.900000000000002,0,85,18.990000000000002,26.75,0.7000000000000001,159,1.1
2021,5,18,22,30,23.5,0,83,18.77,36.45,0.7000000000000001,166,1.1
2021,5,18,23,30,23.1,0,78,18.66,47.49,0.7000000000000001,174,1.1
2021,5,19,0,30,20.3,0,71,21.76,58.94,1,240,1.1
2021,5,19,1,30,17.400000000000002,0,58,26.060000000000002,70.37,1.4000000000000001,276,1.1
2021,5,19,2,30,13.700000000000001,0,38,34.05,81.46000000000001,2,294,1
2021,5,19,3,30,10.200000000000001,0,0,46.34,92.10000000000001,2.5,301,1
2021,5,19,4,30,8.200000000000001,0,0,58.4,101.71000000000001,2.6,301,1
2021,5,19,5,30,7.1000000000000005,0,0,67.54,109.91,2.3000000000000003,302,1
2021,5,19,6,30,6.5,0,0,70.74,116.11,2.1,301,1
2021,5,19,7,30,6.1000000000000005,8,0,70.9,119.66,1.8,298,1
2021,5,19,8,30,5.800000000000001,7,0,70.44,120.07000000000001,1.6,295,1
2021,5,19,9,30,5.5,7,0,70.49,117.28,1.4000000000000001,293,1
2021,5,19,10,30,5,7,0,72,111.69,1.3,292,1.1
2021,5,19,11,30,4.3,0,0,74.88,103.93,1.3,291,1.1
2021,5,19,12,30,3.9000000000000004,0,0,76.88,94.63,1.3,291,1.1
2021,5,19,13,30,4.9,0,28,71.61,84.15,1.5,299,1
2021,5,19,14,30,7.4,0,50,58.49,73.21000000000001,1.5,315,1
2021,5,19,15,30,10.4,0,62,43.72,61.83,1.2000000000000002,327,0.9
2021,5,19,16,30,13,0,72,33.65,50.34,1,327,0.8
2021,5,19,17,30,15.200000000000001,0,78,27.43,39.12,0.8,321,0.7000000000000001
2021,5,19,18,30,17,0,82,23.27,28.89,0.8,314,0.6000000000000001
2021,5,19,19,30,18.1,0,84,20.27,21.5,0.9,305,0.5
2021,5,19,20,30,18.5,0,82,18.16,20.47,1.2000000000000002,299,0.5
2021,5,19,21,30,18.2,0,80,17.76,26.57,1.6,299,0.5
2021,5,19,22,30,17.1,0,78,19.27,36.300000000000004,2,302,0.5
2021,5,19,23,30,16.3,0,74,21.82,47.36,2.3000000000000003,303,0.5
2021,5,20,0,30,13.100000000000001,0,67,29.67,58.81,2.8000000000000003,306,0.5
2021,5,20,1,30,10.700000000000001,0,55,37.56,70.24,2.9000000000000004,307,0.5
2021,5,20,2,30,8.200000000000001,0,37,46.19,81.32000000000001,2.7,307,0.5
2021,5,20,3,30,6.2,0,0,55.53,91.95,2.6,306,0.5
2021,5,20,4,30,4.9,0,0,64.53,101.54,2.7,309,0.5
2021,5,20,5,30,4.2,0,0,71.55,109.72,2.6,314,0.5
2021,5,20,6,30,3.9000000000000004,0,0,75.92,115.91,2.4000000000000004,320,0.6000000000000001
2021,5,20,7,30,3.7,0,0,78.54,119.45,2.3000000000000003,321,0.6000000000000001
2021,5,20,8,30,3.5,0,0,79.98,119.86,2.2,319,0.6000000000000001
2021,5,20,9,30,3.1,0,0,81.9,117.08,2.1,316,0.6000000000000001
2021,5,20,10,30,2.7,0,0,82.83,111.51,2.1,315,0.5
2021,5,20,11,30,2.2,0,0,84.11,103.77,2,313,0.5
2021,5,20,12,30,2,0,0,83.34,94.49,2.1,313,0.5
2021,5,20,13,30,2.8000000000000003,0,29,76.63,84.03,2.3000000000000003,316,0.5
2021,5,20,14,30,4.6000000000000005,0,47,63.25,73.09,2.5,324,0.5
2021,5,20,15,30,6.7,0,59,47.92,61.72,2.6,331,0.5
2021,5,20,16,30,8.9,0,67,36.31,50.230000000000004,2.6,336,0.5
2021,5,20,17,30,10.8,0,75,29.01,39,2.5,339,0.5
2021,5,20,18,30,12.200000000000001,0,106,24.77,28.75,2.5,341,0.5
2021,5,20,19,30,13.100000000000001,4,383,22.81,21.31,2.4000000000000004,342,0.5
2021,5,20,20,30,13.4,4,399,22.68,20.26,2.4000000000000004,340,0.6000000000000001
2021,5,20,21,30,13.3,4,297,23.63,26.400000000000002,2.5,338,0.6000000000000001
2021,5,20,22,30,13,0,254,24.810000000000002,36.160000000000004,2.5,338,0.6000000000000001
2021,5,20,23,30,12.8,4,129,25.650000000000002,47.22,2.5,339,0.6000000000000001
2021,5,21,0,30,11.700000000000001,7,68,28.28,58.68,2.5,343,0.6000000000000001
2021,5,21,1,30,10.5,4,58,31.69,70.10000000000001,2.4000000000000004,345,0.7000000000000001
2021,5,21,2,30,8.9,0,37,37.46,81.18,2,343,0.7000000000000001
2021,5,21,3,30,7.2,0,3,46.03,91.79,1.7000000000000002,335,0.7000000000000001
2021,5,21,4,30,5.9,0,0,54.63,101.37,1.7000000000000002,325,0.6000000000000001
2021,5,21,5,30,4.800000000000001,0,0,63.370000000000005,109.54,1.8,319,0.6000000000000001
2021,5,21,6,30,4,0,0,71.52,115.71000000000001,1.8,316,0.6000000000000001
2021,5,21,7,30,3.3000000000000003,0,0,78.66,119.25,1.9000000000000001,313,0.7000000000000001
2021,5,21,8,30,2.8000000000000003,0,0,83.19,119.66,1.9000000000000001,312,0.7000000000000001
2021,5,21,9,30,2.4000000000000004,0,0,85.83,116.9,2,310,0.7000000000000001
2021,5,21,10,30,2,0,0,88.25,111.34,2.1,309,0.7000000000000001
2021,5,21,11,30,1.8,0,0,89.31,103.62,2.1,307,0.7000000000000001
2021,5,21,12,30,1.9000000000000001,0,0,87.86,94.36,2.2,307,0.7000000000000001
2021,5,21,13,30,3.5,0,28,77.52,83.91,2.3000000000000003,311,0.7000000000000001
2021,5,21,14,30,6.5,0,47,61.78,72.99,2.4000000000000004,325,0.7000000000000001
2021,5,21,15,30,9.4,0,59,46.29,61.620000000000005,2.4000000000000004,337,0.7000000000000001
2021,5,21,16,30,11.9,0,118,35.49,50.120000000000005,2.3000000000000003,341,0.7000000000000001
2021,5,21,17,30,14,0,152,28.63,38.88,2.2,343,0.7000000000000001
2021,5,21,18,30,15.700000000000001,0,245,24.57,28.61,2.1,347,0.7000000000000001
2021,5,21,19,30,16.900000000000002,0,98,22.42,21.12,2,352,0.8
2021,5,21,20,30,17.5,0,91,21.91,20.07,2,180,0.8
2021,5,21,21,30,17.7,0,142,22.25,26.23,2,6,0.9
2021,5,21,22,30,17.400000000000002,4,316,23.53,36.02,2,10,0.9
2021,5,21,23,30,17.2,4,250,24.63,47.09,1.9000000000000001,11,0.9
2021,5,22,0,30,16,0,147,27.23,58.550000000000004,1.8,9,0.9
2021,5,22,1,30,14.700000000000001,7,94,30.55,69.97,1.6,7,0.9
2021,5,22,2,30,12,8,39,39.09,81.04,1.2000000000000002,3,0.9
2021,5,22,3,30,9.1,0,1,54.52,91.64,1,177,0.9
2021,5,22,4,30,7.5,0,0,62.78,101.21000000000001,1,349,0.9
2021,5,22,5,30,6.4,0,0,68.5,109.36,1.1,339,0.9
2021,5,22,6,30,5.4,0,0,73.67,115.52,1.1,326,1
2021,5,22,7,30,4.800000000000001,0,0,76.87,119.05,1.3,315,1
2021,5,22,8,30,4.3,0,0,79.94,119.47,1.4000000000000001,312,1
2021,5,22,9,30,3.9000000000000004,0,0,82.96000000000001,116.71000000000001,1.5,311,1
2021,5,22,10,30,3.6,0,0,85.97,111.17,1.5,313,1
2021,5,22,11,30,3.3000000000000003,0,0,88.79,103.48,1.5,316,1
2021,5,22,12,30,3.7,0,0,86.81,94.23,1.5,316,1
2021,5,22,13,30,6.2,0,31,74.19,83.8,1.6,321,1
2021,5,22,14,30,9.9,0,54,58.230000000000004,72.88,1.5,339,1
2021,5,22,15,30,12.9,0,78,44.65,61.52,1.5,354,1.1
2021,5,22,16,30,15.100000000000001,0,86,36.52,50.02,1.4000000000000001,358,1.1
2021,5,22,17,30,17,0,122,30.7,38.77,1.4000000000000001,358,1.1
2021,5,22,18,30,18.5,0,179,26.740000000000002,28.47,1.3,180,1.1
2021,5,22,19,30,19.700000000000003,3,399,24.34,20.95,1.3,3,1.1
2021,5,22,20,30,20.400000000000002,3,334,23.43,19.87,1.1,3,1.1
2021,5,22,21,30,20.700000000000003,4,334,23.45,26.07,1,5,1.2000000000000002
2021,5,22,22,30,20.6,4,340,24.18,35.88,0.8,4,1.2000000000000002
2021,5,22,23,30,20.3,4,233,25.490000000000002,46.96,0.6000000000000001,2,1.2000000000000002
2021,5,23,0,30,18.7,4,165,29.43,58.43,0.6000000000000001,335,1.2000000000000002
2021,5,23,1,30,16.900000000000002,4,62,34.6,69.85000000000001,0.5,322,1.2000000000000002
2021,5,23,2,30,14.4,4,50,43.29,80.91,0.4,316,1.2000000000000002
2021,5,23,3,30,12.100000000000001,7,1,53.56,91.5,0.5,312,1.2000000000000002
2021,5,23,4,30,10.700000000000001,7,0,60.6,101.05,0.7000000000000001,312,1.2000000000000002
2021,5,23,5,30,9.700000000000001,0,0,66.45,109.19,1.2000000000000002,315,1.2000000000000002
2021,5,23,6,30,8.6,0,0,73.35000000000001,115.34,1.7000000000000002,314,1.2000000000000002
2021,5,23,7,30,7.4,0,0,80.62,118.86,1.8,312,1.2000000000000002
2021,5,23,8,30,6.4,4,0,86.14,119.28,1.8,311,1.2000000000000002
2021,5,23,9,30,5.6000000000000005,4,0,90.17,116.54,1.6,310,1.1
2021,5,23,10,30,4.9,0,0,93.36,111.02,1.4000000000000001,310,1.1
2021,5,23,11,30,4.5,0,0,94.07000000000001,103.34,1.2000000000000002,311,1.1
2021,5,23,12,30,4.800000000000001,0,0,90.39,94.11,0.9,315,1
2021,5,23,13,30,7.2,0,31,76.4,83.69,0.6000000000000001,321,1
2021,5,23,14,30,10.600000000000001,0,53,60.07,72.78,0.5,227,1
2021,5,23,15,30,13.4,0,66,45.18,61.42,0.6000000000000001,133,1
2021,5,23,16,30,15.8,0,75,35.6,49.93,0.8,135,1
2021,5,23,17,30,17.8,0,80,29.88,38.67,0.8,131,1
2021,5,23,18,30,19.6,0,94,25.72,28.34,0.8,124,1
2021,5,23,19,30,21.1,0,84,22.72,20.78,0.8,116,1
2021,5,23,20,30,22.3,0,85,20.740000000000002,19.68,0.8,108,1
2021,5,23,21,30,23,0,84,19.54,25.900000000000002,0.9,102,1
2021,5,23,22,30,23.1,0,82,19.17,35.74,1,104,1.1
2021,5,23,23,30,23,0,110,19.31,46.84,1,106,1.1
2021,5,24,0,30,21.5,0,77,21.42,58.300000000000004,1,129,1.2000000000000002
2021,5,24,1,30,19.6,0,57,24.77,69.72,0.9,147,1.2000000000000002
2021,5,24,2,30,15.600000000000001,0,38,34.94,80.77,0.7000000000000001,165,1.3
2021,5,24,3,30,12.100000000000001,0,3,50.76,91.35000000000001,0.7000000000000001,188,1.3
2021,5,24,4,30,10.8,0,0,55.74,100.89,0.7000000000000001,211,1.4000000000000001
2021,5,24,5,30,10,0,0,59.59,109.02,0.6000000000000001,229,1.4000000000000001
2021,5,24,6,30,9.5,0,0,61.53,115.15,0.6000000000000001,247,1.4000000000000001
2021,5,24,7,30,9.200000000000001,0,0,62.74,118.67,0.5,265,1.4000000000000001
2021,5,24,8,30,8.8,0,0,63.99,119.09,0.5,278,1.4000000000000001
2021,5,24,9,30,8.3,0,0,65.4,116.36,0.4,287,1.4000000000000001
2021,5,24,10,30,8,0,0,65.58,110.86,0.4,289,1.4000000000000001
2021,5,24,11,30,7.6000000000000005,0,0,66.01,103.2,0.5,283,1.3
2021,5,24,12,30,7.800000000000001,0,0,64.11,93.99,0.5,280,1.3
2021,5,24,13,30,10.3,0,30,55.18,83.59,0.5,283,1.3
2021,5,24,14,30,14.200000000000001,0,51,42.67,72.69,0.30000000000000004,263,1.3
2021,5,24,15,30,17.5,8,149,35.56,61.34,0.2,188,1.3
2021,5,24,16,30,19.5,7,219,33.06,49.84,0.4,141,1.3
2021,5,24,17,30,20.200000000000003,0,147,31.87,38.57,0.5,148,1.3
2021,5,24,18,30,21.200000000000003,0,94,29.7,28.22,0.6000000000000001,158,1.3
2021,5,24,19,30,23,0,251,26.240000000000002,20.62,0.7000000000000001,169,1.3
2021,5,24,20,30,24.3,0,85,23.53,19.5,0.7000000000000001,182,1.2000000000000002
2021,5,24,21,30,24.6,0,78,22.37,25.75,0.8,199,1.2000000000000002
2021,5,24,22,30,24.1,0,74,22.67,35.6,0.9,226,1.2000000000000002
2021,5,24,23,30,23.700000000000003,0,78,23.27,46.71,1,242,1.3
2021,5,25,0,30,21.1,0,63,28.21,58.18,1.6,272,1.3
2021,5,25,1,30,18.6,0,53,35.69,69.59,1.9000000000000001,282,1.3
2021,5,25,2,30,15.4,0,36,49.120000000000005,80.64,2.1,288,1.4000000000000001
2021,5,25,3,30,12.600000000000001,0,4,66.29,91.21000000000001,2,292,1.4000000000000001
2021,5,25,4,30,11.200000000000001,0,0,77.93,100.74000000000001,1.7000000000000002,295,1.4000000000000001
2021,5,25,5,30,10.700000000000001,7,0,83.15,108.85000000000001,1.4000000000000001,301,1.4000000000000001
2021,5,25,6,30,10.3,7,0,87.23,114.98,1,308,1.4000000000000001
2021,5,25,7,30,9.700000000000001,0,0,92.34,118.49000000000001,0.6000000000000001,316,1.3
2021,5,25,8,30,9.200000000000001,0,0,95.28,118.92,0.4,321,1.2000000000000002
2021,5,25,9,30,8.700000000000001,0,0,97.32000000000001,116.2,0.4,320,1.1
2021,5,25,10,30,8.1,0,0,99.19,110.72,0.4,316,0.9
2021,5,25,11,30,7.6000000000000005,0,0,99.78,103.07000000000001,0.5,311,0.9
2021,5,25,12,30,7.5,0,0,96.79,93.88,0.8,308,0.9
2021,5,25,13,30,8.6,0,30,87.38,83.49,1.4000000000000001,311,0.9
2021,5,25,14,30,10.600000000000001,0,48,73.96000000000001,72.60000000000001,1.7000000000000002,319,0.8
2021,5,25,15,30,13.100000000000001,0,59,60.550000000000004,61.25,1.6,329,0.8
2021,5,25,16,30,15.8,0,65,47.42,49.76,1.4000000000000001,336,0.8
2021,5,25,17,30,18.2,0,72,35.94,38.480000000000004,1.2000000000000002,340,0.8
2021,5,25,18,30,20.1,0,77,28.68,28.11,1.1,345,0.8
2021,5,25,19,30,21.700000000000003,0,91,23.87,20.46,1,350,0.8
2021,5,25,20,30,22.700000000000003,0,159,21.17,19.32,0.9,353,0.8
2021,5,25,21,30,23.200000000000003,0,173,19.81,25.59,0.8,355,0.8
2021,5,25,22,30,23.3,0,156,19.22,35.47,0.8,353,0.8
2021,5,25,23,30,23.1,0,136,19.23,46.59,0.8,351,0.8
2021,5,26,0,30,21.8,0,104,20.75,58.06,0.8,345,0.7000000000000001
2021,5,26,1,30,20,0,53,23.37,69.47,0.7000000000000001,341,0.7000000000000001
2021,5,26,2,30,16.2,0,37,32.56,80.52,0.6000000000000001,331,0.7000000000000001
2021,5,26,3,30,12.700000000000001,0,4,48.2,91.07000000000001,0.7000000000000001,320,0.7000000000000001
2021,5,26,4,30,11.200000000000001,0,0,54.11,100.59,0.7000000000000001,318,0.7000000000000001
2021,5,26,5,30,10.200000000000001,0,0,59.51,108.69,0.9,320,0.7000000000000001
2021,5,26,6,30,9.3,0,0,64.96000000000001,114.8,1.3,318,0.7000000000000001
2021,5,26,7,30,8.700000000000001,0,0,69.06,118.31,1.7000000000000002,313,0.7000000000000001
2021,5,26,8,30,8.3,0,0,71.68,118.75,1.9000000000000001,310,0.7000000000000001
2021,5,26,9,30,8,0,0,73.44,116.04,2,311,0.7000000000000001
2021,5,26,10,30,7.7,7,0,75.26,110.58,1.9000000000000001,312,0.7000000000000001
2021,5,26,11,30,7.2,7,0,77.38,102.95,1.7000000000000002,311,0.7000000000000001
2021,5,26,12,30,7.4,7,0,75.66,93.77,1.7000000000000002,309,0.7000000000000001
2021,5,26,13,30,9.8,7,39,65.49,83.4,1.6,310,0.7000000000000001
2021,5,26,14,30,13.5,7,85,51.11,72.52,1.3,319,0.7000000000000001
2021,5,26,15,30,17.1,0,62,37.56,61.18,0.9,337,0.7000000000000001
2021,5,26,16,30,20.1,0,69,26.79,49.68,0.6000000000000001,182,0.7000000000000001
2021,5,26,17,30,22.3,0,75,20.79,38.39,0.4,26,0.7000000000000001
2021,5,26,18,30,24,0,78,17.54,28,0.4,48,0.7000000000000001
2021,5,26,19,30,25.3,0,80,15.52,20.31,0.4,67,0.8
2021,5,26,20,30,26,0,78,14.66,19.150000000000002,0.5,85,0.8
2021,5,26,21,30,26.3,0,75,14.450000000000001,25.44,0.7000000000000001,104,0.8
2021,5,26,22,30,26.1,0,74,14.790000000000001,35.34,0.9,118,0.8
2021,5,26,23,30,25.900000000000002,0,70,15.290000000000001,46.47,0.9,124,0.9
2021,5,27,0,30,24.1,0,65,17.51,57.94,1,137,0.9
2021,5,27,1,30,21.900000000000002,0,54,20.76,69.35000000000001,0.8,144,0.9
2021,5,27,2,30,18.1,0,38,28.85,80.39,0.5,156,0.9
2021,5,27,3,30,14.8,0,6,40.24,90.93,0.6000000000000001,191,0.9
2021,5,27,4,30,13,0,0,46.75,100.44,0.6000000000000001,235,0.9
2021,5,27,5,30,11.4,0,0,53.86,108.53,0.7000000000000001,265,0.9
2021,5,27,6,30,10.3,0,0,58.93,114.64,0.7000000000000001,279,0.9
2021,5,27,7,30,9.600000000000001,0,0,60.870000000000005,118.14,0.7000000000000001,278,0.9
2021,5,27,8,30,8.9,0,0,61.65,118.58,0.6000000000000001,270,0.9
2021,5,27,9,30,8.200000000000001,0,0,62.1,115.89,0.6000000000000001,268,0.9
2021,5,27,10,30,7.6000000000000005,0,0,60.27,110.44,0.7000000000000001,275,0.9
2021,5,27,11,30,7.300000000000001,0,0,55.93,102.83,0.7000000000000001,280,0.9
2021,5,27,12,30,7.9,0,0,48.11,93.67,0.8,281,1
2021,5,27,13,30,10.700000000000001,0,36,36.81,83.32000000000001,0.9,277,1
2021,5,27,14,30,14.600000000000001,0,61,25.84,72.44,0.8,276,1.1
2021,5,27,15,30,18,0,77,25.13,61.1,0.5,274,1.3
2021,5,27,16,30,20.700000000000003,0,103,24.400000000000002,49.61,0.30000000000000004,264,1.4000000000000001
2021,5,27,17,30,22.900000000000002,0,89,23.1,38.31,0.2,220,1.6
2021,5,27,18,30,24.5,0,85,23.45,27.900000000000002,0.2,171,1.7000000000000002
2021,5,27,19,30,25.5,0,85,24.22,20.17,0.30000000000000004,173,1.8
2021,5,27,20,30,25.900000000000002,0,82,25.21,18.98,0.4,208,1.9000000000000001
2021,5,27,21,30,25.8,0,79,26.740000000000002,25.3,0.6000000000000001,243,1.9000000000000001
2021,5,27,22,30,25.200000000000003,0,77,28.89,35.22,0.9,265,1.9000000000000001
2021,5,27,23,30,24.900000000000002,0,73,30.37,46.35,1,275,1.9000000000000001
2021,5,28,0,30,22.700000000000003,0,87,35.58,57.83,1.4000000000000001,292,1.8
2021,5,28,1,30,20.400000000000002,0,59,41.86,69.23,1.7000000000000002,300,1.8
2021,5,28,2,30,17.6,0,38,51.07,80.27,1.8,305,1.7000000000000002
2021,5,28,3,30,15,0,5,62.300000000000004,90.27,1.8,305,1.6
2021,5,28,4,30,13.3,0,0,70.79,100.3,1.7000000000000002,301,1.5
2021,5,28,5,30,12,0,0,78.24,108.38,1.6,300,1.4000000000000001
2021,5,28,6,30,11.100000000000001,0,0,84.21000000000001,114.48,1.5,300,1.3
2021,5,28,7,30,10.600000000000001,0,0,87.55,117.98,1.4000000000000001,301,1.3
2021,5,28,8,30,10,0,0,90.36,118.42,1.4000000000000001,305,1.2000000000000002
2021,5,28,9,30,9.4,0,0,92.37,115.74000000000001,1.3,312,1.2000000000000002
2021,5,28,10,30,8.9,0,0,93.12,110.31,1.3,317,1.2000000000000002
2021,5,28,11,30,8.5,0,0,92.9,102.72,1.2000000000000002,321,1.2000000000000002
2021,5,28,12,30,8.9,0,0,87.78,93.57000000000001,1.3,322,1.1
2021,5,28,13,30,11.4,0,31,73.08,83.24,1.4000000000000001,323,1.1
2021,5,28,14,30,15.100000000000001,0,50,56.370000000000005,72.37,1.3,331,1.1
2021,5,28,15,30,18.5,0,63,44.36,61.04,1.1,342,1.1
2021,5,28,16,30,21.5,0,70,36.15,49.54,0.9,353,1.1
2021,5,28,17,30,23.900000000000002,0,75,29.89,38.24,0.7000000000000001,183,1.1
2021,5,28,18,30,25.8,0,77,25.17,27.8,0.6000000000000001,10,1.1
2021,5,28,19,30,27.3,0,78,21.73,20.03,0.6000000000000001,19,1.1
2021,5,28,20,30,28.3,0,81,19.400000000000002,18.82,0.5,32,1.1
2021,5,28,21,30,28.8,0,84,17.89,25.16,0.5,48,1.1
2021,5,28,22,30,28.6,0,80,17.3,35.09,0.6000000000000001,67,1.1
2021,5,28,23,30,28.400000000000002,0,76,17.080000000000002,46.24,0.6000000000000001,75,1.1
2021,5,29,0,30,26.6,0,135,18.900000000000002,57.72,0.5,107,1.1
2021,5,29,1,30,24.3,7,102,22.06,69.12,0.4,132,1.1
2021,5,29,2,30,20.700000000000003,0,42,30.830000000000002,80.15,0.4,162,1.1
2021,5,29,3,30,17.8,7,3,40.28,90.16,0.5,198,1.1
2021,5,29,4,30,16.6,0,0,43.81,100.16,0.5,234,1.1
2021,5,29,5,30,15.8,7,0,45.480000000000004,108.23,0.5,263,1.1
2021,5,29,6,30,15.100000000000001,7,0,45.96,114.32000000000001,0.5,283,1.1
2021,5,29,7,30,14.3,0,0,46.62,117.82000000000001,0.5,292,1.1
2021,5,29,8,30,13.700000000000001,7,0,46.64,118.27,0.5,293,1.1
2021,5,29,9,30,13,7,0,46.88,115.60000000000001,0.5,292,1.1
2021,5,29,10,30,12.3,7,0,48.56,110.19,0.5,297,1.1
2021,5,29,11,30,11.600000000000001,0,0,49.980000000000004,102.62,0.6000000000000001,304,1.1
2021,5,29,12,30,11.5,0,0,49.53,93.49,0.7000000000000001,311,1.1
2021,5,29,13,30,13.700000000000001,0,33,44.88,83.16,0.8,314,1.1
2021,5,29,14,30,17.6,0,55,33.38,72.3,0.7000000000000001,321,1.1
2021,5,29,15,30,21.200000000000003,0,68,24.61,60.97,0.4,165,1.1
2021,5,29,16,30,24.1,0,76,20.09,49.480000000000004,0.4,19,1.1
2021,5,29,17,30,26.400000000000002,0,80,17.3,38.17,0.4,45,1.1
2021,5,29,18,30,28.200000000000003,0,80,15.44,27.71,0.4,60,1.1
2021,5,29,19,30,29.5,0,81,14.22,19.900000000000002,0.4,69,1.1
2021,5,29,20,30,30.3,0,82,13.52,18.67,0.5,73,1.1
2021,5,29,21,30,30.5,0,82,13.46,25.02,0.6000000000000001,73,1.1
2021,5,29,22,30,30.200000000000003,0,79,13.88,34.97,0.7000000000000001,69,1.2000000000000002
2021,5,29,23,30,29.900000000000002,0,74,14.32,46.13,0.7000000000000001,66,1.2000000000000002
2021,5,30,0,30,28.1,0,67,16.15,57.6,0.5,49,1.2000000000000002
2021,5,30,1,30,25.900000000000002,0,56,18.830000000000002,69,0.30000000000000004,174,1.2000000000000002
2021,5,30,2,30,22.200000000000003,0,48,27.150000000000002,80.03,0.30000000000000004,278,1.2000000000000002
2021,5,30,3,30,18.5,8,5,37.65,90.06,0.6000000000000001,258,1.2000000000000002
2021,5,30,4,30,16.6,0,0,43.04,100.02,0.6000000000000001,279,1.2000000000000002
2021,5,30,5,30,15.5,0,0,47.03,108.08,0.6000000000000001,295,1.2000000000000002
2021,5,30,6,30,14.4,0,0,51.370000000000005,114.17,0.5,297,1.2000000000000002
2021,5,30,7,30,13.700000000000001,0,0,54.160000000000004,117.67,0.6000000000000001,296,1.3
2021,5,30,8,30,13.3,0,0,54.99,118.12,0.8,299,1.3
2021,5,30,9,30,13,0,0,55.480000000000004,115.47,1,301,1.3
2021,5,30,10,30,12.8,0,0,55,110.07000000000001,1.2000000000000002,303,1.3
2021,5,30,11,30,12.9,0,0,53.25,102.52,1.4000000000000001,304,1.3
2021,5,30,12,30,13.5,0,0,50.24,93.4,1.7000000000000002,303,1.2000000000000002
2021,5,30,13,30,16,0,31,44.62,83.09,1.7000000000000002,305,1.2000000000000002
2021,5,30,14,30,19.700000000000003,0,51,37.76,72.24,1.5,316,1.2000000000000002
2021,5,30,15,30,23.200000000000003,0,61,26.09,60.92,1.4000000000000001,329,1.1
2021,5,30,16,30,26.400000000000002,0,69,19.62,49.42,1.1,338,1.1
2021,5,30,17,30,29,0,74,15.58,38.1,0.9,351,1.1
2021,5,30,18,30,31.1,0,77,12.86,27.63,0.7000000000000001,189,1.1
2021,5,30,19,30,32.4,0,79,11.4,19.78,0.7000000000000001,29,1.2000000000000002
2021,5,30,20,30,33.2,0,82,10.72,18.52,0.6000000000000001,47,1.2000000000000002
2021,5,30,21,30,33.5,0,83,10.5,24.89,0.6000000000000001,58,1.2000000000000002
2021,5,30,22,30,33.4,0,80,10.53,34.86,0.6000000000000001,65,1.2000000000000002
2021,5,30,23,30,33.2,0,74,10.65,46.02,0.5,69,1.2000000000000002
2021,5,31,0,30,31.5,0,67,11.85,57.5,0.4,61,1.2000000000000002
2021,5,31,1,30,29.1,0,57,14.08,68.89,0.30000000000000004,199,1.2000000000000002
2021,5,31,2,30,24.900000000000002,0,42,23.95,79.91,0.4,317,1.2000000000000002
2021,5,31,3,30,20.8,0,6,34.36,89.95,0.6000000000000001,292,1.2000000000000002
2021,5,31,4,30,18.8,0,0,39.19,99.89,0.8,302,1.3
2021,5,31,5,30,17.8,0,0,44.09,107.94,1.2000000000000002,310,1.4000000000000001
2021,5,31,6,30,17.1,0,0,48.08,114.02,1.7000000000000002,313,1.4000000000000001
2021,5,31,7,30,16.6,0,0,49.86,117.52,1.9000000000000001,309,1.5
2021,5,31,8,30,16.2,0,0,51.5,117.98,2.1,305,1.5
2021,5,31,9,30,15.8,0,0,53.31,115.34,1.7000000000000002,308,1.5
2021,5,31,10,30,15.100000000000001,0,0,55.28,109.96000000000001,1.3,310,1.4000000000000001
2021,5,31,11,30,14.4,0,0,57.18,102.43,1.2000000000000002,307,1.4000000000000001
2021,5,31,12,30,14.8,0,0,54.57,93.32000000000001,1.2000000000000002,307,1.4000000000000001
2021,5,31,13,30,17.8,0,31,44.300000000000004,83.03,1.2000000000000002,310,1.3
2021,5,31,14,30,22,0,50,31.830000000000002,72.18,1.2000000000000002,316,1.3
2021,5,31,15,30,25.6,0,62,23.080000000000002,60.86,0.9,324,1.4000000000000001
2021,5,31,16,30,29,0,70,16.64,49.370000000000005,0.5,178,1.4000000000000001
2021,5,31,17,30,31.700000000000003,0,74,12.67,38.050000000000004,0.4,57,1.5
2021,5,31,18,30,33.6,0,74,10.71,27.55,0.4,85,1.5
2021,5,31,19,30,34.800000000000004,0,77,9.61,19.66,0.5,80,1.6
2021,5,31,20,30,35.6,0,78,8.97,18.37,0.5,73,1.6
2021,5,31,21,30,35.800000000000004,0,76,8.83,24.76,0.6000000000000001,73,1.6
2021,5,31,22,30,35.6,0,73,9.01,34.74,0.6000000000000001,81,1.6
2021,5,31,23,30,35.300000000000004,0,68,9.33,45.910000000000004,0.6000000000000001,85,1.6
2021,6,1,0,30,33.4,0,62,10.6,57.39,0.6000000000000001,58,1.6
2021,6,1,1,30,30.5,0,61,13.33,68.78,0.4,49,1.6
2021,6,1,2,30,26.700000000000003,0,38,23.2,79.8,0.4,184,1.6
2021,6,1,3,30,23.700000000000003,0,6,30.73,89.85000000000001,0.6000000000000001,327,1.6
2021,6,1,4,30,22.3,7,0,33.69,99.76,0.8,331,1.7000000000000002
2021,6,1,5,30,21.6,7,0,36.09,107.81,1,336,1.8
2021,6,1,6,30,21.200000000000003,0,0,38.14,113.88,1.5,336,1.9000000000000001
2021,6,1,7,30,20.8,0,0,40.54,117.38,1.8,332,1.9000000000000001
2021,6,1,8,30,20.400000000000002,0,0,42.62,117.85000000000001,1.9000000000000001,324,1.9000000000000001
2021,6,1,9,30,20.1,0,0,43.58,115.22,1.8,318,1.9000000000000001
2021,6,1,10,30,19.8,0,0,43.89,109.86,1.6,314,1.8
2021,6,1,11,30,19.5,0,0,43.65,102.34,1.3,312,1.7000000000000002
2021,6,1,12,30,19.8,0,0,41.92,93.25,1.2000000000000002,311,1.7000000000000002
2021,6,1,13,30,21.8,0,32,38.52,82.97,1.2000000000000002,311,1.6
2021,6,1,14,30,25.200000000000003,0,51,37.480000000000004,72.13,0.9,314,1.6
2021,6,1,15,30,28.6,0,63,23.18,60.82,0.4,295,1.5
2021,6,1,16,30,31.400000000000002,0,71,17.25,49.32,0.4,211,1.5
2021,6,1,17,30,33.7,0,79,13.32,37.99,0.9,147,1.5
2021,6,1,18,30,35.2,0,89,11.06,27.48,1.3,148,1.5
2021,6,1,19,30,36.2,0,92,9.73,19.55,1.4000000000000001,150,1.5
2021,6,1,20,30,36.7,0,95,9.01,18.23,1.5,151,1.5
2021,6,1,21,30,36.9,0,95,8.63,24.63,1.6,153,1.6
2021,6,1,22,30,36.5,0,91,8.73,34.63,1.6,156,1.6
2021,6,1,23,30,36.2,0,85,8.97,45.81,1.6,158,1.6
2021,6,2,0,30,34.2,0,75,10.290000000000001,57.29,1.4000000000000001,167,1.6
2021,6,2,1,30,31.700000000000003,0,63,12.34,68.68,1,177,1.6
2021,6,2,2,30,27.3,0,43,17.7,79.69,0.7000000000000001,199,1.7000000000000002
2021,6,2,3,30,23.5,0,6,26.67,89.75,0.7000000000000001,231,1.7000000000000002
2021,6,2,4,30,21.6,0,0,31.53,99.63,0.8,255,1.7000000000000002
2021,6,2,5,30,20.3,0,0,36.04,107.68,0.8,265,1.6
2021,6,2,6,30,19.1,0,0,39.85,113.75,0.7000000000000001,267,1.6
2021,6,2,7,30,18.1,0,0,42.27,117.24000000000001,0.6000000000000001,268,1.5
2021,6,2,8,30,17.7,0,0,41.97,117.72,0.6000000000000001,274,1.4000000000000001
2021,6,2,9,30,17.8,0,0,41.24,115.11,0.5,278,1.4000000000000001
2021,6,2,10,30,17.6,0,0,41.410000000000004,109.76,0.5,274,1.3
2021,6,2,11,30,17.2,0,0,42.12,102.26,0.6000000000000001,258,1.3
2021,6,2,12,30,17,0,0,42.88,93.18,0.6000000000000001,243,1.2000000000000002
2021,6,2,13,30,19,0,34,40.5,82.91,0.7000000000000001,229,1.2000000000000002
2021,6,2,14,30,22.5,0,55,32.69,72.08,0.8,206,1.2000000000000002
2021,6,2,15,30,25.8,0,67,23.580000000000002,60.78,0.9,184,1.2000000000000002
2021,6,2,16,30,28.700000000000003,0,75,16.68,49.28,1,170,1.2000000000000002
2021,6,2,17,30,30.900000000000002,0,79,13.82,37.95,1.2000000000000002,161,1.2000000000000002
2021,6,2,18,30,32.7,0,80,12.280000000000001,27.41,1.3,155,1.2000000000000002
2021,6,2,19,30,34.300000000000004,0,82,11.13,19.45,1.4000000000000001,153,1.3
2021,6,2,20,30,35.300000000000004,0,81,10.290000000000001,18.1,1.5,151,1.3
2021,6,2,21,30,35.7,0,78,9.97,24.51,1.5,150,1.3
2021,6,2,22,30,35.5,0,77,10.16,34.52,1.6,150,1.3
2021,6,2,23,30,35.300000000000004,0,72,10.41,45.7,1.6,151,1.3
2021,6,3,0,30,33.300000000000004,0,66,11.91,57.18,1.5,156,1.4000000000000001
2021,6,3,1,30,30.700000000000003,0,56,14.33,68.57000000000001,1.1,159,1.4000000000000001
2021,6,3,2,30,26.400000000000002,0,40,20.18,79.58,0.6000000000000001,169,1.4000000000000001
2021,6,3,3,30,22.700000000000003,0,8,28.48,89.65,0.5,196,1.4000000000000001
2021,6,3,4,30,20.6,0,0,34.47,99.51,0.6000000000000001,228,1.4000000000000001
2021,6,3,5,30,19,0,0,39.25,107.55,0.6000000000000001,248,1.3
2021,6,3,6,30,17.8,0,0,42.18,113.62,0.6000000000000001,255,1.3
2021,6,3,7,30,17,0,0,43.92,117.12,0.6000000000000001,258,1.3
2021,6,3,8,30,16.2,0,0,45.84,117.60000000000001,0.6000000000000001,263,1.3
2021,6,3,9,30,15.3,0,0,50.13,115,0.7000000000000001,272,1.3
2021,6,3,10,30,14.600000000000001,0,0,55.97,109.67,0.7000000000000001,281,1.3
2021,6,3,11,30,14,0,0,61.9,102.18,0.7000000000000001,291,1.3
2021,6,3,12,30,14.600000000000001,0,0,62.42,93.12,0.8,301,1.3
2021,6,3,13,30,17.3,0,32,55.230000000000004,82.86,0.9,306,1.3
2021,6,3,14,30,21.3,0,52,43.410000000000004,72.04,0.7000000000000001,312,1.3
2021,6,3,15,30,25.400000000000002,0,65,32.07,60.74,0.30000000000000004,202,1.3
2021,6,3,16,30,29,0,73,21.22,49.25,0.2,107,1.3
2021,6,3,17,30,31.5,0,77,15.19,37.9,0.5,122,1.3
2021,6,3,18,30,33.2,0,78,12.56,27.35,0.6000000000000001,120,1.4000000000000001
2021,6,3,19,30,34.300000000000004,0,79,11.36,19.35,0.7000000000000001,125,1.4000000000000001
2021,6,3,20,30,34.800000000000004,0,80,10.950000000000001,17.98,0.7000000000000001,135,1.4000000000000001
2021,6,3,21,30,34.800000000000004,0,77,11.19,24.39,0.7000000000000001,149,1.4000000000000001
2021,6,3,22,30,34.300000000000004,0,76,12.030000000000001,34.42,0.5,180,1.5
2021,6,3,23,30,33.9,0,71,13.02,45.6,0.4,204,1.5
2021,6,4,0,30,31.700000000000003,0,64,15.75,57.09,0.9,275,1.6
2021,6,4,1,30,29.200000000000003,0,54,19.6,68.47,1.2000000000000002,287,1.6
2021,6,4,2,30,25.6,0,39,26.41,79.48,1.3,290,1.6
2021,6,4,3,30,22.200000000000003,0,8,36.03,89.55,1.4000000000000001,292,1.6
2021,6,4,4,30,20,0,0,43.14,99.4,1.5,293,1.6
2021,6,4,5,30,18.7,0,0,47.77,107.43,1.3,293,1.6
2021,6,4,6,30,17.8,0,0,50.660000000000004,113.49000000000001,1.1,291,1.6
2021,6,4,7,30,17.1,0,0,52.78,116.99000000000001,1.1,289,1.5
2021,6,4,8,30,16.5,0,0,54.34,117.49000000000001,1.2000000000000002,291,1.5
2021,6,4,9,30,16.1,0,0,55.52,114.9,1.2000000000000002,297,1.5
2021,6,4,10,30,15.600000000000001,0,0,57.42,109.59,1.2000000000000002,304,1.4000000000000001
2021,6,4,11,30,15.100000000000001,0,0,59.56,102.11,1.3,309,1.4000000000000001
2021,6,4,12,30,15.3,0,0,59.15,93.07000000000001,1.4000000000000001,312,1.4000000000000001
2021,6,4,13,30,17.7,0,32,53.03,82.82000000000001,1.4000000000000001,317,1.4000000000000001
2021,6,4,14,30,21.400000000000002,0,51,42.12,72.01,1,324,1.4000000000000001
2021,6,4,15,30,24.6,0,63,32.75,60.71,0.7000000000000001,323,1.4000000000000001
2021,6,4,16,30,27.5,0,71,25.67,49.22,0.4,261,1.4000000000000001
2021,6,4,17,30,30,0,76,20.6,37.87,0.5,183,1.4000000000000001
2021,6,4,18,30,31.8,0,78,17.51,27.3,0.8,158,1.4000000000000001
2021,6,4,19,30,33,0,81,15.63,19.26,1.1,153,1.4000000000000001
2021,6,4,20,30,33.7,0,80,14.530000000000001,17.86,1.4000000000000001,151,1.3
2021,6,4,21,30,34,0,79,14.01,24.28,1.6,152,1.3
2021,6,4,22,30,33.7,0,75,14.02,34.32,1.6,153,1.3
2021,6,4,23,30,33.5,0,71,13.97,45.51,1.7000000000000002,155,1.3
2021,6,5,0,30,31.5,0,64,15.52,56.99,1.6,160,1.3
2021,6,5,1,30,29.200000000000003,0,53,17.81,68.38,1.3,165,1.2000000000000002
2021,6,5,2,30,25.400000000000002,0,39,23.1,79.38,0.8,176,1.2000000000000002
2021,6,5,3,30,21.3,0,9,31.54,89.46000000000001,0.5,211,1.2000000000000002
2021,6,5,4,30,18.7,0,0,38.86,99.29,0.6000000000000001,254,1.1
2021,6,5,5,30,16.900000000000002,0,0,43.82,107.31,0.6000000000000001,272,1.1
2021,6,5,6,30,15.700000000000001,0,0,46.96,113.37,0.5,273,1.1
2021,6,5,7,30,15.100000000000001,0,0,47.22,116.88,0.5,275,1.1
2021,6,5,8,30,14.5,0,0,48.26,117.38,0.6000000000000001,281,1
2021,6,5,9,30,13.9,0,0,50.24,114.81,0.6000000000000001,292,1
2021,6,5,10,30,13.200000000000001,0,0,52.68,109.51,0.8,300,0.9
2021,6,5,11,30,12.3,0,0,56.18,102.05,0.9,303,0.9
2021,6,5,12,30,12.700000000000001,0,0,54.15,93.02,1.1,302,0.9
2021,6,5,13,30,15.3,0,37,45.09,82.78,1.2000000000000002,306,1
2021,6,5,14,30,19,7,72,33.65,71.97,0.9,325,1
2021,6,5,15,30,22.5,0,70,25.2,60.68,0.5,181,1.1
2021,6,5,16,30,25.5,0,80,20.06,49.19,0.4,67,1.2000000000000002
2021,6,5,17,30,28,0,86,16.44,37.84,0.5,116,1.2000000000000002
2021,6,5,18,30,30,0,89,13.870000000000001,27.25,0.6000000000000001,123,1.3
2021,6,5,19,30,31.3,0,90,12.3,19.18,0.6000000000000001,125,1.3
2021,6,5,20,30,32,0,86,11.33,17.740000000000002,0.5,136,1.3
2021,6,5,21,30,32.2,0,82,10.94,24.17,0.4,207,1.2000000000000002
2021,6,5,22,30,31.900000000000002,0,75,10.96,34.22,0.6000000000000001,287,1.1
2021,6,5,23,30,31.5,0,69,11.03,45.410000000000004,0.8,307,1.1
2021,6,6,0,30,29,0,62,12.6,56.9,1.4000000000000001,318,0.9
2021,6,6,1,30,26.200000000000003,0,54,14.870000000000001,68.28,1.6,319,0.8
2021,6,6,2,30,22.5,0,39,19.6,79.28,1.7000000000000002,318,0.7000000000000001
2021,6,6,3,30,18.900000000000002,0,10,25.66,89.36,1.6,314,0.7000000000000001
2021,6,6,4,30,16.400000000000002,0,0,31.73,99.18,1.7000000000000002,309,0.7000000000000001
2021,6,6,5,30,15,0,0,36.38,107.2,1.9000000000000001,309,0.7000000000000001
2021,6,6,6,30,14,0,0,41.14,113.26,2.2,313,0.8
2021,6,6,7,30,13.3,0,0,45.28,116.77,2.4000000000000004,315,0.8
2021,6,6,8,30,12.5,0,0,49.52,117.28,2.4000000000000004,314,0.8
2021,6,6,9,30,11.600000000000001,0,0,53.88,114.72,2.4000000000000004,311,0.8
2021,6,6,10,30,10.8,0,0,56.83,109.44,2.4000000000000004,310,0.7000000000000001
2021,6,6,11,30,10,0,0,58.04,101.99000000000001,2.2,310,0.7000000000000001
2021,6,6,12,30,10,0,0,56,92.97,2.1,303,0.7000000000000001
2021,6,6,13,30,12,0,32,46.94,82.74,2,303,0.7000000000000001
2021,6,6,14,30,15.600000000000001,0,49,34.69,71.95,1.9000000000000001,317,0.7000000000000001
2021,6,6,15,30,19.1,0,59,24.830000000000002,60.660000000000004,1.8,328,0.8
2021,6,6,16,30,22.3,0,67,17.32,49.17,1.4000000000000001,330,0.9
2021,6,6,17,30,24.8,0,71,12.14,37.81,1,322,0.9
2021,6,6,18,30,26.6,0,73,9.6,27.21,0.9,307,1
2021,6,6,19,30,27.700000000000003,0,74,9.07,19.11,1,300,1.1
2021,6,6,20,30,27.900000000000002,0,75,10.3,17.63,1.3,301,1.2000000000000002
2021,6,6,21,30,27.5,0,76,12.64,24.07,1.6,304,1.2000000000000002
2021,6,6,22,30,26.3,0,70,15.950000000000001,34.12,2,306,1.2000000000000002
2021,6,6,23,30,25.5,0,66,18.42,45.32,2.2,308,1.2000000000000002
2021,6,7,0,30,21.900000000000002,0,60,23.330000000000002,56.800000000000004,2.7,311,0.9
2021,6,7,1,30,18.900000000000002,0,51,27.330000000000002,68.19,2.7,311,0.8
2021,6,7,2,30,15.9,0,38,31.96,79.18,2.5,308,0.7000000000000001
2021,6,7,3,30,13.200000000000001,0,10,39.31,89.27,2.2,304,0.6000000000000001
2021,6,7,4,30,11,0,0,49.230000000000004,99.08,2.1,302,0.6000000000000001
2021,6,7,5,30,9.4,0,0,58.51,107.09,2.1,302,0.6000000000000001
2021,6,7,6,30,8.3,0,0,64.96000000000001,113.15,2.1,301,0.7000000000000001
2021,6,7,7,30,7.6000000000000005,0,0,68.91,116.67,2,300,0.8
2021,6,7,8,30,7.1000000000000005,0,0,71.79,117.19,2,301,0.8
2021,6,7,9,30,6.800000000000001,0,0,73.46000000000001,114.64,2,302,0.9
2021,6,7,10,30,6.4,0,0,75.60000000000001,109.37,2,301,0.9
2021,6,7,11,30,6.1000000000000005,0,0,76.96000000000001,101.94,2,300,1
2021,6,7,12,30,6.300000000000001,0,0,76.08,92.93,1.9000000000000001,298,1
2021,6,7,13,30,7.9,0,32,68.26,82.71000000000001,1.9000000000000001,304,1
2021,6,7,14,30,10.700000000000001,0,49,54.38,71.92,1.7000000000000002,316,1
2021,6,7,15,30,13.700000000000001,0,59,42,60.64,1.2000000000000002,318,1
2021,6,7,16,30,16.6,0,67,31.38,49.15,0.6000000000000001,295,1
2021,6,7,17,30,19.3,0,91,23.12,37.79,0.5,244,1
2021,6,7,18,30,21.400000000000002,0,110,17.580000000000002,27.18,0.7000000000000001,203,1
2021,6,7,19,30,22.6,0,79,15.02,19.04,1,190,1
2021,6,7,20,30,22.700000000000003,0,80,14.93,17.53,1.3,198,1.1
2021,6,7,21,30,21.700000000000003,0,75,16.93,23.97,1.6,219,1.1
2021,6,7,22,30,20.3,0,134,20.06,34.03,1.9000000000000001,242,1.1
2021,6,7,23,30,19.5,0,213,22.76,45.230000000000004,2.1,254,1
2021,6,8,0,30,16.8,0,63,28.76,56.72,2.4000000000000004,279,0.9
2021,6,8,1,30,14.600000000000001,0,54,34.96,68.1,2.4000000000000004,289,0.8
2021,6,8,2,30,12.200000000000001,0,40,42.84,79.09,2.3000000000000003,292,0.8
2021,6,8,3,30,10.100000000000001,0,9,51.64,89.18,1.9000000000000001,291,0.8
2021,6,8,4,30,8.5,7,0,61.120000000000005,98.98,1.7000000000000002,290,0.7000000000000001
2021,6,8,5,30,7.5,7,0,69.19,106.99000000000001,1.7000000000000002,290,0.7000000000000001
2021,6,8,6,30,6.7,0,0,75.71000000000001,113.05,1.6,289,0.7000000000000001
2021,6,8,7,30,6.1000000000000005,0,0,80.22,116.57000000000001,1.4000000000000001,288,0.7000000000000001
2021,6,8,8,30,5.6000000000000005,0,0,83.31,117.10000000000001,1.3,285,0.8
2021,6,8,9,30,5.1000000000000005,7,0,85.7,114.57000000000001,1.1,278,0.8
2021,6,8,10,30,4.800000000000001,0,0,87,109.31,0.9,269,0.8
2021,6,8,11,30,4.6000000000000005,0,0,88.18,101.9,0.8,262,0.8
2021,6,8,12,30,4.800000000000001,0,0,86.83,92.9,0.8,259,0.8
2021,6,8,13,30,6.1000000000000005,0,33,78.83,82.69,0.9,256,0.8
2021,6,8,14,30,8.4,0,52,65.26,71.91,0.7000000000000001,236,0.8
2021,6,8,15,30,11,0,62,51.61,60.620000000000005,0.6000000000000001,199,0.8
2021,6,8,16,30,13.3,0,70,41.06,49.14,0.8,171,0.8
2021,6,8,17,30,15.3,0,78,33.5,37.77,1.1,158,0.8
2021,6,8,18,30,17,0,97,28.21,27.150000000000002,1.3,152,0.8
2021,6,8,19,30,18.2,0,88,25.1,18.98,1.5,149,0.8
2021,6,8,20,30,18.900000000000002,0,208,23.64,17.44,1.6,148,0.8
2021,6,8,21,30,19.1,3,291,23.22,23.87,1.6,151,0.8
2021,6,8,22,30,18.8,3,262,23.67,33.94,1.6,156,0.9
2021,6,8,23,30,18.5,4,132,24.35,45.14,1.5,160,0.9
2021,6,9,0,30,16.5,4,147,28.28,56.63,1.3,184,0.9
2021,6,9,1,30,14.600000000000001,3,118,33.2,68.01,1.3,210,0.9
2021,6,9,2,30,11.9,0,43,42.08,79,1.1,235,0.8
2021,6,9,3,30,9.200000000000001,0,9,54.75,89.10000000000001,1.2000000000000002,252,0.8
2021,6,9,4,30,7.6000000000000005,0,0,66.09,98.88,1.4000000000000001,264,0.8
2021,6,9,5,30,6.5,0,0,74.9,106.9,1.3,276,0.8
2021,6,9,6,30,5.9,0,0,80.65,112.96000000000001,1.1,284,0.8
2021,6,9,7,30,5.7,0,0,82.9,116.48,1,287,0.8
2021,6,9,8,30,5.1000000000000005,0,0,85.79,117.02,0.9,285,0.8
2021,6,9,9,30,4.6000000000000005,0,0,87.76,114.5,0.9,283,0.8
2021,6,9,10,30,4.1000000000000005,0,0,89.59,109.26,0.8,284,0.8
2021,6,9,11,30,3.7,0,0,90.84,101.86,0.6000000000000001,283,0.8
2021,6,9,12,30,4,0,0,88,92.87,0.7000000000000001,281,0.8
2021,6,9,13,30,5.9,0,33,76.4,82.67,0.6000000000000001,265,0.8
2021,6,9,14,30,8.9,0,52,61.46,71.89,0.5,198,0.8
2021,6,9,15,30,11.700000000000001,0,98,49.61,60.620000000000005,0.8,145,0.8
2021,6,9,16,30,13.8,0,110,41.21,49.13,1.1,143,0.8
2021,6,9,17,30,15.5,0,187,34.99,37.76,1.2000000000000002,143,0.9
2021,6,9,18,30,16.900000000000002,0,220,30.43,27.12,1.3,142,0.9
2021,6,9,19,30,17.7,4,370,28.03,18.92,1.3,142,0.9
2021,6,9,20,30,18,4,261,27.25,17.35,1.3,142,1
2021,6,9,21,30,17.8,4,168,28.330000000000002,23.78,1.1,150,1
2021,6,9,22,30,16.900000000000002,7,278,31.2,33.85,0.9,183,1.1
2021,6,9,23,30,16.3,4,288,33.96,45.06,0.8,209,1.1
2021,6,10,0,30,14.100000000000001,0,68,40.85,56.550000000000004,1.6,279,1.1
2021,6,10,1,30,12.3,0,56,47.300000000000004,67.93,2.1,291,1
2021,6,10,2,30,10.200000000000001,0,40,54.89,78.91,2.4000000000000004,294,1
2021,6,10,3,30,8.3,0,10,63.33,89.01,2.2,293,0.9
2021,6,10,4,30,7,0,0,72.61,98.79,1.9000000000000001,293,0.9
2021,6,10,5,30,6.300000000000001,0,0,80.78,106.81,1.5,292,0.8
2021,6,10,6,30,5.9,0,0,86.93,112.87,1.2000000000000002,290,0.8
2021,6,10,7,30,5.300000000000001,0,0,92.04,116.4,0.9,289,0.7000000000000001
2021,6,10,8,30,4.6000000000000005,0,0,95.64,116.94,0.8,287,0.7000000000000001
2021,6,10,9,30,4,0,0,97.58,114.44,0.7000000000000001,288,0.7000000000000001
2021,6,10,10,30,3.5,0,0,99.16,109.21000000000001,0.6000000000000001,291,0.7000000000000001
2021,6,10,11,30,3,0,0,100,101.82000000000001,0.5,292,0.7000000000000001
2021,6,10,12,30,3.3000000000000003,0,0,96.4,92.85000000000001,0.6000000000000001,291,0.7000000000000001
2021,6,10,13,30,5.1000000000000005,0,30,83.53,82.65,0.5,299,0.7000000000000001
2021,6,10,14,30,8.200000000000001,0,48,64.45,71.89,0.5,218,0.7000000000000001
2021,6,10,15,30,11.3,0,59,46.62,60.61,0.7000000000000001,130,0.7000000000000001
2021,6,10,16,30,13.5,0,68,37.07,49.13,0.9,130,0.7000000000000001
2021,6,10,17,30,15.3,0,81,31.76,37.75,0.9,127,0.8
2021,6,10,18,30,16.6,0,93,28.16,27.1,1,122,0.8
2021,6,10,19,30,17,0,143,26.87,18.87,1,123,0.9
2021,6,10,20,30,17.8,0,121,25.27,17.27,1.1,130,1
2021,6,10,21,30,18.7,0,117,23.39,23.69,1.1,136,1
2021,6,10,22,30,18.8,0,132,22.56,33.77,1.1,139,1
2021,6,10,23,30,18.7,0,93,22.45,44.980000000000004,1.1,142,1.1
2021,6,11,0,30,17.8,0,137,23.66,56.47,1.1,152,1.1
2021,6,11,1,30,16.2,0,61,26.37,67.85,0.9,157,1.1
2021,6,11,2,30,13.700000000000001,4,66,32.5,78.83,0.6000000000000001,160,1.1
2021,6,11,3,30,11.100000000000001,4,8,41.980000000000004,88.94,0.5,170,1.1
2021,6,11,4,30,9.4,7,0,49.7,98.71000000000001,0.6000000000000001,191,1.1
2021,6,11,5,30,8.6,4,0,55.28,106.72,0.6000000000000001,211,1.1
2021,6,11,6,30,8.4,7,0,58.730000000000004,112.79,0.5,225,1.2000000000000002
2021,6,11,7,30,8.6,7,0,59.26,116.32000000000001,0.5,230,1.3
2021,6,11,8,30,8.700000000000001,7,0,58.02,116.88,0.5,216,1.4000000000000001
2021,6,11,9,30,8.4,7,0,57.38,114.39,0.5,199,1.4000000000000001
2021,6,11,10,30,7.9,7,0,58.050000000000004,109.17,0.5,197,1.5
2021,6,11,11,30,7.5,7,0,59.120000000000005,101.8,0.5,197,1.5
2021,6,11,12,30,7.7,7,0,58.13,92.83,0.5,195,1.6
2021,6,11,13,30,9.3,4,26,52.550000000000004,82.65,0.6000000000000001,186,1.6
2021,6,11,14,30,11.8,4,115,43.79,71.88,0.8,177,1.7000000000000002
2021,6,11,15,30,14.100000000000001,4,204,34.38,60.61,1,172,1.8
2021,6,11,16,30,15.9,3,221,29.36,49.13,1.2000000000000002,167,1.9000000000000001
2021,6,11,17,30,17.3,4,371,28.57,37.75,1.3,169,1.9000000000000001
2021,6,11,18,30,18.5,0,78,29.11,27.09,1.5,174,2
2021,6,11,19,30,19.400000000000002,8,415,30.38,18.830000000000002,1.6,182,2.1
2021,6,11,20,30,19.900000000000002,4,365,32.33,17.19,1.7000000000000002,190,2.1
2021,6,11,21,30,19.8,4,442,35.54,23.61,1.8,198,2.2
2021,6,11,22,30,19,4,400,40.75,33.69,1.9000000000000001,208,2.3000000000000003
2021,6,11,23,30,18.400000000000002,4,261,45.99,44.910000000000004,1.9000000000000001,213,2.4000000000000004
2021,6,12,0,30,16.2,4,151,56.9,56.39,1.7000000000000002,233,2.5
2021,6,12,1,30,14.5,8,80,67.04,67.77,1.5,248,2.6
2021,6,12,2,30,12.9,8,17,77.37,78.76,1.1,267,2.6
2021,6,12,3,30,11.9,8,4,86.02,88.87,0.8,288,2.6
2021,6,12,4,30,11.3,7,0,91.96000000000001,98.63,0.6000000000000001,301,2.5
2021,6,12,5,30,11,7,0,94.78,106.64,0.4,299,2.4000000000000004
2021,6,12,6,30,10.8,0,0,96.29,112.71000000000001,0.30000000000000004,283,2.3000000000000003
2021,6,12,7,30,10.5,0,0,97.44,116.25,0.30000000000000004,253,2.2
2021,6,12,8,30,10.3,0,0,98.45,116.82000000000001,0.30000000000000004,228,2.1
2021,6,12,9,30,10,0,0,100,114.34,0.30000000000000004,229,2
2021,6,12,10,30,9.700000000000001,0,0,100,109.14,0.30000000000000004,253,1.9000000000000001
2021,6,12,11,30,9.5,0,0,100,101.78,0.30000000000000004,293,1.8
2021,6,12,12,30,9.8,0,0,100,92.82000000000001,0.4,335,1.8
2021,6,12,13,30,11.4,0,33,92.64,82.64,0.5,192,1.9000000000000001
2021,6,12,14,30,13.8,0,51,82.9,71.88,0.5,49,2
2021,6,12,15,30,16.900000000000002,0,62,69.37,60.620000000000005,0.5,84,2.1
2021,6,12,16,30,20.3,0,68,53.4,49.14,0.5,109,2.2
2021,6,12,17,30,23.1,0,172,41.32,37.76,0.7000000000000001,118,2.3000000000000003
2021,6,12,18,30,25.200000000000003,0,78,34.88,27.080000000000002,0.8,125,2.3000000000000003
2021,6,12,19,30,26.700000000000003,3,462,31.59,18.8,1,133,2.3000000000000003
2021,6,12,20,30,27.6,3,350,29.97,17.12,1.2000000000000002,141,2.3000000000000003
2021,6,12,21,30,27.8,3,299,29.67,23.53,1.3,149,2.4000000000000004
2021,6,12,22,30,27.5,0,213,30.26,33.62,1.4000000000000001,157,2.4000000000000004
2021,6,12,23,30,27.3,0,76,30.79,44.83,1.4000000000000001,161,2.4000000000000004
2021,6,13,0,30,25.400000000000002,0,68,34.77,56.32,1.4000000000000001,174,2.4000000000000004
2021,6,13,1,30,23.5,0,58,39.480000000000004,67.7,1.2000000000000002,185,2.4000000000000004
2021,6,13,2,30,20.900000000000002,0,42,47.1,78.68,0.8,200,2.3000000000000003
2021,6,13,3,30,18.3,0,12,56.99,88.81,0.7000000000000001,218,2.2
2021,6,13,4,30,16.6,0,0,65.25,98.55,0.7000000000000001,236,2.1
2021,6,13,5,30,15.3,0,0,72.83,106.57000000000001,0.8,250,1.9000000000000001
2021,6,13,6,30,14.200000000000001,0,0,79.41,112.64,0.7000000000000001,257,1.8
2021,6,13,7,30,13.4,0,0,84.09,116.18,0.7000000000000001,256,1.7000000000000002
2021,6,13,8,30,12.600000000000001,0,0,89.04,116.76,0.6000000000000001,251,1.7000000000000002
2021,6,13,9,30,12,0,0,92.60000000000001,114.3,0.5,248,1.8
2021,6,13,10,30,11.600000000000001,0,0,94.4,109.11,0.5,250,1.7000000000000002
2021,6,13,11,30,11.3,0,0,95.35000000000001,101.76,0.4,252,1.7000000000000002
2021,6,13,12,30,11.700000000000001,0,0,91.8,92.81,0.30000000000000004,251,1.7000000000000002
2021,6,13,13,30,13.700000000000001,0,31,80.08,82.65,0.4,215,1.6
2021,6,13,14,30,16.8,0,48,64.93,71.89,0.6000000000000001,167,1.6
2021,6,13,15,30,19.8,0,58,50.660000000000004,60.63,0.9,153,1.6
2021,6,13,16,30,22.5,0,64,39.83,49.15,1.3,152,1.6
2021,6,13,17,30,24.6,0,68,33.34,37.76,1.6,151,1.6
2021,6,13,18,30,26.200000000000003,0,178,29.11,27.080000000000002,1.9000000000000001,152,1.5
2021,6,13,19,30,27.1,3,440,27.12,18.77,2.2,157,1.5
2021,6,13,20,30,27.3,3,389,26.830000000000002,17.06,2.4000000000000004,164,1.5
2021,6,13,21,30,26.700000000000003,3,327,27.93,23.46,2.4000000000000004,176,1.5
2021,6,13,22,30,25.900000000000002,0,80,29.650000000000002,33.55,2.5,190,1.5
2021,6,13,23,30,25.400000000000002,0,74,31.35,44.76,2.4000000000000004,197,1.5
2021,6,14,0,30,22.900000000000002,0,92,37.77,56.25,2.2,212,1.6
2021,6,14,1,30,20.8,0,81,45.57,67.63,1.9000000000000001,219,1.8
2021,6,14,2,30,18.3,4,69,57.34,78.61,1.3,223,2
2021,6,14,3,30,16.1,4,7,70.67,88.75,0.8,221,2.1
2021,6,14,4,30,15,4,0,79.49,98.48,0.6000000000000001,212,2.3000000000000003
2021,6,14,5,30,14.5,4,0,83.39,106.5,0.6000000000000001,199,2.4000000000000004
2021,6,14,6,30,14,4,0,86.26,112.57000000000001,0.5,186,2.4000000000000004
2021,6,14,7,30,13.4,7,0,89.44,116.13,0.5,170,2.4000000000000004
2021,6,14,8,30,13.100000000000001,7,0,90.83,116.72,0.4,165,2.4000000000000004
2021,6,14,9,30,12.8,0,0,92.14,114.26,0.4,173,2.3000000000000003
2021,6,14,10,30,12.5,0,0,93.04,109.09,0.5,173,2.2
2021,6,14,11,30,12.100000000000001,0,0,94.41,101.75,0.6000000000000001,159,2.1
2021,6,14,12,30,12,0,0,93.16,92.81,0.7000000000000001,163,2
2021,6,14,13,30,12.5,0,33,88.01,82.65,0.7000000000000001,182,1.9000000000000001
2021,6,14,14,30,13.9,0,52,77.33,71.9,0.7000000000000001,187,1.8
2021,6,14,15,30,16,0,63,63.72,60.64,0.7000000000000001,175,1.8
2021,6,14,16,30,18.5,0,139,49.65,49.160000000000004,0.9,163,1.7000000000000002
2021,6,14,17,30,20.900000000000002,0,104,38.47,37.77,1.2000000000000002,157,1.6
2021,6,14,18,30,22.8,0,88,31.78,27.080000000000002,1.5,155,1.5
2021,6,14,19,30,24,3,303,28.02,18.75,1.8,156,1.4000000000000001
2021,6,14,20,30,24.6,0,181,25.77,17,2,160,1.3
2021,6,14,21,30,24.6,0,98,24.51,23.400000000000002,2.1,168,1.2000000000000002
2021,6,14,22,30,24,0,92,24.060000000000002,33.480000000000004,2.1,180,1.1
2021,6,14,23,30,23.6,0,77,23.36,44.7,2.1,187,1
2021,6,15,0,30,21.1,0,68,26.53,56.18,2,212,0.9
2021,6,15,1,30,18.6,0,57,31.96,67.56,1.8,230,0.8
2021,6,15,2,30,15.5,0,41,42.21,78.55,1.5,250,0.8
2021,6,15,3,30,12.700000000000001,0,13,56.5,88.68,1.5,269,0.7000000000000001
2021,6,15,4,30,10.9,0,0,70.92,98.42,1.6,284,0.7000000000000001
2021,6,15,5,30,9.8,0,0,80.64,106.43,1.5,292,0.7000000000000001
2021,6,15,6,30,9.1,0,0,85.86,112.51,1.4000000000000001,293,0.7000000000000001
2021,6,15,7,30,8.5,0,0,89.36,116.08,1.3,289,0.7000000000000001
2021,6,15,8,30,8.1,0,0,91.17,116.68,1.2000000000000002,287,0.7000000000000001
2021,6,15,9,30,7.6000000000000005,0,0,92.86,114.24000000000001,1,286,0.7000000000000001
2021,6,15,10,30,7.2,0,0,92.7,109.07000000000001,0.8,286,0.7000000000000001
2021,6,15,11,30,6.6000000000000005,0,0,92.92,101.74000000000001,0.7000000000000001,285,0.7000000000000001
2021,6,15,12,30,6.7,0,0,89.22,92.82000000000001,1,286,0.7000000000000001
2021,6,15,13,30,8.6,0,33,75.66,82.66,1.3,292,0.7000000000000001
2021,6,15,14,30,11.8,0,53,57.050000000000004,71.92,1.3,305,0.7000000000000001
2021,6,15,15,30,15.100000000000001,0,66,40.71,60.660000000000004,1.2000000000000002,314,0.7000000000000001
2021,6,15,16,30,18.1,0,75,29.39,49.18,1.1,319,0.7000000000000001
2021,6,15,17,30,20.700000000000003,0,82,21.900000000000002,37.79,1,321,0.7000000000000001
2021,6,15,18,30,22.8,0,89,17.66,27.09,1,322,0.7000000000000001
2021,6,15,19,30,24.400000000000002,0,89,15.52,18.73,1,326,0.7000000000000001
2021,6,15,20,30,25.5,0,89,14.41,16.95,0.9,331,0.7000000000000001
2021,6,15,21,30,26.200000000000003,0,84,13.72,23.330000000000002,1,336,0.7000000000000001
2021,6,15,22,30,26.400000000000002,0,78,13.57,33.42,1.1,340,0.7000000000000001
2021,6,15,23,30,26.3,0,72,13.86,44.63,1.1,342,0.7000000000000001
2021,6,16,0,30,25.1,0,62,15.21,56.120000000000005,1.2000000000000002,342,0.8
2021,6,16,1,30,23.5,0,52,17.36,67.5,1.2000000000000002,340,0.8
2021,6,16,2,30,19.6,0,38,23.68,78.49,0.9,332,0.8
2021,6,16,3,30,15.700000000000001,0,13,35.06,88.63,0.9,319,0.8
2021,6,16,4,30,14.100000000000001,0,0,41.95,98.35000000000001,1.3,312,0.8
2021,6,16,5,30,13.100000000000001,0,0,49,106.38,1.6,310,0.8
2021,6,16,6,30,11.9,0,0,56.86,112.46000000000001,1.7000000000000002,309,0.8
2021,6,16,7,30,11.200000000000001,0,0,61.31,116.03,1.9000000000000001,308,0.8
2021,6,16,8,30,10.700000000000001,0,0,63.2,116.64,2.1,306,0.8
2021,6,16,9,30,10.200000000000001,0,0,64.1,114.22,2.2,303,0.7000000000000001
2021,6,16,10,30,9.8,0,0,64.43,109.07000000000001,2.2,300,0.7000000000000001
2021,6,16,11,30,9.4,0,0,64.52,101.74000000000001,2,299,0.7000000000000001
2021,6,16,12,30,10.200000000000001,0,0,59.230000000000004,92.82000000000001,1.9000000000000001,303,0.7000000000000001
2021,6,16,13,30,13.4,0,30,47.06,82.68,1.7000000000000002,312,0.7000000000000001
2021,6,16,14,30,17.6,0,46,34.5,71.94,1.6,321,0.7000000000000001
2021,6,16,15,30,21.400000000000002,0,57,24.72,60.68,1.5,329,0.7000000000000001
2021,6,16,16,30,24.700000000000003,0,63,17.13,49.2,1.4000000000000001,336,0.7000000000000001
2021,6,16,17,30,27.6,0,66,12.370000000000001,37.81,1.2000000000000002,341,0.7000000000000001
2021,6,16,18,30,30.1,0,69,9.46,27.1,1,344,0.6000000000000001
2021,6,16,19,30,31.900000000000002,0,70,7.74,18.73,0.9,351,0.6000000000000001
2021,6,16,20,30,33.2,0,70,6.8100000000000005,16.91,0.8,180,0.6000000000000001
2021,6,16,21,30,33.800000000000004,0,71,6.57,23.28,0.8,8,0.6000000000000001
2021,6,16,22,30,33.9,0,70,6.76,33.36,0.7000000000000001,12,0.7000000000000001
2021,6,16,23,30,33.9,0,67,7.12,44.58,0.7000000000000001,14,0.7000000000000001
2021,6,17,0,30,32.5,0,62,8.16,56.06,0.6000000000000001,10,0.7000000000000001
2021,6,17,1,30,30,0,54,10.01,67.44,0.5,182,0.7000000000000001
2021,6,17,2,30,25.8,0,43,16.67,78.43,0.5,335,0.7000000000000001
2021,6,17,3,30,22,0,13,24.85,88.58,0.8,306,0.7000000000000001
2021,6,17,4,30,19.6,0,0,28.900000000000002,98.3,0.9,300,0.7000000000000001
2021,6,17,5,30,17.8,0,0,33.81,106.32000000000001,1,303,0.7000000000000001
2021,6,17,6,30,16.7,7,0,38.95,112.42,1.3,305,0.7000000000000001
2021,6,17,7,30,15.9,0,0,43.15,115.99000000000001,1.8,304,0.7000000000000001
2021,6,17,8,30,15.5,7,0,44.97,116.62,2,304,0.7000000000000001
2021,6,17,9,30,15.3,7,0,45.17,114.2,2.1,305,0.7000000000000001
2021,6,17,10,30,15.100000000000001,0,0,44.62,109.06,2.1,306,0.7000000000000001
2021,6,17,11,30,14.9,0,0,43.79,101.75,2.2,307,0.7000000000000001
2021,6,17,12,30,15.3,0,0,41.87,92.84,2.2,308,0.7000000000000001
2021,6,17,13,30,17.8,0,34,36.62,82.7,2.1,310,0.6000000000000001
2021,6,17,14,30,21.900000000000002,0,52,28.82,71.96000000000001,2,318,0.6000000000000001
2021,6,17,15,30,25.8,0,63,21.330000000000002,60.71,2,327,0.6000000000000001
2021,6,17,16,30,29.3,0,70,15.42,49.230000000000004,1.8,336,0.6000000000000001
2021,6,17,17,30,32.300000000000004,0,74,11.18,37.84,1.6,344,0.6000000000000001
2021,6,17,18,30,34.6,0,78,8.57,27.12,1.3,350,0.6000000000000001
2021,6,17,19,30,36.2,0,80,7.17,18.72,1.1,355,0.6000000000000001
2021,6,17,20,30,37.2,0,80,6.37,16.88,0.8,183,0.6000000000000001
2021,6,17,21,30,37.6,0,84,6.03,23.22,0.7000000000000001,15,0.6000000000000001
2021,6,17,22,30,37.5,0,76,6,33.3,0.6000000000000001,30,0.6000000000000001
2021,6,17,23,30,37.300000000000004,0,72,6.16,44.52,0.5,39,0.6000000000000001
2021,6,18,0,30,35.5,0,67,7.0600000000000005,56.01,0.5,61,0.7000000000000001
2021,6,18,1,30,32.9,0,58,8.74,67.39,0.4,71,0.7000000000000001
2021,6,18,2,30,28.700000000000003,0,43,15.040000000000001,78.38,0.30000000000000004,45,0.7000000000000001
2021,6,18,3,30,24.900000000000002,0,13,22.07,88.54,0.5,157,0.7000000000000001
2021,6,18,4,30,22.200000000000003,0,0,26.69,98.25,0.7000000000000001,303,0.8
2021,6,18,5,30,20.200000000000003,0,0,31.48,106.28,0.9,311,0.8
2021,6,18,6,30,19,0,0,36.65,112.38,1.2000000000000002,316,0.8
2021,6,18,7,30,18.5,0,0,39.83,115.96000000000001,1.7000000000000002,316,0.8
2021,6,18,8,30,18.2,0,0,40.81,116.60000000000001,2,314,0.8
2021,6,18,9,30,18.1,0,0,40.62,114.19,2.1,312,0.8
2021,6,18,10,30,18,0,0,40.04,109.07000000000001,2.1,312,0.8
2021,6,18,11,30,18,0,0,39.25,101.76,2,313,0.7000000000000001
2021,6,18,12,30,18.8,0,0,37,92.86,2,313,0.7000000000000001
2021,6,18,13,30,21.5,0,33,32.74,82.72,1.9000000000000001,315,0.7000000000000001
2021,6,18,14,30,25.400000000000002,0,51,29.53,71.99,1.5,321,0.7000000000000001
2021,6,18,15,30,29.200000000000003,0,62,18.89,60.74,1,332,0.7000000000000001
2021,6,18,16,30,32.300000000000004,0,69,13.17,49.26,0.5,200,0.7000000000000001
2021,6,18,17,30,34.7,0,75,9.64,37.87,0.5,88,0.7000000000000001
2021,6,18,18,30,36.4,0,77,7.8100000000000005,27.14,0.7000000000000001,121,0.7000000000000001
2021,6,18,19,30,37.6,0,79,6.9,18.73,0.8,127,0.7000000000000001
2021,6,18,20,30,38.300000000000004,0,79,6.42,16.85,0.8,130,0.7000000000000001
2021,6,18,21,30,38.6,0,78,6.23,23.18,0.8,132,0.7000000000000001
2021,6,18,22,30,38.300000000000004,0,76,6.390000000000001,33.25,0.8,135,0.8
2021,6,18,23,30,38.1,0,71,6.62,44.47,0.8,137,0.8
2021,6,19,0,30,36.4,0,65,7.53,55.96,0.8,141,0.8
2021,6,19,1,30,33.800000000000004,0,55,9.14,67.34,0.6000000000000001,141,0.9
2021,6,19,2,30,29.200000000000003,0,41,14.59,78.33,0.6000000000000001,146,0.9
2021,6,19,3,30,25.6,0,13,21.11,88.49,0.7000000000000001,162,0.9
2021,6,19,4,30,24.400000000000002,0,0,22.6,98.2,0.5,190,0.9
2021,6,19,5,30,23.3,0,0,24.55,106.24000000000001,0.4,283,0.9
2021,6,19,6,30,21.6,0,0,27.96,112.34,0.5,354,0.9
2021,6,19,7,30,20.200000000000003,0,0,31.55,115.94,0.6000000000000001,344,0.9
2021,6,19,8,30,19.1,0,0,35.980000000000004,116.59,0.7000000000000001,332,0.9
2021,6,19,9,30,18.2,0,0,40.83,114.19,1,322,0.9
2021,6,19,10,30,17.7,0,0,44.38,109.07000000000001,1.3,318,0.9
2021,6,19,11,30,17.2,0,0,46.800000000000004,101.78,1.5,316,0.8
2021,6,19,12,30,17.7,0,0,45.88,92.88,1.7000000000000002,317,0.8
2021,6,19,13,30,20.8,0,33,38.17,82.75,1.6,319,0.7000000000000001
2021,6,19,14,30,25.3,0,52,28.44,72.02,1.1,328,0.7000000000000001
2021,6,19,15,30,29.1,0,64,19.35,60.77,0.5,215,0.7000000000000001
2021,6,19,16,30,32.1,0,71,12.69,49.29,0.5,115,0.7000000000000001
2021,6,19,17,30,34.5,0,76,9.08,37.9,1,138,0.7000000000000001
2021,6,19,18,30,36.300000000000004,0,80,6.93,27.17,1.3,141,0.7000000000000001
2021,6,19,19,30,37.7,0,82,5.59,18.740000000000002,1.4000000000000001,143,0.7000000000000001
2021,6,19,20,30,38.5,0,84,5.01,16.82,1.5,143,0.7000000000000001
2021,6,19,21,30,38.900000000000006,0,84,4.74,23.14,1.6,143,0.7000000000000001
2021,6,19,22,30,38.7,0,80,4.64,33.21,1.7000000000000002,142,0.7000000000000001
2021,6,19,23,30,38.400000000000006,0,76,4.69,44.42,1.7000000000000002,142,0.7000000000000001
2021,6,20,0,30,36.7,0,69,5.17,55.910000000000004,1.6,144,0.7000000000000001
2021,6,20,1,30,33.9,0,60,6.15,67.29,1.3,146,0.7000000000000001
2021,6,20,2,30,29,0,44,10.53,78.28,1,156,0.6000000000000001
2021,6,20,3,30,24.900000000000002,0,14,16.66,88.45,1,174,0.6000000000000001
2021,6,20,4,30,23.1,0,0,18.32,98.16,1,193,0.6000000000000001
2021,6,20,5,30,22.3,0,0,19.1,106.2,0.9,202,0.6000000000000001
2021,6,20,6,30,22,0,0,19.650000000000002,112.32000000000001,0.9,199,0.6000000000000001
2021,6,20,7,30,21.900000000000002,0,0,20.59,115.92,0.9,186,0.6000000000000001
2021,6,20,8,30,21.6,0,0,21.92,116.58,0.8,162,0.6000000000000001
2021,6,20,9,30,20.8,0,0,23.82,114.2,0.8,136,0.6000000000000001
2021,6,20,10,30,20.200000000000003,0,0,25.18,109.09,0.8,122,0.6000000000000001
2021,6,20,11,30,19.6,0,0,26.14,101.8,0.7000000000000001,121,0.6000000000000001
2021,6,20,12,30,19.5,0,0,25.98,92.91,0.6000000000000001,183,0.6000000000000001
2021,6,20,13,30,21.5,0,33,23.72,82.78,0.5,241,0.6000000000000001
2021,6,20,14,30,25.200000000000003,0,52,18.96,72.06,0.5,216,0.6000000000000001
2021,6,20,15,30,28.8,0,64,12.84,60.81,0.8,182,0.7000000000000001
2021,6,20,16,30,31.700000000000003,0,71,8.77,49.33,1.1,166,0.7000000000000001
2021,6,20,17,30,33.9,0,77,6.94,37.94,1.4000000000000001,158,0.7000000000000001
2021,6,20,18,30,35.7,0,79,5.68,27.2,1.6,152,0.7000000000000001
2021,6,20,19,30,36.800000000000004,0,81,5.24,18.76,1.6,148,0.7000000000000001
2021,6,20,20,30,37.4,0,81,5.08,16.81,1.7000000000000002,145,0.7000000000000001
2021,6,20,21,30,37.6,0,80,5.0600000000000005,23.1,1.8,142,0.7000000000000001
2021,6,20,22,30,37.4,0,78,5.21,33.17,1.9000000000000001,143,0.7000000000000001
2021,6,20,23,30,37.1,0,73,5.57,44.38,1.9000000000000001,143,0.8
2021,6,21,0,30,35.1,0,66,6.67,55.870000000000005,1.9000000000000001,151,0.8
2021,6,21,1,30,32.800000000000004,0,57,8.26,67.25,1.5,160,0.8
2021,6,21,2,30,28.1,0,43,12.27,78.24,1,172,0.8
2021,6,21,3,30,23.6,0,14,19.26,88.42,0.9,192,0.9
2021,6,21,4,30,21.8,0,0,23.91,98.13,0.9,214,0.9
2021,6,21,5,30,21.200000000000003,0,0,26.26,106.18,0.9,228,0.9
2021,6,21,6,30,20.900000000000002,0,0,27.080000000000002,112.3,0.8,232,0.9
2021,6,21,7,30,20.8,0,0,26.84,115.91,0.8,225,1
2021,6,21,8,30,20.700000000000003,0,0,26.5,116.58,0.8,208,1.1
2021,6,21,9,30,20.3,0,0,26.97,114.21000000000001,0.7000000000000001,190,1.2000000000000002
2021,6,21,10,30,19.900000000000002,0,0,27.8,109.11,0.6000000000000001,174,1.2000000000000002
2021,6,21,11,30,19.6,0,0,28.54,101.83,0.5,154,1.2000000000000002
2021,6,21,12,30,19.700000000000003,0,0,28.77,92.94,0.5,139,1.2000000000000002
2021,6,21,13,30,21.1,0,36,27.5,82.82000000000001,0.7000000000000001,141,1.2000000000000002
2021,6,21,14,30,24,0,60,23.72,72.10000000000001,1,145,1.1
2021,6,21,15,30,26.8,0,73,18.23,60.85,1.2000000000000002,145,1.1
2021,6,21,16,30,29.1,0,82,14.66,49.370000000000005,1.4000000000000001,144,1
2021,6,21,17,30,30.900000000000002,0,88,12.4,37.980000000000004,1.6,146,1
2021,6,21,18,30,32.5,0,114,10.67,27.240000000000002,1.7000000000000002,146,1
2021,6,21,19,30,33.7,0,109,9.42,18.78,1.8,145,1
2021,6,21,20,30,34.300000000000004,3,309,8.620000000000001,16.8,1.9000000000000001,144,1
2021,6,21,21,30,34.5,3,431,8.3,23.07,2,145,0.9
2021,6,21,22,30,34.1,0,106,8.47,33.13,2.2,149,0.9
2021,6,21,23,30,33.7,0,79,8.72,44.34,2.3000000000000003,152,0.9
2021,6,22,0,30,31.700000000000003,0,72,9.950000000000001,55.83,2.3000000000000003,159,0.9
2021,6,22,1,30,29.400000000000002,0,61,11.84,67.21000000000001,2.1,163,0.9
2021,6,22,2,30,25.5,0,44,16.42,78.2,1.6,164,0.9
2021,6,22,3,30,21.5,0,14,24.36,88.38,1.2000000000000002,167,0.9
2021,6,22,4,30,19.3,0,0,30.32,98.10000000000001,1,170,0.9
2021,6,22,5,30,18.400000000000002,0,0,34.14,106.15,0.8,169,0.9
2021,6,22,6,30,18.1,0,0,35.64,112.28,0.7000000000000001,159,0.9
2021,6,22,7,30,17.8,0,0,36.02,115.91,0.7000000000000001,145,1
2021,6,22,8,30,17.3,0,0,36.32,116.59,0.9,137,1
2021,6,22,9,30,16.5,0,0,37.86,114.23,0.9,136,1
2021,6,22,10,30,15.600000000000001,0,0,40.37,109.14,0.9,140,1.1
2021,6,22,11,30,14.700000000000001,0,0,43.68,101.87,0.9,148,1.1
2021,6,22,12,30,14.8,0,0,44.69,92.98,0.9,160,1.1
2021,6,22,13,30,17,0,32,40.88,82.86,1,169,1.1
2021,6,22,14,30,20.1,0,50,34.56,72.14,1.2000000000000002,168,1.1
2021,6,22,15,30,22.700000000000003,0,61,29.32,60.89,1.4000000000000001,163,1.2000000000000002
2021,6,22,16,30,25,0,69,25.03,49.42,1.5,160,1.2000000000000002
2021,6,22,17,30,27,0,73,21.14,38.02,1.7000000000000002,156,1.2000000000000002
2021,6,22,18,30,28.5,0,77,18.8,27.28,1.8,152,1.2000000000000002
2021,6,22,19,30,29.6,0,78,17.29,18.81,1.9000000000000001,147,1.2000000000000002
2021,6,22,20,30,30.200000000000003,0,80,16.37,16.8,2,144,1.2000000000000002
2021,6,22,21,30,30.400000000000002,0,81,15.85,23.04,2.1,144,1.2000000000000002
2021,6,22,22,30,30.200000000000003,0,78,15.91,33.09,2.1,145,1.2000000000000002
2021,6,22,23,30,29.900000000000002,0,74,16.41,44.300000000000004,2.1,146,1.2000000000000002
2021,6,23,0,30,28,0,68,18.78,55.79,2.1,146,1.2000000000000002
2021,6,23,1,30,26,0,58,21.82,67.17,2,146,1.2000000000000002
2021,6,23,2,30,22.900000000000002,0,43,27.62,78.17,1.7000000000000002,145,1.2000000000000002
2021,6,23,3,30,19.6,0,14,36.36,88.35000000000001,1.3,150,1.2000000000000002
2021,6,23,4,30,17.8,0,0,42.54,98.08,1,160,1.2000000000000002
2021,6,23,5,30,16.900000000000002,0,0,46.31,106.14,0.8,165,1.2000000000000002
2021,6,23,6,30,16.3,0,0,48.52,112.28,0.8,161,1.2000000000000002
2021,6,23,7,30,15.600000000000001,0,0,50.36,115.91,0.8,152,1.2000000000000002
2021,6,23,8,30,14.9,0,0,52.47,116.60000000000001,0.9,144,1.2000000000000002
2021,6,23,9,30,14.3,0,0,54.5,114.25,0.9,140,1.3
2021,6,23,10,30,13.700000000000001,0,0,56.4,109.17,0.9,137,1.3
2021,6,23,11,30,13,0,0,58.93,101.91,0.8,136,1.2000000000000002
2021,6,23,12,30,13.200000000000001,0,0,58.410000000000004,93.03,0.7000000000000001,148,1.2000000000000002
2021,6,23,13,30,15.8,0,31,49.97,82.9,0.8,167,1.2000000000000002
2021,6,23,14,30,19.200000000000003,0,49,39.59,72.19,1.2000000000000002,176,1.2000000000000002
2021,6,23,15,30,22,0,60,30.6,60.94,1.3,177,1.2000000000000002
2021,6,23,16,30,24.3,0,67,25.12,49.47,1.3,173,1.2000000000000002
2021,6,23,17,30,26.200000000000003,0,72,21.8,38.07,1.4000000000000001,168,1.3
2021,6,23,18,30,27.8,0,75,19.43,27.330000000000002,1.5,163,1.3
2021,6,23,19,30,29,0,76,17.8,18.84,1.6,158,1.3
2021,6,23,20,30,29.8,0,77,16.91,16.81,1.7000000000000002,153,1.3
2021,6,23,21,30,30.200000000000003,0,76,16.5,23.02,1.8,149,1.3
2021,6,23,22,30,30.1,0,74,16.5,33.06,1.9000000000000001,146,1.3
2021,6,23,23,30,29.8,0,70,16.79,44.27,2,145,1.3
2021,6,24,0,30,28.1,0,64,18.7,55.76,2.1,144,1.4000000000000001
2021,6,24,1,30,26.3,0,55,21.2,67.14,2.1,144,1.4000000000000001
2021,6,24,2,30,23.200000000000003,0,41,26.34,78.14,1.7000000000000002,145,1.4000000000000001
2021,6,24,3,30,19.900000000000002,0,13,34.63,88.33,1.2000000000000002,150,1.3
2021,6,24,4,30,17.8,0,0,41.68,98.06,0.8,161,1.3
2021,6,24,5,30,17,0,0,45.79,106.13,0.6000000000000001,162,1.3
2021,6,24,6,30,16.7,0,0,47,112.27,0.6000000000000001,146,1.2000000000000002
2021,6,24,7,30,16.1,0,0,47.53,115.92,0.8,129,1.2000000000000002
2021,6,24,8,30,15.3,0,0,48.18,116.63,0.9,122,1.2000000000000002
2021,6,24,9,30,14.700000000000001,0,0,48.550000000000004,114.29,0.9,124,1.1
2021,6,24,10,30,14.4,0,0,48.65,109.21000000000001,0.8,136,1.1
2021,6,24,11,30,14,0,0,49.4,101.95,0.7000000000000001,169,1.1
2021,6,24,12,30,14.100000000000001,0,0,48.47,93.07000000000001,0.6000000000000001,213,1.1
2021,6,24,13,30,16.3,0,30,43.160000000000004,82.95,0.6000000000000001,229,1.2000000000000002
2021,6,24,14,30,19.900000000000002,0,48,35.47,72.24,0.8,221,1.2000000000000002
2021,6,24,15,30,23.1,0,59,25.71,60.99,0.9,207,1.2000000000000002
2021,6,24,16,30,26,0,68,19.86,49.52,1,192,1.3
2021,6,24,17,30,28.1,0,75,16.93,38.12,1,181,1.3
2021,6,24,18,30,29.700000000000003,0,81,15.540000000000001,27.38,1.1,176,1.3
2021,6,24,19,30,30.900000000000002,0,84,14.68,18.89,1.2000000000000002,169,1.4000000000000001
2021,6,24,20,30,31.700000000000003,0,86,14.18,16.82,1.2000000000000002,159,1.4000000000000001
2021,6,24,21,30,32,0,86,13.950000000000001,23.01,1.3,149,1.4000000000000001
2021,6,24,22,30,31.8,0,84,13.82,33.04,1.4000000000000001,137,1.4000000000000001
2021,6,24,23,30,31.6,4,263,13.64,44.24,1.4000000000000001,130,1.4000000000000001
2021,6,25,0,30,29.900000000000002,4,114,14.72,55.730000000000004,1.3,111,1.5
2021,6,25,1,30,28,3,130,16.2,67.12,0.9,111,1.6
2021,6,25,2,30,25.1,0,47,20.04,78.12,0.7000000000000001,125,1.6
2021,6,25,3,30,22.1,4,9,25.36,88.32000000000001,0.6000000000000001,143,1.6
2021,6,25,4,30,20.5,4,0,28.5,98.05,0.7000000000000001,157,1.6
2021,6,25,5,30,19.700000000000003,4,0,29.94,106.12,0.8,173,1.7000000000000002
2021,6,25,6,30,19.1,3,0,30.82,112.28,0.8,190,1.7000000000000002
2021,6,25,7,30,18.6,0,0,31.8,115.94,0.8,203,1.8
2021,6,25,8,30,17.900000000000002,0,0,33.69,116.65,0.8,210,1.9000000000000001
2021,6,25,9,30,17.1,0,0,37,114.32000000000001,0.8,215,1.9000000000000001
2021,6,25,10,30,16.5,0,0,41.85,109.26,0.8,225,2
2021,6,25,11,30,16.1,0,0,46,102,0.8,241,2
2021,6,25,12,30,16.5,0,0,46.77,93.13,0.7000000000000001,252,2
2021,6,25,13,30,18.8,0,34,44.35,83.01,0.7000000000000001,254,2
2021,6,25,14,30,22,0,57,40.24,72.29,0.9,257,2.1
2021,6,25,15,30,25.400000000000002,0,72,29.02,61.050000000000004,0.7000000000000001,256,2.1
2021,6,25,16,30,28.5,0,81,23.51,49.57,0.6000000000000001,233,2.1
2021,6,25,17,30,30.700000000000003,0,84,21.19,38.18,0.6000000000000001,203,2.1
2021,6,25,18,30,32.5,0,84,19.22,27.43,0.6000000000000001,187,2.1
2021,6,25,19,30,33.7,0,86,17.86,18.93,0.7000000000000001,179,2.1
2021,6,25,20,30,34.6,0,86,16.94,16.84,0.7000000000000001,170,2.1
2021,6,25,21,30,34.9,0,82,16.68,23,0.8,158,2.1
2021,6,25,22,30,34.7,0,79,16.9,33.02,0.9,149,2
2021,6,25,23,30,34.4,0,149,17.27,44.22,0.9,146,2
2021,6,26,0,30,32.7,0,92,19.22,55.71,0.9,161,2
2021,6,26,1,30,30.700000000000003,0,57,22.150000000000002,67.09,0.7000000000000001,179,2
2021,6,26,2,30,27.6,0,41,27.490000000000002,78.10000000000001,0.5,194,2
2021,6,26,3,30,24.5,0,13,33.7,88.31,0.5,214,2
2021,6,26,4,30,22.6,0,0,37.64,98.04,0.6000000000000001,241,2
2021,6,26,5,30,21.400000000000002,0,0,39.92,106.12,0.7000000000000001,261,2
2021,6,26,6,30,20.6,0,0,40.77,112.29,0.7000000000000001,272,2
2021,6,26,7,30,19.900000000000002,0,0,40.9,115.96000000000001,0.7000000000000001,278,1.9000000000000001
2021,6,26,8,30,19.200000000000003,0,0,41.72,116.69,0.7000000000000001,281,1.9000000000000001
2021,6,26,9,30,18.5,0,0,43.52,114.37,0.7000000000000001,283,1.9000000000000001
2021,6,26,10,30,17.900000000000002,0,0,45.35,109.31,0.7000000000000001,288,1.8
2021,6,26,11,30,17.400000000000002,0,0,46.45,102.06,0.7000000000000001,293,1.8
2021,6,26,12,30,18.2,0,0,43.53,93.18,0.9,298,1.7000000000000002
2021,6,26,13,30,21.6,0,30,34.84,83.07000000000001,1.1,301,1.7000000000000002
2021,6,26,14,30,25.700000000000003,0,48,26.490000000000002,72.35000000000001,1.1,308,1.7000000000000002
2021,6,26,15,30,29,0,59,20.73,61.11,1,319,1.7000000000000002
2021,6,26,16,30,31.900000000000002,0,66,17.11,49.63,0.9,331,1.7000000000000002
2021,6,26,17,30,34.300000000000004,0,74,15.07,38.24,0.8,346,1.8
2021,6,26,18,30,36.300000000000004,0,81,13.48,27.490000000000002,0.8,355,1.8
2021,6,26,19,30,37.6,0,83,12.59,18.990000000000002,0.7000000000000001,183,1.8
2021,6,26,20,30,38.5,0,83,12.09,16.86,0.6000000000000001,12,1.8
2021,6,26,21,30,38.800000000000004,0,128,11.99,23,0.5,26,1.9000000000000001
2021,6,26,22,30,38.6,0,177,12.11,33.01,0.4,37,1.9000000000000001
2021,6,26,23,30,38.400000000000006,0,85,12.19,44.2,0.4,41,1.9000000000000001
2021,6,27,0,30,36.800000000000004,0,69,13.35,55.69,0.2,147,2
2021,6,27,1,30,34.7,0,59,15.22,67.08,0.30000000000000004,272,2
2021,6,27,2,30,31.1,0,43,19.67,78.09,0.4,263,2
2021,6,27,3,30,27.700000000000003,0,13,24.93,88.3,0.7000000000000001,273,2.1
2021,6,27,4,30,26.200000000000003,0,0,27.7,98.04,0.9,288,2.1
2021,6,27,5,30,25.400000000000002,0,0,29.42,106.13,1.2000000000000002,301,2.1
2021,6,27,6,30,24.400000000000002,0,0,31.13,112.31,1.4000000000000001,308,2.1
2021,6,27,7,30,23.3,0,0,32.47,115.99000000000001,1.1,307,2.1
2021,6,27,8,30,22.400000000000002,0,0,33.35,116.73,0.8,299,2.1
2021,6,27,9,30,21.700000000000003,0,0,34.97,114.42,0.7000000000000001,282,2.1
2021,6,27,10,30,21.1,0,0,37.62,109.37,0.7000000000000001,264,2.1
2021,6,27,11,30,20.700000000000003,0,0,39.95,102.12,0.7000000000000001,252,2.1
2021,6,27,12,30,21.1,0,0,40.33,93.25,0.5,236,2
2021,6,27,13,30,23.6,0,33,35.910000000000004,83.13,0.5,207,2
2021,6,27,14,30,27.3,0,53,29.29,72.41,0.7000000000000001,187,2
2021,6,27,15,30,30.400000000000002,0,66,23.5,61.17,0.9,177,2
2021,6,27,16,30,33,0,75,18.95,49.7,1,166,2
2021,6,27,17,30,35,0,80,16.43,38.300000000000004,1.1,160,1.9000000000000001
2021,6,27,18,30,36.6,0,83,14.85,27.55,1.2000000000000002,159,1.9000000000000001
2021,6,27,19,30,37.800000000000004,0,85,13.72,19.05,1.2000000000000002,160,1.9000000000000001
2021,6,27,20,30,38.6,0,84,12.89,16.9,1.3,160,1.9000000000000001
2021,6,27,21,30,38.900000000000006,0,81,12.36,23,1.3,160,1.8
2021,6,27,22,30,38.7,0,78,12.06,33,1.3,158,1.8
2021,6,27,23,30,38.400000000000006,0,74,11.93,44.19,1.2000000000000002,157,1.8
2021,6,28,0,30,36.6,0,68,12.97,55.67,1.3,150,1.8
2021,6,28,1,30,34.4,0,58,14.540000000000001,67.06,1,147,1.8
2021,6,28,2,30,30.5,0,42,18.44,78.08,0.6000000000000001,147,1.7000000000000002
2021,6,28,3,30,26.6,0,14,23.98,88.3,0.5,159,1.7000000000000002
2021,6,28,4,30,24.700000000000003,0,0,27.04,98.04,0.6000000000000001,175,1.7000000000000002
2021,6,28,5,30,23.3,0,0,29.78,106.15,0.6000000000000001,182,1.7000000000000002
2021,6,28,6,30,22.400000000000002,0,0,31.69,112.34,0.6000000000000001,179,1.8
2021,6,28,7,30,22.1,0,0,32.160000000000004,116.03,0.6000000000000001,171,1.8
2021,6,28,8,30,21.900000000000002,0,0,31.830000000000002,116.78,0.5,175,1.8
2021,6,28,9,30,21.5,0,0,32.26,114.48,0.5,199,1.8
2021,6,28,10,30,20.900000000000002,0,0,33.84,109.43,0.5,220,1.7000000000000002
2021,6,28,11,30,20.3,0,0,35.730000000000004,102.18,0.5,223,1.6
2021,6,28,12,30,20.5,0,0,36.02,93.31,0.5,213,1.6
2021,6,28,13,30,22.3,0,32,33.07,83.2,0.6000000000000001,192,1.5
2021,6,28,14,30,25.3,0,52,28.28,72.48,0.8,173,1.4000000000000001
2021,6,28,15,30,28.3,0,64,21.97,61.24,1.1,168,1.3
2021,6,28,16,30,30.8,0,71,16.89,49.76,1.3,166,1.3
2021,6,28,17,30,32.9,0,76,13.96,38.36,1.5,165,1.2000000000000002
2021,6,28,18,30,34.6,0,81,11.73,27.62,1.7000000000000002,163,1.1
2021,6,28,19,30,35.9,0,84,10.21,19.11,1.8,160,1.1
2021,6,28,20,30,36.5,0,84,9.540000000000001,16.94,1.9000000000000001,157,1.1
2021,6,28,21,30,36.6,0,82,9.34,23.01,1.9000000000000001,154,1
2021,6,28,22,30,36.300000000000004,0,79,9.41,32.99,2,154,1
2021,6,28,23,30,35.9,0,74,9.48,44.17,2,154,1
2021,6,29,0,30,34,0,66,10.43,55.660000000000004,1.9000000000000001,159,0.9
2021,6,29,1,30,31.8,0,57,11.72,67.06,1.5,163,0.9
2021,6,29,2,30,27.6,0,41,15.38,78.07000000000001,0.9,171,0.9
2021,6,29,3,30,23.400000000000002,0,14,21.82,88.3,0.6000000000000001,189,0.9
2021,6,29,4,30,21.200000000000003,0,0,27.38,98.05,0.6000000000000001,208,1
2021,6,29,5,30,20,0,0,31.61,106.17,0.6000000000000001,214,1
2021,6,29,6,30,19.3,0,0,33.94,112.37,0.6000000000000001,210,1.1
2021,6,29,7,30,19,0,0,34.6,116.08,0.6000000000000001,195,1.1
2021,6,29,8,30,18.900000000000002,0,0,33.95,116.84,0.5,155,1.2000000000000002
2021,6,29,9,30,18.900000000000002,0,0,33.43,114.54,0.5,119,1.2000000000000002
2021,6,29,10,30,18.7,0,0,34.19,109.5,0.5,99,1.2000000000000002
2021,6,29,11,30,18.3,0,0,35.26,102.25,0.4,187,1.2000000000000002
2021,6,29,12,30,18.2,0,0,35.7,93.38,0.5,280,1.2000000000000002
2021,6,29,13,30,20.200000000000003,0,32,32.02,83.26,0.4,252,1.1
2021,6,29,14,30,23.6,0,52,26.71,72.55,0.4,215,1.1
2021,6,29,15,30,27.200000000000003,0,64,20.11,61.31,0.5,183,1.1
2021,6,29,16,30,30.3,0,73,14.13,49.83,0.7000000000000001,157,1.1
2021,6,29,17,30,32.5,0,77,11.73,38.43,0.9,144,1.1
2021,6,29,18,30,34.2,0,79,10.370000000000001,27.69,1.2000000000000002,141,1
2021,6,29,19,30,35.4,0,80,9.58,19.18,1.4000000000000001,141,1
2021,6,29,20,30,36.1,0,83,9.24,16.98,1.6,145,1.1
2021,6,29,21,30,36.4,0,83,9.36,23.03,1.6,151,1.1
2021,6,29,22,30,36.2,0,81,9.91,32.99,1.6,156,1.1
2021,6,29,23,30,35.9,0,76,10.66,44.17,1.6,158,1.1
2021,6,30,0,30,33.9,0,70,12.69,55.660000000000004,1.2000000000000002,167,1.2000000000000002
2021,6,30,1,30,31.5,0,60,15.780000000000001,67.05,0.8,180,1.3
2021,6,30,2,30,27.900000000000002,0,44,21.96,78.07000000000001,0.5,205,1.3
2021,6,30,3,30,24.400000000000002,0,13,29.6,88.3,0.5,231,1.4000000000000001
2021,6,30,4,30,22.1,0,0,35.89,98.07000000000001,0.5,247,1.4000000000000001
2021,6,30,5,30,20.700000000000003,0,0,40.61,106.19,0.5,257,1.5
2021,6,30,6,30,19.8,0,0,43.82,112.41,0.5,261,1.5
2021,6,30,7,30,19.1,0,0,45.79,116.13,0.5,267,1.6
2021,6,30,8,30,18.6,0,0,47.300000000000004,116.9,0.6000000000000001,274,1.6
2021,6,30,9,30,18,0,0,50.43,114.61,0.8,283,1.6
2021,6,30,10,30,17.2,0,0,55.31,109.57000000000001,1,294,1.7000000000000002
2021,6,30,11,30,16.7,0,0,59.11,102.33,1.1,304,1.6
2021,6,30,12,30,17.3,0,0,58.44,93.46000000000001,1.2000000000000002,311,1.6
2021,6,30,13,30,20.1,0,35,50.01,83.34,1.2000000000000002,314,1.6
2021,6,30,14,30,24.1,0,59,39.24,72.62,0.7000000000000001,317,1.5
2021,6,30,15,30,27.8,0,76,28.75,61.38,0.6000000000000001,237,1.4000000000000001
2021,6,30,16,30,30.400000000000002,0,84,20.47,49.9,1.1,154,1.4000000000000001
2021,6,30,17,30,32.2,0,88,16.41,38.51,1.5,153,1.3
2021,6,30,18,30,33.5,0,89,13.91,27.77,1.7000000000000002,151,1.3
2021,6,30,19,30,34.4,0,91,12.4,19.26,1.9000000000000001,148,1.3
2021,6,30,20,30,35.1,0,90,11.61,17.04,2,146,1.3
2021,6,30,21,30,35.6,0,88,11.28,23.05,2,146,1.3
2021,6,30,22,30,35.5,0,84,11.53,32.99,2,145,1.3
2021,6,30,23,30,35.4,0,79,11.91,44.17,2,145,1.4000000000000001
2021,7,1,0,30,33.7,0,73,13.6,55.65,1.9000000000000001,145,1.4000000000000001
2021,7,1,1,30,31.6,0,61,16.06,67.05,1.6,145,1.5
2021,7,1,2,30,27.8,0,45,21.46,78.08,1.1,145,1.5
2021,7,1,3,30,24,0,13,29.18,88.31,0.7000000000000001,152,1.5
2021,7,1,4,30,21.900000000000002,0,0,35.54,98.09,0.6000000000000001,159,1.5
2021,7,1,5,30,20.6,0,0,40.84,106.22,0.6000000000000001,159,1.5
2021,7,1,6,30,19.8,0,0,44.5,112.45,0.6000000000000001,148,1.5
2021,7,1,7,30,19.200000000000003,0,0,46.64,116.18,0.6000000000000001,134,1.5
2021,7,1,8,30,18.400000000000002,0,0,48.300000000000004,116.97,0.7000000000000001,130,1.4000000000000001
2021,7,1,9,30,17.5,0,0,50.11,114.69,0.7000000000000001,139,1.4000000000000001
2021,7,1,10,30,17.1,0,0,50.84,109.65,0.7000000000000001,167,1.3
2021,7,1,11,30,16.6,0,0,52.13,102.41,0.7000000000000001,198,1.3
2021,7,1,12,30,16.8,0,0,51.39,93.54,0.7000000000000001,207,1.2000000000000002
2021,7,1,13,30,19.1,0,32,44.64,83.41,0.8,199,1.2000000000000002
2021,7,1,14,30,22.400000000000002,0,53,37.09,72.7,1.1,184,1.2000000000000002
2021,7,1,15,30,25.200000000000003,0,67,30.11,61.45,1.3,170,1.2000000000000002
2021,7,1,16,30,27.400000000000002,0,75,25.26,49.980000000000004,1.4000000000000001,159,1.3
2021,7,1,17,30,29.200000000000003,0,79,22.07,38.58,1.4000000000000001,151,1.3
2021,7,1,18,30,30.8,0,81,19.46,27.85,1.5,145,1.3
2021,7,1,19,30,32.2,0,83,17.46,19.34,1.6,142,1.4000000000000001
2021,7,1,20,30,33.300000000000004,0,84,16.03,17.1,1.7000000000000002,141,1.4000000000000001
2021,7,1,21,30,33.9,0,83,15.14,23.07,1.8,140,1.4000000000000001
2021,7,1,22,30,33.9,0,81,14.83,33,1.8,139,1.4000000000000001
2021,7,1,23,30,33.800000000000004,0,77,14.64,44.17,1.8,139,1.4000000000000001
2021,7,2,0,30,32.300000000000004,0,70,15.8,55.660000000000004,1.7000000000000002,139,1.3
2021,7,2,1,30,30.400000000000002,0,60,17.79,67.06,1.5,138,1.3
2021,7,2,2,30,26.8,0,43,22.740000000000002,78.09,1.1,138,1.3
2021,7,2,3,30,23,0,14,30.38,88.33,0.9,145,1.3
2021,7,2,4,30,21.1,0,0,35.96,98.12,0.9,154,1.3
2021,7,2,5,30,20.200000000000003,0,0,40,106.26,0.7000000000000001,153,1.3
2021,7,2,6,30,19.700000000000003,0,0,42.15,112.5,0.7000000000000001,144,1.3
2021,7,2,7,30,19,0,0,43.34,116.25,0.8,139,1.2000000000000002
2021,7,2,8,30,18.2,0,0,44,117.04,0.9,146,1.2000000000000002
2021,7,2,9,30,17.8,0,0,44,114.77,0.9,164,1.1
2021,7,2,10,30,17.7,0,0,43.89,109.74000000000001,0.9,195,1.1
2021,7,2,11,30,17.6,0,0,43.730000000000004,102.49000000000001,0.9,225,1
2021,7,2,12,30,17.900000000000002,0,0,42.27,93.62,0.8,237,1
2021,7,2,13,30,20.1,0,32,36.17,83.49,0.7000000000000001,230,1
2021,7,2,14,30,23.6,0,54,28.95,72.78,0.7000000000000001,210,1.1
2021,7,2,15,30,26.6,0,68,20.93,61.53,0.9,187,1.1
2021,7,2,16,30,29,0,77,16.41,50.050000000000004,1,169,1.1
2021,7,2,17,30,31.200000000000003,0,82,13.56,38.660000000000004,1.1,157,1.1
2021,7,2,18,30,33.1,0,83,11.35,27.93,1.2000000000000002,150,1.2000000000000002
2021,7,2,19,30,34.4,0,84,10.99,19.43,1.3,147,1.2000000000000002
2021,7,2,20,30,35.2,0,82,11.17,17.17,1.3,145,1.2000000000000002
2021,7,2,21,30,35.6,0,80,11.42,23.11,1.4000000000000001,143,1.2000000000000002
2021,7,2,22,30,35.5,0,77,11.75,33.02,1.4000000000000001,141,1.2000000000000002
2021,7,2,23,30,35.300000000000004,0,72,12.05,44.18,1.4000000000000001,141,1.2000000000000002
2021,7,3,0,30,33.7,0,66,13.38,55.660000000000004,1.4000000000000001,140,1.2000000000000002
2021,7,3,1,30,31.8,0,56,15.25,67.07000000000001,1.3,139,1.2000000000000002
2021,7,3,2,30,28,0,42,19.93,78.10000000000001,1.1,141,1.2000000000000002
2021,7,3,3,30,24.400000000000002,0,13,26.14,88.35000000000001,1,150,1.2000000000000002
2021,7,3,4,30,22.700000000000003,0,0,29.62,98.15,1,162,1.2000000000000002
2021,7,3,5,30,22.200000000000003,0,0,30.94,106.31,0.8,168,1.1
2021,7,3,6,30,22,0,0,31.150000000000002,112.56,0.7000000000000001,163,1.1
2021,7,3,7,30,21.5,0,0,31.59,116.32000000000001,0.8,153,1.1
2021,7,3,8,30,20.5,0,0,33.160000000000004,117.12,0.9,147,1
2021,7,3,9,30,19.6,0,0,35.17,114.86,1,146,1
2021,7,3,10,30,18.8,0,0,37.04,109.83,0.9,151,0.9
2021,7,3,11,30,18.2,0,0,38.07,102.58,0.9,164,0.9
2021,7,3,12,30,18.400000000000002,0,0,36.97,93.71000000000001,0.9,183,0.9
2021,7,3,13,30,20.5,0,31,31.98,83.58,0.8,202,0.9
2021,7,3,14,30,24.1,0,52,25.2,72.86,0.9,203,0.9
2021,7,3,15,30,27.400000000000002,0,65,18.53,61.61,1,188,0.9
2021,7,3,16,30,30,0,73,14.4,50.13,1.2000000000000002,172,0.9
2021,7,3,17,30,32.300000000000004,0,78,11.44,38.74,1.3,160,0.9
2021,7,3,18,30,34.2,0,82,9.200000000000001,28.02,1.4000000000000001,153,0.9
2021,7,3,19,30,35.5,0,84,8.290000000000001,19.52,1.4000000000000001,150,0.9
2021,7,3,20,30,36.2,0,87,7.99,17.240000000000002,1.5,149,0.9
2021,7,3,21,30,36.6,0,86,7.94,23.150000000000002,1.6,147,1
2021,7,3,22,30,36.4,0,83,8.25,33.04,1.7000000000000002,147,1
2021,7,3,23,30,36.1,0,79,8.83,44.19,1.7000000000000002,148,1
2021,7,4,0,30,34.2,0,72,10.57,55.67,1.8,152,1.1
2021,7,4,1,30,32,0,61,13.200000000000001,67.08,1.6,154,1.2000000000000002
2021,7,4,2,30,28.1,0,46,18.6,78.12,1.1,155,1.3
2021,7,4,3,30,24.1,0,13,26.310000000000002,88.38,0.8,161,1.4000000000000001
2021,7,4,4,30,22,0,0,32.07,98.19,0.7000000000000001,170,1.5
2021,7,4,5,30,21,0,0,36.06,106.36,0.6000000000000001,179,1.5
2021,7,4,6,30,20.8,7,0,38.14,112.62,0.6000000000000001,174,1.6
2021,7,4,7,30,20.8,7,0,38.980000000000004,116.4,0.6000000000000001,155,1.7000000000000002
2021,7,4,8,30,20.8,0,0,39.050000000000004,117.21000000000001,0.6000000000000001,139,1.8
2021,7,4,9,30,20.6,0,0,39.04,114.95,0.6000000000000001,136,1.9000000000000001
2021,7,4,10,30,20.400000000000002,0,0,38.89,109.92,0.6000000000000001,142,1.9000000000000001
2021,7,4,11,30,20.200000000000003,0,0,38.64,102.68,0.5,155,1.9000000000000001
2021,7,4,12,30,20.1,0,0,38.33,93.8,0.4,179,1.9000000000000001
2021,7,4,13,30,21.700000000000003,0,34,34.46,83.66,0.4,191,1.8
2021,7,4,14,30,25,0,60,27.7,72.94,0.6000000000000001,180,1.8
2021,7,4,15,30,28.1,0,75,20.580000000000002,61.690000000000005,1,162,1.7000000000000002
2021,7,4,16,30,30.400000000000002,0,85,16.87,50.22,1.3,149,1.7000000000000002
2021,7,4,17,30,32.2,0,94,14.85,38.83,1.6,145,1.7000000000000002
2021,7,4,18,30,33.5,0,102,13.8,28.11,1.8,144,1.7000000000000002
2021,7,4,19,30,34.4,0,104,13.33,19.62,1.9000000000000001,144,1.7000000000000002
2021,7,4,20,30,34.9,0,95,13.32,17.330000000000002,2,143,1.7000000000000002
2021,7,4,21,30,35.1,0,84,13.38,23.19,2,141,1.7000000000000002
2021,7,4,22,30,34.9,0,81,13.38,33.06,2,140,1.7000000000000002
2021,7,4,23,30,34.7,0,77,13.34,44.21,2,139,1.7000000000000002
2021,7,5,0,30,33.1,0,69,14.4,55.69,1.9000000000000001,138,1.7000000000000002
2021,7,5,1,30,31.3,0,59,15.8,67.1,1.6,136,1.6
2021,7,5,2,30,27.700000000000003,0,43,19.61,78.15,1.1,136,1.6
2021,7,5,3,30,23.8,0,13,25.580000000000002,88.41,0.7000000000000001,143,1.6
2021,7,5,4,30,21.900000000000002,0,0,29.91,98.23,0.6000000000000001,152,1.6
2021,7,5,5,30,20.900000000000002,0,0,32.9,106.41,0.5,155,1.6
2021,7,5,6,30,20.200000000000003,0,0,34.9,112.7,0.6000000000000001,149,1.6
2021,7,5,7,30,19.6,0,0,36.18,116.48,0.6000000000000001,145,1.5
2021,7,5,8,30,19.200000000000003,0,0,36.62,117.31,0.6000000000000001,149,1.5
2021,7,5,9,30,18.8,0,0,36.99,115.05,0.5,157,1.4000000000000001
2021,7,5,10,30,18.3,0,0,37.51,110.02,0.6000000000000001,167,1.3
2021,7,5,11,30,17.7,0,0,38.19,102.78,0.6000000000000001,177,1.2000000000000002
2021,7,5,12,30,17.7,0,0,37.46,93.9,0.6000000000000001,185,1.2000000000000002
2021,7,5,13,30,20,0,29,31.92,83.75,0.7000000000000001,190,1.1
2021,7,5,14,30,23.700000000000003,0,50,25.09,73.03,0.9,189,1
2021,7,5,15,30,26.8,0,62,19,61.78,1.1,182,1
2021,7,5,16,30,29.3,0,69,14.9,50.300000000000004,1.1,171,1
2021,7,5,17,30,31.5,0,75,12.32,38.92,1.1,158,1
2021,7,5,18,30,33.5,0,80,9.870000000000001,28.2,1.2000000000000002,147,0.9
2021,7,5,19,30,34.9,0,82,8.25,19.72,1.2000000000000002,141,0.9
2021,7,5,20,30,35.800000000000004,0,83,7.640000000000001,17.41,1.2000000000000002,137,0.9
2021,7,5,21,30,36.2,0,81,7.42,23.240000000000002,1.3,134,0.9
2021,7,5,22,30,36,0,79,7.51,33.09,1.3,132,0.9
2021,7,5,23,30,35.800000000000004,0,75,7.65,44.230000000000004,1.3,132,0.9
2021,7,6,0,30,34.1,0,67,8.52,55.71,1.3,136,0.9
2021,7,6,1,30,31.8,0,58,9.94,67.12,1.1,137,0.9
2021,7,6,2,30,27.400000000000002,0,43,13.58,78.18,0.8,144,0.9
2021,7,6,3,30,23,0,14,19.45,88.44,0.7000000000000001,155,0.9
2021,7,6,4,30,21,0,0,24.18,98.28,0.6000000000000001,164,0.9
2021,7,6,5,30,20,0,0,28.32,106.48,0.6000000000000001,163,0.9
2021,7,6,6,30,19.400000000000002,0,0,31.11,112.77,0.7000000000000001,147,0.9
2021,7,6,7,30,19.1,0,0,32.57,116.57000000000001,0.7000000000000001,133,0.9
2021,7,6,8,30,18.7,0,0,33.97,117.41,0.7000000000000001,136,0.9
2021,7,6,9,30,17.900000000000002,0,0,36.99,115.16,0.7000000000000001,150,1
2021,7,6,10,30,17,0,0,40.93,110.13,0.7000000000000001,172,1
2021,7,6,11,30,16.400000000000002,0,0,44.160000000000004,102.88,0.7000000000000001,194,1
2021,7,6,12,30,16.5,0,0,45.38,94,0.8,212,1
2021,7,6,13,30,18.3,0,32,41.51,83.85000000000001,1,221,1
2021,7,6,14,30,21.5,0,55,34.79,73.12,0.9,214,1
2021,7,6,15,30,24.900000000000002,0,70,26.03,61.870000000000005,0.8,196,1
2021,7,6,16,30,27.900000000000002,0,78,18.42,50.39,0.8,170,1
2021,7,6,17,30,30.400000000000002,0,83,14.120000000000001,39.01,1,147,1
2021,7,6,18,30,32.4,0,87,11.32,28.3,1.2000000000000002,137,1
2021,7,6,19,30,33.7,0,90,9.700000000000001,19.830000000000002,1.3,137,1
2021,7,6,20,30,34.4,0,85,8.99,17.51,1.4000000000000001,143,1
2021,7,6,21,30,34.6,0,81,8.92,23.3,1.5,151,1
2021,7,6,22,30,34.300000000000004,0,77,9.3,33.13,1.4000000000000001,160,1
2021,7,6,23,30,34,0,72,9.83,44.26,1.4000000000000001,164,1
2021,7,7,0,30,31.900000000000002,0,65,11.68,55.74,1.2000000000000002,177,1
2021,7,7,1,30,29.400000000000002,0,55,14.42,67.15,0.8,187,1
2021,7,7,2,30,25.700000000000003,0,41,19.69,78.21000000000001,0.5,206,0.9
2021,7,7,3,30,22,0,14,26.94,88.48,0.6000000000000001,234,0.9
2021,7,7,4,30,19.700000000000003,0,0,33.95,98.34,0.7000000000000001,260,0.9
2021,7,7,5,30,18.1,0,0,40.32,106.55,0.7000000000000001,277,0.9
2021,7,7,6,30,17.1,0,0,44.800000000000004,112.86,0.8,282,0.9
2021,7,7,7,30,16.400000000000002,0,0,47.160000000000004,116.67,0.7000000000000001,276,0.9
2021,7,7,8,30,15.8,0,0,48.58,117.52,0.7000000000000001,267,0.9
2021,7,7,9,30,15.100000000000001,0,0,50.77,115.27,0.8,264,0.9
2021,7,7,10,30,14.4,0,0,53.33,110.24000000000001,0.8,267,0.8
2021,7,7,11,30,14,0,0,54.89,102.99000000000001,0.8,272,0.8
2021,7,7,12,30,14.700000000000001,0,0,52.92,94.10000000000001,0.7000000000000001,279,0.8
2021,7,7,13,30,18,0,28,43.49,83.94,0.8,285,0.8
2021,7,7,14,30,22.5,0,48,33.19,73.22,0.7000000000000001,300,0.8
2021,7,7,15,30,26.3,0,59,23.75,61.96,0.4,327,0.8
2021,7,7,16,30,29.3,0,66,16.87,50.480000000000004,0.30000000000000004,191,0.9
2021,7,7,17,30,31.700000000000003,0,72,13.05,39.1,0.4,57,0.9
2021,7,7,18,30,33.6,0,75,10.82,28.400000000000002,0.5,86,0.9
2021,7,7,19,30,35,0,78,9.43,19.94,0.7000000000000001,101,0.9
2021,7,7,20,30,35.800000000000004,0,79,8.68,17.61,0.9,110,0.9
2021,7,7,21,30,36.2,0,78,8.38,23.36,1,117,0.9
2021,7,7,22,30,36,0,77,8.44,33.17,1.2000000000000002,122,0.9
2021,7,7,23,30,35.800000000000004,0,73,8.53,44.29,1.2000000000000002,124,0.9
2021,7,8,0,30,34.1,0,66,9.43,55.77,1.3,133,0.9
2021,7,8,1,30,31.8,0,57,10.96,67.19,1,140,0.9
2021,7,8,2,30,27.400000000000002,0,42,14.93,78.25,0.7000000000000001,152,0.9
2021,7,8,3,30,23.200000000000003,0,13,20.56,88.53,0.6000000000000001,168,0.9
2021,7,8,4,30,21.5,0,0,23.77,98.4,0.6000000000000001,182,0.9
2021,7,8,5,30,20.8,0,0,25.67,106.62,0.5,188,0.9
2021,7,8,6,30,20.200000000000003,0,0,27.26,112.95,0.5,177,0.9
2021,7,8,7,30,19.6,0,0,28.76,116.78,0.5,157,0.9
2021,7,8,8,30,18.7,0,0,30.7,117.63,0.5,152,0.9
2021,7,8,9,30,17.900000000000002,0,0,32.44,115.39,0.4,190,0.9
2021,7,8,10,30,17,0,0,34.38,110.36,0.5,241,0.9
2021,7,8,11,30,16.2,0,0,35.910000000000004,103.10000000000001,0.5,266,0.8
2021,7,8,12,30,16.400000000000002,0,0,35.14,94.21000000000001,0.5,274,0.8
2021,7,8,13,30,19.3,0,29,28.990000000000002,84.05,0.4,276,0.8
2021,7,8,14,30,23.700000000000003,0,51,22.04,73.32000000000001,0.30000000000000004,247,0.8
2021,7,8,15,30,27.8,0,63,16.330000000000002,62.06,0.1,172,0.8
2021,7,8,16,30,31.200000000000003,0,71,11.66,50.58,0.30000000000000004,115,0.7000000000000001
2021,7,8,17,30,33.7,0,75,8.83,39.2,0.4,99,0.7000000000000001
2021,7,8,18,30,35.5,0,75,7.25,28.51,0.6000000000000001,96,0.7000000000000001
2021,7,8,19,30,36.9,0,78,6.3100000000000005,20.06,0.8,103,0.7000000000000001
2021,7,8,20,30,37.7,0,77,5.83,17.72,0.9,114,0.7000000000000001
2021,7,8,21,30,37.9,0,77,5.72,23.43,1.1,125,0.7000000000000001
2021,7,8,22,30,37.6,0,74,5.8500000000000005,33.22,1.2000000000000002,134,0.7000000000000001
2021,7,8,23,30,37.4,0,70,5.98,44.33,1.3,138,0.7000000000000001
2021,7,9,0,30,35.5,0,63,6.75,55.800000000000004,1.3,152,0.7000000000000001
2021,7,9,1,30,33.1,0,53,7.88,67.23,1,158,0.7000000000000001
2021,7,9,2,30,28.400000000000002,0,39,10.96,78.3,0.7000000000000001,166,0.7000000000000001
2021,7,9,3,30,24.400000000000002,0,14,15.48,88.58,0.7000000000000001,183,0.7000000000000001
2021,7,9,4,30,22.900000000000002,0,0,17.75,98.46000000000001,0.7000000000000001,222,0.7000000000000001
2021,7,9,5,30,21.8,0,0,19.73,106.7,0.7000000000000001,267,0.7000000000000001
2021,7,9,6,30,20.700000000000003,0,0,21.87,113.04,0.7000000000000001,290,0.7000000000000001
2021,7,9,7,30,19.5,0,0,24.36,116.89,0.7000000000000001,302,0.7000000000000001
2021,7,9,8,30,18.400000000000002,0,0,26.67,117.75,0.7000000000000001,313,0.7000000000000001
2021,7,9,9,30,17.5,0,0,29.04,115.52,0.7000000000000001,322,0.7000000000000001
2021,7,9,10,30,16.8,0,0,31.39,110.48,0.8,328,0.8
2021,7,9,11,30,16.3,0,0,32.93,103.22,0.8,331,0.8
2021,7,9,12,30,17.1,0,0,31.52,94.32000000000001,0.8,329,0.9
2021,7,9,13,30,20.8,0,28,25.02,84.15,0.9,324,0.9
2021,7,9,14,30,25.5,0,47,18.61,73.42,0.9,323,1
2021,7,9,15,30,29.5,0,58,13.85,62.15,0.4,206,1.1
2021,7,9,16,30,32.9,0,65,9.94,50.67,0.30000000000000004,110,1.2000000000000002
2021,7,9,17,30,35.4,0,71,7.75,39.300000000000004,0.6000000000000001,134,1.3
2021,7,9,18,30,37.2,0,79,6.59,28.62,0.9,136,1.5
2021,7,9,19,30,38.300000000000004,0,81,6.34,20.19,1.1,137,1.6
2021,7,9,20,30,39.1,0,82,6.51,17.84,1.3,137,1.6
2021,7,9,21,30,39.300000000000004,0,121,6.87,23.51,1.4000000000000001,137,1.7000000000000002
2021,7,9,22,30,39.1,0,158,7.36,33.27,1.4000000000000001,139,1.7000000000000002
2021,7,9,23,30,38.900000000000006,0,94,7.86,44.37,1.4000000000000001,140,1.7000000000000002
2021,7,10,0,30,37.2,0,67,9.01,55.85,1.2000000000000002,146,1.8
2021,7,10,1,30,35,0,57,10.51,67.27,0.8,146,1.8
2021,7,10,2,30,30.900000000000002,0,41,13.67,78.35000000000001,0.5,146,1.8
2021,7,10,3,30,27.3,0,13,17.45,88.64,0.6000000000000001,156,1.9000000000000001
2021,7,10,4,30,26.1,0,0,18.75,98.54,0.5,171,1.9000000000000001
2021,7,10,5,30,25.6,0,0,18.89,106.79,0.4,171,1.9000000000000001
2021,7,10,6,30,25.1,0,0,19.03,113.15,0.4,163,1.9000000000000001
2021,7,10,7,30,24.6,0,0,19.240000000000002,117,0.4,164,1.9000000000000001
2021,7,10,8,30,24.1,0,0,19.580000000000002,117.88,0.5,179,1.9000000000000001
2021,7,10,9,30,23.6,0,0,20.26,115.65,0.5,212,1.9000000000000001
2021,7,10,10,30,23,0,0,21.28,110.61,0.6000000000000001,253,1.9000000000000001
2021,7,10,11,30,22.200000000000003,0,0,22.64,103.34,0.7000000000000001,285,1.9000000000000001
2021,7,10,12,30,22.1,0,0,23.150000000000002,94.43,0.7000000000000001,303,1.9000000000000001
2021,7,10,13,30,24.700000000000003,0,28,20.3,84.26,0.6000000000000001,310,1.9000000000000001
2021,7,10,14,30,29.1,0,49,15.96,73.52,0.4,320,1.9000000000000001
2021,7,10,15,30,33.2,0,62,13.1,62.25,0.2,231,1.8
2021,7,10,16,30,36.2,0,69,12.42,50.77,0.4,125,1.8
2021,7,10,17,30,38.1,0,75,11.81,39.4,0.6000000000000001,119,1.9000000000000001
2021,7,10,18,30,39.400000000000006,0,81,11.25,28.73,0.8,123,1.9000000000000001
2021,7,10,19,30,40.300000000000004,0,84,10.78,20.32,1,130,1.9000000000000001
2021,7,10,20,30,40.7,0,86,10.53,17.96,1.1,138,1.9000000000000001
2021,7,10,21,30,40.7,0,90,10.56,23.59,1.1,148,1.9000000000000001
2021,7,10,22,30,40.300000000000004,0,84,10.92,33.33,1.1,161,1.9000000000000001
2021,7,10,23,30,40,0,78,11.16,44.42,1,168,1.9000000000000001
2021,7,11,0,30,38.1,0,69,12.34,55.89,0.8,195,1.9000000000000001
2021,7,11,1,30,35.9,0,57,13.81,67.32000000000001,0.6000000000000001,220,1.8
2021,7,11,2,30,32.300000000000004,0,41,16.82,78.41,0.5,247,1.8
2021,7,11,3,30,28.6,0,13,20.69,88.7,0.6000000000000001,271,1.7000000000000002
2021,7,11,4,30,26.400000000000002,0,0,22.63,98.62,0.7000000000000001,290,1.7000000000000002
2021,7,11,5,30,25.200000000000003,0,0,23.13,106.88,0.9,303,1.7000000000000002
2021,7,11,6,30,24.1,0,0,23.830000000000002,113.26,1.2000000000000002,311,1.7000000000000002
2021,7,11,7,30,23.400000000000002,0,0,24.37,117.13,1.3,315,1.7000000000000002
2021,7,11,8,30,22.900000000000002,0,0,24.69,118.01,1.2000000000000002,315,1.7000000000000002
2021,7,11,9,30,22.5,0,0,24.96,115.78,1.1,313,1.6
2021,7,11,10,30,22.1,0,0,25.38,110.74000000000001,1,311,1.6
2021,7,11,11,30,21.6,0,0,26.060000000000002,103.47,1,310,1.6
2021,7,11,12,30,21.8,0,0,25.87,94.55,0.9,312,1.6
2021,7,11,13,30,24.6,0,26,22.27,84.37,0.9,313,1.6
2021,7,11,14,30,28.8,0,46,17.95,73.62,0.5,255,1.6
2021,7,11,15,30,32.300000000000004,0,57,15.16,62.35,0.5,175,1.5
2021,7,11,16,30,34.9,0,64,12.86,50.870000000000005,0.9,149,1.5
2021,7,11,17,30,37,0,73,11.040000000000001,39.51,1.1,144,1.4000000000000001
2021,7,11,18,30,38.6,0,82,9.61,28.85,1.2000000000000002,139,1.3
2021,7,11,19,30,39.800000000000004,0,83,8.63,20.45,1.2000000000000002,133,1.3
2021,7,11,20,30,40.6,0,81,8,18.09,1.3,128,1.2000000000000002
2021,7,11,21,30,40.900000000000006,0,77,7.640000000000001,23.68,1.3,123,1.2000000000000002
2021,7,11,22,30,40.7,0,75,7.51,33.39,1.4000000000000001,120,1.2000000000000002
2021,7,11,23,30,40.5,0,71,7.390000000000001,44.47,1.4000000000000001,119,1.2000000000000002
2021,7,12,0,30,38.7,0,65,7.9,55.94,1.5,123,1.1
2021,7,12,1,30,36.2,0,56,8.81,67.37,1.2000000000000002,126,1.1
2021,7,12,2,30,31.6,0,41,11.4,78.47,0.8,135,1.1
2021,7,12,3,30,27.200000000000003,0,12,15.09,88.77,0.7000000000000001,147,1
2021,7,12,4,30,25.3,0,0,17.21,98.7,0.6000000000000001,153,1
2021,7,12,5,30,24.400000000000002,0,0,18.44,106.98,0.5,150,0.9
2021,7,12,6,30,23.5,0,0,19.57,113.37,0.5,140,0.9
2021,7,12,7,30,22.700000000000003,0,0,20.59,117.26,0.5,137,0.8
2021,7,12,8,30,22,0,0,21.61,118.15,0.6000000000000001,158,0.8
2021,7,12,9,30,21,0,0,23.73,115.92,0.6000000000000001,192,0.8
2021,7,12,10,30,19.700000000000003,0,0,27.18,110.88,0.6000000000000001,211,0.7000000000000001
2021,7,12,11,30,18.8,0,0,30.310000000000002,103.60000000000001,0.6000000000000001,213,0.7000000000000001
2021,7,12,12,30,18.8,0,0,31.77,94.67,0.6000000000000001,213,0.7000000000000001
2021,7,12,13,30,21.3,0,28,28.32,84.48,0.5,210,0.7000000000000001
2021,7,12,14,30,25.200000000000003,0,51,22.98,73.73,0.6000000000000001,197,0.7000000000000001
2021,7,12,15,30,28.700000000000003,0,65,17.85,62.46,0.7000000000000001,180,0.7000000000000001
2021,7,12,16,30,31.8,0,74,12.82,50.980000000000004,0.8,162,0.7000000000000001
2021,7,12,17,30,34.300000000000004,0,79,9.99,39.61,1,144,0.7000000000000001
2021,7,12,18,30,36.300000000000004,0,82,8.11,28.97,1.2000000000000002,132,0.7000000000000001
2021,7,12,19,30,37.7,0,84,7.01,20.59,1.4000000000000001,127,0.7000000000000001
2021,7,12,20,30,38.5,0,84,6.53,18.22,1.6,129,0.8
2021,7,12,21,30,38.900000000000006,0,83,6.38,23.78,1.7000000000000002,132,0.8
2021,7,12,22,30,38.7,0,80,6.5,33.46,1.8,138,0.8
2021,7,12,23,30,38.5,0,76,6.71,44.53,1.8,140,0.9
2021,7,13,0,30,36.800000000000004,0,69,7.57,56,1.7000000000000002,143,0.9
2021,7,13,1,30,34.4,0,58,8.99,67.43,1.5,141,1
2021,7,13,2,30,30.200000000000003,0,42,12.57,78.53,1.2000000000000002,142,1
2021,7,13,3,30,26.6,0,12,16.740000000000002,88.84,1.1,148,1
2021,7,13,4,30,25.1,0,0,18.78,98.79,1,153,1
2021,7,13,5,30,24.200000000000003,0,0,20.1,107.09,0.9,150,1
2021,7,13,6,30,22.8,0,0,21.900000000000002,113.5,1,139,1.1
2021,7,13,7,30,21.200000000000003,0,0,23.93,117.4,1,134,1.1
2021,7,13,8,30,20,0,0,25.35,118.3,0.8,147,1.1
2021,7,13,9,30,19.1,0,0,27.060000000000002,116.07000000000001,0.7000000000000001,188,1.1
2021,7,13,10,30,18.1,0,0,29.990000000000002,111.02,0.6000000000000001,238,1.1
2021,7,13,11,30,17.2,0,0,33.05,103.73,0.6000000000000001,267,1.1
2021,7,13,12,30,17.400000000000002,0,0,33.72,94.8,0.5,274,1
2021,7,13,13,30,20.200000000000003,0,28,29.27,84.59,0.5,262,0.9
2021,7,13,14,30,24.1,0,57,24.01,73.84,0.6000000000000001,221,0.9
2021,7,13,15,30,27.200000000000003,0,74,19.39,62.56,0.7000000000000001,182,0.8
2021,7,13,16,30,29.900000000000002,0,84,14.780000000000001,51.08,1,164,0.8
2021,7,13,17,30,32,0,89,11.82,39.72,1.3,152,0.7000000000000001
2021,7,13,18,30,33.6,0,91,10.23,29.09,1.6,144,0.7000000000000001
2021,7,13,19,30,34.7,0,90,9.34,20.73,1.8,140,0.7000000000000001
2021,7,13,20,30,35.4,0,87,8.91,18.37,1.9000000000000001,138,0.7000000000000001
2021,7,13,21,30,35.800000000000004,0,85,8.66,23.88,2,137,0.7000000000000001
2021,7,13,22,30,35.800000000000004,0,82,8.790000000000001,33.53,1.9000000000000001,137,0.7000000000000001
2021,7,13,23,30,35.7,0,76,9.15,44.59,1.9000000000000001,138,0.7000000000000001
2021,7,14,0,30,34.1,0,69,10.41,56.06,1.8,141,0.8
2021,7,14,1,30,31.900000000000002,0,58,12.31,67.5,1.8,141,0.8
2021,7,14,2,30,28.200000000000003,0,43,16.69,78.61,1.5,142,0.8
2021,7,14,3,30,25,0,12,21.8,88.91,1.2000000000000002,146,0.9
2021,7,14,4,30,23.5,0,0,24.7,98.89,1,147,0.9
2021,7,14,5,30,22.200000000000003,0,0,27.080000000000002,107.2,1,141,0.9
2021,7,14,6,30,20.8,0,0,29.580000000000002,113.63,1,136,0.9
2021,7,14,7,30,19.400000000000002,0,0,32.39,117.54,1,141,0.8
2021,7,14,8,30,18.3,0,0,34.93,118.45,0.9,157,0.8
2021,7,14,9,30,17.400000000000002,0,0,37.22,116.22,0.9,178,0.8
2021,7,14,10,30,16.7,0,0,39.09,111.17,0.8,193,0.8
2021,7,14,11,30,15.8,0,0,41.18,103.87,0.8,199,0.8
2021,7,14,12,30,15.9,0,0,40.39,94.93,0.8,205,0.7000000000000001
2021,7,14,13,30,18.5,0,29,33.5,84.71000000000001,0.9,212,0.7000000000000001
2021,7,14,14,30,22.400000000000002,0,54,24.740000000000002,73.95,1,210,0.7000000000000001
2021,7,14,15,30,25.6,0,67,17.57,62.67,0.9,195,0.7000000000000001
2021,7,14,16,30,28.1,0,77,13.77,51.19,0.9,171,0.7000000000000001
2021,7,14,17,30,30.400000000000002,0,84,11.81,39.84,1.2000000000000002,152,0.7000000000000001
2021,7,14,18,30,32.2,0,87,10.9,29.22,1.5,143,0.8
2021,7,14,19,30,33.6,0,89,10.36,20.88,1.7000000000000002,139,0.8
2021,7,14,20,30,34.4,0,91,10.1,18.52,1.9000000000000001,137,0.8
2021,7,14,21,30,34.7,0,88,10.1,23.990000000000002,2,136,0.9
2021,7,14,22,30,34.300000000000004,0,86,10.58,33.61,2.1,137,0.9
2021,7,14,23,30,34.1,0,81,10.96,44.660000000000004,2.1,138,0.9
2021,7,15,0,30,32.1,0,75,12.51,56.13,2.1,139,1
2021,7,15,1,30,29.8,0,63,14.59,67.57000000000001,2,136,1
2021,7,15,2,30,26.1,0,45,19.04,78.68,1.7000000000000002,133,1
2021,7,15,3,30,22.5,0,10,25.490000000000002,88.99,1.4000000000000001,133,1
2021,7,15,4,30,20.400000000000002,0,0,30.970000000000002,98.99000000000001,1.1,134,1
2021,7,15,5,30,19.1,0,0,35.38,107.32000000000001,0.8,131,1
2021,7,15,6,30,18.2,0,0,38.47,113.76,0.7000000000000001,125,1
2021,7,15,7,30,17,0,0,41.83,117.69,0.7000000000000001,122,1
2021,7,15,8,30,15.700000000000001,0,0,45.57,118.61,0.7000000000000001,128,0.9
2021,7,15,9,30,14.600000000000001,0,0,49.32,116.38,0.6000000000000001,143,0.9
2021,7,15,10,30,13.700000000000001,0,0,53.54,111.32000000000001,0.5,157,0.8
2021,7,15,11,30,13.100000000000001,0,0,56.03,104.01,0.6000000000000001,166,0.8
2021,7,15,12,30,13.3,0,0,55.18,95.06,0.6000000000000001,176,0.8
2021,7,15,13,30,15.600000000000001,0,30,47.300000000000004,84.82000000000001,0.7000000000000001,184,0.7000000000000001
2021,7,15,14,30,19,0,59,36.72,74.06,0.9,178,0.7000000000000001
2021,7,15,15,30,22,0,77,27.18,62.78,1,163,0.8
2021,7,15,16,30,24.5,0,89,21.73,51.300000000000004,1.3,153,0.8
2021,7,15,17,30,26.700000000000003,0,90,18.41,39.95,1.4000000000000001,148,0.8
2021,7,15,18,30,28.5,0,85,16.41,29.34,1.6,145,0.9
2021,7,15,19,30,29.900000000000002,0,88,15.14,21.04,1.6,142,0.9
2021,7,15,20,30,30.900000000000002,0,89,14.280000000000001,18.67,1.7000000000000002,140,0.9
2021,7,15,21,30,31.400000000000002,0,89,13.89,24.11,1.8,138,1
2021,7,15,22,30,31.3,0,87,13.99,33.7,1.8,138,1
2021,7,15,23,30,31.200000000000003,0,81,14.1,44.74,1.8,137,1
2021,7,16,0,30,29.6,0,74,15.52,56.2,1.8,139,1
2021,7,16,1,30,27.700000000000003,0,62,17.400000000000002,67.64,1.7000000000000002,138,1
2021,7,16,2,30,24.3,0,44,21.51,78.76,1.4000000000000001,139,1
2021,7,16,3,30,20.900000000000002,0,9,26.86,89.07000000000001,1.1,145,1
2021,7,16,4,30,19.200000000000003,0,0,30.12,99.10000000000001,1,155,1
2021,7,16,5,30,18.2,0,0,32.65,107.45,0.8,160,1
2021,7,16,6,30,17.8,0,0,33.730000000000004,113.9,0.7000000000000001,158,0.9
2021,7,16,7,30,17.400000000000002,0,0,34.24,117.85000000000001,0.7000000000000001,151,0.9
2021,7,16,8,30,16.7,0,0,35.04,118.77,0.7000000000000001,145,0.9
2021,7,16,9,30,15.8,0,0,36.59,116.54,0.7000000000000001,147,0.9
2021,7,16,10,30,14.9,0,0,38.54,111.48,0.8,157,0.8
2021,7,16,11,30,14.200000000000001,0,0,39.9,104.16,0.8,174,0.8
2021,7,16,12,30,14.100000000000001,0,0,39.63,95.19,0.7000000000000001,191,0.8
2021,7,16,13,30,16.2,0,30,34.01,84.95,0.6000000000000001,207,0.8
2021,7,16,14,30,19.900000000000002,0,62,26.580000000000002,74.18,0.6000000000000001,212,0.8
2021,7,16,15,30,23.1,0,80,20.31,62.89,0.6000000000000001,201,0.8
2021,7,16,16,30,25.900000000000002,0,91,15.97,51.410000000000004,0.6000000000000001,167,0.8
2021,7,16,17,30,28.3,0,98,12.69,40.07,0.8,134,0.8
2021,7,16,18,30,30.1,0,99,10.88,29.48,1,125,0.8
2021,7,16,19,30,31.200000000000003,0,101,10.02,21.2,1.2000000000000002,124,0.8
2021,7,16,20,30,32,0,98,9.58,18.830000000000002,1.3,125,0.9
2021,7,16,21,30,32.300000000000004,0,92,9.69,24.23,1.4000000000000001,129,0.9
2021,7,16,22,30,32.2,0,89,10.18,33.79,1.4000000000000001,133,1
2021,7,16,23,30,32,0,83,10.74,44.82,1.4000000000000001,135,1
2021,7,17,0,30,30.5,0,74,12.19,56.28,1.3,140,1
2021,7,17,1,30,28.5,0,62,14.22,67.72,1.1,142,1.1
2021,7,17,2,30,24.5,0,43,18.87,78.85000000000001,0.9,148,1.1
2021,7,17,3,30,20.900000000000002,0,10,24.63,89.16,0.8,159,1.1
2021,7,17,4,30,19.3,0,0,28.29,99.21000000000001,0.7000000000000001,166,1.1
2021,7,17,5,30,18.6,0,0,30.67,107.58,0.6000000000000001,165,1.1
2021,7,17,6,30,18.1,0,0,32.43,114.05,0.6000000000000001,152,1.1
2021,7,17,7,30,17.5,0,0,34.03,118.01,0.6000000000000001,132,1.1
2021,7,17,8,30,16.8,0,0,35.47,118.94,0.5,116,1.1
2021,7,17,9,30,16.2,0,0,36.54,116.71000000000001,0.5,112,1.1
2021,7,17,10,30,15.8,0,0,37.06,111.64,0.4,196,1.1
2021,7,17,11,30,15.200000000000001,0,0,37.79,104.3,0.5,286,1.1
2021,7,17,12,30,15,0,0,37.7,95.33,0.6000000000000001,295,1.1
2021,7,17,13,30,17.2,0,30,32.8,85.07000000000001,0.5,292,1.1
2021,7,17,14,30,21.200000000000003,0,79,25.94,74.3,0.30000000000000004,261,1.1
2021,7,17,15,30,25,0,107,19.63,63.01,0.4,202,1.1
2021,7,17,16,30,27.900000000000002,0,123,15.370000000000001,51.52,0.6000000000000001,154,1.1
2021,7,17,17,30,30,0,117,13.21,40.19,0.9,135,1.1
2021,7,17,18,30,31.6,0,100,11.75,29.61,1.1,130,1.1
2021,7,17,19,30,32.7,0,100,10.870000000000001,21.36,1.2000000000000002,128,1.1
2021,7,17,20,30,33.4,0,98,10.48,19,1.3,128,1.1
2021,7,17,21,30,33.7,0,94,10.56,24.36,1.4000000000000001,132,1.1
2021,7,17,22,30,33.4,0,88,11,33.89,1.4000000000000001,136,1.2000000000000002
2021,7,17,23,30,33.2,0,81,11.39,44.9,1.5,139,1.2000000000000002
2021,7,18,0,30,31.6,0,70,12.74,56.36,1.4000000000000001,144,1.2000000000000002
2021,7,18,1,30,29.400000000000002,0,58,14.8,67.81,1.1,143,1.1
2021,7,18,2,30,25.3,0,42,19.52,78.95,0.7000000000000001,143,1.1
2021,7,18,3,30,21.6,0,10,25.310000000000002,89.25,0.6000000000000001,145,1.1
2021,7,18,4,30,20.200000000000003,0,0,28.53,99.33,0.6000000000000001,142,1.1
2021,7,18,5,30,19.6,0,0,30.34,107.71000000000001,0.6000000000000001,124,1.1
2021,7,18,6,30,18.900000000000002,0,0,31.85,114.21000000000001,0.7000000000000001,104,1.1
2021,7,18,7,30,18.400000000000002,0,0,32.45,118.18,0.7000000000000001,99,1.1
2021,7,18,8,30,18,0,0,32.56,119.12,0.7000000000000001,104,1
2021,7,18,9,30,17.8,0,0,32.15,116.88,0.6000000000000001,120,1
2021,7,18,10,30,17.6,0,0,31.78,111.8,0.5,216,1
2021,7,18,11,30,17.1,0,0,31.73,104.46000000000001,0.5,316,0.9
2021,7,18,12,30,16.900000000000002,0,0,31.07,95.47,0.6000000000000001,340,0.9
2021,7,18,13,30,18.900000000000002,0,29,26.53,85.2,0.5,350,0.8
2021,7,18,14,30,22.900000000000002,0,80,20.41,74.42,0.30000000000000004,345,0.8
2021,7,18,15,30,26.5,0,112,16.080000000000002,63.120000000000005,0.2,199,0.8
2021,7,18,16,30,29.5,0,132,12.83,51.64,0.30000000000000004,90,0.8
2021,7,18,17,30,31.8,0,133,10.35,40.31,0.6000000000000001,125,0.9
2021,7,18,18,30,33.6,0,121,8.92,29.75,0.8,134,0.9
2021,7,18,19,30,34.7,0,123,8.2,21.53,1,138,0.9
2021,7,18,20,30,35.5,0,115,7.83,19.18,1.2000000000000002,139,1
2021,7,18,21,30,35.800000000000004,0,103,7.78,24.490000000000002,1.3,139,1
2021,7,18,22,30,35.6,0,97,8.09,34,1.5,140,1.1
2021,7,18,23,30,35.4,0,89,8.53,44.99,1.6,140,1.1
2021,7,19,0,30,33.6,0,77,9.950000000000001,56.45,1.8,144,1.2000000000000002
2021,7,19,1,30,31.3,0,63,12.02,67.9,1.6,146,1.2000000000000002
2021,7,19,2,30,27,0,44,16.59,79.04,1.2000000000000002,148,1.3
2021,7,19,3,30,23,0,9,22.62,89.36,0.8,151,1.3
2021,7,19,4,30,21.3,0,0,26.46,99.46000000000001,0.7000000000000001,153,1.4000000000000001
2021,7,19,5,30,20.6,0,0,28.490000000000002,107.86,0.6000000000000001,148,1.4000000000000001
2021,7,19,6,30,20.400000000000002,7,0,29.03,114.37,0.6000000000000001,136,1.4000000000000001
2021,7,19,7,30,20.3,7,0,28.85,118.35000000000001,0.6000000000000001,123,1.4000000000000001
2021,7,19,8,30,20.3,7,0,28.080000000000002,119.3,0.7000000000000001,121,1.3
2021,7,19,9,30,19.900000000000002,7,0,28,117.06,0.8,130,1.2000000000000002
2021,7,19,10,30,19.200000000000003,0,0,28.76,111.97,0.8,139,1.2000000000000002
2021,7,19,11,30,18.6,0,0,29.61,104.61,0.8,144,1.1
2021,7,19,12,30,18.7,0,0,29.44,95.61,0.8,146,1.1
2021,7,19,13,30,20.6,0,27,26.23,85.33,0.7000000000000001,149,1.1
2021,7,19,14,30,24.1,3,89,21.82,74.54,0.8,152,1.1
2021,7,19,15,30,27.700000000000003,4,168,17.63,63.24,1.2000000000000002,148,1.2000000000000002
2021,7,19,16,30,30.5,4,249,13.11,51.76,1.5,143,1.3
2021,7,19,17,30,32.6,0,213,10.1,40.43,1.8,142,1.3
2021,7,19,18,30,34.1,0,98,8.48,29.89,2,142,1.3
2021,7,19,19,30,35.2,0,129,7.57,21.7,2.1,142,1.4000000000000001
2021,7,19,20,30,35.7,0,87,7.42,19.36,2.1,143,1.4000000000000001
2021,7,19,21,30,35.7,0,104,7.8,24.64,2.1,144,1.4000000000000001
2021,7,19,22,30,35.2,3,224,8.540000000000001,34.11,2.1,147,1.5
2021,7,19,23,30,34.800000000000004,0,146,9.290000000000001,45.09,2.2,148,1.5
2021,7,20,0,30,32.4,0,73,11.33,56.54,2.1,156,1.5
2021,7,20,1,30,30,3,110,13.9,68,1.7000000000000002,158,1.5
2021,7,20,2,30,26.1,0,50,18.8,79.15,1,155,1.6
2021,7,20,3,30,22.400000000000002,0,8,25.02,89.46000000000001,0.6000000000000001,155,1.6
2021,7,20,4,30,20.5,0,0,29.53,99.59,0.5,167,1.6
2021,7,20,5,30,19.5,0,0,33.09,108.01,0.4,192,1.7000000000000002
2021,7,20,6,30,18.900000000000002,0,0,36.37,114.53,0.4,216,1.7000000000000002
2021,7,20,7,30,18.5,0,0,38.84,118.53,0.30000000000000004,222,1.7000000000000002
2021,7,20,8,30,18.1,0,0,40.82,119.48,0.2,210,1.7000000000000002
2021,7,20,9,30,17.7,0,0,42.74,117.25,0.2,154,1.6
2021,7,20,10,30,17.3,0,0,44.410000000000004,112.14,0.2,124,1.4000000000000001
2021,7,20,11,30,16.900000000000002,0,0,45.57,104.77,0.30000000000000004,168,1.3
2021,7,20,12,30,16.8,0,0,45.38,95.76,0.30000000000000004,197,1.1
2021,7,20,13,30,18.6,0,27,39.72,85.46000000000001,0.4,186,1
2021,7,20,14,30,21.900000000000002,0,56,31.54,74.67,0.7000000000000001,169,0.9
2021,7,20,15,30,25.400000000000002,0,71,23.92,63.36,1.2000000000000002,159,0.8
2021,7,20,16,30,28.1,0,79,16.42,51.870000000000005,1.4000000000000001,154,0.8
2021,7,20,17,30,30,0,85,13.9,40.56,1.6,150,0.8
2021,7,20,18,30,31.400000000000002,0,87,12.65,30.04,1.8,147,0.8
2021,7,20,19,30,32.4,0,88,11.77,21.87,1.9000000000000001,145,0.8
2021,7,20,20,30,33.1,0,84,11.19,19.54,1.9000000000000001,144,0.9
2021,7,20,21,30,33.2,0,78,11.21,24.79,1.9000000000000001,143,0.9
2021,7,20,22,30,32.9,0,76,11.55,34.230000000000004,1.8,144,0.9
2021,7,20,23,30,32.6,0,71,11.96,45.19,1.8,145,0.9
2021,7,21,0,30,30.8,0,64,13.55,56.64,1.6,145,0.9
2021,7,21,1,30,28.700000000000003,0,54,15.74,68.1,1.2000000000000002,144,0.9
2021,7,21,2,30,24.900000000000002,0,39,20.71,79.26,0.7000000000000001,141,0.9
2021,7,21,3,30,21.400000000000002,0,9,27.45,89.56,0.5,146,0.9
2021,7,21,4,30,20,0,0,32.27,99.73,0.5,166,0.9
2021,7,21,5,30,19,0,0,37.160000000000004,108.16,0.4,211,0.9
2021,7,21,6,30,17.7,0,0,42.94,114.71000000000001,0.30000000000000004,252,0.9
2021,7,21,7,30,16.6,0,0,48,118.72,0.4,260,0.9
2021,7,21,8,30,15.9,0,0,51.480000000000004,119.68,0.30000000000000004,252,0.9
2021,7,21,9,30,15.200000000000001,0,0,54.74,117.44,0.4,252,0.9
2021,7,21,10,30,14.3,0,0,58.97,112.32000000000001,0.4,262,0.9
2021,7,21,11,30,13.5,0,0,63.59,104.93,0.4,272,0.8
2021,7,21,12,30,13.5,0,0,65.51,95.9,0.4,278,0.8
2021,7,21,13,30,15.700000000000001,0,28,58.34,85.59,0.5,283,0.8
2021,7,21,14,30,19.5,0,68,46.27,74.79,0.4,268,0.8
2021,7,21,15,30,23.3,0,94,32.06,63.480000000000004,0.30000000000000004,193,0.8
2021,7,21,16,30,26.400000000000002,0,111,21.89,51.99,0.5,131,0.8
2021,7,21,17,30,28.8,0,110,16.84,40.69,0.7000000000000001,124,0.8
2021,7,21,18,30,30.6,0,98,14.040000000000001,30.18,0.9,119,0.8
2021,7,21,19,30,31.900000000000002,0,99,12.38,22.05,1,119,0.8
2021,7,21,20,30,32.7,0,96,11.52,19.73,1.2000000000000002,122,0.9
2021,7,21,21,30,33.1,0,90,11.16,24.94,1.3,125,0.9
2021,7,21,22,30,32.9,0,86,11.27,34.35,1.4000000000000001,128,1
2021,7,21,23,30,32.7,0,80,11.44,45.300000000000004,1.4000000000000001,129,1
2021,7,22,0,30,31.1,0,70,12.6,56.74,1.5,128,1
2021,7,22,1,30,28.900000000000002,0,59,14.44,68.21000000000001,1.3,127,1
2021,7,22,2,30,24.900000000000002,0,41,18.79,79.37,0.9,130,1
2021,7,22,3,30,21.3,0,8,23.990000000000002,89.68,0.8,138,0.9
2021,7,22,4,30,19.900000000000002,0,0,26.580000000000002,99.87,0.7000000000000001,143,0.9
2021,7,22,5,30,19.1,0,0,28.22,108.32000000000001,0.7000000000000001,136,0.9
2021,7,22,6,30,18.400000000000002,0,0,29.1,114.88,0.7000000000000001,123,0.8
2021,7,22,7,30,17.400000000000002,0,0,30.04,118.91,0.8,114,0.8
2021,7,22,8,30,16.5,0,0,30.59,119.88,0.8,112,0.8
2021,7,22,9,30,15.600000000000001,0,0,30.990000000000002,117.63,0.8,106,0.7000000000000001
2021,7,22,10,30,15.100000000000001,0,0,30.69,112.5,0.6000000000000001,72,0.7000000000000001
2021,7,22,11,30,14.200000000000001,0,0,31.2,105.10000000000001,0.6000000000000001,193,0.7000000000000001
2021,7,22,12,30,13.600000000000001,0,0,31.43,96.05,0.6000000000000001,336,0.6000000000000001
2021,7,22,13,30,15.8,0,27,26.75,85.72,0.7000000000000001,323,0.6000000000000001
2021,7,22,14,30,19.700000000000003,0,77,20.88,74.92,0.9,319,0.5
2021,7,22,15,30,23.400000000000002,0,104,16.42,63.6,0.7000000000000001,325,0.5
2021,7,22,16,30,26.8,0,119,11.83,52.120000000000005,0.4,225,0.5
2021,7,22,17,30,29.6,0,111,8.07,40.82,0.6000000000000001,126,0.5
2021,7,22,18,30,31.6,0,89,5.93,30.34,0.9,131,0.4
2021,7,22,19,30,33,0,90,4.91,22.240000000000002,1.1,130,0.4
2021,7,22,20,30,33.800000000000004,0,93,4.5,19.93,1.3,128,0.4
2021,7,22,21,30,34.1,0,93,4.48,25.1,1.3,127,0.5
2021,7,22,22,30,34,0,89,4.75,34.480000000000004,1.4000000000000001,126,0.5
2021,7,22,23,30,33.800000000000004,0,84,5.14,45.42,1.4000000000000001,126,0.5
2021,7,23,0,30,32,0,74,6.11,56.85,1.3,127,0.5
2021,7,23,1,30,29.200000000000003,0,62,7.78,68.32000000000001,1,128,0.6000000000000001
2021,7,23,2,30,24.5,0,43,11.77,79.49,0.7000000000000001,134,0.6000000000000001
2021,7,23,3,30,20.8,0,7,16.6,89.79,0.8,144,0.6000000000000001
2021,7,23,4,30,19.5,0,0,19.98,100.02,0.7000000000000001,148,0.6000000000000001
2021,7,23,5,30,18.8,0,0,22.35,108.49000000000001,0.6000000000000001,133,0.5
2021,7,23,6,30,18.1,0,0,24.080000000000002,115.07000000000001,0.6000000000000001,102,0.5
2021,7,23,7,30,17.3,0,0,25.85,119.11,0.6000000000000001,78,0.5
2021,7,23,8,30,16.8,0,0,26.740000000000002,120.08,0.6000000000000001,51,0.5
2021,7,23,9,30,16.1,0,0,27.67,117.83,0.6000000000000001,186,0.5
2021,7,23,10,30,14.8,0,0,29.47,112.69,0.7000000000000001,337,0.5
2021,7,23,11,30,13.8,0,0,30.47,105.27,0.8,329,0.5
2021,7,23,12,30,13.8,0,0,29.400000000000002,96.21000000000001,0.9,323,0.5
2021,7,23,13,30,16.6,0,26,23.89,85.86,1.2000000000000002,317,0.5
2021,7,23,14,30,21,0,75,18.04,75.05,1.4000000000000001,313,0.5
2021,7,23,15,30,25.1,0,101,14.030000000000001,63.730000000000004,1.4000000000000001,317,0.5
2021,7,23,16,30,28.8,0,110,10.59,52.24,1.2000000000000002,331,0.5
2021,7,23,17,30,31.900000000000002,0,111,7.8,40.95,1,347,0.5
2021,7,23,18,30,34,0,110,6.04,30.490000000000002,0.6000000000000001,187,0.5
2021,7,23,19,30,35.300000000000004,0,112,5.3100000000000005,22.43,0.4,49,0.5
2021,7,23,20,30,36.1,0,114,4.96,20.14,0.5,94,0.5
2021,7,23,21,30,36.300000000000004,0,114,4.97,25.27,0.7000000000000001,114,0.5
2021,7,23,22,30,36,0,108,5.32,34.62,0.9,121,0.5
2021,7,23,23,30,35.7,0,101,5.75,45.54,1,123,0.6000000000000001
2021,7,24,0,30,33.800000000000004,0,89,6.8,56.97,1.1,129,0.6000000000000001
2021,7,24,1,30,30.8,0,73,8.620000000000001,68.44,0.9,133,0.6000000000000001
2021,7,24,2,30,26.400000000000002,0,47,12.57,79.62,0.8,143,0.7000000000000001
2021,7,24,3,30,23.400000000000002,0,6,16.03,89.91,0.9,154,0.7000000000000001
2021,7,24,4,30,22.5,0,0,17.05,100.17,0.8,165,0.7000000000000001
2021,7,24,5,30,22.5,0,0,16.26,108.66,0.7000000000000001,171,0.8
2021,7,24,6,30,22.700000000000003,0,0,14.8,115.26,0.8,171,0.8
2021,7,24,7,30,22.6,0,0,13.780000000000001,119.32000000000001,0.9,166,0.9
2021,7,24,8,30,22.1,0,0,13.24,120.29,0.9,165,1
2021,7,24,9,30,21.6,0,0,13.01,118.03,0.8,180,1
2021,7,24,10,30,20.900000000000002,0,0,13.24,112.87,0.8,233,1.1
2021,7,24,11,30,20,0,0,13.73,105.44,0.8,286,1.1
2021,7,24,12,30,19.3,0,0,14.22,96.36,0.9,302,1.1
2021,7,24,13,30,20.400000000000002,0,25,13.43,86,0.7000000000000001,298,1.1
2021,7,24,14,30,23.900000000000002,0,82,11.19,75.18,0.5,284,1.1
2021,7,24,15,30,27.700000000000003,0,122,8.790000000000001,63.85,0.5,269,1.2000000000000002
2021,7,24,16,30,30.700000000000003,0,145,7.99,52.370000000000005,0.30000000000000004,272,1.2000000000000002
2021,7,24,17,30,33.2,0,172,7.38,41.08,0.2,168,1.2000000000000002
2021,7,24,18,30,35.1,0,200,7.13,30.650000000000002,0.30000000000000004,60,1.3
2021,7,24,19,30,36.300000000000004,0,199,7.17,22.62,0.4,73,1.3
2021,7,24,20,30,37.1,0,195,7.23,20.35,0.5,88,1.4000000000000001
2021,7,24,21,30,37.2,0,187,7.5,25.44,0.6000000000000001,104,1.3
2021,7,24,22,30,36.9,0,171,7.8500000000000005,34.76,0.7000000000000001,121,1.3
2021,7,24,23,30,36.6,0,154,8.14,45.660000000000004,0.7000000000000001,129,1.3
2021,7,25,0,30,34.6,0,126,9.22,57.09,0.7000000000000001,151,1.3
2021,7,25,1,30,31.700000000000003,0,97,11,68.56,0.5,162,1.3
2021,7,25,2,30,27.5,0,56,14.41,79.75,0.5,178,1.3
2021,7,25,3,30,24.3,0,4,17.87,90.04,0.6000000000000001,206,1.3
2021,7,25,4,30,22.900000000000002,0,0,19.56,100.33,0.7000000000000001,238,1.3
2021,7,25,5,30,21.8,0,0,21.2,108.84,0.7000000000000001,265,1.4000000000000001
2021,7,25,6,30,21.1,0,0,22.830000000000002,115.46000000000001,0.7000000000000001,281,1.5
2021,7,25,7,30,20.6,0,0,24.3,119.53,0.7000000000000001,286,1.6
2021,7,25,8,30,20.200000000000003,0,0,25.43,120.5,0.6000000000000001,281,1.6
2021,7,25,9,30,19.8,0,0,26.62,118.24000000000001,0.5,264,1.7000000000000002
2021,7,25,10,30,19.6,0,0,27.68,113.07000000000001,0.5,242,1.7000000000000002
2021,7,25,11,30,19.400000000000002,0,0,28.650000000000002,105.61,0.5,228,1.6
2021,7,25,12,30,19.200000000000003,0,0,29.55,96.52,0.5,235,1.6
2021,7,25,13,30,20.700000000000003,0,23,27.490000000000002,86.13,0.5,246,1.6
2021,7,25,14,30,24,0,88,23.02,75.31,0.6000000000000001,242,1.6
2021,7,25,15,30,27.5,0,136,18.46,63.980000000000004,0.7000000000000001,232,1.7000000000000002
2021,7,25,16,30,30.6,0,207,14.07,52.5,0.5,209,1.7000000000000002
2021,7,25,17,30,33,0,175,11.53,41.22,0.4,165,1.7000000000000002
2021,7,25,18,30,35,0,162,9.89,30.810000000000002,0.5,132,1.6
2021,7,25,19,30,36.2,0,261,9,22.82,0.7000000000000001,124,1.6
2021,7,25,20,30,37,0,146,8.45,20.56,0.8,121,1.7000000000000002
2021,7,25,21,30,37.2,7,258,8.28,25.63,1,121,1.7000000000000002
2021,7,25,22,30,37,0,127,8.31,34.9,1.1,122,1.7000000000000002
2021,7,25,23,30,36.7,0,116,8.46,45.79,1.1,123,1.7000000000000002
2021,7,26,0,30,34.9,0,102,9.38,57.22,1.1,127,1.8
2021,7,26,1,30,32.4,3,93,10.86,68.69,0.8,130,1.8
2021,7,26,2,30,28.400000000000002,0,53,13.89,79.89,0.6000000000000001,138,1.9000000000000001
2021,7,26,3,30,25.6,3,3,16.61,90.17,0.6000000000000001,153,1.9000000000000001
2021,7,26,4,30,24.8,3,0,17.41,100.5,0.6000000000000001,168,1.9000000000000001
2021,7,26,5,30,24.200000000000003,0,0,18.12,109.02,0.6000000000000001,171,2
2021,7,26,6,30,23.700000000000003,0,0,18.84,115.66,0.5,156,2.1
2021,7,26,7,30,23.200000000000003,7,0,19.57,119.74000000000001,0.5,137,2.3000000000000003
2021,7,26,8,30,22.8,0,0,20.2,120.72,0.4,170,2.5
2021,7,26,9,30,22.200000000000003,7,0,22.01,118.45,0.4,239,2.7
2021,7,26,10,30,21.5,7,0,25.560000000000002,113.26,0.5,273,2.7
2021,7,26,11,30,21,0,0,29.490000000000002,105.79,0.5,287,2.7
2021,7,26,12,30,20.8,0,0,32.42,96.68,0.5,300,2.6
2021,7,26,13,30,22.1,0,24,31.91,86.28,0.5,301,2.6
2021,7,26,14,30,24.400000000000002,0,87,29.400000000000002,75.45,0.6000000000000001,262,2.5
2021,7,26,15,30,26.700000000000003,0,132,26.68,64.11,0.9,203,2.4000000000000004
2021,7,26,16,30,28.900000000000002,0,144,21.740000000000002,52.620000000000005,1.4000000000000001,173,2.3000000000000003
2021,7,26,17,30,30.5,0,140,18.25,41.36,1.8,162,2.3000000000000003
2021,7,26,18,30,31.8,0,158,15.94,30.970000000000002,1.9000000000000001,153,2.2
2021,7,26,19,30,33.300000000000004,3,385,13.85,23.03,1.7000000000000002,150,2.2
2021,7,26,20,30,34.800000000000004,4,400,12.13,20.78,1.3,149,2.1
2021,7,26,21,30,35.6,4,393,11.26,25.810000000000002,1,139,2.1
2021,7,26,22,30,35.6,8,327,10.97,35.06,1.2000000000000002,128,2.1
2021,7,26,23,30,35.4,4,220,10.85,45.93,1.4000000000000001,125,2.1
2021,7,27,0,30,32.800000000000004,3,199,12.33,57.35,1.8,124,2.1
2021,7,27,1,30,29.900000000000002,4,103,14.5,68.82000000000001,1.7000000000000002,122,2
2021,7,27,2,30,26.6,4,63,18.28,80.03,1.7000000000000002,124,2
2021,7,27,3,30,23.900000000000002,7,2,22.48,90.3,1.8,127,2
2021,7,27,4,30,22.3,7,0,25.330000000000002,100.67,1.9000000000000001,126,2
2021,7,27,5,30,21.200000000000003,0,0,27.27,109.21000000000001,1.8,124,2
2021,7,27,6,30,20.200000000000003,4,0,28.72,115.87,1.6,122,2
2021,7,27,7,30,19.400000000000002,7,0,29.62,119.96000000000001,1.3,119,2
2021,7,27,8,30,18.900000000000002,0,0,29.89,120.95,1,116,1.9000000000000001
2021,7,27,9,30,18.7,4,0,29.71,118.67,0.7000000000000001,116,1.9000000000000001
2021,7,27,10,30,18.5,7,0,30,113.46000000000001,0.6000000000000001,114,2
2021,7,27,11,30,18.5,7,0,30.02,105.97,0.6000000000000001,111,2.1
2021,7,27,12,30,18.5,7,0,29.810000000000002,96.84,0.5,113,2.2
2021,7,27,13,30,19.3,4,16,27.77,86.42,0.4,128,2.3000000000000003
2021,7,27,14,30,20.8,3,104,25.490000000000002,75.58,0.6000000000000001,150,2.5
2021,7,27,15,30,22.6,4,160,23.98,64.24,1,158,2.6
2021,7,27,16,30,24.3,4,139,24.38,52.75,1.1,151,2.7
2021,7,27,17,30,25.8,4,263,24.16,41.5,1.1,139,2.8000000000000003
2021,7,27,18,30,26.900000000000002,7,388,24,31.13,1.1,129,2.8000000000000003
2021,7,27,19,30,28,8,419,23.63,23.23,0.9,119,2.8000000000000003
2021,7,27,20,30,28.900000000000002,0,272,23.35,21.01,0.8,103,2.8000000000000003
2021,7,27,21,30,29.200000000000003,3,308,23.78,26.01,0.6000000000000001,83,2.8000000000000003
2021,7,27,22,30,28.900000000000002,4,260,24.98,35.22,0.5,55,2.8000000000000003
2021,7,27,23,30,28.700000000000003,8,151,26.04,46.07,0.5,37,2.8000000000000003
2021,7,28,0,30,27.6,4,138,28.64,57.480000000000004,0.6000000000000001,8,2.7
2021,7,28,1,30,26.3,4,124,31.810000000000002,68.96000000000001,0.6000000000000001,5,2.6
2021,7,28,2,30,23.900000000000002,0,51,37.550000000000004,80.17,0.6000000000000001,181,2.4000000000000004
2021,7,28,3,30,21.5,0,4,44.17,90.98,0.6000000000000001,353,2.2
2021,7,28,4,30,20.3,0,0,48.300000000000004,100.85000000000001,0.7000000000000001,343,2
2021,7,28,5,30,19.3,0,0,52.31,109.41,0.7000000000000001,332,1.8
2021,7,28,6,30,18.400000000000002,0,0,56.49,116.08,0.8,322,1.6
2021,7,28,7,30,17.7,0,0,60.26,120.19,0.9,318,1.5
2021,7,28,8,30,17,0,0,64.07000000000001,121.18,0.9,317,1.4000000000000001
2021,7,28,9,30,16.5,0,0,66.45,118.89,1,317,1.4000000000000001
2021,7,28,10,30,16,0,0,68.09,113.67,1.1,317,1.4000000000000001
2021,7,28,11,30,15.8,0,0,67.98,106.15,1.2000000000000002,317,1.5
2021,7,28,12,30,16.1,0,0,64.87,97.01,1.3,316,1.5
2021,7,28,13,30,18.400000000000002,0,22,53.79,86.56,1.4000000000000001,313,1.5
2021,7,28,14,30,22.6,0,53,39.74,75.72,1.4000000000000001,316,1.5
2021,7,28,15,30,26.6,0,69,27.560000000000002,64.37,1.1,325,1.6
2021,7,28,16,30,29.700000000000003,0,80,19.77,52.89,0.7000000000000001,340,1.6
2021,7,28,17,30,31.900000000000002,0,88,16.59,41.64,0.30000000000000004,215,1.7000000000000002
2021,7,28,18,30,33.4,0,94,14.81,31.3,0.30000000000000004,102,1.8
2021,7,28,19,30,34.300000000000004,0,97,13.92,23.44,0.6000000000000001,131,1.8
2021,7,28,20,30,34.800000000000004,0,98,13.61,21.240000000000002,0.8,142,1.9000000000000001
2021,7,28,21,30,35,0,97,13.58,26.21,0.9,151,1.9000000000000001
2021,7,28,22,30,34.800000000000004,0,112,13.81,35.38,0.9,157,1.9000000000000001
2021,7,28,23,30,34.6,3,178,14.07,46.22,0.9,159,1.9000000000000001
2021,7,29,0,30,32.9,0,90,15.58,57.63,0.8,160,2
2021,7,29,1,30,30.900000000000002,0,61,17.6,69.11,0.5,163,1.9000000000000001
2021,7,29,2,30,27.5,0,40,21.71,80.32000000000001,0.4,185,1.9000000000000001
2021,7,29,3,30,24.200000000000003,0,4,26.53,91.14,0.6000000000000001,225,1.9000000000000001
2021,7,29,4,30,22.6,0,0,29.23,101.03,0.6000000000000001,260,1.9000000000000001
2021,7,29,5,30,21.700000000000003,0,0,30.76,109.61,0.7000000000000001,280,1.9000000000000001
2021,7,29,6,30,21,0,0,32.04,116.3,0.9,290,1.9000000000000001
2021,7,29,7,30,20.400000000000002,0,0,33.47,120.42,1.2000000000000002,294,2
2021,7,29,8,30,19.8,0,0,35.14,121.41,1.4000000000000001,296,2
2021,7,29,9,30,19.3,7,0,36.58,119.11,1.4000000000000001,297,2.1
2021,7,29,10,30,19.200000000000003,7,0,37.01,113.87,1.3,298,2.1
2021,7,29,11,30,19.3,0,0,36.7,106.34,1.1,300,2.1
2021,7,29,12,30,19.6,3,0,35.74,97.17,1.1,304,2.1
2021,7,29,13,30,21.700000000000003,0,22,31.18,86.71000000000001,1.2000000000000002,309,2.1
2021,7,29,14,30,25.400000000000002,0,60,24.830000000000002,75.86,1.1,315,2.1
2021,7,29,15,30,29.1,0,78,19.490000000000002,64.5,0.7000000000000001,322,2.1
2021,7,29,16,30,32.1,0,87,16.06,53.02,0.30000000000000004,200,2
2021,7,29,17,30,34.300000000000004,0,92,14.47,41.79,0.4,93,2
2021,7,29,18,30,35.800000000000004,0,95,13.4,31.48,0.7000000000000001,117,2
2021,7,29,19,30,36.7,0,129,12.66,23.66,0.8,127,1.9000000000000001
2021,7,29,20,30,37.1,0,197,12.33,21.48,0.9,134,2
2021,7,29,21,30,37,3,385,12.43,26.41,1,140,2
2021,7,29,22,30,36.5,0,214,12.86,35.550000000000004,0.9,147,2
2021,7,29,23,30,36.1,4,233,13.24,46.37,0.9,151,2
2021,7,30,0,30,34.2,3,166,14.8,57.77,0.7000000000000001,167,2.1
2021,7,30,1,30,32.1,3,123,16.740000000000002,69.26,0.5,175,2.1
2021,7,30,2,30,29,0,49,20.23,80.48,0.4,189,2.1
2021,7,30,3,30,26.3,0,2,23.580000000000002,91.31,0.5,220,2.1
2021,7,30,4,30,24.8,0,0,25.34,101.22,0.6000000000000001,256,2.1
2021,7,30,5,30,23.700000000000003,0,0,26.7,109.82000000000001,0.7000000000000001,281,2.1
2021,7,30,6,30,22.900000000000002,0,0,27.86,116.53,0.8,295,2.1
2021,7,30,7,30,22.3,7,0,29,120.66,1,303,2.1
2021,7,30,8,30,21.700000000000003,0,0,30.400000000000002,121.65,0.9,307,2.1
2021,7,30,9,30,21.200000000000003,0,0,31.85,119.34,0.8,309,2.1
2021,7,30,10,30,21.1,0,0,32.5,114.08,0.8,310,2.1
2021,7,30,11,30,21.1,0,0,32.92,106.53,0.8,309,2.1
2021,7,30,12,30,21.3,0,0,33.18,97.34,0.8,306,2.1
2021,7,30,13,30,23.3,0,21,30.23,86.85000000000001,0.9,305,2
2021,7,30,14,30,26.900000000000002,0,70,25.18,76,0.9,302,2
2021,7,30,15,30,30.6,0,97,20.67,64.64,0.5,244,1.9000000000000001
2021,7,30,16,30,33.300000000000004,0,113,17.3,53.160000000000004,0.7000000000000001,170,2
2021,7,30,17,30,35.2,0,127,14.98,41.94,1.2000000000000002,151,2
2021,7,30,18,30,36.4,0,137,13.5,31.650000000000002,1.6,144,2
2021,7,30,19,30,37.1,0,144,12.61,23.88,1.7000000000000002,129,1.9000000000000001
2021,7,30,20,30,37.4,3,279,12.27,21.72,1.9000000000000001,108,1.9000000000000001
2021,7,30,21,30,37.2,3,275,12.370000000000001,26.62,1.9000000000000001,85,1.9000000000000001
2021,7,30,22,30,36.5,3,285,13.07,35.730000000000004,1.9000000000000001,65,1.9000000000000001
2021,7,30,23,30,36,0,151,14.08,46.53,2,56,1.9000000000000001
2021,7,31,0,30,33.7,0,127,16.97,57.93,1.8,41,2
2021,7,31,1,30,31.5,0,101,20.17,69.41,1.6,28,2.1
2021,7,31,2,30,28.400000000000002,0,56,25.060000000000002,80.64,1.3,11,2.2
2021,7,31,3,30,26.200000000000003,7,1,29.09,91.49,1.3,175,2.2
2021,7,31,4,30,25.5,7,0,31.36,101.41,1.4000000000000001,345,2.3000000000000003
2021,7,31,5,30,25.400000000000002,7,0,32.36,110.03,1.3,336,2.3000000000000003
2021,7,31,6,30,25.400000000000002,7,0,32.56,116.76,1.1,331,2.4000000000000004
2021,7,31,7,30,25.5,7,0,32.38,120.91,0.8,330,2.5
2021,7,31,8,30,25.400000000000002,7,0,32.42,121.9,0.7000000000000001,327,2.4000000000000004
2021,7,31,9,30,25.1,0,0,32.04,119.57000000000001,0.6000000000000001,321,2.3000000000000003
2021,7,31,10,30,24.6,0,0,31.05,114.3,0.5,303,2.1
2021,7,31,11,30,23.900000000000002,0,0,30.240000000000002,106.72,0.5,231,2
2021,7,31,12,30,23,0,0,29.8,97.51,0.6000000000000001,164,1.8
2021,7,31,13,30,23.200000000000003,0,19,27.43,87,0.9,162,1.7000000000000002
2021,7,31,14,30,25.3,0,68,22.59,76.14,1.3,171,1.6
2021,7,31,15,30,28,0,95,17.7,64.77,1.5,172,1.5
2021,7,31,16,30,30.5,0,109,14.34,53.300000000000004,1.5,168,1.5
2021,7,31,17,30,32.5,0,113,12.08,42.09,1.5,159,1.5
2021,7,31,18,30,34.300000000000004,0,127,10.34,31.830000000000002,1.5,146,1.5
2021,7,31,19,30,35.5,0,121,9.450000000000001,24.1,1.6,137,1.5
2021,7,31,20,30,36.2,0,193,9.43,21.97,1.8,135,1.5
2021,7,31,21,30,36.300000000000004,0,110,9.8,26.84,1.9000000000000001,136,1.5
2021,7,31,22,30,35.9,0,153,10.31,35.910000000000004,1.9000000000000001,139,1.5
2021,7,31,23,30,35.7,0,148,10.6,46.7,1.9000000000000001,141,1.5
2021,8,1,0,30,33.800000000000004,0,103,11.93,58.08,1.8,146,1.5
2021,8,1,1,30,31.5,0,90,13.790000000000001,69.57000000000001,1.4000000000000001,148,1.6
2021,8,1,2,30,27.700000000000003,0,54,17.64,80.81,0.8,149,1.6
2021,8,1,3,30,24.400000000000002,7,1,22.32,91.67,0.6000000000000001,152,1.6
2021,8,1,4,30,23,7,0,25.060000000000002,101.61,0.5,153,1.7000000000000002
2021,8,1,5,30,22.3,3,0,26.43,110.25,0.4,141,1.7000000000000002
2021,8,1,6,30,21.900000000000002,0,0,27.080000000000002,116.99000000000001,0.4,125,1.7000000000000002
2021,8,1,7,30,21.8,0,0,27.19,121.15,0.4,117,1.8
2021,8,1,8,30,21.8,0,0,27.02,122.15,0.4,112,1.8
2021,8,1,9,30,21.8,0,0,26.59,119.81,0.4,115,1.8
2021,8,1,10,30,21.5,0,0,26.71,114.51,0.5,120,1.8
2021,8,1,11,30,21.200000000000003,0,0,26.71,106.91,0.6000000000000001,120,1.7000000000000002
2021,8,1,12,30,21,0,0,26.36,97.68,0.6000000000000001,124,1.6
2021,8,1,13,30,22.1,0,18,23.85,87.15,0.6000000000000001,138,1.5
2021,8,1,14,30,24.900000000000002,0,75,19.61,76.28,0.7000000000000001,155,1.4000000000000001
2021,8,1,15,30,27.8,0,106,16.66,64.91,0.8,162,1.4000000000000001
2021,8,1,16,30,30.400000000000002,0,119,14.280000000000001,53.43,1,158,1.3
2021,8,1,17,30,32.5,0,116,12.39,42.24,1.2000000000000002,153,1.3
2021,8,1,18,30,34.1,0,116,10.9,32.01,1.4000000000000001,151,1.2000000000000002
2021,8,1,19,30,35.1,0,138,10.17,24.330000000000002,1.5,150,1.2000000000000002
2021,8,1,20,30,35.6,0,134,9.870000000000001,22.23,1.6,150,1.2000000000000002
2021,8,1,21,30,35.7,0,122,9.61,27.060000000000002,1.8,151,1.2000000000000002
2021,8,1,22,30,35.2,0,134,9.58,36.1,1.9000000000000001,154,1.2000000000000002
2021,8,1,23,30,34.800000000000004,0,127,9.64,46.87,2,156,1.2000000000000002
2021,8,2,0,30,32.6,0,109,10.92,58.25,2,165,1.2000000000000002
2021,8,2,1,30,30.200000000000003,0,86,12.73,69.73,1.7000000000000002,172,1.2000000000000002
2021,8,2,2,30,26.1,0,50,16.69,80.98,1.2000000000000002,182,1.1
2021,8,2,3,30,22.900000000000002,0,1,21.3,91.86,1,195,1.1
2021,8,2,4,30,22.1,0,0,23.27,101.81,0.9,200,1.1
2021,8,2,5,30,21.5,0,0,24.060000000000002,110.47,0.8,189,1.1
2021,8,2,6,30,20.6,0,0,24.45,117.23,1,173,1.1
2021,8,2,7,30,19.6,0,0,25.16,121.41,1,162,1.1
2021,8,2,8,30,18.8,0,0,26.07,122.4,1,158,1.1
2021,8,2,9,30,18.1,0,0,26.96,120.05,1,157,1
2021,8,2,10,30,17.6,0,0,27.75,114.73,1,157,0.9
2021,8,2,11,30,17.1,0,0,29.12,107.11,1,159,0.8
2021,8,2,12,30,16.7,0,0,30.69,97.86,0.9,162,0.8
2021,8,2,13,30,18.2,0,19,28.71,87.3,1,173,0.7000000000000001
2021,8,2,14,30,21.5,0,65,23.72,76.43,1.1,178,0.6000000000000001
2021,8,2,15,30,24.700000000000003,0,89,18.1,65.05,1.3,172,0.6000000000000001
2021,8,2,16,30,27.3,0,99,13.36,53.58,1.5,165,0.6000000000000001
2021,8,2,17,30,29.6,0,101,9.72,42.39,1.6,159,0.6000000000000001
2021,8,2,18,30,31.200000000000003,0,112,8.51,32.19,1.6,155,0.7000000000000001
2021,8,2,19,30,32.4,0,145,7.72,24.560000000000002,1.7000000000000002,151,0.7000000000000001
2021,8,2,20,30,33.300000000000004,7,323,7.25,22.48,1.7000000000000002,145,0.7000000000000001
2021,8,2,21,30,33.800000000000004,7,304,7.07,27.29,1.7000000000000002,138,0.8
2021,8,2,22,30,33.6,6,381,7.2,36.300000000000004,1.7000000000000002,133,0.8
2021,8,2,23,30,33.300000000000004,7,254,7.43,47.04,1.7000000000000002,131,0.8
2021,8,3,0,30,31.400000000000002,7,153,8.5,58.42,1.5,129,0.8
2021,8,3,1,30,29,0,86,10.16,69.9,1.1,129,0.8
2021,8,3,2,30,25.6,0,49,13.450000000000001,81.16,0.8,130,0.8
2021,8,3,3,30,23.200000000000003,0,0,16.71,92.05,0.7000000000000001,131,0.8
2021,8,3,4,30,22.200000000000003,0,0,18.54,102.02,0.7000000000000001,126,0.8
2021,8,3,5,30,21.700000000000003,0,0,19.2,110.7,0.7000000000000001,117,0.8
2021,8,3,6,30,21.400000000000002,0,0,19.03,117.48,0.8,111,0.8
2021,8,3,7,30,21.1,0,0,18.84,121.67,0.9,110,0.8
2021,8,3,8,30,20.700000000000003,0,0,18.88,122.66,0.9,112,0.7000000000000001
2021,8,3,9,30,20.5,0,0,18.84,120.3,0.8,125,0.7000000000000001
2021,8,3,10,30,20.5,0,0,18.66,114.96000000000001,0.7000000000000001,186,0.7000000000000001
2021,8,3,11,30,20.200000000000003,0,0,18.67,107.31,0.7000000000000001,245,0.7000000000000001
2021,8,3,12,30,20,7,0,18.53,98.03,0.7000000000000001,247,0.7000000000000001
2021,8,3,13,30,20.6,7,14,17.55,87.45,0.6000000000000001,231,0.7000000000000001
2021,8,3,14,30,23.3,4,82,15,76.57000000000001,0.6000000000000001,211,0.7000000000000001
2021,8,3,15,30,26.6,7,140,12.24,65.19,0.8,198,0.7000000000000001
2021,8,3,16,30,29.6,0,188,9.81,53.72,0.8,184,0.7000000000000001
2021,8,3,17,30,32.1,7,197,7.3,42.550000000000004,0.9,163,0.7000000000000001
2021,8,3,18,30,33.9,0,112,5.88,32.38,1,151,0.7000000000000001
2021,8,3,19,30,35,0,126,5.22,24.8,1.2000000000000002,144,0.7000000000000001
2021,8,3,20,30,35.800000000000004,0,120,4.8100000000000005,22.75,1.3,140,0.7000000000000001
2021,8,3,21,30,36.2,0,108,4.58,27.53,1.4000000000000001,137,0.7000000000000001
2021,8,3,22,30,36,0,114,4.53,36.5,1.4000000000000001,135,0.6000000000000001
2021,8,3,23,30,35.7,0,109,4.5600000000000005,47.22,1.4000000000000001,134,0.6000000000000001
2021,8,4,0,30,33.800000000000004,0,99,5.08,58.59,1.3,132,0.6000000000000001
2021,8,4,1,30,30.5,0,82,6.37,70.08,0.9,130,0.6000000000000001
2021,8,4,2,30,25.700000000000003,0,50,9.5,81.34,0.8,129,0.5
2021,8,4,3,30,22.8,0,0,12.67,92.24,0.8,132,0.5
2021,8,4,4,30,22,0,0,14.19,102.23,0.7000000000000001,132,0.5
2021,8,4,5,30,21.700000000000003,0,0,14.77,110.93,0.6000000000000001,133,0.5
2021,8,4,6,30,21.5,0,0,15.25,117.73,0.6000000000000001,170,0.5
2021,8,4,7,30,21,0,0,16.18,121.93,0.6000000000000001,233,0.5
2021,8,4,8,30,19.900000000000002,0,0,17.81,122.93,0.8,267,0.5
2021,8,4,9,30,18.8,0,0,19.54,120.55,0.9,272,0.4
2021,8,4,10,30,18.1,0,0,20.68,115.18,1,272,0.5
2021,8,4,11,30,17.6,0,0,21,107.51,1,272,0.5
2021,8,4,12,30,17.7,0,0,19.94,98.21000000000001,1,271,0.5
2021,8,4,13,30,19.200000000000003,0,12,17.11,87.60000000000001,0.8,258,0.4
2021,8,4,14,30,22.5,0,85,13.48,76.72,0.6000000000000001,216,0.4
2021,8,4,15,30,26.3,0,144,10.870000000000001,65.33,0.8,182,0.4
2021,8,4,16,30,29.200000000000003,0,175,8.82,53.86,1.1,171,0.4
2021,8,4,17,30,31.700000000000003,0,158,7.23,42.71,1.3,160,0.4
2021,8,4,18,30,33.6,0,123,5.86,32.57,1.5,151,0.4
2021,8,4,19,30,34.7,0,135,4.88,25.04,1.6,147,0.4
2021,8,4,20,30,35.300000000000004,0,130,4.34,23.02,1.8,144,0.4
2021,8,4,21,30,35.4,0,120,4.15,27.77,1.9000000000000001,143,0.4
2021,8,4,22,30,35,0,124,4.2700000000000005,36.7,1.9000000000000001,143,0.4
2021,8,4,23,30,34.6,0,116,4.54,47.410000000000004,2,143,0.4
2021,8,5,0,30,32.4,0,94,5.48,58.77,1.8,142,0.4
2021,8,5,1,30,29.1,0,74,7.29,70.26,1.2000000000000002,139,0.4
2021,8,5,2,30,24,0,45,11.5,81.52,0.7000000000000001,140,0.4
2021,8,5,3,30,20.400000000000002,0,0,17.240000000000002,92.44,0.6000000000000001,148,0.5
2021,8,5,4,30,18.8,0,0,22.29,102.45,0.6000000000000001,152,0.5
2021,8,5,5,30,17.7,0,0,26.17,111.17,0.6000000000000001,145,0.5
2021,8,5,6,30,16.6,0,0,29.42,117.99000000000001,0.6000000000000001,135,0.5
2021,8,5,7,30,15.700000000000001,0,0,32,122.2,0.6000000000000001,130,0.6000000000000001
2021,8,5,8,30,15,0,0,34.14,123.19,0.5,126,0.6000000000000001
2021,8,5,9,30,14.4,0,0,35.87,120.8,0.5,119,0.6000000000000001
2021,8,5,10,30,13.8,0,0,37.5,115.41,0.6000000000000001,112,0.6000000000000001
2021,8,5,11,30,13.3,0,0,39.14,107.71000000000001,0.5,107,0.6000000000000001
2021,8,5,12,30,13.200000000000001,0,0,39.97,98.39,0.4,100,0.6000000000000001
2021,8,5,13,30,14.5,0,10,37.410000000000004,87.75,0.30000000000000004,94,0.7000000000000001
2021,8,5,14,30,17,0,87,32.39,76.87,0.4,112,0.7000000000000001
2021,8,5,15,30,20,0,161,27.14,65.47,0.6000000000000001,135,0.8
2021,8,5,16,30,23.200000000000003,0,216,21.34,54.01,0.9,144,0.8
2021,8,5,17,30,26.200000000000003,0,229,15.83,42.87,1.1,149,0.9
2021,8,5,18,30,28.3,0,224,13.55,32.76,1.2000000000000002,147,0.9
2021,8,5,19,30,29.6,0,262,12.99,25.28,1.1,140,1
2021,8,5,20,30,30.400000000000002,0,270,13,23.29,1,135,1
2021,8,5,21,30,30.8,0,263,13.43,28.02,0.9,131,1.1
2021,8,5,22,30,30.5,0,288,14.41,36.92,0.7000000000000001,124,1.1
2021,8,5,23,30,30.200000000000003,0,271,15.6,47.6,0.5,119,1.2000000000000002
2021,8,6,0,30,27.5,0,227,19.67,58.95,0.30000000000000004,161,1.2000000000000002
2021,8,6,1,30,24.5,0,132,25.91,70.44,0.4,300,1.3
2021,8,6,2,30,21.6,0,35,34.5,81.71000000000001,0.6000000000000001,294,1.4000000000000001
2021,8,6,3,30,19.900000000000002,0,0,42.14,92.65,1,294,1.5
2021,8,6,4,30,19,0,0,47.44,102.67,1.3,297,1.5
2021,8,6,5,30,18.3,0,0,49.7,111.41,1.5,300,1.6
2021,8,6,6,30,17.8,0,0,49.47,118.25,1.6,304,1.6
2021,8,6,7,30,17.3,0,0,48.57,122.48,1.7000000000000002,308,1.5
2021,8,6,8,30,16.8,0,0,47.95,123.47,1.7000000000000002,312,1.5
2021,8,6,9,30,16.2,0,0,48.93,121.06,1.6,313,1.4000000000000001
2021,8,6,10,30,15.4,0,0,52.410000000000004,115.64,1.7000000000000002,312,1.4000000000000001
2021,8,6,11,30,14.700000000000001,0,0,56.46,107.91,1.9000000000000001,311,1.3
2021,8,6,12,30,14.4,0,0,59.15,98.57000000000001,2,311,1.3
2021,8,6,13,30,16,0,13,54.2,87.9,2,312,1.3
2021,8,6,14,30,19.200000000000003,0,77,44.54,77.01,2,323,1.2000000000000002
2021,8,6,15,30,22.400000000000002,0,121,34.85,65.62,2,339,1.2000000000000002
2021,8,6,16,30,25.400000000000002,0,145,26.46,54.15,1.9000000000000001,346,1.1
2021,8,6,17,30,28,0,171,19.580000000000002,43.03,1.8,347,1.1
2021,8,6,18,30,30.1,0,194,14.94,32.96,1.6,347,1.1
2021,8,6,19,30,31.700000000000003,0,196,12.040000000000001,25.53,1.3,349,1
2021,8,6,20,30,32.9,0,183,10.23,23.57,1.1,355,1
2021,8,6,21,30,33.5,0,171,9.36,28.27,0.8,187,1
2021,8,6,22,30,33.5,0,157,9.26,37.13,0.6000000000000001,25,1
2021,8,6,23,30,33.300000000000004,0,144,9.49,47.800000000000004,0.5,35,1
2021,8,7,0,30,31.400000000000002,0,133,10.92,59.14,0.4,74,1.1
2021,8,7,1,30,28.3,0,104,13.89,70.63,0.5,113,1.1
2021,8,7,2,30,24.3,0,50,19.77,81.91,0.7000000000000001,160,1.1
2021,8,7,3,30,21.8,0,0,25.45,92.86,0.8,196,1.1
2021,8,7,4,30,20.6,0,0,29.75,102.9,0.8,221,1.1
2021,8,7,5,30,19.900000000000002,0,0,32.95,111.66,0.8,243,1.1
2021,8,7,6,30,19.400000000000002,0,0,35.35,118.52,0.7000000000000001,265,1.1
2021,8,7,7,30,19.1,0,0,36.730000000000004,122.76,0.6000000000000001,290,1.1
2021,8,7,8,30,18.400000000000002,0,0,38,123.74000000000001,0.6000000000000001,312,1.1
2021,8,7,9,30,17.6,0,0,38.910000000000004,121.32000000000001,0.7000000000000001,321,1.1
2021,8,7,10,30,16.7,0,0,40.04,115.87,0.7000000000000001,322,1.1
2021,8,7,11,30,16,0,0,40.75,108.12,0.8,324,1.1
2021,8,7,12,30,15.8,0,0,40.97,98.75,0.9,323,1.1
2021,8,7,13,30,17.1,0,8,38.5,88.05,1,321,1.1
2021,8,7,14,30,20.400000000000002,0,83,32.57,77.16,1,316,1.1
2021,8,7,15,30,24.3,0,162,26.25,65.76,0.9,310,1.1
2021,8,7,16,30,27.700000000000003,0,219,20.32,54.300000000000004,0.4,301,1.1
2021,8,7,17,30,30.700000000000003,0,246,15.17,43.19,0.30000000000000004,211,1.1
2021,8,7,18,30,33,0,256,11.51,33.160000000000004,0.6000000000000001,126,1.1
2021,8,7,19,30,34.2,0,272,9.870000000000001,25.78,0.9,128,1.1
2021,8,7,20,30,34.7,0,296,9.26,23.85,1.1,132,1.1
2021,8,7,21,30,34.6,0,320,9.27,28.53,1.3,139,1.1
2021,8,7,22,30,34,0,301,9.74,37.36,1.4000000000000001,148,1.2000000000000002
2021,8,7,23,30,33.6,0,264,10.290000000000001,48,1.4000000000000001,153,1.2000000000000002
2021,8,8,0,30,30.8,0,205,12.75,59.33,1.1,154,1.2000000000000002
2021,8,8,1,30,27.200000000000003,0,131,17.21,70.83,0.7000000000000001,157,1.2000000000000002
2021,8,8,2,30,23.400000000000002,0,44,23.900000000000002,82.11,0.6000000000000001,172,1.2000000000000002
2021,8,8,3,30,21.8,0,0,28.62,93.07000000000001,0.5,192,1.2000000000000002
2021,8,8,4,30,21.3,0,0,31.87,103.13,0.30000000000000004,118,1.3
2021,8,8,5,30,20.6,0,0,35.21,111.91,0.4,47,1.3
2021,8,8,6,30,19.900000000000002,0,0,37.68,118.79,0.4,59,1.3
2021,8,8,7,30,19.3,0,0,39.45,123.04,0.4,203,1.4000000000000001
2021,8,8,8,30,18.5,0,0,41.88,124.03,0.4,314,1.4000000000000001
2021,8,8,9,30,17.3,0,0,46.660000000000004,121.58,0.6000000000000001,281,1.4000000000000001
2021,8,8,10,30,16.2,0,0,53.160000000000004,116.11,0.7000000000000001,284,1.4000000000000001
2021,8,8,11,30,15.600000000000001,0,0,59.120000000000005,108.33,0.7000000000000001,288,1.4000000000000001
2021,8,8,12,30,15.4,0,0,63.480000000000004,98.93,0.7000000000000001,291,1.4000000000000001
2021,8,8,13,30,16.900000000000002,0,11,59.99,88.21000000000001,0.5,292,1.5
2021,8,8,14,30,20.200000000000003,0,80,49.88,77.32000000000001,0.4,287,1.5
2021,8,8,15,30,23.900000000000002,0,133,38.11,65.91,0.4,213,1.5
2021,8,8,16,30,27.1,0,163,25.650000000000002,54.45,0.7000000000000001,137,1.6
2021,8,8,17,30,29.5,0,176,19.48,43.36,1.1,128,1.6
2021,8,8,18,30,31.200000000000003,0,180,16.53,33.36,1.4000000000000001,126,1.6
2021,8,8,19,30,32.300000000000004,0,180,14.74,26.03,1.6,126,1.5
2021,8,8,20,30,33.1,0,163,13.47,24.14,1.8,128,1.5
2021,8,8,21,30,33.4,0,140,12.98,28.79,1.9000000000000001,131,1.5
2021,8,8,22,30,33.1,0,129,13.15,37.58,1.9000000000000001,133,1.5
2021,8,8,23,30,32.9,0,116,13.3,48.2,1.9000000000000001,134,1.5
2021,8,9,0,30,31.200000000000003,0,99,14.68,59.53,1.7000000000000002,133,1.4000000000000001
2021,8,9,1,30,28.6,0,78,17.06,71.02,1.3,131,1.4000000000000001
2021,8,9,2,30,24.8,0,42,21.46,82.31,1,133,1.4000000000000001
2021,8,9,3,30,22.1,0,0,25.48,93.29,0.9,135,1.4000000000000001
2021,8,9,4,30,21.1,0,0,27.28,103.37,0.8,129,1.4000000000000001
2021,8,9,5,30,20.400000000000002,0,0,28.17,112.17,0.9,119,1.4000000000000001
2021,8,9,6,30,19.700000000000003,0,0,28.45,119.07000000000001,1,118,1.4000000000000001
2021,8,9,7,30,19,0,0,28.69,123.33,1,129,1.4000000000000001
2021,8,9,8,30,18.400000000000002,0,0,29.25,124.31,1,147,1.4000000000000001
2021,8,9,9,30,17.8,0,0,30.55,121.85000000000001,1,169,1.4000000000000001
2021,8,9,10,30,17.3,0,0,31.990000000000002,116.35000000000001,0.9,190,1.4000000000000001
2021,8,9,11,30,16.6,0,0,33.64,108.54,0.8,210,1.3
2021,8,9,12,30,16,0,0,34.69,99.12,0.6000000000000001,221,1.3
2021,8,9,13,30,17.400000000000002,0,12,31.16,88.36,0.4,221,1.3
2021,8,9,14,30,20.8,0,65,24.43,77.47,0.4,208,1.3
2021,8,9,15,30,24.1,0,97,19.18,66.06,0.6000000000000001,190,1.2000000000000002
2021,8,9,16,30,27.1,0,115,14.65,54.6,0.7000000000000001,172,1.2000000000000002
2021,8,9,17,30,29.6,0,121,11.33,43.53,0.9,152,1.2000000000000002
2021,8,9,18,30,31.5,0,119,9.38,33.56,1,142,1.2000000000000002
2021,8,9,19,30,32.9,0,124,8.2,26.29,1.1,139,1.2000000000000002
2021,8,9,20,30,33.7,0,124,7.59,24.43,1.1,137,1.2000000000000002
2021,8,9,21,30,34.1,0,120,7.37,29.060000000000002,1.1,132,1.2000000000000002
2021,8,9,22,30,34,0,116,7.44,37.82,1.1,127,1.2000000000000002
2021,8,9,23,30,33.9,0,107,7.59,48.42,1.1,124,1.2000000000000002
2021,8,10,0,30,32.1,0,92,8.59,59.74,1.1,118,1.2000000000000002
2021,8,10,1,30,29.1,0,73,10.49,71.23,0.8,117,1.2000000000000002
2021,8,10,2,30,25.3,0,40,13.92,82.52,0.6000000000000001,118,1.2000000000000002
2021,8,10,3,30,23.1,0,0,16.740000000000002,93.52,0.8,114,1.1
2021,8,10,4,30,22.200000000000003,0,0,18,103.61,0.9,111,1.1
2021,8,10,5,30,21.400000000000002,0,0,18.36,112.43,0.9,120,1.1
2021,8,10,6,30,20.900000000000002,0,0,18.16,119.35000000000001,0.9,143,1
2021,8,10,7,30,20.1,0,0,18.69,123.62,1,169,1
2021,8,10,8,30,19.3,0,0,19.79,124.60000000000001,1,189,1
2021,8,10,9,30,18.8,0,0,21.09,122.12,1,206,1
2021,8,10,10,30,18.5,0,0,22.44,116.59,1,224,1
2021,8,10,11,30,18.2,0,0,23.75,108.75,1,244,1
2021,8,10,12,30,17.900000000000002,0,0,24.75,99.3,1,263,1
2021,8,10,13,30,19,0,11,23.21,88.52,0.8,274,1
2021,8,10,14,30,22.8,0,68,18.3,77.62,0.6000000000000001,273,1
2021,8,10,15,30,27,0,104,14.08,66.2,0.6000000000000001,268,1
2021,8,10,16,30,30,0,126,11.700000000000001,54.76,0.5,271,1.1
2021,8,10,17,30,32.5,0,140,9.67,43.7,0.30000000000000004,227,1.1
2021,8,10,18,30,34.4,0,148,8.48,33.77,0.30000000000000004,170,1.1
2021,8,10,19,30,35.6,0,158,8.15,26.560000000000002,0.5,161,1.2000000000000002
2021,8,10,20,30,36.300000000000004,0,156,8.08,24.72,0.6000000000000001,162,1.2000000000000002
2021,8,10,21,30,36.5,0,152,8.22,29.330000000000002,0.7000000000000001,159,1.2000000000000002
2021,8,10,22,30,36.2,0,148,8.57,38.06,0.7000000000000001,153,1.2000000000000002
2021,8,10,23,30,36,0,137,8.870000000000001,48.64,0.7000000000000001,151,1.3
2021,8,11,0,30,33.9,0,120,10.19,59.94,0.8,148,1.3
2021,8,11,1,30,30.5,0,92,12.67,71.44,0.7000000000000001,147,1.3
2021,8,11,2,30,26.200000000000003,0,44,16.65,82.74,0.8,152,1.3
2021,8,11,3,30,24,0,0,19.29,93.75,0.8,165,1.3
2021,8,11,4,30,23.6,0,0,19.78,103.86,0.8,187,1.4000000000000001
2021,8,11,5,30,23.8,0,0,19.31,112.7,0.7000000000000001,215,1.4000000000000001
2021,8,11,6,30,24.3,0,0,18.52,119.64,0.6000000000000001,278,1.4000000000000001
2021,8,11,7,30,24.1,0,0,18.61,123.92,0.6000000000000001,175,1.5
2021,8,11,8,30,23.200000000000003,0,0,19.63,124.89,0.7000000000000001,30,1.5
2021,8,11,9,30,22.200000000000003,0,0,20.87,122.39,0.7000000000000001,44,1.5
2021,8,11,10,30,21.3,0,0,21.88,116.83,0.7000000000000001,60,1.5
2021,8,11,11,30,20.8,0,0,22.19,108.96000000000001,0.6000000000000001,98,1.5
2021,8,11,12,30,20.400000000000002,0,0,22.34,99.49000000000001,0.6000000000000001,179,1.5
2021,8,11,13,30,20.700000000000003,0,5,21.55,88.67,0.7000000000000001,236,1.5
2021,8,11,14,30,22.900000000000002,0,79,18.63,77.77,0.6000000000000001,250,1.5
2021,8,11,15,30,26.400000000000002,0,156,15.290000000000001,66.35,0.6000000000000001,264,1.5
2021,8,11,16,30,29.5,0,203,13.120000000000001,54.910000000000004,0.6000000000000001,280,1.5
2021,8,11,17,30,32.300000000000004,0,221,11.3,43.87,0.5,308,1.5
2021,8,11,18,30,34.5,0,222,10.24,33.980000000000004,0.5,165,1.5
2021,8,11,19,30,36.1,0,230,9.59,26.82,0.6000000000000001,8,1.5
2021,8,11,20,30,37,0,238,9.290000000000001,25.03,0.7000000000000001,17,1.5
2021,8,11,21,30,37.1,0,247,9.42,29.61,0.7000000000000001,24,1.5
2021,8,11,22,30,36.7,0,244,9.78,38.300000000000004,0.6000000000000001,28,1.5
2021,8,11,23,30,36.300000000000004,0,224,10.18,48.86,0.6000000000000001,29,1.5
2021,8,12,0,30,33.6,0,192,12.14,60.160000000000004,0.30000000000000004,193,1.4000000000000001
2021,8,12,1,30,30.400000000000002,0,126,15.290000000000001,71.65,0.4,334,1.4000000000000001
2021,8,12,2,30,26.700000000000003,0,35,19.87,82.96000000000001,0.6000000000000001,304,1.4000000000000001
2021,8,12,3,30,24.1,0,0,24.35,93.98,0.7000000000000001,300,1.5
2021,8,12,4,30,23,0,0,26.8,104.11,0.7000000000000001,299,1.6
2021,8,12,5,30,22.400000000000002,0,0,28.1,112.97,0.8,295,1.7000000000000002
2021,8,12,6,30,22.1,0,0,28.55,119.93,0.8,292,1.7000000000000002
2021,8,12,7,30,22.1,0,0,28.310000000000002,124.22,0.8,290,1.8
2021,8,12,8,30,22.200000000000003,0,0,27.79,125.19,0.7000000000000001,289,1.9000000000000001
2021,8,12,9,30,22.200000000000003,0,0,27.53,122.67,0.7000000000000001,295,1.8
2021,8,12,10,30,21.8,0,0,28.02,117.08,0.8,307,1.8
2021,8,12,11,30,21.400000000000002,0,0,28.42,109.17,0.8,316,1.8
2021,8,12,12,30,20.900000000000002,0,0,29,99.68,0.9,321,1.7000000000000002
2021,8,12,13,30,20.8,0,4,28.91,88.82000000000001,0.9,323,1.7000000000000002
2021,8,12,14,30,21.8,0,60,26.96,77.93,0.8,324,1.7000000000000002
2021,8,12,15,30,24.1,0,164,23.36,66.5,0.8,321,1.6
2021,8,12,16,30,26.900000000000002,0,261,19.76,55.07,0.8,314,1.6
2021,8,12,17,30,29.400000000000002,0,331,16.740000000000002,44.050000000000004,0.7000000000000001,301,1.7000000000000002
2021,8,12,18,30,31.5,0,364,14.44,34.19,0.4,244,1.7000000000000002
2021,8,12,19,30,32.800000000000004,0,399,12.94,27.09,0.5,182,1.7000000000000002
2021,8,12,20,30,33.5,0,395,12.24,25.330000000000002,0.8,166,1.7000000000000002
2021,8,12,21,30,33.7,0,388,12.17,29.89,0.8,166,1.7000000000000002
2021,8,12,22,30,33.4,0,350,12.65,38.550000000000004,0.8,169,1.8
2021,8,12,23,30,33.1,0,299,13.23,49.09,0.7000000000000001,170,1.8
2021,8,13,0,30,30.3,0,220,16.13,60.38,0.4,157,1.8
2021,8,13,1,30,27.6,0,119,19.47,71.87,0.30000000000000004,170,1.8
2021,8,13,2,30,25,0,26,23.47,83.18,0.4,220,1.8
2021,8,13,3,30,23.200000000000003,4,0,26.76,94.22,0.5,262,1.8
2021,8,13,4,30,22,3,0,28.92,104.36,0.6000000000000001,272,1.8
2021,8,13,5,30,21.3,3,0,30.29,113.25,0.6000000000000001,274,1.8
2021,8,13,6,30,20.700000000000003,7,0,31.59,120.22,0.5,269,1.8
2021,8,13,7,30,20.3,7,0,32.35,124.53,0.6000000000000001,265,1.8
2021,8,13,8,30,20.1,7,0,32.6,125.49000000000001,0.6000000000000001,268,1.8
2021,8,13,9,30,19.8,3,0,33.43,122.95,0.6000000000000001,275,1.8
2021,8,13,10,30,19.400000000000002,3,0,34.89,117.33,0.7000000000000001,285,1.8
2021,8,13,11,30,19.1,3,0,36.07,109.39,0.7000000000000001,292,1.7000000000000002
2021,8,13,12,30,18.900000000000002,3,0,36.99,99.87,0.7000000000000001,296,1.7000000000000002
2021,8,13,13,30,19,0,4,37.230000000000004,88.97,0.7000000000000001,293,1.7000000000000002
2021,8,13,14,30,20.3,0,62,34.82,78.08,0.5,278,1.7000000000000002
2021,8,13,15,30,22.6,0,157,30.47,66.65,0.5,253,1.7000000000000002
2021,8,13,16,30,25.3,3,241,24.95,55.22,0.7000000000000001,231,1.7000000000000002
2021,8,13,17,30,28.1,3,343,18.93,44.22,0.7000000000000001,214,1.7000000000000002
2021,8,13,18,30,30.5,3,367,15.35,34.410000000000004,0.7000000000000001,193,1.7000000000000002
2021,8,13,19,30,32.2,0,337,13.5,27.37,0.7000000000000001,170,1.7000000000000002
2021,8,13,20,30,33.300000000000004,0,363,12.85,25.64,0.9,154,1.7000000000000002
2021,8,13,21,30,33.7,0,352,12.75,30.18,1,150,1.6
2021,8,13,22,30,33.6,0,310,13,38.81,1.1,146,1.5
2021,8,13,23,30,33.4,3,260,13.27,49.32,1.1,143,1.5
2021,8,14,0,30,30.900000000000002,0,196,15.57,60.6,0.9,133,1.5
2021,8,14,1,30,27.200000000000003,4,100,19.89,72.09,0.6000000000000001,129,1.6
2021,8,14,2,30,23.6,7,34,25.75,83.4,0.6000000000000001,135,1.6
2021,8,14,3,30,22,3,0,29.240000000000002,94.46000000000001,0.6000000000000001,151,1.7000000000000002
2021,8,14,4,30,21.3,7,0,30.79,104.62,0.5,175,1.8
2021,8,14,5,30,20.8,4,0,31.55,113.53,0.5,198,1.8
2021,8,14,6,30,20.6,4,0,31.35,120.52,0.5,208,1.9000000000000001
2021,8,14,7,30,20.6,4,0,30.57,124.84,0.5,212,1.9000000000000001
2021,8,14,8,30,20.8,4,0,29.44,125.8,0.5,219,2
2021,8,14,9,30,20.8,0,0,28.71,123.23,0.5,233,2
2021,8,14,10,30,20.700000000000003,0,0,28.22,117.57000000000001,0.5,248,2
2021,8,14,11,30,20.400000000000002,0,0,28.080000000000002,109.61,0.5,264,1.9000000000000001
2021,8,14,12,30,20.1,0,0,27.810000000000002,100.05,0.6000000000000001,279,1.9000000000000001
2021,8,14,13,30,20.5,0,6,26.19,89.13,0.6000000000000001,285,1.9000000000000001
2021,8,14,14,30,23,0,71,21.66,78.24,0.5,266,1.9000000000000001
2021,8,14,15,30,26.6,0,132,17.54,66.81,0.5,238,1.9000000000000001
2021,8,14,16,30,30,0,176,15.38,55.38,0.5,211,1.9000000000000001
2021,8,14,17,30,33,0,177,13.51,44.4,0.5,180,2
2021,8,14,18,30,35.4,0,175,11.92,34.63,0.6000000000000001,152,2
2021,8,14,19,30,37,0,180,10.92,27.64,0.7000000000000001,136,2
2021,8,14,20,30,38,0,193,10.27,25.95,0.8,132,2
2021,8,14,21,30,38.2,0,207,10.24,30.48,0.8,133,2
2021,8,14,22,30,38,0,197,10.51,39.07,0.8,133,1.9000000000000001
2021,8,14,23,30,37.7,0,177,10.88,49.56,0.8,133,1.9000000000000001
2021,8,15,0,30,35.300000000000004,0,149,12.69,60.83,0.5,124,1.9000000000000001
2021,8,15,1,30,31.900000000000002,0,105,15.93,72.32000000000001,0.4,123,1.9000000000000001
2021,8,15,2,30,28.3,0,36,20.490000000000002,83.63,0.4,152,1.9000000000000001
2021,8,15,3,30,26.5,7,0,23.36,94.71000000000001,0.4,201,1.9000000000000001
2021,8,15,4,30,25.8,7,0,24.28,104.89,0.4,234,1.9000000000000001
2021,8,15,5,30,25.1,0,0,25.22,113.81,0.4,230,1.9000000000000001
2021,8,15,6,30,24.3,0,0,26.18,120.83,0.30000000000000004,204,1.9000000000000001
2021,8,15,7,30,23.700000000000003,0,0,26.61,125.15,0.30000000000000004,198,1.9000000000000001
2021,8,15,8,30,23,0,0,26.830000000000002,126.11,0.5,230,1.9000000000000001
2021,8,15,9,30,21.900000000000002,0,0,28.650000000000002,123.51,0.6000000000000001,265,1.9000000000000001
2021,8,15,10,30,21,0,0,31.85,117.83,0.7000000000000001,279,1.9000000000000001
2021,8,15,11,30,20.400000000000002,0,0,35.24,109.82000000000001,0.7000000000000001,289,1.9000000000000001
2021,8,15,12,30,20,0,0,38.53,100.25,0.8,298,1.9000000000000001
2021,8,15,13,30,21,0,4,37.92,89.28,0.8,305,1.9000000000000001
2021,8,15,14,30,24,0,70,32.7,78.4,0.8,308,1.9000000000000001
2021,8,15,15,30,27.700000000000003,0,159,27.04,66.96000000000001,0.9,310,1.9000000000000001
2021,8,15,16,30,30.8,0,230,22.7,55.54,1,314,1.8
2021,8,15,17,30,33.300000000000004,0,277,18.39,44.58,0.9,322,1.8
2021,8,15,18,30,35.6,0,301,15.01,34.85,0.9,332,1.8
2021,8,15,19,30,37.2,0,320,13.05,27.92,0.8,336,1.8
2021,8,15,20,30,38.300000000000004,0,309,11.92,26.27,0.8,332,1.8
2021,8,15,21,30,38.900000000000006,0,280,11.43,30.78,0.7000000000000001,321,1.8
2021,8,15,22,30,38.7,0,263,11.47,39.33,0.7000000000000001,307,1.8
2021,8,15,23,30,38.400000000000006,0,232,11.700000000000001,49.800000000000004,0.8,300,1.8
2021,8,16,0,30,35.4,0,184,14.22,61.06,0.7000000000000001,291,1.8
2021,8,16,1,30,31.900000000000002,0,115,18.42,72.55,0.7000000000000001,290,1.8
2021,8,16,2,30,28.5,0,33,24.11,83.87,0.9,292,1.8
2021,8,16,3,30,26,0,0,29.39,94.96000000000001,0.9,292,1.8
2021,8,16,4,30,24.6,0,0,32.47,105.16,0.8,288,1.8
2021,8,16,5,30,23.6,0,0,33.9,114.10000000000001,0.7000000000000001,281,1.8
2021,8,16,6,30,23,0,0,33.76,121.14,0.8,280,1.8
2021,8,16,7,30,22.700000000000003,0,0,32.9,125.47,0.9,288,1.9000000000000001
2021,8,16,8,30,22.400000000000002,0,0,32.43,126.42,1,299,1.9000000000000001
2021,8,16,9,30,21.900000000000002,0,0,33.4,123.8,1.2000000000000002,307,1.9000000000000001
2021,8,16,10,30,21.3,0,0,35.25,118.08,1.5,309,1.8
2021,8,16,11,30,20.700000000000003,0,0,37.02,110.04,1.7000000000000002,309,1.8
2021,8,16,12,30,20.1,0,0,38.68,100.44,1.8,307,1.8
2021,8,16,13,30,20.8,0,4,37.03,89.43,1.6,306,1.8
2021,8,16,14,30,23.5,0,71,31.18,78.55,1.5,308,1.8
2021,8,16,15,30,26.900000000000002,0,149,24.740000000000002,67.11,1.5,316,1.8
2021,8,16,16,30,29.900000000000002,0,202,20.56,55.7,1.4000000000000001,324,1.7000000000000002
2021,8,16,17,30,32.5,0,222,17.94,44.76,1.2000000000000002,324,1.6
2021,8,16,18,30,34.4,0,221,16.240000000000002,35.07,0.8,310,1.6
2021,8,16,19,30,35.5,0,240,15.09,28.21,0.6000000000000001,286,1.5
2021,8,16,20,30,35.9,0,253,14.39,26.59,0.6000000000000001,267,1.4000000000000001
2021,8,16,21,30,35.6,0,254,14.31,31.080000000000002,0.6000000000000001,264,1.3
2021,8,16,22,30,34.7,0,245,14.8,39.6,0.8,277,1.3
2021,8,16,23,30,34,0,220,15.52,50.050000000000004,0.9,287,1.2000000000000002
2021,8,17,0,30,30.3,0,180,19.81,61.300000000000004,1.5,305,1.2000000000000002
2021,8,17,1,30,26.900000000000002,0,116,25.66,72.78,1.9000000000000001,307,1.2000000000000002
2021,8,17,2,30,23.700000000000003,0,32,33.43,84.11,2.1,304,1.2000000000000002
2021,8,17,3,30,21.5,0,0,40.230000000000004,95.21000000000001,2,300,1.3
2021,8,17,4,30,20.200000000000003,0,0,44.79,105.43,1.8,298,1.4000000000000001
2021,8,17,5,30,19.200000000000003,0,0,48.53,114.39,1.8,298,1.5
2021,8,17,6,30,18.7,0,0,50.75,121.45,1.8,300,1.6
2021,8,17,7,30,18.5,0,0,51.800000000000004,125.79,1.8,303,1.7000000000000002
2021,8,17,8,30,18.3,0,0,52.56,126.73,1.6,305,1.7000000000000002
2021,8,17,9,30,17.8,0,0,54.36,124.09,1.4000000000000001,306,1.8
2021,8,17,10,30,17.1,0,0,57.13,118.33,1.2000000000000002,304,1.8
2021,8,17,11,30,16.3,0,0,60.1,110.26,1,300,1.7000000000000002
2021,8,17,12,30,15.700000000000001,0,0,62.08,100.63,0.8,295,1.7000000000000002
2021,8,17,13,30,16.5,0,4,58.620000000000005,89.58,0.6000000000000001,289,1.7000000000000002
2021,8,17,14,30,19,0,73,49.67,78.71000000000001,0.6000000000000001,292,1.7000000000000002
2021,8,17,15,30,21.8,0,153,40.04,67.27,0.6000000000000001,321,1.8
2021,8,17,16,30,24.400000000000002,0,218,31.39,55.870000000000005,0.5,196,1.7000000000000002
2021,8,17,17,30,26.900000000000002,0,247,25.35,44.95,0.6000000000000001,67,1.6
2021,8,17,18,30,29,0,250,21.46,35.300000000000004,0.7000000000000001,90,1.4000000000000001
2021,8,17,19,30,30.5,0,286,18.8,28.490000000000002,0.8,94,1.3
2021,8,17,20,30,31.5,0,286,16.68,26.91,0.8,88,1.2000000000000002
2021,8,17,21,30,31.900000000000002,0,267,15.200000000000001,31.39,0.9,74,1.1
2021,8,17,22,30,31.400000000000002,0,280,14.66,39.88,0.9,52,1.1
2021,8,17,23,30,30.900000000000002,0,257,14.11,50.300000000000004,0.9,39,1.1
2021,8,18,0,30,28.200000000000003,0,205,15.36,61.54,1,186,0.9
2021,8,18,1,30,25.200000000000003,0,112,17.34,73.02,1,351,0.8
2021,8,18,2,30,22.200000000000003,0,22,20.23,84.35000000000001,1.5,343,0.7000000000000001
2021,8,18,3,30,20.200000000000003,0,0,22.18,95.47,2,345,0.6000000000000001
2021,8,18,4,30,18.8,0,0,23.36,105.71000000000001,2.3000000000000003,345,0.5
2021,8,18,5,30,17.6,0,0,25.07,114.69,2.3000000000000003,341,0.5
2021,8,18,6,30,16.400000000000002,0,0,28.11,121.77,2.3000000000000003,338,0.5
2021,8,18,7,30,15.3,0,0,31.91,126.12,2.3000000000000003,334,0.5
2021,8,18,8,30,14.4,0,0,35.14,127.05,2.4000000000000004,329,0.5
2021,8,18,9,30,13.700000000000001,0,0,38.050000000000004,124.38000000000001,2.4000000000000004,328,0.5
2021,8,18,10,30,13.3,0,0,41.08,118.59,2.3000000000000003,330,0.6000000000000001
2021,8,18,11,30,13,0,0,44.11,110.48,2.3000000000000003,332,0.6000000000000001
2021,8,18,12,30,12.700000000000001,0,0,46.730000000000004,100.82000000000001,2.3000000000000003,333,0.7000000000000001
2021,8,18,13,30,13.100000000000001,0,4,47.06,89.72,2.3000000000000003,334,0.7000000000000001
2021,8,18,14,30,14.5,0,74,44.5,78.87,2.4000000000000004,339,0.7000000000000001
2021,8,18,15,30,16.7,0,143,39.59,67.42,2.5,348,0.8
2021,8,18,16,30,18.900000000000002,0,186,33.6,56.03,2.5,354,0.8
2021,8,18,17,30,21.200000000000003,0,210,27.35,45.14,2.4000000000000004,357,0.8
2021,8,18,18,30,23.3,0,232,22.56,35.53,2.4000000000000004,359,0.9
2021,8,18,19,30,25,0,280,19.240000000000002,28.78,2.4000000000000004,359,0.9
2021,8,18,20,30,26.200000000000003,0,298,17.12,27.240000000000002,2.4000000000000004,358,0.9
2021,8,18,21,30,27,0,289,15.870000000000001,31.7,2.4000000000000004,357,0.9
2021,8,18,22,30,27.1,0,304,15.51,40.160000000000004,2.4000000000000004,357,1
2021,8,18,23,30,26.900000000000002,0,274,15.76,50.550000000000004,2.4000000000000004,356,1
2021,8,19,0,30,25,0,207,18.23,61.78,2.2,356,1.1
2021,8,19,1,30,22.3,0,110,22.7,73.26,1.8,352,1.2000000000000002
2021,8,19,2,30,19.400000000000002,0,22,28.580000000000002,84.59,1.3,347,1.2000000000000002
2021,8,19,3,30,17.900000000000002,0,0,32.730000000000004,95.74000000000001,1,343,1.3
2021,8,19,4,30,17.3,0,0,35.050000000000004,105.99000000000001,0.9,345,1.4000000000000001
2021,8,19,5,30,16.7,0,0,37.31,114.99000000000001,0.9,347,1.4000000000000001
2021,8,19,6,30,16.1,0,0,39.64,122.09,0.8,344,1.4000000000000001
2021,8,19,7,30,15.5,0,0,42.15,126.45,0.9,337,1.5
2021,8,19,8,30,15.100000000000001,0,0,44.29,127.37,1.2000000000000002,327,1.5
2021,8,19,9,30,14.700000000000001,0,0,46.72,124.67,1.6,320,1.5
2021,8,19,10,30,14.4,0,0,49.17,118.85000000000001,1.8,316,1.5
2021,8,19,11,30,14,0,0,51.96,110.71000000000001,1.9000000000000001,314,1.5
2021,8,19,12,30,13.8,0,0,53.86,101.01,2,313,1.5
2021,8,19,13,30,14.9,0,4,50.870000000000005,89.87,2,312,1.4000000000000001
2021,8,19,14,30,17.7,0,67,42.910000000000004,79.03,2,316,1.4000000000000001
2021,8,19,15,30,20.700000000000003,0,121,34.77,67.58,2,328,1.5
2021,8,19,16,30,23.3,0,160,27.82,56.19,1.9000000000000001,339,1.5
2021,8,19,17,30,25.5,0,200,22.7,45.32,1.9000000000000001,343,1.6
2021,8,19,18,30,27.3,0,241,19.64,35.76,1.9000000000000001,344,1.6
2021,8,19,19,30,28.6,0,276,18.01,29.080000000000002,1.9000000000000001,346,1.6
2021,8,19,20,30,29.6,0,291,16.97,27.57,1.8,349,1.6
2021,8,19,21,30,30,0,283,16.52,32.01,1.7000000000000002,352,1.6
2021,8,19,22,30,29.900000000000002,0,279,16.46,40.44,1.6,355,1.6
2021,8,19,23,30,29.8,0,250,16.4,50.81,1.6,357,1.6
2021,8,20,0,30,27.6,0,199,18.57,62.03,1.2000000000000002,355,1.6
2021,8,20,1,30,24.3,0,112,22.84,73.51,0.9,343,1.6
2021,8,20,2,30,21.1,0,21,28.38,84.84,0.9,329,1.6
2021,8,20,3,30,19.400000000000002,0,0,31.94,96,0.8,328,1.6
2021,8,20,4,30,18.8,0,0,33.12,106.27,0.8,334,1.6
2021,8,20,5,30,18.5,0,0,34.22,115.3,0.8,338,1.7000000000000002
2021,8,20,6,30,18,0,0,37.410000000000004,122.41,0.9,336,1.7000000000000002
2021,8,20,7,30,17.2,0,0,42.410000000000004,126.79,0.8,329,1.7000000000000002
2021,8,20,8,30,16.5,0,0,47.11,127.7,0.7000000000000001,324,1.7000000000000002
2021,8,20,9,30,15.8,0,0,51.09,124.97,0.7000000000000001,319,1.7000000000000002
2021,8,20,10,30,15.3,0,0,54.22,119.10000000000001,0.7000000000000001,311,1.7000000000000002
2021,8,20,11,30,14.9,0,0,57.07,110.93,0.8,307,1.7000000000000002
2021,8,20,12,30,14.600000000000001,0,0,59.44,101.21000000000001,0.8,310,1.7000000000000002
2021,8,20,13,30,15.5,0,3,57.01,90.02,0.7000000000000001,310,1.7000000000000002
2021,8,20,14,30,18.1,0,69,48.89,79.19,0.6000000000000001,313,1.7000000000000002
2021,8,20,15,30,21.1,0,146,40.02,67.74,0.4,322,1.7000000000000002
2021,8,20,16,30,24,0,202,31.67,56.36,0.30000000000000004,231,1.7000000000000002
2021,8,20,17,30,26.3,0,253,25.79,45.52,0.6000000000000001,134,1.6
2021,8,20,18,30,27.900000000000002,0,302,22.56,36,0.8,132,1.6
2021,8,20,19,30,29.1,0,319,20.5,29.37,0.9,131,1.6
2021,8,20,20,30,29.900000000000002,0,323,19.13,27.91,0.9,132,1.6
2021,8,20,21,30,30.1,0,316,18.54,32.33,1,135,1.6
2021,8,20,22,30,29.700000000000003,0,298,18.69,40.730000000000004,1.1,140,1.7000000000000002
2021,8,20,23,30,29.3,0,257,19.06,51.08,1.2000000000000002,143,1.7000000000000002
2021,8,21,0,30,26.8,0,196,22.14,62.28,0.9,152,1.7000000000000002
2021,8,21,1,30,23.8,0,113,26.59,73.76,0.7000000000000001,157,1.7000000000000002
2021,8,21,2,30,20.5,0,22,32.8,85.09,0.6000000000000001,167,1.6
2021,8,21,3,30,18.7,0,0,37.32,96.27,0.5,180,1.6
2021,8,21,4,30,18,0,0,39.32,106.56,0.5,192,1.5
2021,8,21,5,30,17.5,0,0,40.19,115.61,0.4,196,1.5
2021,8,21,6,30,16.7,0,0,41.06,122.74000000000001,0.30000000000000004,182,1.4000000000000001
2021,8,21,7,30,15.9,0,0,41.800000000000004,127.12,0.4,177,1.4000000000000001
2021,8,21,8,30,15.4,0,0,42.09,128.02,0.30000000000000004,193,1.3
2021,8,21,9,30,14.700000000000001,0,0,43.800000000000004,125.27,0.2,125,1.3
2021,8,21,10,30,13.8,0,0,48.35,119.37,0.2,53,1.3
2021,8,21,11,30,12.9,0,0,54.42,111.15,0.30000000000000004,71,1.2000000000000002
2021,8,21,12,30,12.3,0,0,59.480000000000004,101.4,0.30000000000000004,97,1.1
2021,8,21,13,30,12.8,0,3,59.61,90.17,0.30000000000000004,129,1.1
2021,8,21,14,30,14.9,0,69,53.65,79.35000000000001,0.5,153,1
2021,8,21,15,30,17.3,0,133,46.94,67.9,0.7000000000000001,159,1
2021,8,21,16,30,19.700000000000003,0,171,39.43,56.53,0.8,158,0.9
2021,8,21,17,30,21.8,0,201,33.29,45.71,0.9,153,0.9
2021,8,21,18,30,23.700000000000003,0,224,28.43,36.24,0.9,145,0.9
2021,8,21,19,30,25.3,0,228,24.8,29.67,1,138,1
2021,8,21,20,30,26.400000000000002,0,225,22.38,28.25,1.1,131,1
2021,8,21,21,30,26.900000000000002,0,215,21.35,32.660000000000004,1.3,127,1
2021,8,21,22,30,26.700000000000003,0,203,21.53,41.02,1.5,127,1
2021,8,21,23,30,26.400000000000002,0,180,22.14,51.35,1.6,129,1
2021,8,22,0,30,24.200000000000003,0,147,25.900000000000002,62.54,1.6,136,1.1
2021,8,22,1,30,21.5,0,98,31.85,74.02,1.4000000000000001,142,1.1
2021,8,22,2,30,18.2,0,28,41.46,85.35000000000001,1.1,150,1.1
2021,8,22,3,30,16.3,0,0,48.730000000000004,96.55,0.8,159,1.1
2021,8,22,4,30,15.5,0,0,52.17,106.85000000000001,0.6000000000000001,166,1.1
2021,8,22,5,30,14.9,0,0,54.230000000000004,115.92,0.6000000000000001,164,1.1
2021,8,22,6,30,14.3,0,0,55.94,123.07000000000001,0.7000000000000001,160,1.1
2021,8,22,7,30,13.700000000000001,0,0,57.72,127.46000000000001,0.7000000000000001,165,1
2021,8,22,8,30,13.100000000000001,0,0,59.730000000000004,128.35,0.6000000000000001,197,1
2021,8,22,9,30,12.700000000000001,0,0,61.34,125.57000000000001,0.6000000000000001,249,1
2021,8,22,10,30,12.200000000000001,0,0,63.6,119.63,0.7000000000000001,285,1
2021,8,22,11,30,11.8,0,0,65.24,111.38,0.8,298,1
2021,8,22,12,30,11.5,0,0,65.99,101.60000000000001,0.8,303,1.1
2021,8,22,13,30,12.4,0,3,61.33,90.86,0.6000000000000001,297,1.1
2021,8,22,14,30,15.4,0,66,49.85,79.51,0.4,276,1.1
2021,8,22,15,30,19,0,123,39.86,68.06,0.30000000000000004,248,1.1
2021,8,22,16,30,22.1,0,159,31.68,56.7,0.30000000000000004,179,1.1
2021,8,22,17,30,24.3,0,198,25.76,45.9,0.5,123,1.1
2021,8,22,18,30,25.900000000000002,0,238,22.06,36.480000000000004,0.8,120,1.1
2021,8,22,19,30,27.1,0,243,19.54,29.98,1,119,1.1
2021,8,22,20,30,28,0,232,17.73,28.59,1.1,120,1.1
2021,8,22,21,30,28.400000000000002,0,214,16.86,32.99,1.3,122,1.1
2021,8,22,22,30,28.3,0,199,16.73,41.32,1.4000000000000001,126,1.1
2021,8,22,23,30,28.1,0,177,16.9,51.620000000000005,1.4000000000000001,129,1.1
2021,8,23,0,30,26,0,144,19.36,62.800000000000004,1.3,136,1.1
2021,8,23,1,30,22.700000000000003,0,95,24.330000000000002,74.28,1,142,1.1
2021,8,23,2,30,18.7,0,26,32.71,85.61,0.7000000000000001,155,1.1
2021,8,23,3,30,16.5,0,0,39.45,96.82000000000001,0.6000000000000001,171,1.1
2021,8,23,4,30,15.700000000000001,0,0,43.14,107.14,0.5,187,1.1
2021,8,23,5,30,15.100000000000001,0,0,46.39,116.23,0.5,190,1
2021,8,23,6,30,14.700000000000001,0,0,48.69,123.41,0.5,177,1
2021,8,23,7,30,14.200000000000001,0,0,50.870000000000005,127.81,0.5,156,1
2021,8,23,8,30,13.600000000000001,0,0,52.93,128.69,0.6000000000000001,145,0.9
2021,8,23,9,30,13,0,0,54.61,125.87,0.6000000000000001,156,0.9
2021,8,23,10,30,12.4,0,0,56.26,119.89,0.6000000000000001,182,0.9
2021,8,23,11,30,11.9,0,0,57.230000000000004,111.60000000000001,0.7000000000000001,205,0.9
2021,8,23,12,30,11.600000000000001,0,0,57.36,101.79,0.7000000000000001,215,0.8
2021,8,23,13,30,12.3,0,3,53.97,91.03,0.7000000000000001,215,0.8
2021,8,23,14,30,14.9,0,64,45.12,79.67,0.7000000000000001,207,0.8
2021,8,23,15,30,18.2,0,117,37.76,68.22,0.8,188,0.8
2021,8,23,16,30,21.3,0,147,29.97,56.870000000000005,1,165,0.8
2021,8,23,17,30,23.8,0,157,23.740000000000002,46.1,1.2000000000000002,149,0.8
2021,8,23,18,30,25.8,0,156,19.51,36.72,1.4000000000000001,142,0.8
2021,8,23,19,30,27.200000000000003,0,162,16.63,30.28,1.5,141,0.8
2021,8,23,20,30,28.1,0,154,14.9,28.93,1.6,141,0.8
2021,8,23,21,30,28.5,0,143,14.09,33.32,1.7000000000000002,141,0.8
2021,8,23,22,30,28.3,0,140,14.14,41.62,1.7000000000000002,140,0.9
2021,8,23,23,30,28,0,127,14.52,51.9,1.7000000000000002,139,0.9
2021,8,24,0,30,26,0,109,16.69,63.07,1.6,136,0.9
2021,8,24,1,30,22.900000000000002,0,79,20.84,74.54,1.3,133,1
2021,8,24,2,30,19,0,27,28.02,85.87,1,136,1
2021,8,24,3,30,16.6,0,0,34.62,97.10000000000001,0.9,142,1
2021,8,24,4,30,15.600000000000001,0,0,38.49,107.44,0.7000000000000001,143,1
2021,8,24,5,30,15,0,0,40.910000000000004,116.55,0.7000000000000001,132,0.9
2021,8,24,6,30,14.8,0,0,41.480000000000004,123.75,0.7000000000000001,117,0.9
2021,8,24,7,30,14.5,0,0,42.02,128.16,0.8,113,0.9
2021,8,24,8,30,13.700000000000001,0,0,43.95,129.02,0.9,119,0.9
2021,8,24,9,30,12.700000000000001,0,0,46.49,126.17,0.9,128,0.8
2021,8,24,10,30,11.700000000000001,0,0,48.92,120.15,0.9,138,0.8
2021,8,24,11,30,11,0,0,50.39,111.83,0.9,149,0.8
2021,8,24,12,30,10.4,0,0,51.57,101.99000000000001,0.8,162,0.8
2021,8,24,13,30,11.100000000000001,0,2,48.39,91.21000000000001,0.6000000000000001,177,0.8
2021,8,24,14,30,13.9,0,59,39.69,79.83,0.5,182,0.7000000000000001
2021,8,24,15,30,17.6,0,97,32.4,68.38,0.8,169,0.7000000000000001
2021,8,24,16,30,20.8,0,115,24.150000000000002,57.04,1,155,0.7000000000000001
2021,8,24,17,30,23.400000000000002,0,121,18.55,46.300000000000004,1.2000000000000002,146,0.7000000000000001
2021,8,24,18,30,25.6,0,124,14.97,36.97,1.4000000000000001,139,0.7000000000000001
2021,8,24,19,30,27.1,0,134,12.16,30.59,1.5,136,0.8
2021,8,24,20,30,28.1,0,132,10.8,29.28,1.6,134,0.8
2021,8,24,21,30,28.400000000000002,0,125,10.55,33.65,1.7000000000000002,132,0.8
2021,8,24,22,30,28.200000000000003,0,121,10.950000000000001,41.92,1.7000000000000002,131,0.8
2021,8,24,23,30,28,0,109,11.55,52.18,1.7000000000000002,131,0.8
2021,8,25,0,30,26.1,0,88,13.540000000000001,63.34,1.5,132,0.9
2021,8,25,1,30,22.700000000000003,0,63,17.51,74.81,1.1,130,0.9
2021,8,25,2,30,18.400000000000002,0,25,24.46,86.13,0.7000000000000001,132,0.9
2021,8,25,3,30,15.8,0,0,31.38,97.39,0.7000000000000001,139,0.9
2021,8,25,4,30,14.8,0,0,35.97,107.74000000000001,0.6000000000000001,145,0.9
2021,8,25,5,30,14.100000000000001,0,0,39.660000000000004,116.88,0.6000000000000001,142,0.9
2021,8,25,6,30,13.600000000000001,0,0,42.37,124.09,0.6000000000000001,134,0.9
2021,8,25,7,30,13.200000000000001,0,0,44.14,128.51,0.6000000000000001,130,0.9
2021,8,25,8,30,13,0,0,44.71,129.36,0.7000000000000001,132,0.9
2021,8,25,9,30,12.9,0,0,44.47,126.48,0.7000000000000001,135,0.9
2021,8,25,10,30,12.8,0,0,43.88,120.42,0.8,136,0.8
2021,8,25,11,30,12.700000000000001,0,0,43.300000000000004,112.05,0.8,138,0.8
2021,8,25,12,30,12.5,0,0,43.43,102.18,0.7000000000000001,141,0.8
2021,8,25,13,30,12.9,0,2,42.2,91.38,0.7000000000000001,143,0.7000000000000001
2021,8,25,14,30,15.4,0,56,35.81,79.99,0.6000000000000001,149,0.7000000000000001
2021,8,25,15,30,18.900000000000002,0,91,29.13,68.54,0.8,154,0.7000000000000001
2021,8,25,16,30,21.900000000000002,0,111,22.17,57.22,1,153,0.8
2021,8,25,17,30,24.5,0,114,16.84,46.5,1.2000000000000002,148,0.8
2021,8,25,18,30,26.6,0,111,13.21,37.22,1.3,142,0.8
2021,8,25,19,30,28.1,0,123,10.93,30.900000000000002,1.4000000000000001,136,0.8
2021,8,25,20,30,28.900000000000002,0,126,9.8,29.63,1.3,132,0.8
2021,8,25,21,30,29.200000000000003,0,124,9.42,33.99,1.3,129,0.9
2021,8,25,22,30,29.1,0,123,9.39,42.230000000000004,1.2000000000000002,126,0.9
2021,8,25,23,30,28.900000000000002,0,113,9.48,52.47,1.2000000000000002,124,0.9
2021,8,26,0,30,26.8,0,96,10.78,63.61,1,118,0.9
2021,8,26,1,30,23.1,0,69,13.97,75.08,0.7000000000000001,117,0.9
2021,8,26,2,30,19,0,24,19.54,86.4,0.7000000000000001,127,1
2021,8,26,3,30,17,0,0,23.86,97.67,0.7000000000000001,148,1
2021,8,26,4,30,16.5,0,0,25.75,108.05,0.5,191,1
2021,8,26,5,30,16.1,0,0,27.02,117.2,0.5,242,1
2021,8,26,6,30,15.200000000000001,0,0,29.16,124.43,0.6000000000000001,271,1
2021,8,26,7,30,14.100000000000001,0,0,31.88,128.86,0.6000000000000001,278,1
2021,8,26,8,30,13.200000000000001,0,0,34.480000000000004,129.7,0.7000000000000001,282,1
2021,8,26,9,30,12.200000000000001,0,0,37.77,126.79,0.7000000000000001,291,1
2021,8,26,10,30,11.5,0,0,40.800000000000004,120.68,0.8,302,1
2021,8,26,11,30,10.9,0,0,43.69,112.28,0.9,311,1
2021,8,26,12,30,10.600000000000001,0,0,45.7,102.38,1,318,1
2021,8,26,13,30,11.8,0,1,43.27,91.56,1.2000000000000002,318,1
2021,8,26,14,30,15.4,0,60,35.21,80.16,1.4000000000000001,314,1
2021,8,26,15,30,19.6,0,114,27.330000000000002,68.71000000000001,1.4000000000000001,319,1
2021,8,26,16,30,23.200000000000003,0,147,20.71,57.39,1.1,335,1
2021,8,26,17,30,26.3,0,154,15.22,46.71,1,349,1.1
2021,8,26,18,30,28.6,0,144,12.26,37.47,0.9,178,1.1
2021,8,26,19,30,30.1,0,152,11.14,31.220000000000002,0.9,4,1.1
2021,8,26,20,30,31.1,0,153,10.88,29.990000000000002,0.8,11,1.1
2021,8,26,21,30,31.6,0,149,11.11,34.34,0.7000000000000001,22,1
2021,8,26,22,30,31.5,0,143,11.64,42.550000000000004,0.6000000000000001,35,1
2021,8,26,23,30,31.3,0,132,12.25,52.76,0.6000000000000001,42,1
2021,8,27,0,30,29,0,114,14.64,63.89,0.4,71,1.1
2021,8,27,1,30,25.5,0,81,19.14,75.35000000000001,0.30000000000000004,94,1.1
2021,8,27,2,30,21.900000000000002,0,21,25.2,86.67,0.4,184,1.1
2021,8,27,3,30,19.400000000000002,0,0,31.080000000000002,97.96000000000001,0.4,276,1.1
2021,8,27,4,30,17.8,0,0,36.47,108.35000000000001,0.6000000000000001,296,1.1
2021,8,27,5,30,16.7,0,0,41.6,117.53,0.7000000000000001,306,1.1
2021,8,27,6,30,16,0,0,45.800000000000004,124.78,1.2000000000000002,311,1.1
2021,8,27,7,30,15.600000000000001,0,0,47.77,129.22,1.6,313,1.1
2021,8,27,8,30,15.200000000000001,0,0,49.03,130.05,1.8,313,1.1
2021,8,27,9,30,14.700000000000001,0,0,51.2,127.10000000000001,1.9000000000000001,312,1
2021,8,27,10,30,14.200000000000001,0,0,54.120000000000005,120.95,1.9000000000000001,311,1
2021,8,27,11,30,13.700000000000001,0,0,57.56,112.51,1.9000000000000001,310,1.1
2021,8,27,12,30,13.3,0,0,60.94,102.58,1.9000000000000001,308,1.1
2021,8,27,13,30,14.3,0,2,58.6,91.74,2,306,1.1
2021,8,27,14,30,17.2,0,53,49.57,80.32000000000001,2,309,1.1
2021,8,27,15,30,20.900000000000002,0,88,39.43,68.87,2,324,1.1
2021,8,27,16,30,24.5,0,103,29.28,57.57,2,339,1.1
2021,8,27,17,30,27.5,0,124,20.61,46.910000000000004,1.9000000000000001,346,1
2021,8,27,18,30,29.8,0,149,15.39,37.730000000000004,1.9000000000000001,346,1
2021,8,27,19,30,31.6,0,146,12.85,31.54,1.8,344,1
2021,8,27,20,30,32.800000000000004,0,144,11.53,30.34,1.7000000000000002,343,1
2021,8,27,21,30,33.4,0,141,10.83,34.68,1.6,343,1
2021,8,27,22,30,33.4,0,136,10.58,42.86,1.5,345,0.9
2021,8,27,23,30,33.2,0,125,10.51,53.050000000000004,1.4000000000000001,346,0.9
2021,8,28,0,30,30.900000000000002,0,110,11.82,64.17,0.9,345,0.9
2021,8,28,1,30,27.400000000000002,0,77,14.780000000000001,75.62,0.7000000000000001,332,0.9
2021,8,28,2,30,24,0,19,19.13,86.94,0.9,314,0.9
2021,8,28,3,30,21.8,0,0,22.43,98.26,1,310,0.9
2021,8,28,4,30,20.200000000000003,0,0,24.62,108.66,0.9,315,0.9
2021,8,28,5,30,19,0,0,26.23,117.86,1,315,0.9
2021,8,28,6,30,18.1,0,0,27.92,125.13000000000001,1.1,312,0.9
2021,8,28,7,30,17.3,0,0,30.29,129.58,1.4000000000000001,307,0.9
2021,8,28,8,30,16.6,0,0,32.910000000000004,130.39000000000001,1.6,303,0.8
2021,8,28,9,30,16,0,0,35.15,127.41,1.5,303,0.9
2021,8,28,10,30,15.600000000000001,0,0,36.83,121.22,1.4000000000000001,307,0.9
2021,8,28,11,30,15.200000000000001,0,0,38.33,112.74000000000001,1.2000000000000002,313,0.9
2021,8,28,12,30,14.8,0,0,39.63,102.77,1.1,319,0.9
2021,8,28,13,30,15.5,0,1,38.01,91.91,0.9,321,0.9
2021,8,28,14,30,18.8,0,59,30.72,80.49,0.9,315,0.9
2021,8,28,15,30,23,0,125,23.57,69.04,1,316,0.9
2021,8,28,16,30,26.3,0,170,18.86,57.75,0.9,327,0.9
2021,8,28,17,30,29.1,0,192,15.16,47.12,0.6000000000000001,169,0.9
2021,8,28,18,30,31.5,0,197,12.870000000000001,37.980000000000004,0.5,42,0.9
2021,8,28,19,30,33.2,0,205,11.35,31.86,0.4,91,0.9
2021,8,28,20,30,34.1,0,220,10.53,30.7,0.5,106,0.9
2021,8,28,21,30,34.5,0,230,10.13,35.03,0.5,113,0.9
2021,8,28,22,30,34.300000000000004,0,213,10.14,43.18,0.6000000000000001,116,0.9
2021,8,28,23,30,34.1,0,187,10.24,53.35,0.7000000000000001,117,0.9
2021,8,29,0,30,31.1,0,146,12.26,64.45,0.6000000000000001,126,0.9
2021,8,29,1,30,27.1,0,88,16.22,75.9,0.7000000000000001,142,0.9
2021,8,29,2,30,24.200000000000003,0,15,20.05,87.21000000000001,0.8,159,0.9
2021,8,29,3,30,23.400000000000002,0,0,21.47,98.55,0.8,169,0.9
2021,8,29,4,30,23.3,0,0,21.46,108.98,0.7000000000000001,180,0.9
2021,8,29,5,30,23.3,0,0,21.3,118.19,0.6000000000000001,202,0.9
2021,8,29,6,30,23.1,0,0,21.51,125.49000000000001,0.5,236,0.9
2021,8,29,7,30,22.5,0,0,22.330000000000002,129.94,0.6000000000000001,264,0.9
2021,8,29,8,30,21.6,0,0,23.57,130.74,0.6000000000000001,282,0.9
2021,8,29,9,30,20.700000000000003,0,0,24.92,127.72,0.6000000000000001,299,0.9
2021,8,29,10,30,19.900000000000002,0,0,26.22,121.49000000000001,0.6000000000000001,311,0.9
2021,8,29,11,30,19.200000000000003,0,0,27.400000000000002,112.96000000000001,0.7000000000000001,314,0.9
2021,8,29,12,30,18.400000000000002,0,0,28.810000000000002,102.97,0.7000000000000001,310,0.9
2021,8,29,13,30,18,0,1,29.63,92.09,0.7000000000000001,306,0.9
2021,8,29,14,30,19.8,0,58,26.61,80.65,0.5,302,0.9
2021,8,29,15,30,23.400000000000002,0,137,21.59,69.21000000000001,0.4,289,0.9
2021,8,29,16,30,27.1,0,193,17.3,57.93,0.4,248,0.9
2021,8,29,17,30,30.1,0,228,13.780000000000001,47.33,0.30000000000000004,192,0.9
2021,8,29,18,30,32.2,0,248,11.78,38.25,0.5,156,0.9
2021,8,29,19,30,33.5,0,254,10.6,32.18,0.6000000000000001,145,0.9
2021,8,29,20,30,34.300000000000004,0,249,9.89,31.07,0.8,146,0.9
2021,8,29,21,30,34.6,0,235,9.53,35.38,0.9,151,0.9
2021,8,29,22,30,34.300000000000004,0,208,9.44,43.5,0.9,155,0.9
2021,8,29,23,30,34,0,178,9.4,53.65,0.9,157,0.9
2021,8,30,0,30,30.900000000000002,0,134,11.24,64.74,0.5,155,0.9
2021,8,30,1,30,26.900000000000002,0,83,14.790000000000001,76.18,0.5,170,0.9
2021,8,30,2,30,23.200000000000003,0,15,19.53,87.49,0.6000000000000001,217,0.9
2021,8,30,3,30,20.900000000000002,0,0,23.48,98.85000000000001,0.6000000000000001,269,0.9
2021,8,30,4,30,19.400000000000002,0,0,26.68,109.29,0.7000000000000001,297,0.9
2021,8,30,5,30,18.3,0,0,29.59,118.53,0.8,303,0.9
2021,8,30,6,30,17.7,0,0,31.46,125.84,1,303,0.9
2021,8,30,7,30,17.400000000000002,0,0,32.13,130.3,1.2000000000000002,305,0.9
2021,8,30,8,30,17.2,0,0,31.92,131.09,1.3,306,0.8
2021,8,30,9,30,16.900000000000002,0,0,31.900000000000002,128.03,1.3,306,0.8
2021,8,30,10,30,16.5,0,0,32.47,121.75,1.3,307,0.8
2021,8,30,11,30,16,0,0,33.51,113.19,1.3,309,0.8
2021,8,30,12,30,15.700000000000001,0,0,34.38,103.17,1.3,310,0.8
2021,8,30,13,30,16.1,0,0,34.01,92.27,1.3,312,0.8
2021,8,30,14,30,18.5,0,56,29.82,80.82000000000001,1.2000000000000002,314,0.7000000000000001
2021,8,30,15,30,22.3,0,141,24.01,69.37,1.1,317,0.7000000000000001
2021,8,30,16,30,25.6,0,203,17.69,58.11,0.8,335,0.7000000000000001
2021,8,30,17,30,28.400000000000002,0,237,13.040000000000001,47.54,0.5,202,0.7000000000000001
2021,8,30,18,30,30.700000000000003,0,255,10.57,38.51,0.6000000000000001,71,0.7000000000000001
2021,8,30,19,30,32.4,0,269,8.91,32.51,0.8,96,0.7000000000000001
2021,8,30,20,30,33.7,0,226,7.84,31.43,1,110,0.7000000000000001
2021,8,30,21,30,34.4,0,162,7.3500000000000005,35.74,1,122,0.7000000000000001
2021,8,30,22,30,34.2,0,154,7.36,43.83,1.1,131,0.7000000000000001
2021,8,30,23,30,33.9,0,139,7.46,53.95,1.1,134,0.7000000000000001
2021,8,31,0,30,30.8,0,116,8.97,65.03,0.7000000000000001,137,0.7000000000000001
2021,8,31,1,30,26.5,0,77,12,76.47,0.5,146,0.7000000000000001
2021,8,31,2,30,22.700000000000003,0,15,15.9,87.76,0.5,208,0.7000000000000001
2021,8,31,3,30,20.3,0,0,19.41,99.15,0.5,284,0.7000000000000001
2021,8,31,4,30,18.5,0,0,22.86,109.61,0.7000000000000001,308,0.6000000000000001
2021,8,31,5,30,17.2,0,0,26.42,118.87,1,309,0.6000000000000001
2021,8,31,6,30,16.2,0,0,29.68,126.2,1.5,306,0.6000000000000001
2021,8,31,7,30,15.3,0,0,31.51,130.67000000000002,1.8,306,0.6000000000000001
2021,8,31,8,30,14.700000000000001,0,0,32.01,131.44,2,307,0.6000000000000001
2021,8,31,9,30,14.100000000000001,0,0,33.2,128.35,2.1,310,0.6000000000000001
2021,8,31,10,30,13.5,0,0,35.2,122.02,2.3000000000000003,311,0.6000000000000001
2021,8,31,11,30,13,0,0,37.32,113.42,2.3000000000000003,311,0.6000000000000001
2021,8,31,12,30,12.600000000000001,0,0,39.25,103.37,2.3000000000000003,311,0.5
2021,8,31,13,30,13.3,0,0,38.24,92.44,2.3000000000000003,311,0.5
2021,8,31,14,30,16.400000000000002,0,53,31.86,80.99,2.1,312,0.5
2021,8,31,15,30,20.5,0,97,24.54,69.54,1.9000000000000001,319,0.6000000000000001
2021,8,31,16,30,24.1,0,123,17.69,58.300000000000004,1.5,329,0.6000000000000001
2021,8,31,17,30,27.3,0,146,12.200000000000001,47.76,1,340,0.6000000000000001
2021,8,31,18,30,29.5,0,165,9.57,38.77,0.6000000000000001,180,0.6000000000000001
2021,8,31,19,30,31.200000000000003,0,169,7.91,32.84,0.5,45,0.6000000000000001
2021,8,31,20,30,32.4,0,148,6.93,31.8,0.6000000000000001,89,0.6000000000000001
2021,8,31,21,30,32.9,0,119,6.53,36.1,0.9,107,0.6000000000000001
2021,8,31,22,30,32.7,0,115,6.55,44.160000000000004,1.1,115,0.6000000000000001
2021,8,31,23,30,32.300000000000004,0,104,6.76,54.25,1.2000000000000002,118,0.6000000000000001
2021,9,1,0,30,29.5,0,86,8.14,65.32000000000001,1.1,125,0.6000000000000001
2021,9,1,1,30,25,0,62,11.33,76.76,0.8,130,0.6000000000000001
2021,9,1,2,30,20.200000000000003,0,16,17.11,88.04,0.7000000000000001,140,0.6000000000000001
2021,9,1,3,30,18.1,0,0,21.64,99.45,0.6000000000000001,148,0.6000000000000001
2021,9,1,4,30,17.3,0,0,24.09,109.93,0.5,136,0.6000000000000001
2021,9,1,5,30,16.400000000000002,0,0,26.35,119.21000000000001,0.4,103,0.6000000000000001
2021,9,1,6,30,15.200000000000001,0,0,28.96,126.57000000000001,0.5,84,0.6000000000000001
2021,9,1,7,30,14.100000000000001,0,0,31.51,131.04,0.5,81,0.6000000000000001
2021,9,1,8,30,13.5,0,0,32.89,131.8,0.5,75,0.6000000000000001
2021,9,1,9,30,13,0,0,34.12,128.67000000000002,0.5,69,0.6000000000000001
2021,9,1,10,30,12.3,0,0,36.35,122.29,0.6000000000000001,92,0.6000000000000001
2021,9,1,11,30,11.4,0,0,41.93,113.65,0.7000000000000001,126,0.6000000000000001
2021,9,1,12,30,10.5,0,0,48.45,103.56,0.7000000000000001,142,0.6000000000000001
2021,9,1,13,30,11,0,0,50.36,92.62,0.6000000000000001,157,0.6000000000000001
2021,9,1,14,30,13.700000000000001,0,52,45.04,81.15,0.7000000000000001,166,0.7000000000000001
2021,9,1,15,30,16.900000000000002,0,90,39.37,69.71000000000001,1,162,0.7000000000000001
2021,9,1,16,30,19.8,0,112,32.78,58.480000000000004,1.1,154,0.7000000000000001
2021,9,1,17,30,22.400000000000002,0,125,26.43,47.97,1.2000000000000002,149,0.7000000000000001
2021,9,1,18,30,24.6,0,131,21.09,39.04,1.3,144,0.7000000000000001
2021,9,1,19,30,26.200000000000003,0,135,17.73,33.17,1.4000000000000001,138,0.8
2021,9,1,20,30,27.200000000000003,0,140,16,32.17,1.6,133,0.8
2021,9,1,21,30,27.700000000000003,0,143,15.23,36.46,1.7000000000000002,132,0.9
2021,9,1,22,30,27.6,0,140,15.27,44.49,1.8,134,0.9
2021,9,1,23,30,27.400000000000002,0,128,15.530000000000001,54.56,1.8,135,1
2021,9,2,0,30,25.200000000000003,0,110,17.85,65.61,1.8,135,1
2021,9,2,1,30,21.900000000000002,0,73,22.41,77.05,1.5,135,1.1
2021,9,2,2,30,18.2,0,12,29.77,88.31,1.1,137,1.1
2021,9,2,3,30,16,0,0,36.18,99.76,0.8,137,1.1
2021,9,2,4,30,15,0,0,40.34,110.25,0.7000000000000001,129,1.1
2021,9,2,5,30,14.3,0,0,43.58,119.56,0.7000000000000001,119,1.1
2021,9,2,6,30,13.600000000000001,0,0,46.51,126.93,0.8,119,1
2021,9,2,7,30,12.8,0,0,50.26,131.41,0.9,131,1
2021,9,2,8,30,12.100000000000001,0,0,54.74,132.15,0.9,146,1
2021,9,2,9,30,11.5,0,0,59.03,128.98,0.8,155,0.9
2021,9,2,10,30,11.100000000000001,0,0,62.07,122.56,0.8,158,0.9
2021,9,2,11,30,10.600000000000001,0,0,65.11,113.88,0.8,157,0.9
2021,9,2,12,30,10.100000000000001,0,0,68.03,103.76,0.8,161,0.9
2021,9,2,13,30,10.5,0,0,66.68,92.8,0.8,177,0.8
2021,9,2,14,30,12.8,0,55,57.53,81.32000000000001,0.7000000000000001,191,0.8
2021,9,2,15,30,16.3,0,109,45.910000000000004,69.88,0.6000000000000001,185,0.8
2021,9,2,16,30,19.5,0,139,34.63,58.67,0.7000000000000001,169,0.8
2021,9,2,17,30,22.200000000000003,0,156,27.240000000000002,48.19,0.8,155,0.8
2021,9,2,18,30,24.400000000000002,0,161,21.89,39.31,0.9,143,0.8
2021,9,2,19,30,26.200000000000003,0,164,17.91,33.5,1,134,0.8
2021,9,2,20,30,27.400000000000002,0,158,15.24,32.54,1,126,0.8
2021,9,2,21,30,27.900000000000002,0,147,14.27,36.82,1.1,119,0.8
2021,9,2,22,30,27.8,0,142,14.1,44.83,1.1,115,0.8
2021,9,2,23,30,27.5,0,129,14.24,54.870000000000005,1.1,114,0.9
2021,9,3,0,30,25.3,0,109,16.14,65.91,1,120,0.9
2021,9,3,1,30,21.700000000000003,0,73,20.2,77.34,0.8,130,0.9
2021,9,3,2,30,18.2,0,11,25.42,88.58,0.8,145,0.8
2021,9,3,3,30,16.8,0,0,28.02,100.07000000000001,0.8,159,0.8
2021,9,3,4,30,16.2,0,0,28.7,110.58,0.8,165,0.8
2021,9,3,5,30,15.700000000000001,0,0,28.93,119.9,0.9,164,0.8
2021,9,3,6,30,15.200000000000001,0,0,29.22,127.3,1,164,0.8
2021,9,3,7,30,14.600000000000001,0,0,30.03,131.79,0.9,174,0.8
2021,9,3,8,30,14.200000000000001,0,0,30.66,132.51,0.8,212,0.7000000000000001
2021,9,3,9,30,13.700000000000001,0,0,31.59,129.3,0.9,268,0.7000000000000001
2021,9,3,10,30,12.700000000000001,0,0,33.28,122.84,1,305,0.7000000000000001
2021,9,3,11,30,11.700000000000001,0,0,34.59,114.11,1.1,320,0.7000000000000001
2021,9,3,12,30,11,0,0,35.12,103.96000000000001,1.1,328,0.7000000000000001
2021,9,3,13,30,11.4,0,0,33.45,92.98,0.9,326,0.6000000000000001
2021,9,3,14,30,14.8,0,51,26.44,81.49,0.9,314,0.6000000000000001
2021,9,3,15,30,19.1,0,100,20.02,70.06,1.1,308,0.6000000000000001
2021,9,3,16,30,22.400000000000002,0,128,16.19,58.86,1,314,0.6000000000000001
2021,9,3,17,30,25.1,0,152,13.44,48.42,0.6000000000000001,323,0.6000000000000001
2021,9,3,18,30,27.1,0,171,11.77,39.59,0.30000000000000004,216,0.6000000000000001
2021,9,3,19,30,28.6,0,175,10.65,33.84,0.2,116,0.6000000000000001
2021,9,3,20,30,29.5,0,170,9.75,32.910000000000004,0.5,124,0.6000000000000001
2021,9,3,21,30,29.900000000000002,0,159,9.200000000000001,37.19,0.7000000000000001,120,0.6000000000000001
2021,9,3,22,30,29.700000000000003,0,148,9.040000000000001,45.17,0.8,119,0.6000000000000001
2021,9,3,23,30,29.400000000000002,0,132,9.1,55.19,0.9,118,0.6000000000000001
2021,9,4,0,30,26.700000000000003,0,106,10.75,66.21000000000001,0.7000000000000001,123,0.6000000000000001
2021,9,4,1,30,22.700000000000003,0,68,14.55,77.63,0.7000000000000001,135,0.6000000000000001
2021,9,4,2,30,19.3,0,11,19.36,88.86,0.8,152,0.6000000000000001
2021,9,4,3,30,18,0,0,22.27,100.38,0.9,170,0.5
2021,9,4,4,30,17.5,0,0,23.240000000000002,110.91,0.8,192,0.5
2021,9,4,5,30,17.400000000000002,0,0,23.06,120.25,0.8,221,0.5
2021,9,4,6,30,17.3,0,0,22.84,127.67,0.8,256,0.5
2021,9,4,7,30,16.7,0,0,23.47,132.17000000000002,0.9,282,0.5
2021,9,4,8,30,15.8,0,0,24.59,132.87,0.9,293,0.5
2021,9,4,9,30,15.100000000000001,0,0,25.69,129.62,0.9,294,0.5
2021,9,4,10,30,14.200000000000001,0,0,27.38,123.11,0.9,289,0.5
2021,9,4,11,30,13.3,0,0,29.07,114.34,0.9,287,0.5
2021,9,4,12,30,12.4,0,0,30.76,104.16,1,291,0.5
2021,9,4,13,30,12.600000000000001,0,0,30.12,93.16,0.9,296,0.5
2021,9,4,14,30,15.700000000000001,0,50,24.39,81.66,0.7000000000000001,295,0.5
2021,9,4,15,30,20.3,0,92,18.23,70.23,0.5,282,0.5
2021,9,4,16,30,24.400000000000002,0,114,14.05,59.050000000000004,0.30000000000000004,235,0.5
2021,9,4,17,30,27.6,0,121,10.57,48.64,0.2,157,0.5
2021,9,4,18,30,29.900000000000002,0,121,8.11,39.86,0.4,111,0.5
2021,9,4,19,30,31.400000000000002,0,122,6.84,34.18,0.5,101,0.5
2021,9,4,20,30,32.4,0,123,6.140000000000001,33.29,0.7000000000000001,100,0.5
2021,9,4,21,30,32.7,0,121,5.94,37.56,0.9,103,0.5
2021,9,4,22,30,32.5,0,115,6.04,45.51,1,110,0.5
2021,9,4,23,30,32.2,0,104,6.3,55.51,1.1,113,0.5
2021,9,5,0,30,29.200000000000003,0,86,7.8100000000000005,66.51,0.9,121,0.5
2021,9,5,1,30,25.1,0,58,11,77.93,0.8,132,0.5
2021,9,5,2,30,21.8,0,10,14.99,89.13,0.8,148,0.5
2021,9,5,3,30,20.900000000000002,0,0,16.52,100.69,0.7000000000000001,161,0.5
2021,9,5,4,30,20.700000000000003,0,0,16.26,111.23,0.6000000000000001,163,0.5
2021,9,5,5,30,20.8,0,0,15.44,120.60000000000001,0.6000000000000001,151,0.5
2021,9,5,6,30,20.700000000000003,0,0,14.98,128.04,0.6000000000000001,127,0.5
2021,9,5,7,30,20.200000000000003,0,0,15.09,132.55,0.6000000000000001,69,0.5
2021,9,5,8,30,19.200000000000003,0,0,15.73,133.23,0.7000000000000001,186,0.5
2021,9,5,9,30,17.6,0,0,17.38,129.94,0.9,344,0.5
2021,9,5,10,30,16.1,0,0,19.35,123.38000000000001,1,340,0.5
2021,9,5,11,30,15.200000000000001,0,0,20.64,114.57000000000001,1.1,337,0.5
2021,9,5,12,30,14.5,0,0,21.740000000000002,104.36,1,335,0.5
2021,9,5,13,30,14.700000000000001,0,0,21.7,93.34,1,332,0.5
2021,9,5,14,30,17.2,0,47,18.82,81.83,0.7000000000000001,324,0.5
2021,9,5,15,30,21.3,0,85,14.92,70.41,0.5,305,0.5
2021,9,5,16,30,25,0,107,12.08,59.24,0.4,236,0.5
2021,9,5,17,30,28.1,0,115,9.67,48.86,0.4,159,0.5
2021,9,5,18,30,30.3,0,111,7.83,40.14,0.7000000000000001,141,0.5
2021,9,5,19,30,31.700000000000003,0,110,6.72,34.52,0.8,139,0.5
2021,9,5,20,30,32.6,0,105,6.07,33.67,0.9,135,0.5
2021,9,5,21,30,33,0,98,5.7700000000000005,37.93,0.9,131,0.5
2021,9,5,22,30,32.800000000000004,0,92,5.75,45.85,1,128,0.5
2021,9,5,23,30,32.6,0,84,5.8100000000000005,55.83,1,127,0.5
2021,9,6,0,30,29.6,0,72,7,66.82000000000001,0.8,125,0.5
2021,9,6,1,30,25.3,0,52,9.74,78.23,0.8,127,0.5
2021,9,6,2,30,21.8,0,10,13.35,89.4,0.8,132,0.4
2021,9,6,3,30,20.8,0,0,15.01,101,0.8,132,0.4
2021,9,6,4,30,20.5,0,0,15.07,111.57000000000001,0.7000000000000001,116,0.4
2021,9,6,5,30,20.5,0,0,14.370000000000001,120.96000000000001,0.7000000000000001,85,0.4
2021,9,6,6,30,20.200000000000003,0,0,13.89,128.41,0.9,56,0.4
2021,9,6,7,30,19.6,0,0,13.82,132.93,0.9,39,0.4
2021,9,6,8,30,18.6,0,0,14.370000000000001,133.6,0.9,22,0.4
2021,9,6,9,30,17.2,7,0,15.98,130.26,0.9,177,0.4
2021,9,6,10,30,15.700000000000001,7,0,18.3,123.65,1,339,0.4
2021,9,6,11,30,14.600000000000001,7,0,20.34,114.8,1,332,0.4
2021,9,6,12,30,13.8,7,0,21.96,104.56,1.1,331,0.4
2021,9,6,13,30,14,0,0,22.080000000000002,93.52,1,329,0.4
2021,9,6,14,30,16.7,0,50,18.82,82,0.9,324,0.4
2021,9,6,15,30,21.1,0,114,14.5,70.58,0.9,316,0.4
2021,9,6,16,30,24.900000000000002,8,157,11.370000000000001,59.43,0.8,309,0.5
2021,9,6,17,30,27.900000000000002,0,177,9.28,49.09,0.4,230,0.5
2021,9,6,18,30,30,0,181,7.99,40.42,0.4,153,0.5
2021,9,6,19,30,31.3,0,178,7.37,34.86,0.8,154,0.5
2021,9,6,20,30,32.300000000000004,0,151,7.05,34.05,0.9,154,0.5
2021,9,6,21,30,33,0,130,6.8,38.300000000000004,0.9,149,0.6000000000000001
2021,9,6,22,30,33,0,108,6.72,46.2,1,142,0.6000000000000001
2021,9,6,23,30,32.800000000000004,7,91,6.73,56.15,1,139,0.6000000000000001
2021,9,7,0,30,29.900000000000002,0,70,8.01,67.13,0.8,129,0.6000000000000001
2021,9,7,1,30,26.1,0,52,10.81,78.53,0.7000000000000001,126,0.7000000000000001
2021,9,7,2,30,23.3,0,9,14.31,89.67,0.8,127,0.8
2021,9,7,3,30,22.400000000000002,0,0,16.05,101.32000000000001,0.7000000000000001,129,0.8
2021,9,7,4,30,21.900000000000002,0,0,16.55,111.9,0.6000000000000001,127,0.9
2021,9,7,5,30,21.6,0,0,16.66,121.31,0.6000000000000001,118,0.9
2021,9,7,6,30,21.1,7,0,17.12,128.79,0.5,86,0.9
2021,9,7,7,30,20.400000000000002,7,0,18.02,133.31,0.5,50,0.9
2021,9,7,8,30,19.5,7,0,19.37,133.96,0.6000000000000001,32,0.9
2021,9,7,9,30,18.5,0,0,21.03,130.58,0.7000000000000001,17,1
2021,9,7,10,30,17.5,0,0,22.78,123.92,0.8,179,1
2021,9,7,11,30,16.5,0,0,24.490000000000002,115.03,0.8,339,1.1
2021,9,7,12,30,15.8,0,0,25.79,104.76,0.9,322,1.2000000000000002
2021,9,7,13,30,15.9,0,0,25.75,93.7,0.9,312,1.2000000000000002
2021,9,7,14,30,19,0,42,21.09,82.17,0.7000000000000001,304,1.3
2021,9,7,15,30,23.8,0,75,15.57,70.76,0.7000000000000001,292,1.4000000000000001
2021,9,7,16,30,27.8,0,92,12.530000000000001,59.63,0.4,249,1.4000000000000001
2021,9,7,17,30,31,0,93,11.200000000000001,49.32,0.4,182,1.5
2021,9,7,18,30,33.300000000000004,0,87,10.33,40.71,0.6000000000000001,147,1.5
2021,9,7,19,30,34.7,0,90,9.97,35.21,0.9,143,1.6
2021,9,7,20,30,35.2,0,86,10.22,34.43,1.1,146,1.6
2021,9,7,21,30,35,0,80,10.91,38.68,1.1,155,1.6
2021,9,7,22,30,34.2,0,77,11.96,46.550000000000004,1.1,173,1.7000000000000002
2021,9,7,23,30,33.6,0,71,12.9,56.47,1.1,183,1.7000000000000002
2021,9,8,0,30,30.400000000000002,0,65,16.04,67.44,0.8,223,1.8
2021,9,8,1,30,26.5,0,47,20.7,78.83,0.7000000000000001,254,1.9000000000000001
2021,9,8,2,30,23,0,6,25.75,89.94,0.9,278,1.9000000000000001
2021,9,8,3,30,21.3,0,0,28.63,101.63,1.3,293,2
2021,9,8,4,30,20.5,0,0,30.3,112.23,1.5,302,2
2021,9,8,5,30,19.900000000000002,0,0,32.04,121.67,1.3,305,2.1
2021,9,8,6,30,19.3,8,0,33.87,129.16,1.2000000000000002,305,2.1
2021,9,8,7,30,19,8,0,35.24,133.69,1.3,304,2.1
2021,9,8,8,30,18.900000000000002,8,0,36.5,134.33,1.5,306,2.2
2021,9,8,9,30,18.7,7,0,38.230000000000004,130.91,1.6,309,2.2
2021,9,8,10,30,18.5,7,0,39.56,124.19,1.6,313,2.2
2021,9,8,11,30,18.400000000000002,8,0,40.2,115.26,1.5,314,2.2
2021,9,8,12,30,18.5,8,0,40.09,104.96000000000001,1.4000000000000001,314,2.2
2021,9,8,13,30,18.900000000000002,7,0,39.2,93.88,1.3,314,2.2
2021,9,8,14,30,20.400000000000002,0,42,35.9,82.34,1.1,313,2.2
2021,9,8,15,30,22.900000000000002,0,133,30.990000000000002,70.94,1,312,2.2
2021,9,8,16,30,25.6,0,205,25.11,59.82,0.9,307,2.1
2021,9,8,17,30,28.400000000000002,0,226,19.27,49.550000000000004,0.7000000000000001,296,2.1
2021,9,8,18,30,30.900000000000002,7,269,16.55,40.99,0.4,252,2
2021,9,8,19,30,32.4,7,395,15.44,35.56,0.4,191,2
2021,9,8,20,30,33.2,8,273,15.23,34.82,0.5,162,2
2021,9,8,21,30,33.5,0,154,15.4,39.050000000000004,0.7000000000000001,160,2
2021,9,8,22,30,33.2,7,310,16.05,46.9,0.8,163,2
2021,9,8,23,30,32.9,7,213,16.580000000000002,56.800000000000004,0.8,165,2
2021,9,9,0,30,30.5,8,129,19.17,67.75,0.5,159,2
2021,9,9,1,30,27.200000000000003,7,64,23.41,79.14,0.4,165,2
2021,9,9,2,30,24.5,7,3,27.8,90.21000000000001,0.4,207,2
2021,9,9,3,30,23.3,7,0,29.88,101.95,0.4,266,2
2021,9,9,4,30,22.5,7,0,30.91,112.57000000000001,0.5,306,2
2021,9,9,5,30,21.900000000000002,7,0,31.51,122.02,0.6000000000000001,320,2
2021,9,9,6,30,21.3,7,0,32.09,129.54,0.6000000000000001,322,1.9000000000000001
2021,9,9,7,30,20.6,0,0,32.81,134.08,0.6000000000000001,317,1.9000000000000001
2021,9,9,8,30,19.700000000000003,0,0,33.69,134.69,0.6000000000000001,313,1.8
2021,9,9,9,30,18.8,0,0,34.01,131.23,0.7000000000000001,311,1.7000000000000002
2021,9,9,10,30,18.1,0,0,33.36,124.47,0.7000000000000001,311,1.7000000000000002
2021,9,9,11,30,17.900000000000002,0,0,31.720000000000002,115.49000000000001,0.7000000000000001,310,1.7000000000000002
2021,9,9,12,30,17.900000000000002,8,0,29.86,105.15,0.8,309,1.8
2021,9,9,13,30,18.7,8,0,27.12,94.06,0.7000000000000001,309,1.9000000000000001
2021,9,9,14,30,21.200000000000003,0,45,22.71,82.52,0.6000000000000001,308,2
2021,9,9,15,30,24.8,0,119,18.580000000000002,71.12,0.4,299,2.1
2021,9,9,16,30,28.200000000000003,8,188,16.05,60.02,0.5,241,2.1
2021,9,9,17,30,30.900000000000002,8,255,15.34,49.79,0.9,176,2.2
2021,9,9,18,30,32.5,7,339,14.96,41.28,1.2000000000000002,158,2.2
2021,9,9,19,30,33.4,7,372,14.81,35.910000000000004,1.3,159,2.1
2021,9,9,20,30,34.1,8,299,14.57,35.2,1.5,163,2
2021,9,9,21,30,34.1,7,269,14.77,39.43,1.7000000000000002,169,2
2021,9,9,22,30,33.1,7,171,15.77,47.25,1.8,178,2
2021,9,9,23,30,32.5,7,172,16.34,57.13,1.7000000000000002,184,2.1
2021,9,10,0,30,29.5,7,98,19.38,68.06,1.2000000000000002,203,2.1
2021,9,10,1,30,26.3,7,41,23.42,79.44,0.8,219,2.1
2021,9,10,2,30,23.400000000000002,7,2,28.080000000000002,91.02,0.7000000000000001,232,2.2
2021,9,10,3,30,21.700000000000003,7,0,31.1,102.27,0.7000000000000001,235,2.3000000000000003
2021,9,10,4,30,20.400000000000002,7,0,34.03,112.9,0.5,230,2.4000000000000004
2021,9,10,5,30,19.6,6,0,40.300000000000004,122.38,0.30000000000000004,220,2.5
2021,9,10,6,30,18.6,6,0,47.97,129.92000000000002,0.30000000000000004,242,2.7
2021,9,10,7,30,17.2,6,0,61.050000000000004,134.47,0.6000000000000001,266,2.8000000000000003
2021,9,10,8,30,16,6,0,73.95,135.06,0.8,271,2.9000000000000004
2021,9,10,9,30,15.100000000000001,6,0,82.57000000000001,131.55,0.7000000000000001,309,2.7
2021,9,10,10,30,14.200000000000001,6,0,92.16,124.74000000000001,0.8,201,2.3000000000000003
2021,9,10,11,30,13.4,7,0,98.83,115.72,1.1,71,2
2021,9,10,12,30,13,3,0,100,105.35000000000001,0.7000000000000001,83,1.9000000000000001
2021,9,10,13,30,13.5,0,0,100,94.24,0.30000000000000004,144,1.8
2021,9,10,14,30,15.600000000000001,0,36,91.41,82.69,0.4,191,1.7000000000000002
2021,9,10,15,30,18.400000000000002,0,56,76.7,71.29,0.8,179,1.6
2021,9,10,16,30,21.400000000000002,0,64,57.24,60.22,0.9,171,1.5
2021,9,10,17,30,24.1,0,68,41.52,50.02,0.9,157,1.4000000000000001
2021,9,10,18,30,26,0,92,32.85,41.57,1,145,1.4000000000000001
2021,9,10,19,30,27.3,0,208,27.64,36.26,1.1,137,1.4000000000000001
2021,9,10,20,30,28,0,78,24.72,35.59,1.2000000000000002,131,1.4000000000000001
2021,9,10,21,30,28.3,0,87,23.2,39.81,1.2000000000000002,126,1.4000000000000001
2021,9,10,22,30,28.1,0,75,22.98,47.61,1.1,121,1.4000000000000001
2021,9,10,23,30,27.900000000000002,0,78,23.12,57.46,1.1,118,1.4000000000000001
2021,9,11,0,30,25.900000000000002,0,65,26.17,68.38,0.9,110,1.5
2021,9,11,1,30,22.700000000000003,3,45,33.43,79.75,0.5,109,1.5
2021,9,11,2,30,19.8,0,2,43.800000000000004,91.33,0.4,116,1.5
2021,9,11,3,30,18.8,0,0,47.37,102.59,0.30000000000000004,181,1.5
2021,9,11,4,30,17.8,0,0,50.53,113.24000000000001,0.30000000000000004,259,1.5
2021,9,11,5,30,16.400000000000002,0,0,56.86,122.74000000000001,0.4,281,1.4000000000000001
2021,9,11,6,30,15.3,0,0,61.64,130.31,0.5,288,1.4000000000000001
2021,9,11,7,30,14.4,0,0,65.41,134.86,0.5,294,1.4000000000000001
2021,9,11,8,30,13.8,0,0,67.69,135.43,0.6000000000000001,301,1.4000000000000001
2021,9,11,9,30,13.100000000000001,0,0,70.44,131.87,0.7000000000000001,308,1.3
2021,9,11,10,30,12.600000000000001,0,0,72.64,125.01,1,312,1.3
2021,9,11,11,30,12.5,0,0,73.06,115.94,1.3,314,1.3
2021,9,11,12,30,12.8,0,0,71.7,105.55,1.4000000000000001,315,1.3
2021,9,11,13,30,13.8,0,0,67.6,94.42,1.5,314,1.3
2021,9,11,14,30,16.5,0,36,57.300000000000004,82.86,1.4000000000000001,315,1.3
2021,9,11,15,30,20.400000000000002,0,62,45.84,71.48,1,325,1.2000000000000002
2021,9,11,16,30,23.700000000000003,0,76,35.86,60.42,0.7000000000000001,175,1.2000000000000002
2021,9,11,17,30,26.1,0,82,29.21,50.26,0.5,44,1.2000000000000002
2021,9,11,18,30,27.8,0,86,24.69,41.86,0.5,89,1.2000000000000002
2021,9,11,19,30,29.1,0,87,21.45,36.61,0.6000000000000001,109,1.2000000000000002
2021,9,11,20,30,29.8,0,89,19.63,35.980000000000004,0.8,113,1.2000000000000002
2021,9,11,21,30,30,0,90,18.64,40.2,0.9,115,1.2000000000000002
2021,9,11,22,30,29.6,0,118,18.64,47.96,1,117,1.2000000000000002
2021,9,11,23,30,29.3,0,82,18.76,57.79,1.1,118,1.3
2021,9,12,0,30,26.900000000000002,0,65,21.47,68.69,0.8,120,1.3
2021,9,12,1,30,23.200000000000003,0,44,28.91,80.06,0.6000000000000001,127,1.3
2021,9,12,2,30,19.8,0,3,38.12,91.64,0.7000000000000001,142,1.3
2021,9,12,3,30,18.5,0,0,41.08,102.92,0.7000000000000001,161,1.3
2021,9,12,4,30,18,0,0,41.67,113.58,0.6000000000000001,179,1.2000000000000002
2021,9,12,5,30,18.1,0,0,40.68,123.10000000000001,0.5,195,1.2000000000000002
2021,9,12,6,30,18.2,0,0,39.09,130.69,0.5,233,1.2000000000000002
2021,9,12,7,30,18,0,0,39.550000000000004,135.25,0.6000000000000001,288,1.2000000000000002
2021,9,12,8,30,17.400000000000002,0,0,40.44,135.8,0.8,319,1.2000000000000002
2021,9,12,9,30,16.6,0,0,42.18,132.2,0.9,327,1.1
2021,9,12,10,30,15.8,0,0,44.24,125.28,1,326,1.1
2021,9,12,11,30,15.100000000000001,7,0,46.06,116.17,1,324,1.1
2021,9,12,12,30,14.5,0,0,47.57,105.75,1.1,325,1.1
2021,9,12,13,30,15,8,0,45.68,94.60000000000001,1,326,1.1
2021,9,12,14,30,17.7,0,37,38.69,83.03,1,325,1.1
2021,9,12,15,30,21.8,0,65,29.740000000000002,71.66,1,327,1.1
2021,9,12,16,30,25.3,0,82,22.91,60.63,0.8,340,1.2000000000000002
2021,9,12,17,30,27.8,0,94,19.02,50.5,0.7000000000000001,183,1.2000000000000002
2021,9,12,18,30,29.5,0,104,16.65,42.160000000000004,0.6000000000000001,25,1.2000000000000002
2021,9,12,19,30,30.6,0,109,15,36.97,0.6000000000000001,42,1.2000000000000002
2021,9,12,20,30,31.3,0,117,13.950000000000001,36.37,0.6000000000000001,57,1.2000000000000002
2021,9,12,21,30,31.5,0,107,13.530000000000001,40.58,0.6000000000000001,71,1.2000000000000002
2021,9,12,22,30,31.1,0,101,13.59,48.32,0.5,84,1.2000000000000002
2021,9,12,23,30,30.8,0,91,13.700000000000001,58.13,0.5,89,1.2000000000000002
2021,9,13,0,30,28.1,0,73,16.18,69.01,0.30000000000000004,123,1.1
2021,9,13,1,30,24.400000000000002,0,46,24.27,80.37,0.30000000000000004,173,1.1
2021,9,13,2,30,20.700000000000003,0,3,31.330000000000002,91.96000000000001,0.5,235,1.1
2021,9,13,3,30,18.5,0,0,36.59,103.24000000000001,0.7000000000000001,275,1.1
2021,9,13,4,30,17.2,0,0,39.77,113.92,0.8,294,1
2021,9,13,5,30,16.2,0,0,43.24,123.47,1,304,1
2021,9,13,6,30,15.5,0,0,46.78,131.07,1.5,308,1
2021,9,13,7,30,14.9,0,0,49.84,135.64000000000001,1.8,311,1
2021,9,13,8,30,14.5,0,0,51.61,136.17000000000002,2,313,1
2021,9,13,9,30,14.100000000000001,0,0,53.79,132.52,2,313,1
2021,9,13,10,30,13.700000000000001,0,0,56.4,125.55,2,312,1
2021,9,13,11,30,13.3,0,0,59.22,116.4,2,311,0.9
2021,9,13,12,30,13.100000000000001,0,0,61.45,105.95,2,310,0.9
2021,9,13,13,30,13.5,0,0,60.83,94.78,2,310,0.9
2021,9,13,14,30,16.1,0,37,52.03,83.21000000000001,1.8,312,0.8
2021,9,13,15,30,20.200000000000003,0,66,40.160000000000004,71.84,1.5,320,0.8
2021,9,13,16,30,23.8,0,80,29.69,60.83,1.2000000000000002,333,0.8
2021,9,13,17,30,26.900000000000002,0,104,21.2,50.74,0.9,177,0.8
2021,9,13,18,30,29.3,0,132,16.09,42.46,0.7000000000000001,27,0.8
2021,9,13,19,30,30.700000000000003,0,137,13.76,37.32,0.7000000000000001,48,0.9
2021,9,13,20,30,31.6,0,136,12.57,36.76,0.7000000000000001,58,0.9
2021,9,13,21,30,31.8,0,129,12.030000000000001,40.97,0.7000000000000001,65,0.9
2021,9,13,22,30,31.5,0,121,11.94,48.68,0.7000000000000001,72,1
2021,9,13,23,30,31.1,0,108,12.030000000000001,58.46,0.7000000000000001,75,1
2021,9,14,0,30,28.1,0,87,14.290000000000001,69.33,0.6000000000000001,95,1
2021,9,14,1,30,24.5,0,54,22.37,80.68,0.6000000000000001,126,1
2021,9,14,2,30,22.1,0,0,25.79,92.27,0.7000000000000001,165,1
2021,9,14,3,30,21.400000000000002,0,0,26.44,103.56,0.5,210,1
2021,9,14,4,30,21.1,0,0,26.330000000000002,114.26,0.6000000000000001,257,1
2021,9,14,5,30,20.3,0,0,26.52,123.83,0.8,309,1
2021,9,14,6,30,19,0,0,28.03,131.46,1,339,0.9
2021,9,14,7,30,17.5,0,0,30.34,136.04,1.1,339,0.9
2021,9,14,8,30,16.400000000000002,0,0,32.13,136.54,1.2000000000000002,329,0.9
2021,9,14,9,30,16.1,0,0,32.31,132.84,1.4000000000000001,320,0.9
2021,9,14,10,30,16.2,0,0,31.900000000000002,125.82000000000001,1.8,314,0.9
2021,9,14,11,30,16.5,0,0,31.14,116.63,1.9000000000000001,311,0.9
2021,9,14,12,30,16.7,0,0,30.39,106.15,1.7000000000000002,311,0.8
2021,9,14,13,30,17.3,0,0,28.77,94.97,1.6,314,0.8
2021,9,14,14,30,19.1,0,39,25.32,83.38,1.6,315,0.8
2021,9,14,15,30,22.400000000000002,0,73,22.61,72.03,1.5,317,0.8
2021,9,14,16,30,25.8,0,90,15.870000000000001,61.04,1.2000000000000002,322,0.8
2021,9,14,17,30,28.6,0,104,13.01,50.99,0.9,330,0.8
2021,9,14,18,30,30.900000000000002,0,118,10.97,42.75,0.6000000000000001,179,0.8
2021,9,14,19,30,32.6,0,119,9.56,37.68,0.4,49,0.8
2021,9,14,20,30,33.5,0,127,8.97,37.15,0.5,83,0.8
2021,9,14,21,30,33.7,0,132,8.85,41.35,0.6000000000000001,96,0.8
2021,9,14,22,30,33.300000000000004,0,125,9.14,49.04,0.7000000000000001,104,0.9
2021,9,14,23,30,32.9,0,113,9.51,58.800000000000004,0.8,107,0.9
2021,9,15,0,30,29.400000000000002,0,92,12.040000000000001,69.65,0.6000000000000001,125,0.9
2021,9,15,1,30,24.900000000000002,0,55,19.56,80.99,0.5,150,0.9
2021,9,15,2,30,21.6,0,0,24.52,92.59,0.6000000000000001,195,0.9
2021,9,15,3,30,20.200000000000003,0,0,27.34,103.89,0.7000000000000001,241,0.9
2021,9,15,4,30,19.1,0,0,29.5,114.60000000000001,0.7000000000000001,269,0.9
2021,9,15,5,30,18,0,0,31.03,124.19,0.7000000000000001,283,0.8
2021,9,15,6,30,17.1,0,0,31.57,131.84,0.7000000000000001,292,0.8
2021,9,15,7,30,16.3,0,0,31.96,136.43,0.7000000000000001,299,0.8
2021,9,15,8,30,15.700000000000001,0,0,32.22,136.91,0.7000000000000001,307,0.8
2021,9,15,9,30,15.100000000000001,0,0,32.45,133.17000000000002,0.7000000000000001,312,0.8
2021,9,15,10,30,14.600000000000001,0,0,32.44,126.09,0.8,316,0.8
2021,9,15,11,30,14.5,0,0,31.77,116.86,0.9,318,0.8
2021,9,15,12,30,14.600000000000001,0,0,30.89,106.34,1,321,0.8
2021,9,15,13,30,14.9,0,0,29.96,95.15,1.1,324,0.8
2021,9,15,14,30,17.1,0,41,26.310000000000002,83.56,1.3,323,0.8
2021,9,15,15,30,20.900000000000002,0,93,21.97,72.21000000000001,1.1,322,0.8
2021,9,15,16,30,24.6,0,121,16.740000000000002,61.25,0.5,288,0.8
2021,9,15,17,30,27.6,0,137,13.870000000000001,51.230000000000004,0.4,205,0.8
2021,9,15,18,30,29.8,0,146,11.82,43.050000000000004,0.7000000000000001,151,0.9
2021,9,15,19,30,31.200000000000003,0,150,10.71,38.04,1,142,0.9
2021,9,15,20,30,32,0,142,10.13,37.550000000000004,1.3,141,0.9
2021,9,15,21,30,32.2,0,128,10.02,41.74,1.4000000000000001,143,0.9
2021,9,15,22,30,31.6,0,119,10.44,49.4,1.5,144,1
2021,9,15,23,30,31.200000000000003,0,106,10.94,59.14,1.5,145,1
2021,9,16,0,30,27.8,0,84,13.9,69.98,1.1,147,1
2021,9,16,1,30,23.200000000000003,0,48,20.32,81.3,0.7000000000000001,156,1
2021,9,16,2,30,19.700000000000003,0,0,27.98,92.9,0.6000000000000001,179,1.1
2021,9,16,3,30,18.8,0,0,32.55,104.21000000000001,0.6000000000000001,203,1.1
2021,9,16,4,30,18.3,0,0,36.26,114.95,0.4,204,1.1
2021,9,16,5,30,17.5,0,0,38.99,124.56,0.2,166,1
2021,9,16,6,30,16.5,0,0,41.51,132.23,0.30000000000000004,129,1
2021,9,16,7,30,15.600000000000001,0,0,43.730000000000004,136.82,0.4,127,1
2021,9,16,8,30,14.9,0,0,45.07,137.29,0.5,138,1
2021,9,16,9,30,14.200000000000001,0,0,46.33,133.49,0.5,154,1
2021,9,16,10,30,13.3,0,0,48.63,126.36,0.4,174,1
2021,9,16,11,30,12.600000000000001,0,0,50.33,117.08,0.30000000000000004,210,1
2021,9,16,12,30,11.9,0,0,51.800000000000004,106.54,0.30000000000000004,248,1
2021,9,16,13,30,11.9,0,0,50.43,95.33,0.30000000000000004,270,1.1
2021,9,16,14,30,13.9,0,36,43.52,83.73,0.4,272,1.1
2021,9,16,15,30,17.1,0,72,35.25,72.4,0.4,235,1.1
2021,9,16,16,30,20.200000000000003,0,90,27.89,61.45,0.5,189,1.2000000000000002
2021,9,16,17,30,23.1,0,97,21.26,51.480000000000004,0.6000000000000001,163,1.2000000000000002
2021,9,16,18,30,25.400000000000002,0,98,16.72,43.36,0.7000000000000001,147,1.2000000000000002
2021,9,16,19,30,27.1,0,99,13.870000000000001,38.4,0.8,139,1.2000000000000002
2021,9,16,20,30,28.1,0,100,12.22,37.94,1,136,1.2000000000000002
2021,9,16,21,30,28.5,0,97,11.51,42.13,1.1,134,1.2000000000000002
2021,9,16,22,30,28.3,0,92,11.66,49.77,1.1,130,1.1
2021,9,16,23,30,28.1,0,82,11.950000000000001,59.480000000000004,1.1,128,1.1
2021,9,17,0,30,25.3,0,67,14.370000000000001,70.3,0.9,129,1.1
2021,9,17,1,30,21.3,0,41,20.54,81.62,0.8,138,1.1
2021,9,17,2,30,18,0,0,27.44,93.22,0.8,154,1.1
2021,9,17,3,30,16.7,0,0,31.59,104.54,0.8,171,1
2021,9,17,4,30,16.2,0,0,34.34,115.29,0.8,181,1
2021,9,17,5,30,16,0,0,35.84,124.92,0.7000000000000001,176,1
2021,9,17,6,30,15.600000000000001,0,0,37.11,132.62,0.8,155,0.9
2021,9,17,7,30,14.600000000000001,0,0,39.83,137.22,1,145,0.9
2021,9,17,8,30,13.700000000000001,0,0,43.19,137.66,1,159,0.9
2021,9,17,9,30,13.5,0,0,45.29,133.81,1,186,0.9
2021,9,17,10,30,13.4,0,0,46.76,126.63000000000001,0.9,215,0.8
2021,9,17,11,30,13,0,0,48.43,117.31,0.8,244,0.8
2021,9,17,12,30,12.4,0,0,50.08,106.74000000000001,0.8,257,0.8
2021,9,17,13,30,12.100000000000001,0,0,50.42,95.51,0.8,243,0.8
2021,9,17,14,30,14.200000000000001,0,34,43.86,83.91,0.7000000000000001,226,0.8
2021,9,17,15,30,18.2,0,61,34.4,72.58,0.9,207,0.8
2021,9,17,16,30,21.5,0,76,26.22,61.660000000000004,1,182,0.8
2021,9,17,17,30,24.1,0,82,20,51.730000000000004,1.2000000000000002,166,0.8
2021,9,17,18,30,26.1,0,82,16.56,43.660000000000004,1.3,158,0.8
2021,9,17,19,30,27.6,0,84,14.14,38.76,1.5,152,0.8
2021,9,17,20,30,28.400000000000002,0,83,12.83,38.33,1.7000000000000002,149,0.9
2021,9,17,21,30,28.700000000000003,0,80,12.370000000000001,42.52,1.9000000000000001,148,0.9
2021,9,17,22,30,28.3,0,75,12.73,50.13,2,149,0.9
2021,9,17,23,30,27.900000000000002,0,67,13.370000000000001,59.82,2.1,149,0.9
2021,9,18,0,30,25.1,0,56,16.43,70.62,1.9000000000000001,150,1
2021,9,18,1,30,21,0,37,22.55,81.93,1.3,151,1
2021,9,18,2,30,17.1,0,0,31.970000000000002,93.54,0.9,156,1
2021,9,18,3,30,15.100000000000001,0,0,39.42,104.87,0.7000000000000001,164,1
2021,9,18,4,30,13.700000000000001,0,0,46.07,115.63,0.6000000000000001,170,1
2021,9,18,5,30,12.600000000000001,0,0,52.36,125.29,0.5,173,1
2021,9,18,6,30,11.8,0,0,57.71,133.01,0.5,176,1.1
2021,9,18,7,30,11.3,0,0,61.84,137.62,0.5,180,1.2000000000000002
2021,9,18,8,30,11,0,0,64.59,138.03,0.4,180,1.3
2021,9,18,9,30,10.8,0,0,67.38,134.14000000000001,0.30000000000000004,175,1.4000000000000001
2021,9,18,10,30,10.4,0,0,72.3,126.9,0.30000000000000004,168,1.5
2021,9,18,11,30,10,8,0,78.46000000000001,117.53,0.30000000000000004,171,1.7000000000000002
2021,9,18,12,30,9.8,8,0,83.79,106.94,0.4,170,1.9000000000000001
2021,9,18,13,30,10.100000000000001,8,0,85.95,95.69,0.4,159,2
2021,9,18,14,30,11.200000000000001,8,36,84.12,84.08,0.8,159,2.2
2021,9,18,15,30,13.200000000000001,8,103,81.72,72.77,1.3,174,2.3000000000000003
2021,9,18,16,30,15.3,8,187,78.75,61.88,1.7000000000000002,183,2.4000000000000004
2021,9,18,17,30,17.2,3,251,72.37,51.980000000000004,1.9000000000000001,183,2.5
2021,9,18,18,30,18.6,3,294,66.94,43.97,2.2,185,2.5
2021,9,18,19,30,19.400000000000002,4,171,63.96,39.13,2.4000000000000004,189,2.5
2021,9,18,20,30,19.700000000000003,4,286,62.84,38.730000000000004,2.5,195,2.5
2021,9,18,21,30,19.400000000000002,3,131,63.78,42.910000000000004,2.5,202,2.5
2021,9,18,22,30,18.5,4,204,67.21000000000001,50.5,2.4000000000000004,210,2.5
2021,9,18,23,30,17.900000000000002,4,162,69.10000000000001,60.160000000000004,2.3000000000000003,214,2.5
2021,9,19,0,30,15.600000000000001,4,76,79.18,70.95,1.6,228,2.4000000000000004
2021,9,19,1,30,14.200000000000001,4,13,86.25,82.24,1,230,2.2
2021,9,19,2,30,13.200000000000001,3,0,92.11,93.86,0.6000000000000001,219,2
2021,9,19,3,30,12.3,3,0,97.34,105.19,0.5,206,1.6
2021,9,19,4,30,11.200000000000001,3,0,100,115.97,0.5,201,1.3
2021,9,19,5,30,10.200000000000001,3,0,100,125.65,0.5,207,1
2021,9,19,6,30,9.3,3,0,100,133.4,0.5,222,0.9
2021,9,19,7,30,8.8,3,0,100,138.01,0.4,240,0.9
2021,9,19,8,30,8.4,0,0,100,138.41,0.4,254,1
2021,9,19,9,30,8.1,4,0,100,134.46,0.4,258,1
2021,9,19,10,30,8.1,4,0,100,127.17,0.4,255,1.1
2021,9,19,11,30,8.1,0,0,100,117.76,0.30000000000000004,253,1.1
2021,9,19,12,30,8.1,4,0,100,107.13,0.30000000000000004,244,1.2000000000000002
2021,9,19,13,30,8.4,4,0,98.97,95.88,0.30000000000000004,239,1.2000000000000002
2021,9,19,14,30,9.4,7,25,95.72,84.26,0.5,251,1.2000000000000002
2021,9,19,15,30,11.100000000000001,4,72,87.05,72.96000000000001,0.7000000000000001,286,1.3
2021,9,19,16,30,13.200000000000001,4,128,72.34,62.09,1,320,1.3
2021,9,19,17,30,15.4,3,253,57.81,52.230000000000004,1,338,1.3
2021,9,19,18,30,17.400000000000002,3,252,47.660000000000004,44.27,1.1,347,1.3
2021,9,19,19,30,19,3,267,40.72,39.49,1.1,351,1.3
2021,9,19,20,30,20.200000000000003,3,319,36.72,39.13,1.2000000000000002,352,1.3
2021,9,19,21,30,20.8,3,257,34.78,43.300000000000004,1.2000000000000002,349,1.3
2021,9,19,22,30,20.900000000000002,3,200,33.7,50.86,1.3,346,1.3
2021,9,19,23,30,20.8,3,142,32.81,60.5,1.3,345,1.3
2021,9,20,0,30,19,0,48,35.69,71.27,1.1,339,1.2000000000000002
2021,9,20,1,30,15.700000000000001,0,31,44.13,82.56,0.8,331,1.2000000000000002
2021,9,20,2,30,13,0,0,55.800000000000004,94.17,1,326,1.1
2021,9,20,3,30,12.200000000000001,0,0,58.02,105.52,1.5,327,1.1
2021,9,20,4,30,11.5,0,0,60.03,116.32000000000001,1.8,334,1.1
2021,9,20,5,30,11,0,0,61.6,126.02,1.9000000000000001,338,1.2000000000000002
2021,9,20,6,30,10.600000000000001,0,0,63.01,133.79,2,336,1.2000000000000002
2021,9,20,7,30,10,0,0,66.21000000000001,138.41,2,330,1.2000000000000002
2021,9,20,8,30,9.600000000000001,0,0,69.03,138.78,2.1,327,1.2000000000000002
2021,9,20,9,30,9.4,0,0,70.52,134.78,2.1,325,1.2000000000000002
2021,9,20,10,30,9.1,0,0,72.43,127.44,2.1,323,1.2000000000000002
2021,9,20,11,30,9,0,0,73.62,117.98,2.1,321,1.1
2021,9,20,12,30,8.9,0,0,74.83,107.33,2.1,319,1.1
2021,9,20,13,30,9.200000000000001,0,0,73.57000000000001,96.06,2.1,317,1
2021,9,20,14,30,10.8,0,28,65.74,84.44,2.2,318,0.9
2021,9,20,15,30,13.9,0,47,52.61,73.15,2.1,325,0.9
2021,9,20,16,30,17.2,0,57,39.94,62.300000000000004,2,336,0.8
2021,9,20,17,30,20.3,0,61,29.67,52.49,1.9000000000000001,344,0.8
2021,9,20,18,30,23,0,61,22.43,44.58,1.8,350,0.8
2021,9,20,19,30,25.1,0,61,17.88,39.86,1.6,355,0.9
2021,9,20,20,30,26.8,0,62,15.15,39.52,1.5,179,0.9
2021,9,20,21,30,27.8,0,60,13.6,43.69,1.5,2,0.9
2021,9,20,22,30,28,0,57,13.08,51.230000000000004,1.4000000000000001,3,0.9
2021,9,20,23,30,27.900000000000002,0,52,13,60.85,1.4000000000000001,3,0.9
2021,9,21,0,30,24.8,0,44,15.91,71.60000000000001,0.9,178,0.9
2021,9,21,1,30,20,0,30,28.78,82.87,0.7000000000000001,356,0.9
2021,9,21,2,30,16.400000000000002,0,0,38.24,94.49,0.8,180,0.9
2021,9,21,3,30,15,0,0,40.36,105.85000000000001,0.7000000000000001,176,0.9
2021,9,21,4,30,13.8,0,0,43.56,116.66,0.6000000000000001,355,0.9
2021,9,21,5,30,12.9,0,0,45.09,126.39,0.7000000000000001,355,0.8
2021,9,21,6,30,12.600000000000001,0,0,45.15,134.17000000000002,0.8,346,0.8
2021,9,21,7,30,12.4,0,0,44.06,138.81,0.8,334,0.8
2021,9,21,8,30,11.9,0,0,43.93,139.15,0.8,326,0.8
2021,9,21,9,30,11.200000000000001,0,0,45.14,135.1,0.9,330,0.8
2021,9,21,10,30,10.700000000000001,0,0,46.87,127.7,0.9,337,0.8
2021,9,21,11,30,10.200000000000001,0,0,49.050000000000004,118.21000000000001,0.9,335,0.8
2021,9,21,12,30,9.8,0,0,50.96,107.53,0.9,327,0.8
2021,9,21,13,30,10.100000000000001,0,0,50.44,96.24000000000001,1,318,0.8
2021,9,21,14,30,12.600000000000001,0,28,43.74,84.61,1.3,309,0.8
2021,9,21,15,30,16.7,0,50,33.84,73.34,1.2000000000000002,306,0.8
2021,9,21,16,30,20.6,0,65,24.71,62.52,0.7000000000000001,301,0.8
2021,9,21,17,30,24,0,74,18.21,52.75,0.30000000000000004,233,0.8
2021,9,21,18,30,26.700000000000003,0,81,14.48,44.89,0.4,161,0.8
2021,9,21,19,30,28.700000000000003,0,87,12.3,40.22,0.7000000000000001,151,0.8
2021,9,21,20,30,30,0,88,11.24,39.92,0.9,148,0.8
2021,9,21,21,30,30.6,0,85,10.81,44.08,1.1,144,0.9
2021,9,21,22,30,30.400000000000002,0,82,11.14,51.6,1.1,140,0.9
2021,9,21,23,30,30.200000000000003,0,74,11.68,61.19,1.2000000000000002,138,0.9
2021,9,22,0,30,26.3,0,60,15.5,71.92,0.8,131,0.9
2021,9,22,1,30,21.8,0,35,29.02,83.19,0.8,134,0.9
2021,9,22,2,30,19.400000000000002,0,0,33.51,94.81,0.8,148,0.9
2021,9,22,3,30,18.8,0,0,34.44,106.17,0.7000000000000001,173,1
2021,9,22,4,30,18.400000000000002,0,0,35.12,117,0.6000000000000001,209,1
2021,9,22,5,30,17.8,0,0,35.800000000000004,126.75,0.7000000000000001,241,1
2021,9,22,6,30,17,0,0,37.26,134.56,0.7000000000000001,262,1.1
2021,9,22,7,30,16.1,0,0,39.5,139.21,0.8,276,1.1
2021,9,22,8,30,15.3,0,0,41.74,139.53,0.8,289,1.1
2021,9,22,9,30,14.600000000000001,0,0,43.71,135.42000000000002,0.8,302,1.2000000000000002
2021,9,22,10,30,14,0,0,45.5,127.97,0.8,305,1.2000000000000002
2021,9,22,11,30,13.600000000000001,0,0,46.61,118.43,0.8,300,1.2000000000000002
2021,9,22,12,30,13.3,0,0,47.730000000000004,107.72,0.8,296,1.3
2021,9,22,13,30,13.8,0,0,46.230000000000004,96.43,0.7000000000000001,292,1.3
2021,9,22,14,30,15.9,0,28,40.96,84.79,0.6000000000000001,292,1.2000000000000002
2021,9,22,15,30,19.5,0,53,34.68,73.54,0.5,296,1.2000000000000002
2021,9,22,16,30,23.400000000000002,0,74,22.34,62.74,0.4,261,1.2000000000000002
2021,9,22,17,30,26.400000000000002,7,147,17.75,53,0.5,201,1.2000000000000002
2021,9,22,18,30,28.400000000000002,7,150,15.540000000000001,45.21,0.8,169,1.2000000000000002
2021,9,22,19,30,29.700000000000003,0,86,14.120000000000001,40.59,1.1,159,1.2000000000000002
2021,9,22,20,30,30.3,0,79,13.42,40.32,1.3,157,1.2000000000000002
2021,9,22,21,30,30,0,79,13.530000000000001,44.47,1.2000000000000002,158,1.2000000000000002
2021,9,22,22,30,29.200000000000003,0,74,14.22,51.97,1,161,1.2000000000000002
2021,9,22,23,30,28.8,0,65,14.8,61.53,0.9,162,1.2000000000000002
2021,9,23,0,30,25.8,0,61,18.2,72.25,0.5,148,1.2000000000000002
2021,9,23,1,30,22.200000000000003,0,31,29.05,83.5,0.4,166,1.2000000000000002
2021,9,23,2,30,19.200000000000003,0,0,34.57,95.13,0.5,240,1.1
2021,9,23,3,30,17.6,0,0,39.01,106.5,0.6000000000000001,308,1
2021,9,23,4,30,16.400000000000002,0,0,42.85,117.34,0.6000000000000001,332,1
2021,9,23,5,30,15.3,0,0,46.69,127.12,0.7000000000000001,339,0.9
2021,9,23,6,30,14.5,0,0,49.660000000000004,134.95,0.9,340,0.9
2021,9,23,7,30,14,0,0,51.43,139.61,1.3,337,0.9
2021,9,23,8,30,13.700000000000001,0,0,53.29,139.9,1.6,333,0.9
2021,9,23,9,30,13.4,0,0,56,135.74,1.8,328,0.9
2021,9,23,10,30,12.9,0,0,60,128.24,1.8,323,0.9
2021,9,23,11,30,12.4,0,0,63.160000000000004,118.66,1.7000000000000002,320,0.9
2021,9,23,12,30,12.100000000000001,0,0,64.34,107.92,1.7000000000000002,320,0.9
2021,9,23,13,30,12.100000000000001,0,0,63.72,96.61,1.7000000000000002,319,0.9
2021,9,23,14,30,13.9,0,32,55.88,84.97,1.8,316,1
2021,9,23,15,30,17.3,0,80,44.42,73.73,1.8,317,1
2021,9,23,16,30,20.900000000000002,0,106,33.99,62.96,1.6,324,1.1
2021,9,23,17,30,24.200000000000003,0,132,25.47,53.26,1.5,331,1.1
2021,9,23,18,30,26.8,0,109,20.38,45.52,1.5,337,1.2000000000000002
2021,9,23,19,30,28.700000000000003,0,115,17.02,40.96,1.4000000000000001,340,1.2000000000000002
2021,9,23,20,30,29.8,0,118,14.91,40.71,1.4000000000000001,338,1.2000000000000002
2021,9,23,21,30,30.200000000000003,0,120,13.790000000000001,44.86,1.4000000000000001,335,1.2000000000000002
2021,9,23,22,30,30,0,126,13.44,52.33,1.4000000000000001,330,1.2000000000000002
2021,9,23,23,30,29.700000000000003,0,117,13.43,61.88,1.4000000000000001,328,1.1
2021,9,24,0,30,25.8,0,98,17.66,72.58,1,314,1.1
2021,9,24,1,30,22,0,38,28.6,83.82000000000001,1.1,314,1.1
2021,9,24,2,30,19.700000000000003,0,0,32.43,95.45,1.2000000000000002,324,1.1
2021,9,24,3,30,18.400000000000002,0,0,35.34,106.82000000000001,1.2000000000000002,338,1.2000000000000002
2021,9,24,4,30,17.400000000000002,0,0,37.33,117.68,1.1,351,1.2000000000000002
2021,9,24,5,30,16.5,0,0,39.14,127.48,1.1,355,1.3
2021,9,24,6,30,15.8,0,0,40.6,135.34,1,352,1.4000000000000001
2021,9,24,7,30,15.200000000000001,0,0,41.64,140,1,347,1.4000000000000001
2021,9,24,8,30,14.600000000000001,0,0,42.81,140.27,0.9,339,1.5
2021,9,24,9,30,14.200000000000001,0,0,44.13,136.06,0.9,334,1.4000000000000001
2021,9,24,10,30,14.100000000000001,0,0,45.26,128.5,0.7000000000000001,193,1.4000000000000001
2021,9,24,11,30,14.100000000000001,0,0,46.01,118.88,0.6000000000000001,169,1.4000000000000001
2021,9,24,12,30,13.600000000000001,0,0,48.97,108.12,0.8,296,1.4000000000000001
2021,9,24,13,30,13.200000000000001,0,0,53.33,96.79,1,313,1.4000000000000001
2021,9,24,14,30,14.9,0,30,50.58,85.15,1.4000000000000001,324,1.3
2021,9,24,15,30,18.5,0,71,41.93,73.93,1.4000000000000001,334,1.3
2021,9,24,16,30,22.400000000000002,0,95,33.13,63.18,1,348,1.2000000000000002
2021,9,24,17,30,25.900000000000002,0,97,24.57,53.53,0.6000000000000001,190,1.2000000000000002
2021,9,24,18,30,28.400000000000002,0,85,20.12,45.84,0.4,49,1.2000000000000002
2021,9,24,19,30,30.1,0,87,17.38,41.33,0.5,89,1.2000000000000002
2021,9,24,20,30,31.1,0,88,15.69,41.11,0.7000000000000001,111,1.2000000000000002
2021,9,24,21,30,31.5,0,86,14.620000000000001,45.25,0.9,120,1.2000000000000002
2021,9,24,22,30,31.1,0,81,14.450000000000001,52.7,1,124,1.2000000000000002
2021,9,24,23,30,30.8,0,73,14.44,62.22,1.1,126,1.2000000000000002
2021,9,25,0,30,27,0,58,17.95,72.9,0.8,125,1.1
2021,9,25,1,30,22.5,0,31,28.3,84.13,0.7000000000000001,130,1.1
2021,9,25,2,30,19.900000000000002,0,0,34.04,95.76,0.8,140,1.1
2021,9,25,3,30,19.200000000000003,0,0,34.45,107.15,0.6000000000000001,150,1
2021,9,25,4,30,18.900000000000002,0,0,34.2,118.02,0.6000000000000001,154,1
2021,9,25,5,30,18.400000000000002,0,0,34.32,127.84,0.6000000000000001,156,0.9
2021,9,25,6,30,17.7,0,0,34.980000000000004,135.73,0.6000000000000001,163,0.9
2021,9,25,7,30,16.8,0,0,36.36,140.4,0.7000000000000001,167,0.9
2021,9,25,8,30,16.1,0,0,37.77,140.65,0.7000000000000001,162,1
2021,9,25,9,30,15.600000000000001,0,0,38.88,136.38,0.7000000000000001,145,1
2021,9,25,10,30,15.100000000000001,0,0,40.49,128.76,0.7000000000000001,120,1.1
2021,9,25,11,30,14.4,0,0,42.82,119.10000000000001,0.7000000000000001,101,1.1
2021,9,25,12,30,13.700000000000001,0,0,45.22,108.31,0.7000000000000001,94,1.2000000000000002
2021,9,25,13,30,13.4,0,0,46.24,96.98,0.7000000000000001,91,1.2000000000000002
2021,9,25,14,30,15.100000000000001,0,27,41.93,85.33,0.6000000000000001,88,1.2000000000000002
2021,9,25,15,30,18.6,0,51,34.63,74.12,0.7000000000000001,107,1.2000000000000002
2021,9,25,16,30,22.3,0,63,26.07,63.4,1.1,138,1.2000000000000002
2021,9,25,17,30,25.3,0,70,20.96,53.79,1.4000000000000001,150,1.2000000000000002
2021,9,25,18,30,27.6,0,74,18.07,46.15,1.6,152,1.2000000000000002
2021,9,25,19,30,29.1,0,76,16.38,41.7,1.7000000000000002,153,1.2000000000000002
2021,9,25,20,30,29.900000000000002,0,75,15.57,41.51,1.8,155,1.2000000000000002
2021,9,25,21,30,29.900000000000002,0,74,15.69,45.64,1.8,159,1.2000000000000002
2021,9,25,22,30,29.200000000000003,0,70,16.42,53.07,1.9000000000000001,167,1.2000000000000002
2021,9,25,23,30,28.700000000000003,0,64,16.98,62.56,1.9000000000000001,172,1.2000000000000002
2021,9,26,0,30,25.200000000000003,0,52,21.07,73.23,1.5,183,1.1
2021,9,26,1,30,20.6,0,30,29.69,84.44,1.1,188,1.1
2021,9,26,2,30,16.900000000000002,0,0,41.21,96.08,0.9,195,1
2021,9,26,3,30,15.4,0,0,46.06,107.47,0.7000000000000001,200,0.9
2021,9,26,4,30,14.5,0,0,49.45,118.36,0.6000000000000001,198,0.9
2021,9,26,5,30,14,0,0,51.9,128.21,0.6000000000000001,187,0.9
2021,9,26,6,30,13.700000000000001,7,0,53.75,136.12,0.6000000000000001,167,0.8
2021,9,26,7,30,13.4,0,0,54.97,140.8,0.5,147,0.8
2021,9,26,8,30,12.9,0,0,56.95,141.02,0.5,137,0.8
2021,9,26,9,30,12,0,0,60.9,136.70000000000002,0.5,147,0.8
2021,9,26,10,30,11.200000000000001,0,0,64.58,129.03,0.4,174,0.7000000000000001
2021,9,26,11,30,10.8,0,0,66.37,119.32000000000001,0.30000000000000004,190,0.7000000000000001
2021,9,26,12,30,10.600000000000001,0,0,66.52,108.51,0.2,153,0.7000000000000001
2021,9,26,13,30,10.600000000000001,0,0,65.04,97.16,0.2,99,0.6000000000000001
2021,9,26,14,30,12,0,26,57.86,85.51,0.30000000000000004,90,0.6000000000000001
2021,9,26,15,30,15,0,48,47.14,74.32000000000001,0.5,105,0.6000000000000001
2021,9,26,16,30,18.3,0,59,35.96,63.63,0.8,118,0.6000000000000001
2021,9,26,17,30,21.5,0,65,26.400000000000002,54.050000000000004,1.1,128,0.6000000000000001
2021,9,26,18,30,23.900000000000002,0,70,18.72,46.47,1.2000000000000002,134,0.6000000000000001
2021,9,26,19,30,25.5,0,70,15,42.07,1.4000000000000001,135,0.7000000000000001
2021,9,26,20,30,26.3,0,70,13.46,41.910000000000004,1.4000000000000001,135,0.7000000000000001
2021,9,26,21,30,26.5,0,67,13.07,46.03,1.5,134,0.7000000000000001
2021,9,26,22,30,26.1,0,64,13.46,53.44,1.6,135,0.8
2021,9,26,23,30,25.6,0,59,14.1,62.910000000000004,1.6,135,0.8
2021,9,27,0,30,22.200000000000003,0,48,18.06,73.55,1.2000000000000002,134,0.8
2021,9,27,1,30,18,0,27,26.47,84.75,0.7000000000000001,137,0.9
2021,9,27,2,30,15,0,0,37.04,96.39,0.6000000000000001,151,0.9
2021,9,27,3,30,13.9,0,0,44.24,107.79,0.5,179,1
2021,9,27,4,30,12.9,0,0,51.42,118.7,0.5,206,1
2021,9,27,5,30,12.3,0,0,57.01,128.57,0.5,215,1
2021,9,27,6,30,11.8,0,0,62.04,136.51,0.4,210,1.1
2021,9,27,7,30,11.5,0,0,67.25,141.20000000000002,0.4,211,1.2000000000000002
2021,9,27,8,30,11.3,0,0,71.91,141.39000000000001,0.4,216,1.2000000000000002
2021,9,27,9,30,11.200000000000001,0,0,74.91,137.02,0.30000000000000004,221,1.3
2021,9,27,10,30,11,0,0,77.43,129.29,0.30000000000000004,209,1.4000000000000001
2021,9,27,11,30,10.8,0,0,79.63,119.54,0.30000000000000004,155,1.4000000000000001
2021,9,27,12,30,10.4,0,0,82.87,108.71000000000001,0.30000000000000004,113,1.5
2021,9,27,13,30,10.200000000000001,0,0,85.32000000000001,97.35000000000001,0.30000000000000004,117,1.6
2021,9,27,14,30,11.200000000000001,0,25,81.97,85.69,0.5,135,1.6
2021,9,27,15,30,13.200000000000001,0,44,76.77,74.52,0.8,159,1.8
2021,9,27,16,30,15.600000000000001,0,53,70.05,63.85,1,168,1.9000000000000001
2021,9,27,17,30,17.8,3,198,61.9,54.32,1.2000000000000002,166,2
2021,9,27,18,30,19.1,3,277,58.28,46.79,1.5,168,2.1
2021,9,27,19,30,19.700000000000003,3,264,57.65,42.44,1.7000000000000002,176,2.2
2021,9,27,20,30,19.8,3,286,57.82,42.300000000000004,1.8,188,2.2
2021,9,27,21,30,19.3,3,273,58.96,46.42,1.9000000000000001,205,2.1
2021,9,27,22,30,18.3,4,183,61.07,53.800000000000004,2.1,224,1.9000000000000001
2021,9,27,23,30,17.5,3,142,62.11,63.25,2.2,233,1.8
2021,9,28,0,30,14.3,3,75,73.10000000000001,73.88,1.9000000000000001,260,1.5
2021,9,28,1,30,12.100000000000001,3,23,81.23,85.06,1.5,278,1.3
2021,9,28,2,30,10.3,4,0,89.05,96.71000000000001,1.4000000000000001,293,1
2021,9,28,3,30,9,0,0,91.46000000000001,108.11,1.4000000000000001,303,0.9
2021,9,28,4,30,8.1,0,0,91.41,119.04,1.2000000000000002,306,0.7000000000000001
2021,9,28,5,30,7.4,4,0,91.59,128.93,1,307,0.7000000000000001
2021,9,28,6,30,6.800000000000001,4,0,92.69,136.89000000000001,0.8,309,0.7000000000000001
2021,9,28,7,30,6.2,0,0,94.07000000000001,141.6,0.7000000000000001,311,0.7000000000000001
2021,9,28,8,30,5.800000000000001,0,0,94.79,141.76,0.8,311,0.7000000000000001
2021,9,28,9,30,5.4,0,0,94.86,137.34,1.1,309,0.7000000000000001
2021,9,28,10,30,5.1000000000000005,8,0,94.41,129.55,1.4000000000000001,309,0.8
2021,9,28,11,30,4.9,7,0,93.35000000000001,119.76,1.6,310,0.8
2021,9,28,12,30,4.6000000000000005,0,0,93.75,108.9,1.7000000000000002,312,0.8
2021,9,28,13,30,4.5,0,0,93.43,97.53,1.8,311,0.8
2021,9,28,14,30,5.5,0,24,86.66,85.87,2,314,0.7000000000000001
2021,9,28,15,30,7.800000000000001,0,44,73.51,74.72,2.1,330,0.7000000000000001
2021,9,28,16,30,10.700000000000001,0,55,57.660000000000004,64.08,2.3000000000000003,344,0.7000000000000001
2021,9,28,17,30,13.3,0,60,44.27,54.59,2.4000000000000004,347,0.7000000000000001
2021,9,28,18,30,15.5,0,63,34.38,47.11,2.5,346,0.7000000000000001
2021,9,28,19,30,17.1,0,66,28.1,42.81,2.5,346,0.7000000000000001
2021,9,28,20,30,18.3,0,67,24.11,42.7,2.3000000000000003,345,0.7000000000000001
2021,9,28,21,30,18.900000000000002,0,66,22.14,46.81,2.1,345,0.7000000000000001
2021,9,28,22,30,18.900000000000002,0,65,21.82,54.17,1.9000000000000001,344,0.7000000000000001
2021,9,28,23,30,18.8,0,75,22.34,63.59,1.9000000000000001,344,0.7000000000000001
2021,9,29,0,30,16.2,0,72,27.48,74.2,1.3,345,0.8
2021,9,29,1,30,12.9,0,31,37.54,85.36,0.7000000000000001,342,0.8
2021,9,29,2,30,10.3,0,0,50.09,97.02,0.7000000000000001,338,0.8
2021,9,29,3,30,9.4,7,0,56.7,108.43,0.9,334,0.8
2021,9,29,4,30,8.8,8,0,61.81,119.37,1.3,328,0.8
2021,9,29,5,30,8.4,4,0,65.17,129.29,1.6,324,0.9
2021,9,29,6,30,8,0,0,67.23,137.28,1.7000000000000002,322,0.9
2021,9,29,7,30,7.6000000000000005,0,0,68.55,141.99,1.8,320,1
2021,9,29,8,30,7.1000000000000005,0,0,70.14,142.13,1.9000000000000001,317,1
2021,9,29,9,30,6.4,0,0,72.96000000000001,137.65,2,315,1
2021,9,29,10,30,5.7,0,0,75.99,129.81,2,313,1
2021,9,29,11,30,5.300000000000001,0,0,77.11,119.99000000000001,2,310,1
2021,9,29,12,30,5,0,0,77.26,109.10000000000001,2,308,1
2021,9,29,13,30,5.1000000000000005,0,0,74.92,97.72,2,308,1
2021,9,29,14,30,7.2,0,23,63.46,86.05,2,310,1
2021,9,29,15,30,11,0,54,48.02,74.92,1.9000000000000001,322,1
2021,9,29,16,30,14.5,0,60,33.65,64.31,1.7000000000000002,336,1
2021,9,29,17,30,17.5,0,60,24.39,54.86,1.6,341,1
2021,9,29,18,30,19.900000000000002,0,60,19.09,47.43,1.6,344,1.1
2021,9,29,19,30,21.8,0,61,15.82,43.18,1.6,346,1.1
2021,9,29,20,30,23.1,0,61,14.08,43.09,1.6,346,1.1
2021,9,29,21,30,23.900000000000002,0,60,13.21,47.2,1.6,347,1.1
2021,9,29,22,30,24.1,0,57,13.120000000000001,54.54,1.6,347,1.1
2021,9,29,23,30,24,0,50,13.5,63.93,1.6,347,1.1
2021,9,30,0,30,20.8,0,41,17.1,74.53,1.2000000000000002,342,1.1
2021,9,30,1,30,16.5,0,22,28.34,85.67,1.1,337,1.1
2021,9,30,2,30,13.700000000000001,0,0,36.45,97.33,1.2000000000000002,334,1
2021,9,30,3,30,12.600000000000001,0,0,39.52,108.75,1.2000000000000002,334,1
2021,9,30,4,30,12,0,0,40.87,119.71000000000001,1.2000000000000002,331,1
2021,9,30,5,30,11.5,0,0,42,129.65,1.2000000000000002,327,1
2021,9,30,6,30,11,0,0,43,137.66,1.2000000000000002,324,1
2021,9,30,7,30,10.4,0,0,43.85,142.39000000000001,1.2000000000000002,321,1
2021,9,30,8,30,9.8,0,0,44.58,142.5,1.4000000000000001,318,0.9
2021,9,30,9,30,9.3,0,0,45.5,137.97,1.5,316,0.9
2021,9,30,10,30,8.8,0,0,46.42,130.07,1.3,320,0.9
2021,9,30,11,30,8.4,0,0,46.43,120.2,1.1,323,0.9
2021,9,30,12,30,8.1,0,0,47.050000000000004,109.29,1.1,322,0.9
2021,9,30,13,30,8.3,0,0,46.4,97.9,1.4000000000000001,317,0.9
2021,9,30,14,30,10.8,0,23,40,86.24,1.7000000000000002,312,0.9
2021,9,30,15,30,14.9,0,41,31.5,75.12,1.6,316,0.9
2021,9,30,16,30,18.7,0,51,21.900000000000002,64.54,1.2000000000000002,326,0.9
2021,9,30,17,30,21.700000000000003,0,59,16.29,55.13,1.1,335,0.9
2021,9,30,18,30,23.8,0,62,13.98,47.75,1.2000000000000002,341,0.9
2021,9,30,19,30,25.400000000000002,0,64,12.51,43.550000000000004,1.2000000000000002,342,0.9
2021,9,30,20,30,26.5,0,64,11.53,43.49,1.2000000000000002,340,0.9
2021,9,30,21,30,27.1,0,63,10.93,47.59,1.2000000000000002,339,0.9
2021,9,30,22,30,27.1,0,60,10.81,54.9,1.2000000000000002,339,0.9
2021,9,30,23,30,26.900000000000002,0,55,11.07,64.28,1.2000000000000002,339,0.9
2021,10,1,0,30,23.400000000000002,0,43,15.01,74.85000000000001,0.8,330,0.9
2021,10,1,1,30,19.6,0,24,27.310000000000002,85.98,0.9,317,1
2021,10,1,2,30,17.2,0,0,32.24,97.65,0.9,313,1
2021,10,1,3,30,16.1,0,0,35.47,109.07000000000001,0.9,318,1
2021,10,1,4,30,15.5,7,0,38.34,120.04,0.8,323,1
2021,10,1,5,30,14.8,7,0,41.71,130,0.7000000000000001,324,1.1
2021,10,1,6,30,14.200000000000001,0,0,43.9,138.05,0.6000000000000001,318,1.1
2021,10,1,7,30,13.600000000000001,7,0,46.33,142.79,0.6000000000000001,314,1.1
2021,10,1,8,30,13,0,0,49.58,142.87,0.7000000000000001,314,1.1
2021,10,1,9,30,12.600000000000001,7,0,52.78,138.28,0.7000000000000001,316,1.2000000000000002
2021,10,1,10,30,12.200000000000001,0,0,55.910000000000004,130.33,0.8,319,1.2000000000000002
2021,10,1,11,30,11.9,0,0,59.04,120.42,0.8,319,1.2000000000000002
2021,10,1,12,30,11.5,0,0,62.58,109.49000000000001,0.8,322,1.2000000000000002
2021,10,1,13,30,11.100000000000001,0,0,65.2,98.09,0.9,324,1.2000000000000002
2021,10,1,14,30,12.700000000000001,0,22,59.620000000000005,86.42,1.1,319,1.2000000000000002
2021,10,1,15,30,16.3,0,42,48.46,75.33,1.2000000000000002,320,1.2000000000000002
2021,10,1,16,30,19.8,0,53,34.72,64.77,1,335,1.2000000000000002
2021,10,1,17,30,23,0,59,23.18,55.4,0.8,182,1.2000000000000002
2021,10,1,18,30,25.200000000000003,0,64,17.79,48.08,0.5,29,1.2000000000000002
2021,10,1,19,30,26.700000000000003,0,67,15.81,43.92,0.4,41,1.2000000000000002
2021,10,1,20,30,27.6,0,66,14.97,43.89,0.4,43,1.1
2021,10,1,21,30,28,0,64,14.73,47.980000000000004,0.5,45,1.1
2021,10,1,22,30,27.8,0,60,14.950000000000001,55.27,0.5,53,1.1
2021,10,1,23,30,27.5,0,53,15.38,64.62,0.5,58,1.1
2021,10,2,0,30,24.200000000000003,0,43,19.23,75.17,0.5,84,1.1
2021,10,2,1,30,20.6,0,23,30.18,86.28,0.6000000000000001,123,1.1
2021,10,2,2,30,18.5,0,0,34.29,97.95,0.7000000000000001,166,1
2021,10,2,3,30,17.8,0,0,35.64,109.39,0.7000000000000001,193,1
2021,10,2,4,30,17.5,0,0,35.67,120.37,0.6000000000000001,207,1
2021,10,2,5,30,17.1,0,0,35.88,130.36,0.6000000000000001,258,1
2021,10,2,6,30,16.400000000000002,0,0,36.71,138.43,0.7000000000000001,320,1
2021,10,2,7,30,15.4,0,0,37.800000000000004,143.18,0.9,341,0.9
2021,10,2,8,30,14.200000000000001,0,0,39.58,143.24,0.9,347,0.9
2021,10,2,9,30,13.100000000000001,0,0,41.99,138.59,1,349,0.9
2021,10,2,10,30,12.100000000000001,0,0,44.4,130.59,1,346,0.9
2021,10,2,11,30,11.200000000000001,0,0,46.57,120.64,1,341,0.9
2021,10,2,12,30,10.600000000000001,0,0,47.62,109.69,1,333,0.9
2021,10,2,13,30,10.3,0,0,47.56,98.28,1,326,0.8
2021,10,2,14,30,12.4,0,22,40.95,86.61,0.8,319,0.8
2021,10,2,15,30,16.8,0,43,31.69,75.53,0.9,314,0.9
2021,10,2,16,30,20.900000000000002,0,54,23.75,65,1,318,0.9
2021,10,2,17,30,24.1,0,61,17.76,55.67,0.9,330,0.9
2021,10,2,18,30,26.5,0,66,14.59,48.4,0.7000000000000001,168,0.9
2021,10,2,19,30,28.1,0,68,12.8,44.29,0.5,14,0.9
2021,10,2,20,30,29,0,68,11.82,44.28,0.30000000000000004,38,0.9
2021,10,2,21,30,29.400000000000002,0,67,11.34,48.370000000000005,0.2,60,1
2021,10,2,22,30,29.1,0,62,11.47,55.63,0.30000000000000004,75,1
2021,10,2,23,30,28.700000000000003,0,56,11.91,64.95,0.30000000000000004,82,1
2021,10,3,0,30,24.900000000000002,0,44,15.92,75.49,0.5,110,1.1
2021,10,3,1,30,20.900000000000002,0,22,27.27,86.58,0.8,140,1.1
2021,10,3,2,30,18.8,0,0,30.22,98.26,0.9,167,1.1
2021,10,3,3,30,18,0,0,31.650000000000002,109.7,0.8,187,1.1
2021,10,3,4,30,17.7,0,0,32.01,120.7,0.7000000000000001,198,1.1
2021,10,3,5,30,17.7,0,0,31.35,130.71,0.7000000000000001,202,1.1
2021,10,3,6,30,17.7,0,0,30.57,138.81,0.6000000000000001,205,1.1
2021,10,3,7,30,17.3,0,0,30.66,143.58,0.6000000000000001,217,1.1
2021,10,3,8,30,16.6,0,0,31.76,143.61,0.6000000000000001,240,1.1
2021,10,3,9,30,15.700000000000001,0,0,33.51,138.91,0.7000000000000001,266,1.1
2021,10,3,10,30,14.600000000000001,0,0,35.93,130.84,0.7000000000000001,289,1.1
2021,10,3,11,30,13.8,0,0,38.160000000000004,120.86,0.8,306,1.1
2021,10,3,12,30,13.200000000000001,0,0,40.160000000000004,109.88,0.8,315,1.1
2021,10,3,13,30,12.8,0,0,41.75,98.47,0.8,316,1.1
2021,10,3,14,30,14,0,21,39.22,86.79,0.6000000000000001,310,1.1
2021,10,3,15,30,17.5,0,46,33.44,75.74,0.5,297,1.1
2021,10,3,16,30,21.6,0,59,23.580000000000002,65.23,0.5,286,1.1
2021,10,3,17,30,24.900000000000002,0,72,18.28,55.95,0.2,306,1.1
2021,10,3,18,30,27.1,0,85,15.58,48.72,0.2,216,1.1
2021,10,3,19,30,28.6,0,88,14.14,44.660000000000004,0.4,104,1.1
2021,10,3,20,30,29.3,0,86,13.52,44.67,0.6000000000000001,110,1.1
2021,10,3,21,30,29.5,0,82,13.33,48.75,0.7000000000000001,117,1.1
2021,10,3,22,30,29.200000000000003,0,73,13.5,55.99,0.9,121,1.1
2021,10,3,23,30,28.8,0,64,13.700000000000001,65.29,0.9,123,1.1
2021,10,4,0,30,24.700000000000003,0,48,17.55,75.81,0.9,132,1.1
2021,10,4,1,30,20.700000000000003,0,22,27.32,86.88,0.9,145,1.1
2021,10,4,2,30,18.6,0,0,29.12,98.57000000000001,0.9,159,1
2021,10,4,3,30,18,0,0,29.94,110.01,0.8,167,1
2021,10,4,4,30,17.900000000000002,0,0,29.62,121.02,0.7000000000000001,169,1
2021,10,4,5,30,17.7,0,0,29.52,131.06,0.7000000000000001,168,0.9
2021,10,4,6,30,17.5,0,0,29.69,139.19,0.6000000000000001,169,0.9
2021,10,4,7,30,17.2,0,0,30.13,143.97,0.5,173,0.8
2021,10,4,8,30,16.8,0,0,30.84,143.98,0.4,189,0.8
2021,10,4,9,30,16.1,0,0,32.83,139.22,0.30000000000000004,230,0.8
2021,10,4,10,30,15.3,0,0,34.7,131.1,0.30000000000000004,277,0.8
2021,10,4,11,30,14.5,0,0,36.47,121.08,0.30000000000000004,305,0.8
2021,10,4,12,30,13.700000000000001,0,0,38.02,110.08,0.4,316,0.7000000000000001
2021,10,4,13,30,12.9,0,0,39.75,98.65,0.5,314,0.7000000000000001
2021,10,4,14,30,13.5,0,21,37.980000000000004,86.98,0.4,303,0.7000000000000001
2021,10,4,15,30,16.2,0,50,33.99,75.94,0.4,264,0.7000000000000001
2021,10,4,16,30,20,0,65,23.48,65.47,0.4,211,0.8
2021,10,4,17,30,23.200000000000003,0,74,15.34,56.22,0.5,176,0.8
2021,10,4,18,30,25.6,0,81,11.98,49.050000000000004,0.6000000000000001,154,0.8
2021,10,4,19,30,27.1,0,84,10.540000000000001,45.03,0.9,143,0.8
2021,10,4,20,30,27.900000000000002,0,85,9.74,45.06,1,139,0.8
2021,10,4,21,30,28.200000000000003,0,82,9.370000000000001,49.14,1.2000000000000002,140,0.8
2021,10,4,22,30,27.8,0,78,9.51,56.35,1.3,143,0.8
2021,10,4,23,30,27.400000000000002,0,69,9.74,65.63,1.3,145,0.8
2021,10,5,0,30,22.700000000000003,0,53,13.450000000000001,76.12,0.8,142,0.8
2021,10,5,1,30,18,0,22,22.62,87.17,0.7000000000000001,150,0.8
2021,10,5,2,30,15.600000000000001,0,0,27.64,98.87,0.7000000000000001,169,0.8
2021,10,5,3,30,15,0,0,29.07,110.32000000000001,0.6000000000000001,187,0.8
2021,10,5,4,30,14.9,0,0,28.87,121.35000000000001,0.5,199,0.9
2021,10,5,5,30,14.8,0,0,28.19,131.41,0.6000000000000001,208,0.9
2021,10,5,6,30,14.4,0,0,28.17,139.57,0.6000000000000001,217,1
2021,10,5,7,30,13.9,0,0,28.580000000000002,144.36,0.6000000000000001,224,1
2021,10,5,8,30,13.3,0,0,29.32,144.35,0.7000000000000001,233,1
2021,10,5,9,30,12.5,0,0,30.11,139.53,0.8,244,1
2021,10,5,10,30,11.5,0,0,31.7,131.35,0.8,247,1
2021,10,5,11,30,10.700000000000001,0,0,33.36,121.29,0.9,247,1
2021,10,5,12,30,10.4,7,0,34.45,110.27,0.8,252,1.1
2021,10,5,13,30,10.5,6,0,35.050000000000004,98.84,0.6000000000000001,260,1.1
2021,10,5,14,30,11.5,7,18,33.67,87.16,0.5,261,1.2000000000000002
2021,10,5,15,30,13.600000000000001,7,69,31.82,76.15,0.4,237,1.2000000000000002
2021,10,5,16,30,16.3,7,108,25.240000000000002,65.7,0.6000000000000001,197,1.3
2021,10,5,17,30,19.1,7,220,20.86,56.5,0.9,175,1.3
2021,10,5,18,30,21.3,7,287,18.23,49.370000000000005,1.2000000000000002,166,1.3
2021,10,5,19,30,22.5,7,331,17.92,45.4,1.5,163,1.2000000000000002
2021,10,5,20,30,23,8,263,18.75,45.46,1.7000000000000002,163,1.2000000000000002
2021,10,5,21,30,22.900000000000002,8,162,20.36,49.52,1.8,167,1.2000000000000002
2021,10,5,22,30,21.900000000000002,8,154,23.25,56.71,1.8,177,1.1
2021,10,5,23,30,21.1,0,78,26.28,65.96000000000001,1.8,183,1.1
2021,10,6,0,30,17.400000000000002,0,54,36.300000000000004,76.44,1.2000000000000002,215,1.1
2021,10,6,1,30,14.5,7,18,48.800000000000004,87.46000000000001,1.1,238,1
2021,10,6,2,30,12.600000000000001,7,0,62.17,99.17,1.2000000000000002,257,1.1
2021,10,6,3,30,11.8,7,0,71.85000000000001,110.63,1.2000000000000002,270,1.1
2021,10,6,4,30,11.3,7,0,78.83,121.67,0.9,277,1.2000000000000002
2021,10,6,5,30,10.9,7,0,83.45,131.75,0.5,271,1.4000000000000001
2021,10,6,6,30,10.5,7,0,86.81,139.94,0.4,257,1.5
2021,10,6,7,30,10.3,7,0,88.12,144.75,0.4,244,1.5
2021,10,6,8,30,10.200000000000001,7,0,87.88,144.71,0.4,240,1.6
2021,10,6,9,30,9.9,7,0,88.47,139.83,0.4,250,1.6
2021,10,6,10,30,9.600000000000001,7,0,88.59,131.61,0.30000000000000004,268,1.5
2021,10,6,11,30,9.3,7,0,88.2,121.51,0.30000000000000004,286,1.5
2021,10,6,12,30,8.9,7,0,88.22,110.47,0.30000000000000004,297,1.4000000000000001
2021,10,6,13,30,8.6,7,0,87.36,99.03,0.30000000000000004,298,1.4000000000000001
2021,10,6,14,30,8.8,7,12,84.71000000000001,87.34,0.30000000000000004,296,1.3
2021,10,6,15,30,9.9,7,84,75.92,76.36,0.4,304,1.3
2021,10,6,16,30,11.8,7,119,63.47,65.94,0.4,324,1.3
2021,10,6,17,30,14.4,7,100,50.1,56.78,0.30000000000000004,198,1.3
2021,10,6,18,30,16.900000000000002,0,98,37.46,49.7,0.30000000000000004,88,1.3
2021,10,6,19,30,18.6,7,140,30.580000000000002,45.77,0.5,122,1.3
2021,10,6,20,30,19.3,0,109,28.67,45.85,0.8,129,1.3
2021,10,6,21,30,19.5,0,70,28.560000000000002,49.9,1.1,133,1.3
2021,10,6,22,30,19.3,0,67,29.45,57.07,1.3,137,1.3
2021,10,6,23,30,19.1,0,63,30.77,66.3,1.4000000000000001,138,1.3
2021,10,7,0,30,16.7,0,46,37.26,76.75,1.5,141,1.3
2021,10,7,1,30,13.9,0,18,47.07,87.74,1.4000000000000001,144,1.3
2021,10,7,2,30,11.8,0,0,55.93,99.47,1.2000000000000002,146,1.3
2021,10,7,3,30,10.9,0,0,58.74,110.93,0.9,143,1.3
2021,10,7,4,30,10.200000000000001,0,0,60.050000000000004,121.99000000000001,0.7000000000000001,132,1.3
2021,10,7,5,30,9.600000000000001,0,0,61.44,132.1,0.6000000000000001,117,1.3
2021,10,7,6,30,9.1,0,0,62.63,140.32,0.7000000000000001,110,1.2000000000000002
2021,10,7,7,30,8.200000000000001,0,0,65.89,145.14000000000001,0.8,109,1.2000000000000002
2021,10,7,8,30,7.4,7,0,68.94,145.07,0.8,109,1.1
2021,10,7,9,30,6.800000000000001,8,0,71.68,140.14000000000001,0.7000000000000001,108,1
2021,10,7,10,30,6.5,8,0,73.33,131.86,0.6000000000000001,109,0.9
2021,10,7,11,30,6.6000000000000005,8,0,72.92,121.73,0.6000000000000001,108,0.9
2021,10,7,12,30,6.800000000000001,8,0,72.06,110.66,0.5,104,0.8
2021,10,7,13,30,6.9,8,0,71.67,99.22,0.4,102,0.8
2021,10,7,14,30,7.9,7,16,67.12,87.52,0.30000000000000004,110,0.7000000000000001
2021,10,7,15,30,9.700000000000001,8,79,59.93,76.57000000000001,0.5,129,0.7000000000000001
2021,10,7,16,30,11.700000000000001,8,99,52.25,66.18,0.9,145,0.7000000000000001
2021,10,7,17,30,13.600000000000001,8,158,42.01,57.06,1.1,154,0.8
2021,10,7,18,30,15.4,8,207,33.06,50.03,1.2000000000000002,158,0.8
2021,10,7,19,30,16.8,8,256,27.61,46.14,1.2000000000000002,160,0.9
2021,10,7,20,30,17.400000000000002,7,303,25.060000000000002,46.230000000000004,1.2000000000000002,157,0.9
2021,10,7,21,30,17.2,7,237,24.39,50.28,1.1,151,1
2021,10,7,22,30,16.6,8,180,24.96,57.43,1.1,144,1
2021,10,7,23,30,16.3,7,160,25.8,66.63,1,141,1
2021,10,8,0,30,13.600000000000001,7,70,33.62,77.06,0.7000000000000001,130,1
2021,10,8,1,30,11.600000000000001,8,14,41.39,88.03,0.7000000000000001,133,1
2021,10,8,2,30,10.3,7,0,47.65,99.77,0.7000000000000001,140,1
2021,10,8,3,30,9.5,8,0,53.120000000000005,111.23,0.6000000000000001,145,1.1
2021,10,8,4,30,8.9,7,0,57.730000000000004,122.31,0.5,144,1.1
2021,10,8,5,30,8.4,7,0,62.03,132.44,0.5,144,1.1
2021,10,8,6,30,7.9,7,0,66.64,140.69,0.5,147,1.1
2021,10,8,7,30,7.4,7,0,71.57000000000001,145.53,0.5,149,1
2021,10,8,8,30,6.800000000000001,0,0,77.17,145.44,0.5,153,1
2021,10,8,9,30,6.2,0,0,83,140.45000000000002,0.5,157,1
2021,10,8,10,30,5.6000000000000005,0,0,88.96000000000001,132.11,0.4,155,1
2021,10,8,11,30,5,0,0,94.47,121.94,0.30000000000000004,146,0.9
2021,10,8,12,30,4.5,0,0,99.18,110.86,0.30000000000000004,135,0.9
2021,10,8,13,30,4.3,0,0,100,99.41,0.30000000000000004,133,0.9
2021,10,8,14,30,5.1000000000000005,0,19,96.05,87.7,0.5,138,0.9
2021,10,8,15,30,6.5,0,55,87.89,76.78,0.9,143,0.9
2021,10,8,16,30,8.200000000000001,0,75,79.22,66.42,1,146,1
2021,10,8,17,30,10.5,0,82,66.32000000000001,57.33,1.1,148,1
2021,10,8,18,30,12.4,0,85,55.120000000000005,50.35,1.2000000000000002,150,1
2021,10,8,19,30,13.8,0,87,47.52,46.51,1.2000000000000002,149,1
2021,10,8,20,30,14.600000000000001,0,80,42.75,46.62,1.2000000000000002,149,1.1
2021,10,8,21,30,14.8,0,99,40.49,50.660000000000004,1.1,150,1.1
2021,10,8,22,30,14.5,0,92,40.07,57.78,1,154,1.1
2021,10,8,23,30,14.200000000000001,3,121,40.25,66.96000000000001,1,155,1.1
2021,10,9,0,30,12,0,43,46.53,77.37,0.8,155,1.1
2021,10,9,1,30,9.1,7,14,57.96,88.3,0.5,154,1.2000000000000002
2021,10,9,2,30,7.4,7,0,68.37,100.07000000000001,0.5,167,1.3
2021,10,9,3,30,7,7,0,73.26,111.53,0.4,196,1.4000000000000001
2021,10,9,4,30,6.7,8,0,76.19,122.62,0.30000000000000004,226,1.5
2021,10,9,5,30,6.4,0,0,79.36,132.78,0.30000000000000004,252,1.5
2021,10,9,6,30,6.1000000000000005,7,0,82.81,141.06,0.30000000000000004,270,1.5
2021,10,9,7,30,5.800000000000001,0,0,85.8,145.92000000000002,0.30000000000000004,265,1.4000000000000001
2021,10,9,8,30,5.300000000000001,0,0,89.67,145.8,0.30000000000000004,255,1.4000000000000001
2021,10,9,9,30,4.7,0,0,94.43,140.75,0.4,266,1.3
2021,10,9,10,30,4.1000000000000005,0,0,99.99000000000001,132.36,0.6000000000000001,286,1.3
2021,10,9,11,30,3.6,0,0,100,122.15,0.6000000000000001,298,1.3
2021,10,9,12,30,3.4000000000000004,0,0,100,111.05,0.6000000000000001,303,1.2000000000000002
2021,10,9,13,30,3.3000000000000003,0,0,100,99.60000000000001,0.6000000000000001,303,1.2000000000000002
2021,10,9,14,30,4.9,0,17,100,87.88,0.7000000000000001,300,1.1
2021,10,9,15,30,8.200000000000001,0,45,81.34,76.99,0.9,305,1.1
2021,10,9,16,30,11.4,0,57,63.97,66.66,1,321,1
2021,10,9,17,30,14.100000000000001,0,62,49.120000000000005,57.61,1,335,1
2021,10,9,18,30,16.3,0,65,38.64,50.68,1.1,341,1
2021,10,9,19,30,17.900000000000002,0,66,32.29,46.88,1.1,343,1
2021,10,9,20,30,19.1,0,66,28.5,47.01,1,344,1
2021,10,9,21,30,19.8,0,62,26.19,51.03,1,347,1.1
2021,10,9,22,30,19.900000000000002,0,57,25.23,58.13,0.9,347,1.1
2021,10,9,23,30,19.700000000000003,0,51,25.16,67.28,0.9,346,1.1
2021,10,10,0,30,16.7,0,39,30.63,77.68,0.6000000000000001,327,1.2000000000000002
2021,10,10,1,30,12.8,0,14,42.19,88.58,0.5,301,1.1
2021,10,10,2,30,10.200000000000001,0,0,52.550000000000004,100.36,0.6000000000000001,289,1.1
2021,10,10,3,30,9.1,0,0,59.9,111.83,0.6000000000000001,291,1.1
2021,10,10,4,30,8.3,0,0,66.23,122.93,0.8,296,1.1
2021,10,10,5,30,7.6000000000000005,0,0,71.51,133.11,0.9,299,1
2021,10,10,6,30,7,0,0,74.26,141.43,1.1,303,1
2021,10,10,7,30,6.7,0,0,73.52,146.3,1.4000000000000001,307,1
2021,10,10,8,30,6.4,0,0,72.13,146.16,1.5,308,1
2021,10,10,9,30,6,0,0,71.87,141.05,1.6,309,0.9
2021,10,10,10,30,5.7,0,0,71.66,132.61,1.6,308,0.9
2021,10,10,11,30,5.300000000000001,0,0,72,122.37,1.6,309,0.8
2021,10,10,12,30,5.1000000000000005,0,0,71.52,111.25,1.6,310,0.8
2021,10,10,13,30,5,0,0,70.9,99.78,1.6,311,0.8
2021,10,10,14,30,6.800000000000001,0,16,61.86,88.07000000000001,1.6,309,0.8
2021,10,10,15,30,10.600000000000001,0,40,47.53,77.2,1.6,311,0.9
2021,10,10,16,30,14.5,0,51,34.78,66.9,1.5,322,1
2021,10,10,17,30,17.6,0,59,26.7,57.9,1.5,334,1
2021,10,10,18,30,20,0,63,22.98,51.01,1.5,343,1
2021,10,10,19,30,21.5,0,67,22.55,47.24,1.4000000000000001,346,1
2021,10,10,20,30,22.5,0,69,23.830000000000002,47.39,1.2000000000000002,343,1
2021,10,10,21,30,22.700000000000003,0,68,25.01,51.410000000000004,1,333,0.9
2021,10,10,22,30,22.1,0,65,25.46,58.480000000000004,1,318,0.9
2021,10,10,23,30,21.6,0,58,24.23,67.61,1.1,311,0.9
2021,10,11,0,30,17.3,0,44,28.740000000000002,77.99,1.5,308,0.8
2021,10,11,1,30,13.3,0,14,35.730000000000004,88.85000000000001,1.8,308,0.7000000000000001
2021,10,11,2,30,10.3,0,0,46.04,100.65,2.2,307,0.6000000000000001
2021,10,11,3,30,8.5,0,0,56.86,112.12,2.3000000000000003,309,0.6000000000000001
2021,10,11,4,30,7.300000000000001,0,0,65.06,123.24000000000001,2.3000000000000003,314,0.5
2021,10,11,5,30,6.6000000000000005,0,0,70.3,133.45,2.3000000000000003,322,0.5
2021,10,11,6,30,6,0,0,73.56,141.79,2.3000000000000003,328,0.4
2021,10,11,7,30,5.300000000000001,0,0,75.07000000000001,146.68,2.3000000000000003,329,0.5
2021,10,11,8,30,4.6000000000000005,0,0,75.66,146.52,2.3000000000000003,326,0.5
2021,10,11,9,30,4.1000000000000005,0,0,75.14,141.35,2.4000000000000004,324,0.5
2021,10,11,10,30,3.6,0,0,75.57000000000001,132.86,2.4000000000000004,323,0.6000000000000001
2021,10,11,11,30,3.3000000000000003,0,0,76.75,122.58,2.4000000000000004,322,0.6000000000000001
2021,10,11,12,30,3,0,0,78.92,111.44,2.4000000000000004,321,0.6000000000000001
2021,10,11,13,30,2.8000000000000003,0,0,80.43,99.97,2.4000000000000004,320,0.6000000000000001
2021,10,11,14,30,3.2,0,16,77.89,88.25,2.4000000000000004,321,0.6000000000000001
2021,10,11,15,30,4.800000000000001,0,41,68.51,77.41,2.7,328,0.6000000000000001
2021,10,11,16,30,7.1000000000000005,0,53,54.480000000000004,67.14,2.9000000000000004,337,0.6000000000000001
2021,10,11,17,30,9.1,0,60,42.75,58.18,3,344,0.6000000000000001
2021,10,11,18,30,10.8,0,62,33.83,51.33,3,347,0.6000000000000001
2021,10,11,19,30,11.9,0,62,28.28,47.61,3,349,0.5
2021,10,11,20,30,12.700000000000001,0,63,24.63,47.77,3,350,0.5
2021,10,11,21,30,12.9,0,63,22.830000000000002,51.78,3,350,0.6000000000000001
2021,10,11,22,30,12.600000000000001,0,59,22.5,58.83,2.9000000000000004,351,0.6000000000000001
2021,10,11,23,30,12.4,0,52,22.51,67.93,2.9000000000000004,351,0.6000000000000001
2021,10,12,0,30,10.4,0,39,26.23,78.29,2.5,349,0.5
2021,10,12,1,30,8.5,0,12,31.66,89.10000000000001,2.2,343,0.5
2021,10,12,2,30,6.9,0,0,38.22,100.94,2.2,335,0.5
2021,10,12,3,30,5.9,0,0,43.6,112.42,2.4000000000000004,331,0.5
2021,10,12,4,30,5.1000000000000005,0,0,48.39,123.54,2.5,329,0.5
2021,10,12,5,30,4.5,0,0,52.83,133.78,2.4000000000000004,328,0.5
2021,10,12,6,30,4,0,0,56.26,142.15,2.4000000000000004,330,0.5
2021,10,12,7,30,3.5,0,0,58.61,147.07,2.3000000000000003,331,0.5
2021,10,12,8,30,3,0,0,60.13,146.87,2.3000000000000003,332,0.5
2021,10,12,9,30,2.6,0,0,61.050000000000004,141.65,2.3000000000000003,332,0.5
2021,10,12,10,30,2.2,0,0,62.36,133.1,2.3000000000000003,332,0.5
2021,10,12,11,30,1.8,0,0,64.07000000000001,122.79,2.2,331,0.5
2021,10,12,12,30,1.5,0,0,65.36,111.64,2.2,328,0.5
2021,10,12,13,30,1.3,0,0,65.83,100.16,2.2,325,0.5
2021,10,12,14,30,2.1,0,15,61.38,88.43,2.3000000000000003,323,0.6000000000000001
2021,10,12,15,30,4.4,0,41,51.49,77.62,2.4000000000000004,326,0.6000000000000001
2021,10,12,16,30,7.2,0,52,39.1,67.38,2.4000000000000004,333,0.6000000000000001
2021,10,12,17,30,9.8,0,58,28.01,58.46,2.3000000000000003,339,0.6000000000000001
2021,10,12,18,30,12.100000000000001,0,61,20.29,51.660000000000004,2.3000000000000003,341,0.7000000000000001
2021,10,12,19,30,13.9,0,93,15.35,47.97,2.2,342,0.7000000000000001
2021,10,12,20,30,15.3,0,62,12.120000000000001,48.15,2.1,344,0.7000000000000001
2021,10,12,21,30,16.2,0,60,10.34,52.15,1.9000000000000001,346,0.7000000000000001
2021,10,12,22,30,16.400000000000002,0,55,10.05,59.18,1.7000000000000002,348,0.8
2021,10,12,23,30,16.400000000000002,0,49,10.57,68.25,1.6,350,0.8
2021,10,13,0,30,12.9,0,37,14.33,78.59,0.8,350,0.9
2021,10,13,1,30,9,0,10,23.35,89.36,0.7000000000000001,339,0.9
2021,10,13,2,30,6.9,0,0,30.23,101.22,0.7000000000000001,325,1
2021,10,13,3,30,5.9,4,0,34.63,112.7,0.6000000000000001,314,1
2021,10,13,4,30,5.300000000000001,8,0,37.96,123.85000000000001,0.6000000000000001,307,1.1
2021,10,13,5,30,5.1000000000000005,4,0,40.52,134.1,0.6000000000000001,304,1.3
2021,10,13,6,30,5.1000000000000005,7,0,41.85,142.51,0.6000000000000001,303,1.4000000000000001
2021,10,13,7,30,5.1000000000000005,7,0,42.51,147.44,0.6000000000000001,301,1.4000000000000001
2021,10,13,8,30,5.1000000000000005,7,0,44.2,147.23,0.6000000000000001,295,1.5
2021,10,13,9,30,5.2,4,0,47.01,141.95000000000002,0.6000000000000001,291,1.5
2021,10,13,10,30,5.1000000000000005,4,0,53.31,133.35,0.5,289,1.6
2021,10,13,11,30,4.9,4,0,63.75,123,0.6000000000000001,289,1.6
2021,10,13,12,30,4.9,4,0,73.47,111.83,0.6000000000000001,294,1.6
2021,10,13,13,30,5,4,0,80.36,100.35000000000001,0.5,305,1.5
2021,10,13,14,30,5.9,0,12,79.69,88.62,0.4,322,1.4000000000000001
2021,10,13,15,30,7.9,0,48,72.07000000000001,77.84,0.5,167,1.3
2021,10,13,16,30,10.4,0,83,64.7,67.63,0.7000000000000001,14,1.3
2021,10,13,17,30,12.700000000000001,0,62,55.22,58.74,0.8,30,1.2000000000000002
2021,10,13,18,30,14.700000000000001,0,61,45.92,51.99,0.7000000000000001,40,1.2000000000000002
2021,10,13,19,30,16.2,0,62,39.26,48.34,0.6000000000000001,47,1.2000000000000002
2021,10,13,20,30,17.2,0,63,34.76,48.53,0.6000000000000001,47,1.1
2021,10,13,21,30,17.7,0,60,32.14,52.52,0.7000000000000001,45,1.1
2021,10,13,22,30,17.5,0,57,31.38,59.52,0.7000000000000001,47,1.1
2021,10,13,23,30,17.3,0,49,30.8,68.57000000000001,0.8,50,1.1
2021,10,14,0,30,14.100000000000001,0,38,37.01,78.88,0.6000000000000001,78,1
2021,10,14,1,30,10.700000000000001,0,9,47.03,89.61,0.4,112,1
2021,10,14,2,30,8.700000000000001,0,0,55.15,101.5,0.4,212,1
2021,10,14,3,30,7.300000000000001,0,0,61.230000000000004,112.99000000000001,0.4,308,1
2021,10,14,4,30,6.1000000000000005,0,0,65.5,124.14,0.7000000000000001,325,0.9
2021,10,14,5,30,5.5,0,0,65.92,134.43,1.2000000000000002,326,0.9
2021,10,14,6,30,4.800000000000001,0,0,65.5,142.87,1.6,322,0.9
2021,10,14,7,30,4,0,0,66.28,147.82,1.8,317,0.9
2021,10,14,8,30,3.5,0,0,68.36,147.58,1.9000000000000001,314,0.8
2021,10,14,9,30,3.1,0,0,72.14,142.24,1.9000000000000001,313,0.8
2021,10,14,10,30,2.9000000000000004,0,0,75.83,133.59,2,313,0.8
2021,10,14,11,30,2.8000000000000003,0,0,78.44,123.21000000000001,2,310,0.8
2021,10,14,12,30,2.6,0,0,80.25,112.02,2.1,307,0.7000000000000001
2021,10,14,13,30,2.6,0,0,79.47,100.54,2.2,306,0.7000000000000001
2021,10,14,14,30,3.7,0,14,72.45,88.79,2.2,307,0.8
2021,10,14,15,30,6.5,0,43,58.4,78.05,2.2,315,0.8
2021,10,14,16,30,9.9,0,56,43.25,67.87,2.1,331,0.8
2021,10,14,17,30,12.9,0,63,32.07,59.02,2,341,0.8
2021,10,14,18,30,15.3,0,66,25.490000000000002,52.31,1.9000000000000001,345,0.8
2021,10,14,19,30,17.2,0,65,21.47,48.7,1.9000000000000001,346,0.8
2021,10,14,20,30,18.6,0,61,18.82,48.9,1.9000000000000001,345,0.8
2021,10,14,21,30,19.5,0,58,17.11,52.88,1.8,343,0.8
2021,10,14,22,30,19.700000000000003,0,53,16.5,59.86,1.8,343,0.9
2021,10,14,23,30,19.700000000000003,0,47,16.39,68.89,1.7000000000000002,342,0.9
2021,10,15,0,30,16,0,35,21.16,79.18,1.2000000000000002,339,0.9
2021,10,15,1,30,12.3,0,8,30.970000000000002,89.86,1.2000000000000002,337,0.9
2021,10,15,2,30,10.5,0,0,34.84,101.78,1.3,336,0.8
2021,10,15,3,30,9.4,0,0,37.63,113.27,1.3,336,0.8
2021,10,15,4,30,8.6,0,0,39.29,124.44,1.3,333,0.8
2021,10,15,5,30,8,0,0,40.44,134.75,1.2000000000000002,331,0.8
2021,10,15,6,30,7.5,0,0,41.61,143.22,1.3,330,0.8
2021,10,15,7,30,7.2,0,0,42.57,148.20000000000002,1.3,327,0.8
2021,10,15,8,30,7,0,0,43.4,147.93,1.2000000000000002,325,0.8
2021,10,15,9,30,6.800000000000001,0,0,44.52,142.54,1.2000000000000002,325,0.8
2021,10,15,10,30,6.7,0,0,45.5,133.84,1.1,326,0.8
2021,10,15,11,30,6.6000000000000005,0,0,46.300000000000004,123.42,1.1,327,0.8
2021,10,15,12,30,6.5,0,0,47.03,112.22,1,328,0.9
2021,10,15,13,30,6.4,0,0,47.6,100.73,0.9,332,0.9
2021,10,15,14,30,7.300000000000001,0,13,44.81,88.97,0.8,341,0.9
2021,10,15,15,30,10.3,0,39,37.47,78.27,0.5,352,0.9
2021,10,15,16,30,14.200000000000001,0,51,28.400000000000002,68.12,0.4,209,0.9
2021,10,15,17,30,17.5,0,56,21.98,59.31,0.4,62,0.9
2021,10,15,18,30,20.1,0,59,18.1,52.64,0.5,66,0.9
2021,10,15,19,30,22,0,61,15.65,49.06,0.6000000000000001,74,0.9
2021,10,15,20,30,23.200000000000003,0,60,14.42,49.28,0.7000000000000001,83,0.9
2021,10,15,21,30,23.8,0,57,14.01,53.24,0.8,89,0.9
2021,10,15,22,30,23.6,0,55,14.38,60.2,0.8,95,0.9
2021,10,15,23,30,23.3,0,48,14.870000000000001,69.2,0.9,98,0.9
2021,10,16,0,30,18.8,0,36,20.87,79.47,0.7000000000000001,121,0.8
2021,10,16,1,30,15.5,0,7,28.75,90.10000000000001,0.8,148,0.8
2021,10,16,2,30,14.5,0,0,30.2,102.05,0.7000000000000001,179,0.8
2021,10,16,3,30,14.200000000000001,0,0,30.95,113.55,0.5,208,0.8
2021,10,16,4,30,14.100000000000001,0,0,31.11,124.73,0.4,233,0.8
2021,10,16,5,30,13.8,0,0,31.62,135.06,0.4,145,0.8
2021,10,16,6,30,12.9,0,0,33.37,143.57,0.6000000000000001,45,0.8
2021,10,16,7,30,11.9,0,0,35.38,148.57,0.8,41,0.8
2021,10,16,8,30,10.8,0,0,37.69,148.28,0.9,32,0.8
2021,10,16,9,30,9.600000000000001,0,0,40.74,142.83,0.9,17,0.8
2021,10,16,10,30,8.5,0,0,44.050000000000004,134.08,0.9,179,0.8
2021,10,16,11,30,7.7,0,0,46.76,123.63000000000001,0.8,340,0.8
2021,10,16,12,30,7.1000000000000005,0,0,48.9,112.41,0.8,324,0.8
2021,10,16,13,30,6.7,0,0,50.19,100.92,0.9,315,0.8
2021,10,16,14,30,7.7,0,12,46.480000000000004,89.15,0.7000000000000001,311,0.8
2021,10,16,15,30,11.4,0,37,36.21,78.49,0.7000000000000001,304,0.7000000000000001
2021,10,16,16,30,15.8,0,49,27.560000000000002,68.36,0.7000000000000001,299,0.7000000000000001
2021,10,16,17,30,19.1,0,55,21.78,59.59,0.6000000000000001,306,0.7000000000000001
2021,10,16,18,30,21.6,0,58,17.63,52.96,0.30000000000000004,187,0.7000000000000001
2021,10,16,19,30,23.400000000000002,0,61,14.950000000000001,49.42,0.4,96,0.7000000000000001
2021,10,16,20,30,24.400000000000002,0,62,13.21,49.65,0.8,134,0.7000000000000001
2021,10,16,21,30,24.5,0,59,12.82,53.6,1.2000000000000002,140,0.7000000000000001
2021,10,16,22,30,23.900000000000002,0,57,13.24,60.54,1.4000000000000001,142,0.7000000000000001
2021,10,16,23,30,23.400000000000002,0,51,13.76,69.51,1.5,143,0.7000000000000001
2021,10,17,0,30,18.3,0,38,19.52,79.76,1.1,137,0.7000000000000001
2021,10,17,1,30,14,0,7,28.78,90.89,1,140,0.7000000000000001
2021,10,17,2,30,12.100000000000001,0,0,33.62,102.32000000000001,0.9,150,0.7000000000000001
2021,10,17,3,30,11.100000000000001,0,0,35.95,113.82000000000001,0.9,161,0.6000000000000001
2021,10,17,4,30,10.4,0,0,37.14,125.02,1,167,0.6000000000000001
2021,10,17,5,30,9.600000000000001,0,0,38.52,135.37,1.1,165,0.5
2021,10,17,6,30,8.8,0,0,39.4,143.91,1.1,159,0.5
2021,10,17,7,30,8.1,0,0,39.78,148.94,1.1,156,0.5
2021,10,17,8,30,7.9,0,0,38.88,148.63,1,160,0.5
2021,10,17,9,30,7.7,4,0,37.22,143.12,1,163,0.5
2021,10,17,10,30,7.300000000000001,4,0,35.61,134.32,1,159,0.6000000000000001
2021,10,17,11,30,6.300000000000001,4,0,36.89,123.84,0.9,153,0.6000000000000001
2021,10,17,12,30,5.2,7,0,39.730000000000004,112.60000000000001,0.8,153,0.6000000000000001
2021,10,17,13,30,4.800000000000001,7,0,41.57,101.12,0.7000000000000001,155,0.6000000000000001
2021,10,17,14,30,5.9,7,5,40.9,89.33,0.6000000000000001,162,0.7000000000000001
2021,10,17,15,30,8.1,7,57,40.46,78.7,0.8,169,0.7000000000000001
2021,10,17,16,30,9.8,7,126,43.33,68.61,1.2000000000000002,176,0.8
2021,10,17,17,30,11.100000000000001,7,204,45.72,59.870000000000005,1.6,185,0.9
2021,10,17,18,30,12.4,7,239,44.35,53.28,2,188,1
2021,10,17,19,30,13.600000000000001,0,152,42.5,49.77,2.3000000000000003,187,1.2000000000000002
2021,10,17,20,30,13.8,8,229,46.03,50.01,2.6,188,1.4000000000000001
2021,10,17,21,30,12.600000000000001,8,222,56.08,53.96,2.8000000000000003,194,1.5
2021,10,17,22,30,10.700000000000001,8,169,67.7,60.870000000000005,2.7,209,1.5
2021,10,17,23,30,9.600000000000001,7,86,73.85000000000001,69.82000000000001,2.5,220,1.4000000000000001
2021,10,18,0,30,7.1000000000000005,7,40,86.3,80.04,1.6,243,1.1
2021,10,18,1,30,5.800000000000001,7,2,93.60000000000001,91.16,0.8,251,1
2021,10,18,2,30,5.1000000000000005,8,0,97.88,102.59,0.5,250,1
2021,10,18,3,30,4.800000000000001,8,0,98.91,114.09,0.4,239,1
2021,10,18,4,30,4.800000000000001,0,0,98.53,125.3,0.4,225,1
2021,10,18,5,30,4.5,7,0,100,135.68,0.4,222,1
2021,10,18,6,30,4.1000000000000005,7,0,100,144.26,0.4,232,1
2021,10,18,7,30,3.7,7,0,100,149.3,0.4,245,1
2021,10,18,8,30,3.3000000000000003,7,0,100,148.97,0.4,256,0.9
2021,10,18,9,30,2.8000000000000003,0,0,100,143.41,0.4,266,0.9
2021,10,18,10,30,2.4000000000000004,0,0,100,134.55,0.4,277,0.9
2021,10,18,11,30,2.1,0,0,100,124.05,0.5,287,0.9
2021,10,18,12,30,2,0,0,100,112.8,0.5,295,0.9
2021,10,18,13,30,2,0,0,100,101.31,0.5,298,1
2021,10,18,14,30,2.5,0,11,100,89.5,0.6000000000000001,298,1
2021,10,18,15,30,3.7,0,37,99.24000000000001,78.92,0.9,303,1
2021,10,18,16,30,5.7,0,49,88.86,68.85000000000001,0.9,327,1
2021,10,18,17,30,8.3,0,58,73.71000000000001,60.15,0.7000000000000001,183,1
2021,10,18,18,30,10.4,0,124,58.92,53.61,0.5,30,1
2021,10,18,19,30,12,3,198,48.74,50.13,0.5,54,0.9
2021,10,18,20,30,13,3,266,43.2,50.38,0.5,73,0.9
2021,10,18,21,30,13.5,3,255,40.74,54.31,0.6000000000000001,83,0.9
2021,10,18,22,30,13.3,4,154,40.7,61.2,0.7000000000000001,93,0.9
2021,10,18,23,30,13.100000000000001,4,81,41.21,70.12,0.8,99,0.9
2021,10,19,0,30,9.700000000000001,4,30,52.57,80.32000000000001,0.8,120,1
2021,10,19,1,30,6.4,0,4,72.65,91.43,0.7000000000000001,138,1
2021,10,19,2,30,4.9,0,0,83.38,102.85000000000001,0.8,159,1
2021,10,19,3,30,4.5,0,0,87.71000000000001,114.36,0.8,175,1
2021,10,19,4,30,4.1000000000000005,0,0,90.88,125.58,0.8,185,1
2021,10,19,5,30,3.7,0,0,94.11,135.98,0.8,190,1
2021,10,19,6,30,3.2,0,0,97.75,144.6,0.7000000000000001,186,0.9
2021,10,19,7,30,2.9000000000000004,0,0,99.95,149.67000000000002,0.6000000000000001,176,0.9
2021,10,19,8,30,2.5,0,0,100,149.31,0.5,166,0.9
2021,10,19,9,30,2.1,0,0,100,143.69,0.4,188,0.8
2021,10,19,10,30,1.8,0,0,100,134.79,0.4,221,0.8
2021,10,19,11,30,1.6,0,0,100,124.25,0.5,226,0.8
2021,10,19,12,30,1.5,0,0,100,112.99000000000001,0.6000000000000001,224,0.8
2021,10,19,13,30,1.5,8,0,100,101.5,0.6000000000000001,219,0.8
2021,10,19,14,30,2.3000000000000003,7,6,100,89.67,0.4,203,0.8
2021,10,19,15,30,4.5,7,59,88.45,79.14,0.5,180,0.8
2021,10,19,16,30,7.300000000000001,7,130,70.93,69.10000000000001,1.1,163,0.8
2021,10,19,17,30,9.5,7,204,56.61,60.43,1.6,156,0.8
2021,10,19,18,30,11.200000000000001,7,229,46.43,53.93,1.9000000000000001,154,0.8
2021,10,19,19,30,12.200000000000001,7,234,40.72,50.480000000000004,2.2,156,0.8
2021,10,19,20,30,12.700000000000001,0,105,37.77,50.74,2.3000000000000003,158,0.8
2021,10,19,21,30,12.600000000000001,7,248,38.02,54.660000000000004,2.3000000000000003,157,0.9
2021,10,19,22,30,12,7,199,41.1,61.52,2.3000000000000003,154,1
2021,10,19,23,30,11.600000000000001,6,54,44.22,70.42,2.2,153,1.1
2021,10,20,0,30,9.700000000000001,6,31,52.42,80.60000000000001,1.8,147,1.3
2021,10,20,1,30,8.1,6,1,61.38,91.7,1.5,146,1.5
2021,10,20,2,30,6.7,6,0,73.73,103.11,1.4000000000000001,149,1.7000000000000002
2021,10,20,3,30,5.7,6,0,83.13,114.62,1.5,155,1.8
2021,10,20,4,30,4.9,7,0,88.77,125.85000000000001,1.6,169,1.8
2021,10,20,5,30,4.5,7,0,93.97,136.28,1.6,185,1.7000000000000002
2021,10,20,6,30,4.6000000000000005,8,0,99.03,144.93,1.4000000000000001,177,1.5
2021,10,20,7,30,5.2,8,0,100,150.03,1.3,156,1.4000000000000001
2021,10,20,8,30,5.7,8,0,100,149.65,1.4000000000000001,146,1.4000000000000001
2021,10,20,9,30,6.1000000000000005,7,0,100,143.98,1.4000000000000001,143,1.4000000000000001
2021,10,20,10,30,6.4,7,0,100,135.03,1.6,147,1.4000000000000001
2021,10,20,11,30,6.6000000000000005,7,0,100,124.46000000000001,1.6,151,1.5
2021,10,20,12,30,6.7,7,0,100,113.18,1.5,152,1.6
2021,10,20,13,30,6.7,7,0,100,101.69,1.4000000000000001,150,1.6
2021,10,20,14,30,6.7,7,3,100,89.85000000000001,1.3,147,1.6
2021,10,20,15,30,6.9,7,62,100,79.35000000000001,1.3,148,1.6
2021,10,20,16,30,7.4,7,137,100,69.34,1.2000000000000002,148,1.6
2021,10,20,17,30,7.800000000000001,7,203,100,60.72,1.2000000000000002,147,1.6
2021,10,20,18,30,8.200000000000001,7,251,100,54.25,1.3,148,1.6
2021,10,20,19,30,8.9,7,288,100,50.83,1.3,150,1.5
2021,10,20,20,30,9.600000000000001,7,269,96.47,51.1,1.3,151,1.5
2021,10,20,21,30,10.100000000000001,7,244,92.12,55.01,1.3,151,1.5
2021,10,20,22,30,10.200000000000001,7,196,90.23,61.84,1.2000000000000002,146,1.5
2021,10,20,23,30,10.200000000000001,7,58,89.36,70.72,1.1,143,1.5
2021,10,21,0,30,9,0,30,97.22,80.88,0.9,135,1.6
2021,10,21,1,30,7.9,7,0,100,91.96000000000001,0.6000000000000001,138,1.6
2021,10,21,2,30,7.4,7,0,100,103.37,0.5,144,1.7000000000000002
2021,10,21,3,30,7.300000000000001,0,0,100,114.87,0.5,148,1.7000000000000002
2021,10,21,4,30,7.300000000000001,0,0,100,126.12,0.5,150,1.7000000000000002
2021,10,21,5,30,7.2,0,0,100,136.58,0.6000000000000001,153,1.7000000000000002
2021,10,21,6,30,7.2,0,0,100,145.26,0.7000000000000001,158,1.7000000000000002
2021,10,21,7,30,7.2,0,0,100,150.39000000000001,0.8,161,1.7000000000000002
2021,10,21,8,30,7.2,0,0,100,149.99,0.8,162,1.7000000000000002
2021,10,21,9,30,7.300000000000001,0,0,100,144.26,0.8,164,1.7000000000000002
2021,10,21,10,30,7.5,0,0,100,135.26,0.9,167,1.6
2021,10,21,11,30,7.7,0,0,100,124.66,0.8,169,1.6
2021,10,21,12,30,7.800000000000001,7,0,100,113.37,0.8,170,1.6
2021,10,21,13,30,8,8,0,100,101.88,0.6000000000000001,169,1.7000000000000002
2021,10,21,14,30,8.4,8,3,100,90.03,0.7000000000000001,167,1.9000000000000001
2021,10,21,15,30,9.3,0,45,100,79.57000000000001,1,164,2.2
2021,10,21,16,30,10.200000000000001,0,91,100,69.59,1.2000000000000002,160,2.3000000000000003
2021,10,21,17,30,11,7,200,100,61,1.5,160,2.3000000000000003
2021,10,21,18,30,12,7,119,100,54.57,1.7000000000000002,165,2.4000000000000004
2021,10,21,19,30,12.9,7,103,100,51.18,1.8,170,2.5
2021,10,21,20,30,13.600000000000001,8,148,97.14,51.46,1.8,171,2.6
2021,10,21,21,30,13.8,7,81,95.71000000000001,55.35,1.9000000000000001,169,2.6
2021,10,21,22,30,13.700000000000001,7,173,96.88,62.160000000000004,1.8,167,2.7
2021,10,21,23,30,13.600000000000001,8,108,98.2,71.01,1.8,167,2.7
2021,10,22,0,30,12.600000000000001,7,36,100,81.15,1.5,166,2.7
2021,10,22,1,30,11.9,7,0,100,92.22,1.5,164,2.6
2021,10,22,2,30,11.4,4,0,100,103.62,1.5,161,2.5
2021,10,22,3,30,11,7,0,100,115.13,1.5,158,2.3000000000000003
2021,10,22,4,30,10.8,7,0,100,126.39,1.5,156,2.3000000000000003
2021,10,22,5,30,10.600000000000001,7,0,100,136.87,1.5,153,2.3000000000000003
2021,10,22,6,30,10.3,7,0,100,145.59,1.6,150,2.4000000000000004
2021,10,22,7,30,10.100000000000001,7,0,100,150.74,1.7000000000000002,148,2.4000000000000004
2021,10,22,8,30,9.8,7,0,100,150.32,1.8,149,2.4000000000000004
2021,10,22,9,30,9,6,0,100,144.54,1.5,160,2.3000000000000003
2021,10,22,10,30,7.7,6,0,100,135.49,1.2000000000000002,195,2.1
2021,10,22,11,30,6.6000000000000005,6,0,100,124.87,1,236,1.8
2021,10,22,12,30,5.800000000000001,6,0,100,113.56,0.7000000000000001,276,1.4000000000000001
2021,10,22,13,30,5.5,7,0,100,102.07000000000001,0.30000000000000004,160,1.2000000000000002
2021,10,22,14,30,5.7,0,6,100,90.19,0.30000000000000004,43,1
2021,10,22,15,30,6.5,0,37,100,79.79,0.30000000000000004,92,1
2021,10,22,16,30,7.800000000000001,0,51,95.55,69.84,0.30000000000000004,165,1
2021,10,22,17,30,9.3,3,148,83.57000000000001,61.28,0.5,202,1.1
2021,10,22,18,30,10.9,4,194,72.45,54.88,0.7000000000000001,183,1.2000000000000002
2021,10,22,19,30,12,4,193,64.72,51.52,0.9,172,1.3
2021,10,22,20,30,12.4,4,262,62.32,51.81,1,169,1.4000000000000001
2021,10,22,21,30,12.200000000000001,4,191,63.2,55.69,1,169,1.4000000000000001
2021,10,22,22,30,11.3,7,194,67.71000000000001,62.480000000000004,0.9,171,1.5
2021,10,22,23,30,10.700000000000001,7,119,73.91,71.3,0.7000000000000001,172,1.6
2021,10,23,0,30,8.5,8,46,94.46000000000001,81.41,0.5,178,1.7000000000000002
2021,10,23,1,30,7.300000000000001,7,0,100,92.47,0.5,194,1.7000000000000002
2021,10,23,2,30,6.7,6,0,100,103.87,0.6000000000000001,211,1.7000000000000002
2021,10,23,3,30,6.4,7,0,100,115.38,0.6000000000000001,221,1.6
2021,10,23,4,30,6.1000000000000005,7,0,100,126.65,0.5,226,1.6
2021,10,23,5,30,5.7,7,0,100,137.15,0.4,227,1.6
2021,10,23,6,30,5.5,7,0,100,145.91,0.4,219,1.6
2021,10,23,7,30,5.5,7,0,100,151.09,0.4,204,1.6
2021,10,23,8,30,5.5,7,0,100,150.66,0.4,190,1.6
2021,10,23,9,30,5.5,7,0,100,144.82,0.4,179,1.5
2021,10,23,10,30,5.4,7,0,100,135.72,0.4,170,1.5
2021,10,23,11,30,5.2,7,0,100,125.07000000000001,0.4,166,1.5
2021,10,23,12,30,5,7,0,100,113.76,0.4,166,1.5
2021,10,23,13,30,4.800000000000001,7,0,100,102.26,0.4,167,1.6
2021,10,23,14,30,5.1000000000000005,7,1,100,90.93,0.5,173,1.6
2021,10,23,15,30,6,7,35,100,80.01,0.8,175,1.7000000000000002
2021,10,23,16,30,7.1000000000000005,7,107,100,70.09,1.1,175,1.8
2021,10,23,17,30,8.1,7,163,97.67,61.56,1.3,178,1.8
2021,10,23,18,30,8.9,7,118,92.41,55.2,1.4000000000000001,175,1.7000000000000002
2021,10,23,19,30,9.5,7,208,89.14,51.870000000000005,1.5,168,1.6
2021,10,23,20,30,9.8,7,198,88.09,52.160000000000004,1.6,164,1.6
2021,10,23,21,30,9.9,6,122,88.88,56.03,1.7000000000000002,160,1.5
2021,10,23,22,30,9.600000000000001,7,81,92.37,62.79,1.7000000000000002,156,1.5
2021,10,23,23,30,9.4,7,66,95.53,71.59,1.7000000000000002,155,1.5
2021,10,24,0,30,8.4,7,26,100,81.68,1.7000000000000002,149,1.7000000000000002
2021,10,24,1,30,8,7,0,100,92.72,1.6,146,1.9000000000000001
2021,10,24,2,30,7.9,7,0,100,104.11,1.6,143,2
2021,10,24,3,30,7.9,7,0,100,115.62,1.7000000000000002,147,2.1
2021,10,24,4,30,7.9,6,0,100,126.9,1.6,153,2.2
2021,10,24,5,30,7.800000000000001,6,0,100,137.43,1.4000000000000001,155,2.2
2021,10,24,6,30,7.5,7,0,100,146.23,1.3,155,2.3000000000000003
2021,10,24,7,30,7.4,7,0,100,151.44,1.3,151,2.4000000000000004
2021,10,24,8,30,7.5,7,0,100,150.99,1.6,148,2.5
2021,10,24,9,30,7.6000000000000005,6,0,100,145.09,2,149,2.6
2021,10,24,10,30,7.800000000000001,6,0,100,135.96,2.4000000000000004,154,2.7
2021,10,24,11,30,8.1,6,0,100,125.28,2.5,160,2.7
2021,10,24,12,30,8.5,9,0,100,113.95,2.2,162,2.7
2021,10,24,13,30,8.700000000000001,9,0,100,102.46000000000001,2.2,157,2.8000000000000003
2021,10,24,14,30,9,9,1,100,91.14,2.2,155,2.7
2021,10,24,15,30,9.4,9,16,100,80.23,2.2,163,2.6
2021,10,24,16,30,9.3,9,26,100,70.33,2,174,2.5
2021,10,24,17,30,8.5,9,22,100,61.84,1.8,180,2.3000000000000003
2021,10,24,18,30,7.9,9,30,100,55.52,1.7000000000000002,179,2.2
2021,10,24,19,30,7.6000000000000005,9,42,100,52.21,1.6,183,2.1
2021,10,24,20,30,7.2,6,33,100,52.51,1.5,185,2
2021,10,24,21,30,7.1000000000000005,6,34,100,56.36,1.3,175,1.9000000000000001
2021,10,24,22,30,7,6,28,100,63.1,1.3,162,1.8
2021,10,24,23,30,7,6,28,100,71.87,1.3,157,1.7000000000000002
2021,10,25,0,30,6.7,6,17,100,81.93,1.4000000000000001,142,1.6
2021,10,25,1,30,6.5,6,0,100,92.97,1.4000000000000001,140,1.5
2021,10,25,2,30,6.300000000000001,6,0,100,104.35000000000001,1.4000000000000001,145,1.5
2021,10,25,3,30,6.2,7,0,100,115.86,1.4000000000000001,150,1.5
2021,10,25,4,30,6.1000000000000005,7,0,100,127.15,1.4000000000000001,154,1.5
2021,10,25,5,30,6.2,7,0,100,137.71,1.3,160,1.5
2021,10,25,6,30,6.300000000000001,7,0,100,146.54,1.2000000000000002,168,1.5
2021,10,25,7,30,6.4,7,0,100,151.79,0.9,171,1.4000000000000001
2021,10,25,8,30,6.2,7,0,100,151.32,0.7000000000000001,172,1.4000000000000001
2021,10,25,9,30,5.6000000000000005,8,0,100,145.37,0.6000000000000001,177,1.3
2021,10,25,10,30,4.9,8,0,100,136.18,0.6000000000000001,190,1.2000000000000002
2021,10,25,11,30,4.3,8,0,100,125.48,0.5,204,1.1
2021,10,25,12,30,4,7,0,100,114.14,0.5,209,1
2021,10,25,13,30,3.8000000000000003,4,0,100,102.65,0.4,201,1
2021,10,25,14,30,3.9000000000000004,0,4,100,91.34,0.4,188,1
2021,10,25,15,30,4.800000000000001,0,36,100,80.45,0.4,181,1
2021,10,25,16,30,5.9,4,91,100,70.58,0.6000000000000001,196,1
2021,10,25,17,30,7,4,124,97.37,62.120000000000005,0.7000000000000001,213,1
2021,10,25,18,30,8.3,4,188,87.97,55.83,0.7000000000000001,211,1
2021,10,25,19,30,9.3,4,215,79.85000000000001,52.550000000000004,0.7000000000000001,199,1.1
2021,10,25,20,30,9.9,3,212,73.58,52.85,0.8,189,1.1
2021,10,25,21,30,10.100000000000001,0,119,71.42,56.69,0.9,185,1.1
2021,10,25,22,30,9.700000000000001,4,170,73.4,63.4,0.8,185,1.1
2021,10,25,23,30,9.5,4,93,75.95,72.15,0.8,184,1.1
2021,10,26,0,30,7.2,0,34,96.12,82.19,0.5,193,1.1
2021,10,26,1,30,5.6000000000000005,0,0,100,93.21000000000001,0.5,209,1.1
2021,10,26,2,30,4.800000000000001,0,0,100,104.58,0.6000000000000001,228,1.1
2021,10,26,3,30,4.3,0,0,100,116.09,0.6000000000000001,242,1.1
2021,10,26,4,30,4,0,0,100,127.4,0.5,250,1.1
2021,10,26,5,30,3.8000000000000003,7,0,100,137.98,0.5,250,1.2000000000000002
2021,10,26,6,30,3.7,7,0,100,146.85,0.5,241,1.2000000000000002
2021,10,26,7,30,3.7,7,0,100,152.13,0.4,221,1.3
2021,10,26,8,30,3.6,7,0,100,151.64000000000001,0.4,194,1.4000000000000001
2021,10,26,9,30,3.5,0,0,100,145.64000000000001,0.4,174,1.4000000000000001
2021,10,26,10,30,3.4000000000000004,0,0,100,136.41,0.5,159,1.5
2021,10,26,11,30,3.4000000000000004,0,0,100,125.68,0.4,144,1.5
2021,10,26,12,30,3.2,7,0,100,114.33,0.5,142,1.5
2021,10,26,13,30,3.1,7,0,100,102.84,0.5,150,1.5
2021,10,26,14,30,3.5,0,1,100,91.54,0.5,158,1.5
2021,10,26,15,30,4.7,0,22,100,80.67,0.8,165,1.6
2021,10,26,16,30,6.1000000000000005,4,68,100,70.82000000000001,1.2000000000000002,177,1.7000000000000002
2021,10,26,17,30,7.300000000000001,7,76,98.43,62.4,1.4000000000000001,185,1.9000000000000001
2021,10,26,18,30,8.4,7,144,94.75,56.14,1.5,185,2.1
2021,10,26,19,30,9.1,4,132,93.3,52.88,1.6,182,2.2
2021,10,26,20,30,9.5,7,201,93.57000000000001,53.19,1.7000000000000002,182,2.3000000000000003
2021,10,26,21,30,9.700000000000001,7,130,94.4,57.02,1.6,184,2.4000000000000004
2021,10,26,22,30,9.600000000000001,0,88,96.52,63.7,1.5,184,2.4000000000000004
2021,10,26,23,30,9.5,3,47,98.27,72.42,1.4000000000000001,182,2.4000000000000004
2021,10,27,0,30,8.4,0,28,100,82.44,0.9,172,2.3000000000000003
2021,10,27,1,30,7.5,0,0,100,93.45,0.6000000000000001,171,2.3000000000000003
2021,10,27,2,30,7,0,0,100,104.81,0.6000000000000001,178,2.3000000000000003
2021,10,27,3,30,6.800000000000001,0,0,100,116.32000000000001,0.5,187,2.3000000000000003
2021,10,27,4,30,6.7,0,0,100,127.64,0.5,195,2.3000000000000003
2021,10,27,5,30,6.7,3,0,100,138.24,0.5,198,2.3000000000000003
2021,10,27,6,30,6.7,4,0,100,147.15,0.4,196,2.3000000000000003
2021,10,27,7,30,6.800000000000001,4,0,100,152.46,0.4,194,2.3000000000000003
2021,10,27,8,30,6.9,4,0,100,151.96,0.4,189,2.3000000000000003
2021,10,27,9,30,7.1000000000000005,0,0,100,145.91,0.5,186,2.3000000000000003
2021,10,27,10,30,7.2,0,0,100,136.64000000000001,0.5,184,2.3000000000000003
2021,10,27,11,30,7.4,0,0,100,125.88000000000001,0.4,179,2.3000000000000003
2021,10,27,12,30,7.6000000000000005,0,0,100,114.52,0.4,171,2.3000000000000003
2021,10,27,13,30,7.800000000000001,0,0,100,103.03,0.30000000000000004,159,2.3000000000000003
2021,10,27,14,30,8.3,0,3,100,91.74,0.30000000000000004,147,2.3000000000000003
2021,10,27,15,30,9.3,0,32,100,80.89,0.2,153,2.1
2021,10,27,16,30,11.100000000000001,0,48,99.97,71.07000000000001,0.2,223,2
2021,10,27,17,30,12.9,0,64,96.9,62.68,0.2,278,1.8
2021,10,27,18,30,14.3,3,178,91.96000000000001,56.45,0.2,283,1.7000000000000002
2021,10,27,19,30,15.4,3,170,85.59,53.21,0.4,303,1.7000000000000002
2021,10,27,20,30,16.3,3,187,80.01,53.53,0.6000000000000001,320,1.7000000000000002
2021,10,27,21,30,16.8,0,70,77.36,57.34,0.7000000000000001,330,1.8
2021,10,27,22,30,16.8,0,52,77.5,64,0.7000000000000001,337,1.8
2021,10,27,23,30,16.6,0,44,80.06,72.69,0.6000000000000001,341,1.8
2021,10,28,0,30,13.8,0,30,100,82.68,0.6000000000000001,342,1.8
2021,10,28,1,30,11.5,0,0,100,93.68,0.8,330,1.8
2021,10,28,2,30,10.200000000000001,0,0,100,105.04,0.8,320,1.7000000000000002
2021,10,28,3,30,9.3,0,0,100,116.55,0.8,317,1.6
2021,10,28,4,30,8.9,0,0,100,127.87,0.9,317,1.6
2021,10,28,5,30,8.6,0,0,100,138.5,0.9,314,1.5
2021,10,28,6,30,8.5,0,0,100,147.45000000000002,1.1,310,1.5
2021,10,28,7,30,8.3,0,0,100,152.8,1.4000000000000001,307,1.4000000000000001
2021,10,28,8,30,8.1,0,0,100,152.28,1.6,306,1.4000000000000001
2021,10,28,9,30,7.800000000000001,0,0,100,146.18,1.7000000000000002,305,1.4000000000000001
2021,10,28,10,30,7.7,0,0,100,136.86,1.9000000000000001,305,1.4000000000000001
2021,10,28,11,30,7.6000000000000005,0,0,100,126.08,2,305,1.3
2021,10,28,12,30,7.7,0,0,100,114.71000000000001,2,304,1.3
2021,10,28,13,30,7.7,0,0,100,103.23,1.9000000000000001,304,1.3
2021,10,28,14,30,8.3,0,3,94.72,91.95,1.8,303,1.3
2021,10,28,15,30,10.5,0,32,85.55,81.11,1.7000000000000002,302,1.3
2021,10,28,16,30,13.8,0,45,84.61,71.32000000000001,1.4000000000000001,304,1.3
2021,10,28,17,30,17.5,0,52,65.57000000000001,62.96,1.1,310,1.2000000000000002
2021,10,28,18,30,20.700000000000003,0,57,52.01,56.76,0.9,315,1.2000000000000002
2021,10,28,19,30,21.5,0,61,48.38,53.54,0.7000000000000001,332,1.2000000000000002
2021,10,28,20,30,21.1,0,60,48.61,53.86,0.6000000000000001,191,1.2000000000000002
2021,10,28,21,30,21.1,0,57,51.120000000000005,57.65,0.5,50,1.3
2021,10,28,22,30,20.900000000000002,0,54,54.33,64.29,0.5,75,1.3
2021,10,28,23,30,20.6,0,47,55.02,72.96000000000001,0.4,85,1.3
2021,10,29,0,30,16,0,31,86.01,82.93,0.5,129,1.4000000000000001
2021,10,29,1,30,13.4,0,0,89.03,93.91,0.7000000000000001,169,1.4000000000000001
2021,10,29,2,30,12.100000000000001,0,0,92.55,105.26,0.6000000000000001,207,1.4000000000000001
2021,10,29,3,30,11.4,0,0,95.87,116.77,0.6000000000000001,234,1.4000000000000001
2021,10,29,4,30,10.8,0,0,98.31,128.1,0.6000000000000001,250,1.3
2021,10,29,5,30,10.3,0,0,99.67,138.75,0.6000000000000001,264,1.3
2021,10,29,6,30,10,0,0,99.89,147.74,0.6000000000000001,275,1.3
2021,10,29,7,30,9.8,0,0,99.26,153.13,0.7000000000000001,281,1.3
2021,10,29,8,30,9.600000000000001,0,0,98.71000000000001,152.6,0.8,285,1.3
2021,10,29,9,30,9.5,7,0,97.25,146.45000000000002,0.8,287,1.3
2021,10,29,10,30,9.1,7,0,96.83,137.09,0.8,288,1.3
2021,10,29,11,30,8.6,7,0,96.74000000000001,126.28,0.8,289,1.3
2021,10,29,12,30,7.9,0,0,97.45,114.91,0.9,290,1.3
2021,10,29,13,30,7.6000000000000005,0,0,97.21000000000001,103.42,0.8,290,1.3
2021,10,29,14,30,7.9,7,0,94.88,92.15,0.7000000000000001,289,1.3
2021,10,29,15,30,9.700000000000001,0,32,90.68,81.32000000000001,0.7000000000000001,289,1.4000000000000001
2021,10,29,16,30,12.3,0,47,86.07000000000001,71.56,0.7000000000000001,292,1.5
2021,10,29,17,30,14.4,8,84,75.53,63.230000000000004,0.5,290,1.5
2021,10,29,18,30,15.9,7,141,70.55,57.07,0.30000000000000004,243,1.6
2021,10,29,19,30,16.7,0,133,67.16,53.870000000000005,0.30000000000000004,185,1.7000000000000002
2021,10,29,20,30,17.3,8,136,65.22,54.19,0.5,168,1.7000000000000002
2021,10,29,21,30,17.6,7,132,64.33,57.97,0.6000000000000001,161,1.8
2021,10,29,22,30,17.1,7,145,67.97,64.58,0.6000000000000001,150,1.8
2021,10,29,23,30,16.7,7,110,73.61,73.22,0.7000000000000001,144,1.8
2021,10,30,0,30,13.5,7,36,98.28,83.16,0.6000000000000001,141,1.8
2021,10,30,1,30,12.100000000000001,7,0,97.92,94.13,0.7000000000000001,149,1.8
2021,10,30,2,30,11.600000000000001,7,0,98.66,105.47,0.7000000000000001,162,1.8
2021,10,30,3,30,11.200000000000001,7,0,99.63,116.98,0.6000000000000001,173,1.8
2021,10,30,4,30,10.8,0,0,100,128.33,0.6000000000000001,166,1.7000000000000002
2021,10,30,5,30,10.100000000000001,0,0,100,139,0.5,144,1.6
2021,10,30,6,30,9.200000000000001,0,0,100,148.03,0.5,127,1.5
2021,10,30,7,30,8.4,0,0,100,153.45000000000002,0.5,121,1.5
2021,10,30,8,30,8.4,0,0,100,152.91,0.4,124,1.4000000000000001
2021,10,30,9,30,8.5,0,0,100,146.71,0.2,98,1.4000000000000001
2021,10,30,10,30,8.3,0,0,100,137.31,0.2,61,1.4000000000000001
2021,10,30,11,30,8,0,0,100,126.48,0.30000000000000004,49,1.4000000000000001
2021,10,30,12,30,7.800000000000001,0,0,100,115.10000000000001,0.30000000000000004,45,1.3
2021,10,30,13,30,7.7,0,0,100,103.61,0.30000000000000004,52,1.3
2021,10,30,14,30,8,0,0,100,92.35000000000001,0.30000000000000004,72,1.3
2021,10,30,15,30,9.1,0,34,100,81.54,0.4,106,1.2000000000000002
2021,10,30,16,30,10.700000000000001,0,48,96.11,71.81,0.6000000000000001,131,1.2000000000000002
2021,10,30,17,30,12.200000000000001,0,60,88.62,63.51,0.8,135,1.3
2021,10,30,18,30,13.5,0,70,82.02,57.370000000000005,1.1,137,1.3
2021,10,30,19,30,14.200000000000001,0,85,77.66,54.19,1.3,140,1.3
2021,10,30,20,30,14.600000000000001,0,68,74.75,54.51,1.4000000000000001,142,1.3
2021,10,30,21,30,14.5,3,125,74.45,58.27,1.4000000000000001,145,1.3
2021,10,30,22,30,13.9,0,93,76.61,64.86,1.4000000000000001,147,1.3
2021,10,30,23,30,13.5,0,58,78.75,73.47,1.3,147,1.3
2021,10,31,0,30,10.700000000000001,0,24,98.29,83.39,0.9,150,1.3
2021,10,31,1,30,8.8,0,0,100,94.35000000000001,0.8,161,1.2000000000000002
2021,10,31,2,30,7.9,0,0,100,105.68,0.6000000000000001,170,1.2000000000000002
2021,10,31,3,30,7.6000000000000005,0,0,100,117.19,0.5,176,1.2000000000000002
2021,10,31,4,30,7.300000000000001,0,0,100,128.54,0.5,178,1.1
2021,10,31,5,30,6.800000000000001,0,0,100,139.24,0.5,174,1.1
2021,10,31,6,30,6.4,0,0,100,148.31,0.5,163,1.1
2021,10,31,7,30,5.9,0,0,100,153.77,0.4,150,1.1
2021,10,31,8,30,5.5,0,0,100,153.22,0.4,143,1.1
2021,10,31,9,30,5,0,0,100,146.97,0.4,140,1.1
2021,10,31,10,30,4.6000000000000005,0,0,100,137.53,0.5,139,1.1
2021,10,31,11,30,4.5,0,0,100,126.68,0.5,139,1.1
2021,10,31,12,30,4.6000000000000005,0,0,100,115.29,0.4,135,1.1
2021,10,31,13,30,4.800000000000001,0,0,100,103.8,0.30000000000000004,129,1.1
2021,10,31,14,30,5.1000000000000005,0,0,100,92.56,0.30000000000000004,125,1.1
2021,10,31,15,30,5.9,0,34,100,81.76,0.4,121,1.1
2021,10,31,16,30,7.1000000000000005,0,50,100,72.05,0.7000000000000001,125,1.1
2021,10,31,17,30,8.5,0,60,93.61,63.78,0.9,134,1.1
2021,10,31,18,30,10,0,65,85.7,57.67,1,140,1.1
2021,10,31,19,30,11.3,0,73,79.21000000000001,54.51,1.1,142,1.1
2021,10,31,20,30,12.100000000000001,7,183,75.09,54.83,1,145,1.2000000000000002
2021,10,31,21,30,12.5,7,185,72.71000000000001,58.58,1,142,1.3
2021,10,31,22,30,12.100000000000001,3,110,74.13,65.14,1.1,132,1.4000000000000001
2021,10,31,23,30,11.700000000000001,8,72,78.01,73.72,1.1,127,1.5
2021,11,1,0,30,9,7,36,100,83.62,0.6000000000000001,128,1.8
2021,11,1,1,30,7.800000000000001,4,0,100,94.57000000000001,0.5,131,2
2021,11,1,2,30,7.6000000000000005,8,0,100,105.89,0.5,134,2.1
2021,11,1,3,30,7.5,8,0,100,117.39,0.5,135,2.2
2021,11,1,4,30,7.4,7,0,100,128.76,0.5,136,2.2
2021,11,1,5,30,7.300000000000001,7,0,100,139.48,0.4,140,2.2
2021,11,1,6,30,7.2,8,0,100,148.59,0.5,145,2.2
2021,11,1,7,30,7.2,8,0,100,154.09,0.6000000000000001,150,2.2
2021,11,1,8,30,7.300000000000001,8,0,100,153.53,0.6000000000000001,152,2.2
2021,11,1,9,30,7.4,6,0,100,147.23,0.6000000000000001,148,2.2
2021,11,1,10,30,7.300000000000001,6,0,100,137.75,0.5,145,2.1
2021,11,1,11,30,7.300000000000001,6,0,100,126.88000000000001,0.5,146,2.1
2021,11,1,12,30,7.6000000000000005,6,0,100,115.48,0.7000000000000001,152,2.2
2021,11,1,13,30,7.7,6,0,100,104,0.9,155,2.2
2021,11,1,14,30,7.6000000000000005,6,0,100,92.76,1,152,2.2
2021,11,1,15,30,7.9,7,23,100,81.98,1.2000000000000002,148,2.1
2021,11,1,16,30,8.6,7,21,100,72.3,1.5,147,2
2021,11,1,17,30,9.4,6,46,100,64.05,1.8,146,1.9000000000000001
2021,11,1,18,30,10.100000000000001,7,115,100,57.97,2.1,146,1.8
2021,11,1,19,30,10.600000000000001,4,55,100,54.83,2.2,149,1.7000000000000002
2021,11,1,20,30,10.700000000000001,4,42,100,55.15,2.1,153,1.7000000000000002
2021,11,1,21,30,10.600000000000001,8,110,100,58.88,1.9000000000000001,153,1.6
2021,11,1,22,30,10.3,7,150,100,65.41,1.7000000000000002,151,1.5
2021,11,1,23,30,10.100000000000001,4,89,100,73.97,1.6,151,1.4000000000000001
2021,11,2,0,30,8.700000000000001,4,30,100,83.84,1.2000000000000002,158,1.3
2021,11,2,1,30,7.4,4,0,100,94.77,0.8,164,1.3
2021,11,2,2,30,6.6000000000000005,4,0,100,106.09,0.6000000000000001,171,1.3
2021,11,2,3,30,6,4,0,100,117.59,0.5,178,1.3
2021,11,2,4,30,5.7,8,0,100,128.96,0.4,187,1.4000000000000001
2021,11,2,5,30,5.5,8,0,100,139.71,0.4,195,1.4000000000000001
2021,11,2,6,30,5.5,8,0,100,148.86,0.4,200,1.4000000000000001
2021,11,2,7,30,5.4,8,0,100,154.4,0.30000000000000004,202,1.4000000000000001
2021,11,2,8,30,5.6000000000000005,8,0,100,153.84,0.2,184,1.5
2021,11,2,9,30,5.7,0,0,100,147.49,0.2,90,1.5
2021,11,2,10,30,5.4,0,0,100,137.97,0.30000000000000004,23,1.5
2021,11,2,11,30,5.300000000000001,0,0,100,127.08,0.4,24,1.6
2021,11,2,12,30,5.300000000000001,8,0,100,115.67,0.4,29,1.7000000000000002
2021,11,2,13,30,5.4,4,0,100,104.19,0.4,66,1.7000000000000002
2021,11,2,14,30,5.6000000000000005,7,0,100,92.96000000000001,0.4,105,1.8
2021,11,2,15,30,6.9,7,48,100,82.2,0.30000000000000004,134,1.8
2021,11,2,16,30,8.8,8,93,100,72.54,0.4,153,1.8
2021,11,2,17,30,10.600000000000001,0,83,91.29,64.32000000000001,0.5,153,1.9000000000000001
2021,11,2,18,30,12.3,4,225,78.26,58.27,0.5,140,1.9000000000000001
2021,11,2,19,30,13.5,0,76,70.07000000000001,55.14,0.4,125,1.9000000000000001
2021,11,2,20,30,14.200000000000001,0,112,66.56,55.46,0.4,106,1.9000000000000001
2021,11,2,21,30,14.600000000000001,0,66,65.18,59.17,0.4,92,1.9000000000000001
2021,11,2,22,30,14.200000000000001,0,63,67.84,65.68,0.4,84,1.8
2021,11,2,23,30,13.8,0,53,71.21000000000001,74.21000000000001,0.5,82,1.8
2021,11,3,0,30,10.600000000000001,0,31,97.22,84.05,0.4,78,1.7000000000000002
2021,11,3,1,30,8.700000000000001,0,0,99.86,94.98,0.5,52,1.6
2021,11,3,2,30,7.800000000000001,0,0,100,106.28,0.5,184,1.5
2021,11,3,3,30,7.300000000000001,0,0,100,117.78,0.4,332,1.5
2021,11,3,4,30,6.800000000000001,0,0,100,129.16,0.4,322,1.4000000000000001
2021,11,3,5,30,6.4,0,0,100,139.93,0.5,320,1.4000000000000001
2021,11,3,6,30,6,0,0,100,149.12,0.5,321,1.4000000000000001
2021,11,3,7,30,5.7,0,0,100,154.71,0.6000000000000001,324,1.4000000000000001
2021,11,3,8,30,5.6000000000000005,0,0,100,154.14000000000001,0.6000000000000001,327,1.4000000000000001
2021,11,3,9,30,5.7,0,0,100,147.74,0.6000000000000001,324,1.4000000000000001
2021,11,3,10,30,5.9,0,0,100,138.18,0.7000000000000001,320,1.4000000000000001
2021,11,3,11,30,6.1000000000000005,0,0,100,127.27,0.7000000000000001,312,1.4000000000000001
2021,11,3,12,30,6.1000000000000005,0,0,100,115.86,0.7000000000000001,302,1.4000000000000001
2021,11,3,13,30,5.800000000000001,0,0,100,104.38,0.7000000000000001,295,1.4000000000000001
2021,11,3,14,30,5.9,0,0,99.15,93.17,0.6000000000000001,291,1.4000000000000001
2021,11,3,15,30,7.4,0,32,91.19,82.42,0.5,287,1.4000000000000001
2021,11,3,16,30,9.9,0,64,85.78,72.78,0.4,293,1.4000000000000001
2021,11,3,17,30,11.8,7,180,76.85000000000001,64.59,0.30000000000000004,229,1.4000000000000001
2021,11,3,18,30,13.3,7,198,72.5,58.56,0.4,163,1.4000000000000001
2021,11,3,19,30,14.3,7,229,69.7,55.45,0.6000000000000001,166,1.4000000000000001
2021,11,3,20,30,14.700000000000001,8,163,70.08,55.77,0.7000000000000001,158,1.3
2021,11,3,21,30,14.700000000000001,8,114,71.94,59.46,0.8,149,1.4000000000000001
2021,11,3,22,30,14.3,0,60,76.13,65.94,0.8,146,1.4000000000000001
2021,11,3,23,30,14,3,66,81.58,74.44,0.8,145,1.4000000000000001
2021,11,4,0,30,10.9,3,30,100,84.26,0.5,148,1.6
2021,11,4,1,30,9.200000000000001,3,0,100,95.18,0.5,152,1.8
2021,11,4,2,30,9.1,3,0,100,106.47,0.6000000000000001,151,2.1
2021,11,4,3,30,9.3,3,0,100,117.97,0.6000000000000001,146,2.3000000000000003
2021,11,4,4,30,9.600000000000001,3,0,100,129.36,0.9,147,2.3000000000000003
2021,11,4,5,30,9.8,4,0,100,140.15,1.1,156,2.3000000000000003
2021,11,4,6,30,9.8,4,0,100,149.38,1.1,163,2.1
2021,11,4,7,30,9.700000000000001,4,0,100,155.01,0.9,173,1.8
2021,11,4,8,30,9.3,4,0,100,154.44,0.8,184,1.5
2021,11,4,9,30,8.6,4,0,100,148,0.8,181,1.3
2021,11,4,10,30,7.9,4,0,100,138.4,0.8,174,1.1
2021,11,4,11,30,7.4,4,0,100,127.47,0.8,172,1.1
2021,11,4,12,30,7,7,0,100,116.04,0.7000000000000001,172,1.1
2021,11,4,13,30,6.7,0,0,100,104.57000000000001,0.7000000000000001,169,1
2021,11,4,14,30,6.4,0,0,100,93.37,0.7000000000000001,169,1
2021,11,4,15,30,6.9,0,31,100,82.63,0.9,169,1
2021,11,4,16,30,7.800000000000001,0,51,100,73.03,1.1,177,1.1
2021,11,4,17,30,8.6,3,112,100,64.86,1.1,195,1.1
2021,11,4,18,30,9.600000000000001,3,184,94.44,58.85,1.1,210,1.2000000000000002
2021,11,4,19,30,10.5,3,155,88.51,55.76,1,214,1.2000000000000002
2021,11,4,20,30,11.200000000000001,3,236,83.82000000000001,56.07,0.8,213,1.2000000000000002
2021,11,4,21,30,11.700000000000001,4,192,80.56,59.74,0.6000000000000001,205,1.2000000000000002
2021,11,4,22,30,11.8,0,104,79.35000000000001,66.2,0.4,166,1.1
2021,11,4,23,30,11.700000000000001,0,47,80,74.67,0.30000000000000004,133,1.1
2021,11,5,0,30,9.3,0,28,100,84.47,0.5,88,1
2021,11,5,1,30,7.7,0,0,100,95.37,0.6000000000000001,90,1
2021,11,5,2,30,7.2,0,0,100,106.65,0.5,102,1
2021,11,5,3,30,6.800000000000001,0,0,100,118.15,0.30000000000000004,96,1
2021,11,5,4,30,6.5,0,0,100,129.55,0.2,188,0.9
2021,11,5,5,30,6.1000000000000005,0,0,100,140.36,0.30000000000000004,299,0.9
2021,11,5,6,30,5.800000000000001,0,0,100,149.63,0.30000000000000004,315,0.8
2021,11,5,7,30,4.9,0,0,100,155.31,0.4,321,0.8
2021,11,5,8,30,3.7,0,0,100,154.73,0.4,313,0.7000000000000001
2021,11,5,9,30,2.9000000000000004,0,0,100,148.25,0.5,307,0.7000000000000001
2021,11,5,10,30,2.4000000000000004,0,0,100,138.61,0.5,306,0.7000000000000001
2021,11,5,11,30,2.2,0,0,100,127.66,0.5,309,0.7000000000000001
2021,11,5,12,30,1.9000000000000001,0,0,100,116.23,0.6000000000000001,315,0.8
2021,11,5,13,30,1.6,0,0,100,104.77,0.6000000000000001,319,0.8
2021,11,5,14,30,1.9000000000000001,8,0,100,93.57000000000001,0.6000000000000001,321,0.8
2021,11,5,15,30,4,7,44,93.23,82.85000000000001,0.7000000000000001,318,0.8
2021,11,5,16,30,6.800000000000001,6,101,84.79,73.27,0.9,318,0.9
2021,11,5,17,30,8.5,7,170,76.82000000000001,65.13,0.7000000000000001,315,1
2021,11,5,18,30,9.3,8,160,72.95,59.14,0.5,301,1.1
2021,11,5,19,30,9.5,6,226,72.19,56.06,0.5,291,1.2000000000000002
2021,11,5,20,30,9.3,6,185,75.54,56.370000000000005,0.4,292,1.4000000000000001
2021,11,5,21,30,8.9,6,129,80.37,60.02,0.2,267,1.6
2021,11,5,22,30,8.200000000000001,6,101,86.88,66.45,0.2,187,1.7000000000000002
2021,11,5,23,30,7.800000000000001,6,36,96.97,74.9,0.2,134,1.8
2021,11,6,0,30,6.4,7,22,100,84.67,0.30000000000000004,142,1.8
2021,11,6,1,30,5.7,8,0,100,95.56,0.4,143,1.7000000000000002
2021,11,6,2,30,5.300000000000001,0,0,100,106.83,0.4,140,1.7000000000000002
2021,11,6,3,30,5.5,0,0,100,118.33,0.4,149,1.7000000000000002
2021,11,6,4,30,5.5,0,0,100,129.73,0.4,169,1.6
2021,11,6,5,30,5.4,8,0,100,140.57,0.4,178,1.5
2021,11,6,6,30,5.300000000000001,4,0,100,149.88,0.4,174,1.4000000000000001
2021,11,6,7,30,5.4,4,0,100,155.6,0.30000000000000004,197,1.3
2021,11,6,8,30,5.4,4,0,100,155.02,0.30000000000000004,224,1.2000000000000002
2021,11,6,9,30,5.300000000000001,7,0,100,148.49,0.30000000000000004,232,1.2000000000000002
2021,11,6,10,30,5,7,0,100,138.83,0.4,249,1.1
2021,11,6,11,30,4.800000000000001,7,0,100,127.86,0.4,268,1.2000000000000002
2021,11,6,12,30,4.7,6,0,100,116.42,0.5,281,1.2000000000000002
2021,11,6,13,30,4.5,6,0,100,104.96000000000001,0.5,292,1.3
2021,11,6,14,30,4.5,6,0,100,93.77,0.5,292,1.4000000000000001
2021,11,6,15,30,4.7,6,35,100,83.06,0.4,279,1.5
2021,11,6,16,30,5.300000000000001,6,42,100,73.5,0.4,265,1.5
2021,11,6,17,30,5.800000000000001,6,115,100,65.39,0.4,256,1.5
2021,11,6,18,30,6.1000000000000005,7,215,100,59.43,0.5,260,1.5
2021,11,6,19,30,6.7,7,254,99.77,56.36,0.7000000000000001,266,1.4000000000000001
2021,11,6,20,30,7.1000000000000005,4,235,95.60000000000001,56.660000000000004,0.7000000000000001,268,1.3
2021,11,6,21,30,7.5,7,188,89.74,60.300000000000004,0.7000000000000001,277,1.1
2021,11,6,22,30,7.800000000000001,4,126,81.16,66.7,0.7000000000000001,290,0.8
2021,11,6,23,30,7.7,8,79,74.62,75.12,0.7000000000000001,297,0.7000000000000001
2021,11,7,0,30,4.9,7,32,94.75,84.86,0.4,308,0.6000000000000001
2021,11,7,1,30,3.4000000000000004,7,0,95.01,95.74000000000001,0.6000000000000001,309,0.6000000000000001
2021,11,7,2,30,2.8000000000000003,6,0,100,107,0.6000000000000001,309,0.6000000000000001
2021,11,7,3,30,2.4000000000000004,7,0,100,118.5,0.6000000000000001,310,0.6000000000000001
2021,11,7,4,30,2,7,0,100,129.91,0.6000000000000001,308,0.6000000000000001
2021,11,7,5,30,1.8,7,0,100,140.76,0.7000000000000001,308,0.6000000000000001
2021,11,7,6,30,1.5,0,0,100,150.12,0.7000000000000001,309,0.6000000000000001
2021,11,7,7,30,1.3,0,0,100,155.89000000000001,0.8,310,0.6000000000000001
2021,11,7,8,30,0.9,0,0,100,155.31,0.8,310,0.6000000000000001
2021,11,7,9,30,0.5,0,0,100,148.74,0.9,310,0.6000000000000001
2021,11,7,10,30,0.1,0,0,100,139.04,1.1,312,0.6000000000000001
2021,11,7,11,30,-0.4,0,0,100,128.05,1.2000000000000002,313,0.6000000000000001
2021,11,7,12,30,-0.9,0,0,100,116.61,1.2000000000000002,313,0.6000000000000001
2021,11,7,13,30,-1,0,0,100,105.15,1.3,312,0.5
2021,11,7,14,30,-0.8,0,0,100,93.98,1.5,312,0.5
2021,11,7,15,30,0.6000000000000001,0,30,97.04,83.28,1.7000000000000002,311,0.5
2021,11,7,16,30,3.3000000000000003,0,44,84.2,73.74,1.7000000000000002,314,0.5
2021,11,7,17,30,5.7,0,52,69.18,65.65,1.6,322,0.5
2021,11,7,18,30,7.4,0,57,57.78,59.71,1.5,330,0.5
2021,11,7,19,30,8.3,0,60,52.18,56.65,1.4000000000000001,338,0.5
2021,11,7,20,30,8.700000000000001,0,59,50.06,56.95,1.4000000000000001,343,0.5
2021,11,7,21,30,8.8,0,57,50.18,60.57,1.3,340,0.5
2021,11,7,22,30,8.5,0,52,52.64,66.94,1,337,0.6000000000000001
2021,11,7,23,30,8.200000000000001,0,43,56.63,75.33,0.9,336,0.6000000000000001
2021,11,8,0,30,4.6000000000000005,0,25,93.07000000000001,85.05,0.7000000000000001,331,0.5
2021,11,8,1,30,2.7,0,0,88.09,95.91,1,320,0.5
2021,11,8,2,30,1.7000000000000002,0,0,91.81,107.17,1,318,0.5
2021,11,8,3,30,0.8,0,0,97.65,118.66,1,323,0.5
2021,11,8,4,30,0.4,0,0,99.41,130.08,1,328,0.5
2021,11,8,5,30,0,7,0,100,140.96,1,324,0.5
2021,11,8,6,30,-0.2,7,0,100,150.35,1,313,0.5
2021,11,8,7,30,-0.1,7,0,100,156.17000000000002,1,311,0.6000000000000001
2021,11,8,8,30,0.1,7,0,99.9,155.59,1,313,0.6000000000000001
2021,11,8,9,30,0.2,0,0,99.17,148.98,1,319,0.6000000000000001
2021,11,8,10,30,-0.30000000000000004,0,0,99.77,139.25,1,327,0.6000000000000001
2021,11,8,11,30,-0.9,0,0,97.23,128.24,0.9,327,0.5
2021,11,8,12,30,-1,0,0,92.63,116.8,0.8,321,0.5
2021,11,8,13,30,-0.9,0,0,87.38,105.34,0.7000000000000001,319,0.5
2021,11,8,14,30,-0.5,0,0,81.41,94.18,0.7000000000000001,327,0.5
2021,11,8,15,30,1.3,7,37,73,83.49,0.6000000000000001,340,0.6000000000000001
2021,11,8,16,30,4,0,43,75.68,73.98,0.5,349,0.6000000000000001
2021,11,8,17,30,5.5,7,113,62.21,65.91,0.30000000000000004,252,0.8
2021,11,8,18,30,6,7,179,64.51,59.99,0.4,148,1
2021,11,8,19,30,6.2,7,248,65.68,56.94,0.7000000000000001,150,1.1
2021,11,8,20,30,6.2,6,197,67.03,57.24,1,157,1.3
2021,11,8,21,30,5.800000000000001,6,193,70.37,60.83,1.1,159,1.4000000000000001
2021,11,8,22,30,4.800000000000001,6,115,79.36,67.17,1,158,1.6
2021,11,8,23,30,4.3,6,50,88.36,75.54,0.9,157,1.6
2021,11,9,0,30,2.7,6,12,100,85.23,0.7000000000000001,153,1.7000000000000002
2021,11,9,1,30,2.3000000000000003,6,0,100,96.08,0.9,149,1.8
2021,11,9,2,30,2.1,6,0,100,107.33,1.2000000000000002,146,1.9000000000000001
2021,11,9,3,30,2,6,0,100,118.82000000000001,1.6,146,1.9000000000000001
2021,11,9,4,30,2.1,6,0,100,130.24,1.7000000000000002,153,1.8
2021,11,9,5,30,2.2,9,0,100,141.14000000000001,1.8,156,1.8
2021,11,9,6,30,2.3000000000000003,6,0,100,150.58,1.9000000000000001,154,1.9000000000000001
2021,11,9,7,30,2.5,6,0,100,156.45000000000002,2,153,1.8
2021,11,9,8,30,2.9000000000000004,6,0,100,155.87,1.9000000000000001,158,1.7000000000000002
2021,11,9,9,30,3.5,4,0,100,149.22,1.7000000000000002,161,1.5
2021,11,9,10,30,4.1000000000000005,4,0,100,139.45000000000002,1.5,160,1.4000000000000001
2021,11,9,11,30,4.5,4,0,100,128.43,1.4000000000000001,159,1.4000000000000001
2021,11,9,12,30,4.800000000000001,4,0,100,116.98,1.4000000000000001,160,1.4000000000000001
2021,11,9,13,30,5.1000000000000005,4,0,100,105.53,1.5,162,1.4000000000000001
2021,11,9,14,30,5.4,8,0,100,94.38,1.6,163,1.5
2021,11,9,15,30,5.9,7,33,100,83.71000000000001,1.6,163,1.6
2021,11,9,16,30,6.6000000000000005,0,71,100,74.21000000000001,1.5,165,1.7000000000000002
2021,11,9,17,30,7.300000000000001,8,153,100,66.17,1.4000000000000001,169,1.7000000000000002
2021,11,9,18,30,7.7,4,184,100,60.27,1.2000000000000002,166,1.7000000000000002
2021,11,9,19,30,8,4,221,100,57.22,1.1,155,1.6
2021,11,9,20,30,8.3,8,234,100,57.51,1.1,156,1.5
2021,11,9,21,30,8.6,4,138,100,61.09,0.9,172,1.4000000000000001
2021,11,9,22,30,8.8,3,111,100,67.4,0.7000000000000001,184,1.3
2021,11,9,23,30,8.700000000000001,0,82,100,75.75,0.6000000000000001,186,1.3
2021,11,10,0,30,6.4,4,29,100,85.41,0.4,120,1.3
2021,11,10,1,30,5.1000000000000005,0,0,100,96.25,0.4,96,1.3
2021,11,10,2,30,4.6000000000000005,0,0,100,107.48,0.30000000000000004,60,1.3
2021,11,10,3,30,4,0,0,100,118.97,0.30000000000000004,156,1.4000000000000001
2021,11,10,4,30,3.4000000000000004,0,0,100,130.4,0.30000000000000004,279,1.4000000000000001
2021,11,10,5,30,3,0,0,100,141.32,0.4,282,1.4000000000000001
2021,11,10,6,30,2.7,0,0,100,150.8,0.4,286,1.5
2021,11,10,7,30,2.4000000000000004,0,0,100,156.72,0.5,291,1.5
2021,11,10,8,30,2.3000000000000003,0,0,100,156.15,0.5,296,1.5
2021,11,10,9,30,2.6,0,0,100,149.46,0.4,298,1.5
2021,11,10,10,30,2.9000000000000004,0,0,95.82000000000001,139.66,0.4,305,1.5
2021,11,10,11,30,2.8000000000000003,0,0,93.55,128.62,0.5,318,1.5
2021,11,10,12,30,2.7,0,0,92.12,117.17,0.6000000000000001,328,1.4000000000000001
2021,11,10,13,30,2.6,0,0,90.85000000000001,105.72,0.6000000000000001,327,1.4000000000000001
2021,11,10,14,30,2.7,4,0,88.29,94.58,0.6000000000000001,317,1.4000000000000001
2021,11,10,15,30,3.7,4,22,84.78,83.92,0.6000000000000001,307,1.5
2021,11,10,16,30,5.7,0,34,90.97,74.45,0.8,304,1.6
2021,11,10,17,30,7.7,3,76,83.86,66.42,0.8,308,1.7000000000000002
2021,11,10,18,30,9.5,4,197,79.39,60.54,0.5,309,1.7000000000000002
2021,11,10,19,30,10.9,4,235,76.34,57.5,0.30000000000000004,301,1.8
2021,11,10,20,30,11.8,0,63,77.32000000000001,57.79,0.30000000000000004,305,1.8
2021,11,10,21,30,12.200000000000001,0,135,80.78,61.34,0.30000000000000004,326,1.9000000000000001
2021,11,10,22,30,12.100000000000001,0,77,85.60000000000001,67.63,0.4,340,1.9000000000000001
2021,11,10,23,30,12,0,46,90.66,75.95,0.4,343,1.9000000000000001
2021,11,11,0,30,9.8,0,26,100,85.58,0.4,326,2
2021,11,11,1,30,8.6,0,0,100,96.41,0.5,318,2
2021,11,11,2,30,7.9,0,0,100,107.63,0.6000000000000001,319,2
2021,11,11,3,30,7.4,0,0,100,119.11,0.6000000000000001,320,2
2021,11,11,4,30,6.9,0,0,100,130.55,0.6000000000000001,316,2
2021,11,11,5,30,6.6000000000000005,0,0,100,141.49,0.6000000000000001,310,2
2021,11,11,6,30,6.5,0,0,100,151.01,0.6000000000000001,305,2
2021,11,11,7,30,6.4,0,0,100,156.98,0.7000000000000001,303,2
2021,11,11,8,30,6.4,0,0,100,156.42000000000002,0.7000000000000001,302,2
2021,11,11,9,30,6.4,0,0,100,149.69,0.8,301,2
2021,11,11,10,30,6.300000000000001,0,0,100,139.86,0.9,301,1.9000000000000001
2021,11,11,11,30,6.2,0,0,100,128.81,0.9,301,1.9000000000000001
2021,11,11,12,30,6.1000000000000005,0,0,100,117.35000000000001,0.9,301,1.8
2021,11,11,13,30,6,0,0,100,105.91,1,300,1.7000000000000002
2021,11,11,14,30,6.1000000000000005,0,0,100,94.78,1.1,298,1.7000000000000002
2021,11,11,15,30,7.4,0,30,100,84.13,1.4000000000000001,298,1.6
2021,11,11,16,30,9.5,0,45,98.86,74.68,1.5,301,1.5
2021,11,11,17,30,11.600000000000001,0,52,93.45,66.67,1.5,309,1.4000000000000001
2021,11,11,18,30,13.5,0,65,85.66,60.81,1.4000000000000001,321,1.4000000000000001
2021,11,11,19,30,15.200000000000001,0,62,77.75,57.78,1.3,329,1.4000000000000001
2021,11,11,20,30,16.2,0,60,73.79,58.06,1.2000000000000002,333,1.4000000000000001
2021,11,11,21,30,16.400000000000002,0,57,75.45,61.59,1.1,336,1.4000000000000001
2021,11,11,22,30,16,0,54,76.62,67.85,1,339,1.4000000000000001
2021,11,11,23,30,15.600000000000001,0,45,83.2,76.14,0.8,340,1.4000000000000001
2021,11,12,0,30,11.700000000000001,0,24,100,85.75,0.9,332,1.3
2021,11,12,1,30,9.600000000000001,0,0,100,96.56,1.1,324,1.3
2021,11,12,2,30,8.5,0,0,100,107.77,1.1,319,1.3
2021,11,12,3,30,7.9,0,0,100,119.25,1.1,316,1.2000000000000002
2021,11,12,4,30,7.6000000000000005,0,0,100,130.7,1.1,314,1.2000000000000002
2021,11,12,5,30,7.5,0,0,100,141.66,1.1,313,1.2000000000000002
2021,11,12,6,30,7.6000000000000005,0,0,99.66,151.21,1.2000000000000002,313,1.1
2021,11,12,7,30,7.800000000000001,0,0,93.94,157.24,1.2000000000000002,314,1.1
2021,11,12,8,30,8.1,0,0,88.14,156.69,1.2000000000000002,314,1.1
2021,11,12,9,30,8.5,0,0,83.14,149.93,1.1,316,1
2021,11,12,10,30,8.4,0,0,82.2,140.07,1.1,320,1
2021,11,12,11,30,8,0,0,83.62,129,1.1,327,1
2021,11,12,12,30,7.5,0,0,85.99,117.54,1.1,334,1
2021,11,12,13,30,7.1000000000000005,0,0,87.2,106.10000000000001,1.1,338,1
2021,11,12,14,30,7,0,0,86.02,94.97,1,334,1
2021,11,12,15,30,8.6,0,26,77.48,84.34,0.8,324,0.9
2021,11,12,16,30,11.600000000000001,0,40,82.38,74.91,0.7000000000000001,313,0.9
2021,11,12,17,30,14.200000000000001,0,47,75.98,66.92,0.8,309,0.9
2021,11,12,18,30,15.9,0,52,70.76,61.07,0.8,317,0.9
2021,11,12,19,30,17.3,0,55,60.89,58.050000000000004,0.8,331,0.9
2021,11,12,20,30,17.900000000000002,0,56,56.620000000000005,58.32,0.9,343,0.9
2021,11,12,21,30,17.6,0,54,59.56,61.83,0.9,348,1
2021,11,12,22,30,16.7,0,50,66.97,68.06,0.7000000000000001,346,1
2021,11,12,23,30,16,0,43,76.81,76.33,0.7000000000000001,344,1
2021,11,13,0,30,11.200000000000001,0,24,100,85.91,0.6000000000000001,322,1.1
2021,11,13,1,30,9,0,0,100,96.71000000000001,0.8,311,1.1
2021,11,13,2,30,8.200000000000001,8,0,100,107.91,0.8,307,1.1
2021,11,13,3,30,8.1,0,0,100,119.38,0.8,306,1.1
2021,11,13,4,30,8,8,0,100,130.83,1,307,1.1
2021,11,13,5,30,7.6000000000000005,4,0,100,141.81,1.3,308,1.1
2021,11,13,6,30,7.2,0,0,100,151.41,1.5,309,1.1
2021,11,13,7,30,7,0,0,99.52,157.5,1.7000000000000002,309,1.2000000000000002
2021,11,13,8,30,6.5,0,0,99.26,156.96,1.7000000000000002,310,1.2000000000000002
2021,11,13,9,30,6.2,0,0,100,150.16,1.7000000000000002,312,1.2000000000000002
2021,11,13,10,30,6.1000000000000005,0,0,100,140.27,1.8,312,1.3
2021,11,13,11,30,6.1000000000000005,0,0,100,129.19,1.9000000000000001,310,1.3
2021,11,13,12,30,6.1000000000000005,0,0,100,117.72,2.1,306,1.3
2021,11,13,13,30,6.1000000000000005,0,0,100,106.28,2.1,303,1.4000000000000001
2021,11,13,14,30,6.300000000000001,0,0,100,95.17,2,301,1.4000000000000001
2021,11,13,15,30,8,0,25,93.37,84.54,1.9000000000000001,300,1.5
2021,11,13,16,30,11,0,43,90.68,75.14,1.7000000000000002,304,1.5
2021,11,13,17,30,13.600000000000001,0,46,80.35000000000001,67.17,1.6,315,1.6
2021,11,13,18,30,15.5,0,52,73.60000000000001,61.33,1.5,325,1.7000000000000002
2021,11,13,19,30,16.8,0,54,71.77,58.32,1.4000000000000001,329,1.7000000000000002
2021,11,13,20,30,17.5,0,55,70.64,58.57,1.2000000000000002,326,1.8
2021,11,13,21,30,17.8,8,125,72.25,62.06,1.1,327,1.8
2021,11,13,22,30,17.6,0,71,76.49,68.27,0.9,330,1.8
2021,11,13,23,30,17.3,0,45,83.19,76.51,0.8,332,1.8
2021,11,14,0,30,13.4,0,21,100,86.07000000000001,0.8,325,1.9000000000000001
2021,11,14,1,30,11.600000000000001,0,0,100,96.85000000000001,1,322,1.9000000000000001
2021,11,14,2,30,10.8,0,0,100,108.04,1,321,1.9000000000000001
2021,11,14,3,30,10.200000000000001,0,0,100,119.51,1,319,1.9000000000000001
2021,11,14,4,30,9.8,0,0,100,130.97,1,317,1.9000000000000001
2021,11,14,5,30,9.5,0,0,100,141.96,1.1,314,1.9000000000000001
2021,11,14,6,30,9.3,0,0,100,151.6,1.1,311,1.8
2021,11,14,7,30,9.200000000000001,0,0,100,157.74,1.1,311,1.8
2021,11,14,8,30,9.200000000000001,0,0,99.06,157.22,1,316,1.8
2021,11,14,9,30,9.200000000000001,8,0,95.78,150.38,1,325,1.8
2021,11,14,10,30,9.1,7,0,93.64,140.47,0.9,333,1.7000000000000002
2021,11,14,11,30,8.9,7,0,91.73,129.37,0.9,336,1.7000000000000002
2021,11,14,12,30,8.700000000000001,8,0,89.88,117.9,0.9,338,1.7000000000000002
2021,11,14,13,30,8.700000000000001,8,0,87.93,106.47,0.8,337,1.6
2021,11,14,14,30,8.700000000000001,4,0,86.7,95.37,0.7000000000000001,331,1.5
2021,11,14,15,30,9.600000000000001,0,30,81.57000000000001,84.75,0.5,322,1.5
2021,11,14,16,30,11.600000000000001,7,84,87.83,75.36,0.30000000000000004,325,1.4000000000000001
2021,11,14,17,30,13.4,5,137,79.33,67.41,0.30000000000000004,335,1.4000000000000001
2021,11,14,18,30,14.700000000000001,7,162,72.03,61.59,0.2,173,1.3
2021,11,14,19,30,16,7,104,68.49,58.58,0.1,23,1.3
2021,11,14,20,30,16.900000000000002,0,55,65.58,58.83,0.1,199,1.3
2021,11,14,21,30,17.2,0,77,65.91,62.29,0.2,182,1.2000000000000002
2021,11,14,22,30,16.7,7,141,72.79,68.47,0.30000000000000004,179,1.2000000000000002
2021,11,14,23,30,16.2,7,88,80.35000000000001,76.68,0.30000000000000004,355,1.2000000000000002
2021,11,15,0,30,13.600000000000001,7,26,89.59,86.21000000000001,0.4,336,1.2000000000000002
2021,11,15,1,30,12.5,7,0,83.74,96.99000000000001,0.5,308,1.2000000000000002
2021,11,15,2,30,11.600000000000001,8,0,86.59,108.16,0.6000000000000001,289,1.2000000000000002
2021,11,15,3,30,11,7,0,87.4,119.63,0.6000000000000001,285,1.1
2021,11,15,4,30,10.700000000000001,7,0,86.43,131.09,0.6000000000000001,285,1.1
2021,11,15,5,30,10.4,8,0,84.81,142.11,0.6000000000000001,291,1.1
2021,11,15,6,30,10.100000000000001,8,0,83.04,151.79,0.6000000000000001,301,1.1
2021,11,15,7,30,9.700000000000001,7,0,82.36,157.98,0.6000000000000001,307,1
2021,11,15,8,30,9.4,6,0,81.78,157.47,0.6000000000000001,312,1
2021,11,15,9,30,9.200000000000001,7,0,81.34,150.61,0.5,318,1
2021,11,15,10,30,9,7,0,81.2,140.66,0.5,322,1
2021,11,15,11,30,8.700000000000001,7,0,81.15,129.56,0.4,338,1
2021,11,15,12,30,8.3,7,0,81.16,118.09,0.4,188,1
2021,11,15,13,30,7.9,7,0,81.36,106.66,0.4,25,0.9
2021,11,15,14,30,7.800000000000001,6,0,80.73,95.56,0.4,20,0.9
2021,11,15,15,30,8.1,6,29,78.04,84.95,0.30000000000000004,8,0.8
2021,11,15,16,30,8.9,6,90,79.94,75.58,0.2,32,0.8
2021,11,15,17,30,9.9,6,160,86.46000000000001,67.65,0.2,108,0.8
2021,11,15,18,30,10.8,6,212,79.64,61.84,0.2,151,0.8
2021,11,15,19,30,11.4,7,217,75.59,58.83,0.30000000000000004,148,0.8
2021,11,15,20,30,11.600000000000001,7,229,76.3,59.07,0.4,155,0.9
2021,11,15,21,30,11.9,7,191,76.85000000000001,62.51,0.5,173,0.9
2021,11,15,22,30,11.5,6,135,81.24,68.67,0.4,184,0.9
2021,11,15,23,30,10.9,7,75,94.4,76.85000000000001,0.30000000000000004,183,1
2021,11,16,0,30,9.4,6,17,99.86,86.35000000000001,0.30000000000000004,223,1.1
2021,11,16,1,30,8.9,6,0,98.65,97.12,0.30000000000000004,256,1.3
2021,11,16,2,30,8.4,6,0,100,108.28,0.30000000000000004,265,1.5
2021,11,16,3,30,7.9,6,0,100,119.74000000000001,0.4,262,1.7000000000000002
2021,11,16,4,30,7.7,6,0,100,131.21,0.4,264,1.8
2021,11,16,5,30,7.6000000000000005,7,0,100,142.25,0.4,272,1.7000000000000002
2021,11,16,6,30,7.300000000000001,7,0,100,151.96,0.4,290,1.5
2021,11,16,7,30,6.9,7,0,100,158.22,0.5,315,1.3
2021,11,16,8,30,6.300000000000001,0,0,100,157.72,0.5,336,1.1
2021,11,16,9,30,5.7,0,0,100,150.83,0.5,348,1
2021,11,16,10,30,5.2,0,0,100,140.86,0.5,351,0.9
2021,11,16,11,30,4.800000000000001,0,0,100,129.74,0.5,345,0.8
2021,11,16,12,30,4.3,0,0,100,118.27,0.6000000000000001,335,0.7000000000000001
2021,11,16,13,30,4.2,0,0,100,106.84,0.9,331,0.7000000000000001
2021,11,16,14,30,4.1000000000000005,0,0,100,95.76,1.5,327,0.7000000000000001
2021,11,16,15,30,4.3,0,23,100,85.15,2,320,0.6000000000000001
2021,11,16,16,30,5.4,0,36,94.32000000000001,75.8,2.3000000000000003,319,0.6000000000000001
2021,11,16,17,30,7,0,51,79.69,67.89,2.3000000000000003,325,0.5
2021,11,16,18,30,8.5,0,51,67.12,62.09,2.3000000000000003,328,0.5
2021,11,16,19,30,9.700000000000001,0,57,58.5,59.08,2.3000000000000003,330,0.5
2021,11,16,20,30,10.5,7,163,54.13,59.31,2.3000000000000003,332,0.5
2021,11,16,21,30,10.8,7,176,53.93,62.730000000000004,2.2,332,0.5
2021,11,16,22,30,10.5,8,78,57.72,68.86,2,328,0.5
2021,11,16,23,30,10.100000000000001,7,73,65.17,77.01,2,325,0.5
2021,11,17,0,30,6.300000000000001,7,24,88.47,86.49,1.9000000000000001,322,0.5
2021,11,17,1,30,4.5,8,0,91.3,97.24000000000001,1.9000000000000001,323,0.5
2021,11,17,2,30,3.7,0,0,92.87,108.39,2,318,0.5
2021,11,17,3,30,3.1,0,0,91.75,119.85000000000001,2.1,311,0.5
2021,11,17,4,30,2.6,7,0,88.75,131.32,2.1,309,0.5
2021,11,17,5,30,2,0,0,86.7,142.37,2.1,306,0.5
2021,11,17,6,30,1.4000000000000001,0,0,84.85000000000001,152.13,2,304,0.5
2021,11,17,7,30,0.9,0,0,83.49,158.45000000000002,2,304,0.4
2021,11,17,8,30,0.5,0,0,82.51,157.97,1.9000000000000001,304,0.4
2021,11,17,9,30,0.2,0,0,82.32000000000001,151.05,1.8,303,0.4
2021,11,17,10,30,-0.1,0,0,83.61,141.05,1.8,304,0.4
2021,11,17,11,30,-0.2,0,0,83.79,129.92000000000002,1.8,308,0.4
2021,11,17,12,30,-0.2,0,0,84.45,118.45,1.8,311,0.4
2021,11,17,13,30,-0.4,0,0,86.23,107.02,1.5,313,0.4
2021,11,17,14,30,-0.6000000000000001,0,0,88.64,95.95,1.1,324,0.4
2021,11,17,15,30,1.1,0,24,81.13,85.35000000000001,0.8,331,0.5
2021,11,17,16,30,4.2,7,61,76.60000000000001,76.02,0.9,323,0.5
2021,11,17,17,30,6.6000000000000005,3,87,63.36,68.12,0.8,325,0.5
2021,11,17,18,30,8.700000000000001,0,63,58.77,62.34,0.5,169,0.5
2021,11,17,19,30,10.100000000000001,0,55,56.81,59.33,0.4,6,0.6000000000000001
2021,11,17,20,30,10.8,0,55,57.07,59.54,0.5,6,0.7000000000000001
2021,11,17,21,30,11.100000000000001,0,54,58.160000000000004,62.940000000000005,0.5,6,0.7000000000000001
2021,11,17,22,30,10.8,0,48,62.68,69.04,0.5,6,0.7000000000000001
2021,11,17,23,30,10.5,0,39,71.43,77.17,0.4,6,0.8
2021,11,18,0,30,7.7,0,21,87.04,86.62,0.6000000000000001,178,0.8
2021,11,18,1,30,6.4,0,0,80,97.36,0.6000000000000001,342,0.8
2021,11,18,2,30,5.9,0,0,81.51,108.5,0.5,322,0.8
2021,11,18,3,30,5.5,0,0,82.64,119.95,0.5,312,0.8
2021,11,18,4,30,4.9,0,0,85.27,131.43,0.6000000000000001,334,0.8
2021,11,18,5,30,4.1000000000000005,8,0,89.21000000000001,142.5,0.6000000000000001,196,0.9
2021,11,18,6,30,3.4000000000000004,0,0,92.7,152.29,0.6000000000000001,40,0.9
2021,11,18,7,30,3,8,0,94.12,158.67000000000002,0.6000000000000001,43,1
2021,11,18,8,30,2.7,7,0,94.65,158.21,0.6000000000000001,36,1.1
2021,11,18,9,30,2.7,7,0,93.28,151.26,0.7000000000000001,36,1.2000000000000002
2021,11,18,10,30,3,7,0,91.60000000000001,141.24,0.7000000000000001,41,1.2000000000000002
2021,11,18,11,30,3.1,7,0,90.94,130.1,0.6000000000000001,48,1.3
2021,11,18,12,30,3.1,7,0,89.83,118.62,0.6000000000000001,54,1.2000000000000002
2021,11,18,13,30,3.1,7,0,88.29,107.21000000000001,0.5,48,1.2000000000000002
2021,11,18,14,30,3.3000000000000003,7,0,86.23,96.14,0.5,40,1.2000000000000002
2021,11,18,15,30,4,7,22,82.23,85.55,0.4,41,1.2000000000000002
2021,11,18,16,30,5,7,91,84.74,76.24,0.30000000000000004,58,1.3
2021,11,18,17,30,6,7,151,87.4,68.35000000000001,0.2,114,1.3
2021,11,18,18,30,6.9,6,27,83.46000000000001,62.58,0.1,168,1.4000000000000001
2021,11,18,19,30,7.6000000000000005,7,65,82.29,59.57,0.2,154,1.4000000000000001
2021,11,18,20,30,8,8,157,83.45,59.77,0.4,132,1.3
2021,11,18,21,30,8.3,6,41,85.54,63.15,0.6000000000000001,146,1.3
2021,11,18,22,30,8.5,7,50,85.71000000000001,69.22,0.7000000000000001,165,1.3
2021,11,18,23,30,8.4,4,54,87.25,77.32000000000001,0.7000000000000001,173,1.4000000000000001
2021,11,19,0,30,5.800000000000001,4,9,100,86.74,0.4,161,1.5
2021,11,19,1,30,4.800000000000001,4,0,100,97.47,0.4,128,1.6
2021,11,19,2,30,4.4,4,0,100,108.60000000000001,0.4,105,1.7000000000000002
2021,11,19,3,30,4.1000000000000005,8,0,100,120.05,0.4,121,1.7000000000000002
2021,11,19,4,30,4.2,7,0,100,131.52,0.4,143,1.8
2021,11,19,5,30,4.2,4,0,100,142.61,0.5,152,1.8
2021,11,19,6,30,4.4,0,0,100,152.45000000000002,0.4,151,1.9000000000000001
2021,11,19,7,30,4.6000000000000005,0,0,100,158.88,0.4,149,1.9000000000000001
2021,11,19,8,30,5,7,0,100,158.45000000000002,0.4,142,1.9000000000000001
2021,11,19,9,30,5,7,0,100,151.48,0.4,134,1.9000000000000001
2021,11,19,10,30,5,0,0,100,141.43,0.4,123,1.8
2021,11,19,11,30,4.9,0,0,100,130.28,0.5,117,1.7000000000000002
2021,11,19,12,30,4.9,4,0,100,118.8,0.5,121,1.6
2021,11,19,13,30,4.9,0,0,100,107.39,0.5,133,1.4000000000000001
2021,11,19,14,30,5.1000000000000005,0,0,100,96.33,0.4,133,1.2000000000000002
2021,11,19,15,30,5.800000000000001,0,19,100,85.75,0.30000000000000004,104,1.1
2021,11,19,16,30,7.1000000000000005,0,41,100,76.45,0.30000000000000004,56,1
2021,11,19,17,30,8.700000000000001,0,50,100,68.58,0.4,21,1
2021,11,19,18,30,10,0,61,93.43,62.81,0.5,10,1
2021,11,19,19,30,10.9,0,63,86.58,59.800000000000004,0.6000000000000001,21,1
2021,11,19,20,30,11.4,0,71,79.84,59.99,0.8,39,0.9
2021,11,19,21,30,11.4,0,65,76.10000000000001,63.34,0.8,51,0.9
2021,11,19,22,30,10.9,0,48,77.08,69.39,0.6000000000000001,57,0.9
2021,11,19,23,30,10.600000000000001,0,38,80.66,77.46000000000001,0.5,58,0.9
2021,11,20,0,30,7.800000000000001,0,17,100,86.86,0.4,172,0.9
2021,11,20,1,30,6.2,0,0,100,97.57000000000001,0.7000000000000001,290,0.9
2021,11,20,2,30,4.800000000000001,0,0,100,108.69,0.9,300,0.9
2021,11,20,3,30,3.6,0,0,100,120.14,0.8,319,0.8
2021,11,20,4,30,2.9000000000000004,0,0,100,131.62,0.8,332,0.8
2021,11,20,5,30,2.5,0,0,100,142.72,0.9,333,0.7000000000000001
2021,11,20,6,30,2.1,0,0,100,152.6,1.3,326,0.7000000000000001
2021,11,20,7,30,1.6,0,0,100,159.09,1.9000000000000001,315,0.6000000000000001
2021,11,20,8,30,1,0,0,100,158.68,2.1,307,0.5
2021,11,20,9,30,0.6000000000000001,0,0,100,151.69,2.1,305,0.5
2021,11,20,10,30,0.4,0,0,100,141.62,2.1,304,0.4
2021,11,20,11,30,0.5,0,0,99.95,130.46,2.1,304,0.4
2021,11,20,12,30,0.6000000000000001,0,0,98.79,118.98,2.2,303,0.4
2021,11,20,13,30,0.5,0,0,98.86,107.57000000000001,2.3000000000000003,302,0.4
2021,11,20,14,30,0.4,0,0,98.07000000000001,96.52,2.4000000000000004,301,0.4
2021,11,20,15,30,1.5,0,27,89.25,85.93,2.5,300,0.4
2021,11,20,16,30,3.9000000000000004,0,37,77.44,76.66,2.4000000000000004,303,0.4
2021,11,20,17,30,6.4,0,44,67.83,68.8,2.3000000000000003,312,0.4
2021,11,20,18,30,8.6,0,47,61.730000000000004,63.04,2.1,320,0.4
2021,11,20,19,30,10.100000000000001,0,49,57.39,60.03,2,325,0.4
2021,11,20,20,30,11,0,49,55.08,60.21,1.9000000000000001,328,0.4
2021,11,20,21,30,11.200000000000001,0,48,56.68,63.54,1.8,328,0.4
2021,11,20,22,30,10.700000000000001,0,43,62.32,69.55,1.6,324,0.4
2021,11,20,23,30,10.200000000000001,0,36,69.81,77.60000000000001,1.5,321,0.4
2021,11,21,0,30,5.5,0,20,97.5,86.97,1.3,322,0.4
2021,11,21,1,30,3.6,0,0,96.92,97.67,1.3,322,0.4
2021,11,21,2,30,3.1,0,0,93.45,108.78,1.5,318,0.4
2021,11,21,3,30,3,0,0,87.31,120.22,1.7000000000000002,311,0.4
2021,11,21,4,30,2.8000000000000003,0,0,82.93,131.7,1.9000000000000001,306,0.4
2021,11,21,5,30,2.4000000000000004,0,0,81.73,142.82,2,301,0.30000000000000004
2021,11,21,6,30,2,0,0,81.10000000000001,152.73,2.2,299,0.30000000000000004
2021,11,21,7,30,1.7000000000000002,0,0,78.48,159.29,2.3000000000000003,300,0.30000000000000004
2021,11,21,8,30,1.3,0,0,76.38,158.91,2.3000000000000003,301,0.30000000000000004
2021,11,21,9,30,1,0,0,75.10000000000001,151.89000000000001,2.3000000000000003,302,0.30000000000000004
2021,11,21,10,30,0.8,0,0,74.86,141.81,2.2,304,0.30000000000000004
2021,11,21,11,30,0.6000000000000001,0,0,75.25,130.64000000000001,2,306,0.30000000000000004
2021,11,21,12,30,0.30000000000000004,0,0,76.76,119.15,1.8,308,0.30000000000000004
2021,11,21,13,30,-0.1,0,0,79.61,107.75,1.5,311,0.30000000000000004
2021,11,21,14,30,-0.2,0,0,81.37,96.7,1.5,311,0.30000000000000004
2021,11,21,15,30,1.3,0,22,75.06,86.12,1.6,306,0.30000000000000004
2021,11,21,16,30,4.2,0,35,71.48,76.87,1.7000000000000002,302,0.30000000000000004
2021,11,21,17,30,6.9,0,43,62.050000000000004,69.02,1.5,306,0.30000000000000004
2021,11,21,18,30,9.3,0,51,57,63.27,1.2000000000000002,314,0.30000000000000004
2021,11,21,19,30,11.100000000000001,0,51,55.6,60.26,1,324,0.30000000000000004
2021,11,21,20,30,12.4,0,53,53.95,60.42,1,336,0.30000000000000004
2021,11,21,21,30,13,0,53,51.25,63.72,0.9,339,0.4
2021,11,21,22,30,12.100000000000001,0,48,53.81,69.71000000000001,0.8,329,0.4
2021,11,21,23,30,11.4,0,38,66.21000000000001,77.73,0.7000000000000001,322,0.4
2021,11,22,0,30,6.5,0,20,93.88,87.07000000000001,1,315,0.4
2021,11,22,1,30,4.7,0,0,90.02,97.77,1.2000000000000002,316,0.4
2021,11,22,2,30,3.9000000000000004,0,0,89.63,108.86,1.3,317,0.4
2021,11,22,3,30,3.4000000000000004,0,0,85.65,120.3,1.2000000000000002,317,0.4
2021,11,22,4,30,3.2,0,0,80.65,131.78,1.2000000000000002,320,0.4
2021,11,22,5,30,3.2,0,0,75.97,142.92000000000002,1.1,324,0.4
2021,11,22,6,30,3.2,0,0,72.83,152.86,1.1,327,0.4
2021,11,22,7,30,3.2,0,0,70.98,159.48,1,329,0.4
2021,11,22,8,30,3.1,0,0,70.29,159.14000000000001,1,332,0.4
2021,11,22,9,30,2.9000000000000004,0,0,70.32000000000001,152.1,0.9,334,0.4
2021,11,22,10,30,2.6,0,0,70.59,141.99,0.9,337,0.4
2021,11,22,11,30,2.3000000000000003,0,0,70.66,130.81,1,340,0.4
2021,11,22,12,30,2.1,0,0,70.34,119.33,1,345,0.4
2021,11,22,13,30,2,0,0,69.66,107.93,1,348,0.4
2021,11,22,14,30,2.2,0,0,67.55,96.89,0.9,349,0.4
2021,11,22,15,30,3.4000000000000004,0,23,62.68,86.31,0.8,346,0.4
2021,11,22,16,30,6.300000000000001,0,41,70.61,77.08,0.7000000000000001,337,0.4
2021,11,22,17,30,9.200000000000001,0,51,65.47,69.24,0.7000000000000001,328,0.4
2021,11,22,18,30,11.3,0,57,54.15,63.49,0.7000000000000001,324,0.4
2021,11,22,19,30,12.9,0,61,52.51,60.480000000000004,0.7000000000000001,315,0.5
2021,11,22,20,30,13.8,0,60,50.4,60.620000000000005,0.6000000000000001,306,0.5
2021,11,22,21,30,14.200000000000001,0,57,51.19,63.9,0.4,308,0.6000000000000001
2021,11,22,22,30,13.700000000000001,0,54,54.97,69.86,0.2,157,0.6000000000000001
2021,11,22,23,30,13.100000000000001,0,43,62.07,77.86,0.1,2,0.6000000000000001
2021,11,23,0,30,9.8,0,20,71.94,87.18,0.6000000000000001,103,0.6000000000000001
2021,11,23,1,30,8.5,0,0,67.29,97.85000000000001,0.6000000000000001,122,0.6000000000000001
2021,11,23,2,30,7.6000000000000005,0,0,70.82000000000001,108.94,0.5,148,0.6000000000000001
2021,11,23,3,30,6.9,0,0,72.8,120.36,0.6000000000000001,170,0.6000000000000001
2021,11,23,4,30,6.5,0,0,72.57000000000001,131.85,0.7000000000000001,184,0.6000000000000001
2021,11,23,5,30,6,0,0,74.27,143,0.8,195,0.7000000000000001
2021,11,23,6,30,5,7,0,80.11,152.99,0.8,204,0.7000000000000001
2021,11,23,7,30,3.9000000000000004,7,0,88.31,159.66,0.7000000000000001,213,0.7000000000000001
2021,11,23,8,30,3,7,0,91.85000000000001,159.35,0.5,228,0.6000000000000001
2021,11,23,9,30,2.5,0,0,95.2,152.3,0.5,254,0.7000000000000001
2021,11,23,10,30,1.8,0,0,100,142.18,0.5,279,0.8
2021,11,23,11,30,0.9,0,0,100,130.99,0.6000000000000001,291,0.9
2021,11,23,12,30,0.6000000000000001,0,0,100,119.5,0.6000000000000001,293,0.9
2021,11,23,13,30,0.6000000000000001,0,0,100,108.10000000000001,0.7000000000000001,295,0.8
2021,11,23,14,30,0.6000000000000001,0,0,100,97.07000000000001,0.8,299,0.7000000000000001
2021,11,23,15,30,1.9000000000000001,0,22,100,86.5,1.3,304,0.6000000000000001
2021,11,23,16,30,4,0,40,91.85000000000001,77.28,1.8,310,0.6000000000000001
2021,11,23,17,30,6.1000000000000005,0,47,80.59,69.45,1.9000000000000001,320,0.5
2021,11,23,18,30,7.7,0,53,70.61,63.71,2,332,0.5
2021,11,23,19,30,8.700000000000001,0,54,64.57000000000001,60.69,1.9000000000000001,339,0.5
2021,11,23,20,30,9.3,0,53,61,60.82,1.9000000000000001,342,0.5
2021,11,23,21,30,9.5,7,81,59.71,64.07000000000001,1.8,341,0.5
2021,11,23,22,30,9,7,126,62.52,70,1.6,339,0.5
2021,11,23,23,30,8.6,0,57,69.39,77.97,1.4000000000000001,337,0.5
2021,11,24,0,30,4.1000000000000005,0,20,99.98,87.26,1.1,334,0.6000000000000001
2021,11,24,1,30,2.4000000000000004,0,0,100,97.93,1.3,336,0.6000000000000001
2021,11,24,2,30,2.1,0,0,100,109.01,1.6,337,0.6000000000000001
2021,11,24,3,30,1.8,0,0,99.28,120.43,1.8,332,0.5
2021,11,24,4,30,1.4000000000000001,0,0,98.42,131.92000000000002,2,323,0.5
2021,11,24,5,30,1.1,0,0,97.94,143.08,2.2,316,0.5
2021,11,24,6,30,0.8,0,0,96.60000000000001,153.1,2.3000000000000003,313,0.5
2021,11,24,7,30,0.6000000000000001,0,0,93.87,159.84,2.3000000000000003,311,0.4
2021,11,24,8,30,0.30000000000000004,0,0,93.37,159.57,2.4000000000000004,310,0.4
2021,11,24,9,30,0.1,0,0,92.71000000000001,152.5,2.4000000000000004,309,0.4
2021,11,24,10,30,-0.2,0,0,91.77,142.36,2.4000000000000004,308,0.4
2021,11,24,11,30,-0.4,0,0,89.36,131.16,2.4000000000000004,308,0.4
2021,11,24,12,30,-0.4,0,0,85.43,119.67,2.4000000000000004,308,0.4
2021,11,24,13,30,-0.2,0,0,81.54,108.28,2.3000000000000003,307,0.4
2021,11,24,14,30,-0.2,0,0,79.72,97.25,2.3000000000000003,304,0.4
2021,11,24,15,30,0.7000000000000001,0,21,74.01,86.68,2.4000000000000004,301,0.4
2021,11,24,16,30,2.9000000000000004,0,38,65.74,77.48,2.3000000000000003,300,0.5
2021,11,24,17,30,5.4,0,46,58.18,69.66,2.2,302,0.5
2021,11,24,18,30,7.5,0,49,54.79,63.92,2,309,0.5
2021,11,24,19,30,9.3,0,50,52.660000000000004,60.89,1.9000000000000001,317,0.6000000000000001
2021,11,24,20,30,10.3,0,52,51.11,61,1.6,327,0.6000000000000001
2021,11,24,21,30,10.700000000000001,0,50,53.34,64.24,1.4000000000000001,333,0.6000000000000001
2021,11,24,22,30,10.4,0,47,56.33,70.14,1.1,329,0.6000000000000001
2021,11,24,23,30,9.8,3,56,66.8,78.08,0.9,324,0.6000000000000001
2021,11,25,0,30,5.2,0,18,93.06,87.35000000000001,1,320,0.6000000000000001
2021,11,25,1,30,3.2,0,0,94.66,98.01,1,325,0.6000000000000001
2021,11,25,2,30,2.1,0,0,96.60000000000001,109.07000000000001,1,326,0.6000000000000001
2021,11,25,3,30,1.6,0,0,93.63,120.48,1,321,0.6000000000000001
2021,11,25,4,30,1.4000000000000001,0,0,90.02,131.98,1.1,316,0.6000000000000001
2021,11,25,5,30,1.1,0,0,87.75,143.16,1.2000000000000002,319,0.7000000000000001
2021,11,25,6,30,1,0,0,84.44,153.21,1.2000000000000002,324,0.7000000000000001
2021,11,25,7,30,1.2000000000000002,0,0,79.43,160.01,1.3,324,0.7000000000000001
2021,11,25,8,30,1.8,0,0,73.09,159.78,1.4000000000000001,321,0.7000000000000001
2021,11,25,9,30,2.5,0,0,66.83,152.69,1.4000000000000001,319,0.7000000000000001
2021,11,25,10,30,2.9000000000000004,0,0,63.7,142.53,1.4000000000000001,319,0.7000000000000001
2021,11,25,11,30,3,0,0,60.620000000000005,131.33,1.2000000000000002,321,0.7000000000000001
2021,11,25,12,30,2.9000000000000004,0,0,57.120000000000005,119.84,1,325,0.7000000000000001
2021,11,25,13,30,2.7,0,0,56.36,108.45,0.9,331,0.8
2021,11,25,14,30,2.6,8,0,57.92,97.43,0.9,340,0.8
2021,11,25,15,30,3.2,0,20,59.35,86.86,0.8,348,0.8
2021,11,25,16,30,4.6000000000000005,0,46,68.35000000000001,77.67,0.8,347,0.8
2021,11,25,17,30,6.4,3,83,73.52,69.86,0.6000000000000001,340,0.8
2021,11,25,18,30,8.1,8,92,68.36,64.12,0.4,335,0.8
2021,11,25,19,30,8.8,0,59,58.660000000000004,61.09,0.2,345,0.8
2021,11,25,20,30,9.200000000000001,0,78,61.95,61.19,0.2,191,0.8
2021,11,25,21,30,9.700000000000001,8,84,64.27,64.39,0.30000000000000004,27,0.8
2021,11,25,22,30,9.4,8,112,71.55,70.27,0.30000000000000004,24,0.8
2021,11,25,23,30,9,7,60,85.55,78.19,0.30000000000000004,19,0.8
2021,11,26,0,30,7,7,16,85.21000000000001,87.43,0.5,352,0.8
2021,11,26,1,30,6.1000000000000005,7,0,83.42,98.07000000000001,0.6000000000000001,333,1
2021,11,26,2,30,5.1000000000000005,7,0,88.68,109.12,0.7000000000000001,315,1.2000000000000002
2021,11,26,3,30,4.6000000000000005,8,0,94.5,120.54,0.7000000000000001,316,1.5
2021,11,26,4,30,4.9,8,0,90.51,132.03,0.7000000000000001,164,1.6
2021,11,26,5,30,5,7,0,88.13,143.22,0.7000000000000001,8,1.5
2021,11,26,6,30,4.6000000000000005,7,0,88.33,153.31,0.8,162,1.3
2021,11,26,7,30,3.9000000000000004,7,0,89.03,160.18,0.9,308,1.1
2021,11,26,8,30,3.6,7,0,88.83,159.98,0.9,304,1
2021,11,26,9,30,3.8000000000000003,7,0,87.31,152.88,0.8,307,1
2021,11,26,10,30,3.8000000000000003,0,0,87.82000000000001,142.71,0.8,312,0.9
2021,11,26,11,30,3.4000000000000004,0,0,86.91,131.5,0.9,316,0.8
2021,11,26,12,30,3,0,0,85.19,120.01,0.9,316,0.7000000000000001
2021,11,26,13,30,2.6,0,0,82.68,108.62,1,314,0.6000000000000001
2021,11,26,14,30,2.6,0,0,78.99,97.61,1.1,314,0.6000000000000001
2021,11,26,15,30,3.8000000000000003,0,20,70.85000000000001,87.04,1,316,0.7000000000000001
2021,11,26,16,30,6.5,0,38,70.91,77.86,1,314,0.7000000000000001
2021,11,26,17,30,9.600000000000001,0,45,71.67,70.06,1,314,0.8
2021,11,26,18,30,11.9,0,49,55.120000000000005,64.32000000000001,1,320,1
2021,11,26,19,30,14.100000000000001,0,52,48.65,61.29,1,324,1.2000000000000002
2021,11,26,20,30,15.700000000000001,0,85,43.57,61.370000000000005,1.1,326,1.3
2021,11,26,21,30,15.9,8,100,46.7,64.55,1,333,1.4000000000000001
2021,11,26,22,30,14.8,8,101,56.39,70.4,0.8,344,1.5
2021,11,26,23,30,13.9,7,78,72.77,78.29,0.6000000000000001,350,1.6
2021,11,27,0,30,9.4,8,17,93.93,87.51,0.9,343,1.6
2021,11,27,1,30,7.800000000000001,8,0,90.36,98.13,1,336,1.6
2021,11,27,2,30,7.4,0,0,92.37,109.17,1,330,1.6
2021,11,27,3,30,7.2,7,0,93.5,120.58,1,324,1.7000000000000002
2021,11,27,4,30,7,8,0,93.66,132.07,1.1,320,1.9000000000000001
2021,11,27,5,30,6.7,8,0,94.58,143.28,1.1,319,2
2021,11,27,6,30,6.800000000000001,7,0,95.13,153.4,1,324,2.1
2021,11,27,7,30,7.1000000000000005,7,0,94.76,160.33,1,330,2.1
2021,11,27,8,30,7,0,0,94.85000000000001,160.18,1,328,2.1
2021,11,27,9,30,6.6000000000000005,0,0,97.09,153.07,1.1,323,2
2021,11,27,10,30,6.2,5,0,100,142.88,1.1,321,1.9000000000000001
2021,11,27,11,30,6.1000000000000005,0,0,100,131.66,1.1,322,1.9000000000000001
2021,11,27,12,30,6.1000000000000005,0,0,100,120.18,1.2000000000000002,324,1.9000000000000001
2021,11,27,13,30,6.1000000000000005,0,0,100,108.79,1.2000000000000002,324,1.9000000000000001
2021,11,27,14,30,6.2,8,0,100,97.78,1.2000000000000002,322,1.9000000000000001
2021,11,27,15,30,7.4,7,19,100,87.22,1.3,319,1.9000000000000001
2021,11,27,16,30,10,0,34,95.08,78.05,1.4000000000000001,316,1.9000000000000001
2021,11,27,17,30,12.3,0,44,89.67,70.25,1.4000000000000001,319,1.9000000000000001
2021,11,27,18,30,13.600000000000001,0,61,84.95,64.52,1.3,327,2
2021,11,27,19,30,14.100000000000001,0,53,84.17,61.480000000000004,1.2000000000000002,330,2
2021,11,27,20,30,14.4,8,124,84.2,61.53,1.2000000000000002,328,2.1
2021,11,27,21,30,14.8,0,50,85.35000000000001,64.69,1.1,323,2.1
2021,11,27,22,30,14.9,8,125,83.71000000000001,70.51,1.1,319,2.1
2021,11,27,23,30,14.700000000000001,7,68,86.84,78.38,1.1,316,2
2021,11,28,0,30,11.5,0,16,98.66,87.58,1,321,2
2021,11,28,1,30,10.200000000000001,0,0,98.98,98.19,1.1,321,2
2021,11,28,2,30,9.5,0,0,100,109.22,1,320,1.9000000000000001
2021,11,28,3,30,8.9,0,0,100,120.62,1,319,1.9000000000000001
2021,11,28,4,30,8.5,0,0,100,132.11,1,319,1.8
2021,11,28,5,30,8.200000000000001,0,0,99.84,143.33,0.9,320,1.8
2021,11,28,6,30,8.1,0,0,98.56,153.49,0.9,323,1.7000000000000002
2021,11,28,7,30,7.9,0,0,98.34,160.48,0.9,331,1.7000000000000002
2021,11,28,8,30,7.800000000000001,0,0,97.47,160.37,0.9,347,1.6
2021,11,28,9,30,7.5,0,0,96.88,153.25,0.9,188,1.6
2021,11,28,10,30,7.300000000000001,0,0,94.16,143.06,0.8,24,1.6
2021,11,28,11,30,7.300000000000001,7,0,88.82000000000001,131.83,0.7000000000000001,33,1.6
2021,11,28,12,30,7.4,7,0,83.66,120.34,0.5,36,1.5
2021,11,28,13,30,7.300000000000001,8,0,80.86,108.96000000000001,0.4,38,1.5
2021,11,28,14,30,7.1000000000000005,0,0,79.47,97.96000000000001,0.4,42,1.4000000000000001
2021,11,28,15,30,7.6000000000000005,0,17,75.15,87.39,0.4,39,1.3
2021,11,28,16,30,9.5,0,33,78.87,78.24,0.30000000000000004,23,1.2000000000000002
2021,11,28,17,30,11.700000000000001,0,48,75.17,70.44,0.30000000000000004,185,1.2000000000000002
2021,11,28,18,30,13.5,0,48,67.53,64.71000000000001,0.5,359,1.2000000000000002
2021,11,28,19,30,14.9,0,49,64.9,61.660000000000004,0.6000000000000001,360,1.3
2021,11,28,20,30,15.600000000000001,0,50,63.21,61.7,0.7000000000000001,359,1.3
2021,11,28,21,30,15.700000000000001,0,53,64.18,64.83,0.8,357,1.3
2021,11,28,22,30,15.5,0,47,68.72,70.63,0.7000000000000001,352,1.4000000000000001
2021,11,28,23,30,15.3,0,35,78.82000000000001,78.46000000000001,0.6000000000000001,347,1.4000000000000001
2021,11,29,0,30,11.9,0,17,83.5,87.64,0.6000000000000001,334,1.4000000000000001
2021,11,29,1,30,10.8,0,0,78.84,98.24000000000001,0.6000000000000001,328,1.5
2021,11,29,2,30,10.3,0,0,79.69,109.25,0.6000000000000001,323,1.5
2021,11,29,3,30,10,0,0,79.53,120.65,0.7000000000000001,320,1.5
2021,11,29,4,30,9.600000000000001,0,0,80.01,132.15,0.8,322,1.5
2021,11,29,5,30,9.1,0,0,80.87,143.38,0.9,328,1.5
2021,11,29,6,30,8.5,0,0,82.13,153.56,0.8,331,1.5
2021,11,29,7,30,7.7,0,0,84.44,160.62,0.8,328,1.5
2021,11,29,8,30,7,0,0,86.62,160.56,0.8,321,1.4000000000000001
2021,11,29,9,30,6.4,0,0,88.62,153.44,0.8,316,1.3
2021,11,29,10,30,5.9,0,0,90.15,143.23,0.8,311,1.2000000000000002
2021,11,29,11,30,5.300000000000001,0,0,90.75,131.99,0.8,308,1.1
2021,11,29,12,30,4.800000000000001,0,0,88.28,120.5,0.8,308,0.9
2021,11,29,13,30,4.4,0,0,83.92,109.12,0.9,309,0.8
2021,11,29,14,30,3.9000000000000004,0,0,80.14,98.13,0.9,311,0.6000000000000001
2021,11,29,15,30,4.7,0,18,72.43,87.55,0.8,314,0.5
2021,11,29,16,30,7.5,0,37,76.83,78.42,0.9,318,0.5
2021,11,29,17,30,10.5,0,45,72.15,70.63,1.1,324,0.6000000000000001
2021,11,29,18,30,12.4,0,49,59.75,64.9,1.1,331,0.6000000000000001
2021,11,29,19,30,13.9,0,52,58.53,61.83,1.1,334,0.6000000000000001
2021,11,29,20,30,15.9,0,52,52.99,61.85,1.1,332,0.6000000000000001
2021,11,29,21,30,17.1,0,50,45.04,64.96000000000001,1.1,331,0.6000000000000001
2021,11,29,22,30,15.700000000000001,0,46,51.29,70.73,1,331,0.6000000000000001
2021,11,29,23,30,14.4,0,37,70.98,78.54,0.9,332,0.6000000000000001
2021,11,30,0,30,10.4,0,17,76.25,87.69,1.2000000000000002,334,0.6000000000000001
2021,11,30,1,30,8.9,3,0,71.94,98.28,1.4000000000000001,330,0.7000000000000001
2021,11,30,2,30,8.1,0,0,72.48,109.29,1.5,324,0.7000000000000001
2021,11,30,3,30,7.9,0,0,68.86,120.67,1.7000000000000002,318,0.7000000000000001
2021,11,30,4,30,8,0,0,64.92,132.17000000000002,1.8,314,0.7000000000000001
2021,11,30,5,30,8.3,0,0,60.660000000000004,143.41,2,312,0.8
2021,11,30,6,30,8.4,0,0,57.65,153.63,2.1,311,0.8
2021,11,30,7,30,8.3,0,0,55.93,160.75,2.2,311,0.8
2021,11,30,8,30,8.1,0,0,54.49,160.74,2.1,313,0.7000000000000001
2021,11,30,9,30,7.6000000000000005,0,0,54.88,153.61,2,316,0.7000000000000001
2021,11,30,10,30,7.4,0,0,54.620000000000005,143.39000000000001,1.9000000000000001,318,0.7000000000000001
2021,11,30,11,30,7.300000000000001,0,0,53.63,132.16,1.8,319,0.6000000000000001
2021,11,30,12,30,7.5,0,0,51.120000000000005,120.66,1.7000000000000002,321,0.6000000000000001
2021,11,30,13,30,7.5,0,0,49.230000000000004,109.29,1.6,322,0.6000000000000001
2021,11,30,14,30,7.6000000000000005,0,0,47.62,98.3,1.5,322,0.6000000000000001
2021,11,30,15,30,8.700000000000001,0,18,43.92,87.72,1.5,322,0.6000000000000001
2021,11,30,16,30,10.8,0,38,46.18,78.60000000000001,1.7000000000000002,325,0.6000000000000001
2021,11,30,17,30,12.8,8,89,65.92,70.81,1.7000000000000002,329,0.6000000000000001
2021,11,30,18,30,15.3,8,73,62,65.07000000000001,1.7000000000000002,328,0.6000000000000001
2021,11,30,19,30,17.400000000000002,0,55,42.26,62,1.7000000000000002,325,0.7000000000000001
2021,11,30,20,30,18.3,0,52,39.96,62,1.7000000000000002,327,0.7000000000000001
2021,11,30,21,30,18,0,48,44.12,65.08,1.6,328,0.7000000000000001
2021,11,30,22,30,16.3,0,43,54.58,70.82000000000001,1.4000000000000001,324,0.8
2021,11,30,23,30,15,0,34,73.66,78.61,1.2000000000000002,321,0.8
2021,12,1,0,30,9.600000000000001,0,17,100,87.74,1.4000000000000001,315,0.7000000000000001
2021,12,1,1,30,8.1,0,0,97.7,98.32000000000001,1.7000000000000002,310,0.7000000000000001
2021,12,1,2,30,7.7,0,0,96.02,109.31,2,304,0.7000000000000001
2021,12,1,3,30,7.4,0,0,93.23,120.69,2.2,301,0.7000000000000001
2021,12,1,4,30,7.1000000000000005,0,0,89.34,132.19,2.3000000000000003,299,0.7000000000000001
2021,12,1,5,30,6.800000000000001,0,0,85.36,143.44,2.3000000000000003,298,0.7000000000000001
2021,12,1,6,30,6.5,0,0,82.48,153.69,2.3000000000000003,297,0.7000000000000001
2021,12,1,7,30,6.300000000000001,0,0,79.77,160.87,2.2,299,0.7000000000000001
2021,12,1,8,30,6.1000000000000005,0,0,78.05,160.91,2,302,0.7000000000000001
2021,12,1,9,30,5.800000000000001,0,0,78.41,153.79,1.8,308,0.7000000000000001
2021,12,1,10,30,6,0,0,76.79,143.56,1.5,315,0.7000000000000001
2021,12,1,11,30,6.300000000000001,0,0,73.4,132.32,1.4000000000000001,321,0.7000000000000001
2021,12,1,12,30,6.6000000000000005,0,0,70.93,120.82000000000001,1.3,323,0.8
2021,12,1,13,30,6.7,0,0,70.42,109.45,1.2000000000000002,323,0.8
2021,12,1,14,30,6.9,0,0,69.44,98.46000000000001,1.2000000000000002,321,0.8
2021,12,1,15,30,8.200000000000001,0,16,63.14,87.88,1.4000000000000001,318,0.8
2021,12,1,16,30,10.700000000000001,0,34,61.32,78.77,1.6,315,0.8
2021,12,1,17,30,13.700000000000001,0,42,71.97,70.99,1.5,317,0.8
2021,12,1,18,30,17.1,0,46,57.1,65.25,1.3,321,0.8
2021,12,1,19,30,19.700000000000003,0,48,41.96,62.160000000000004,1.1,327,0.8
2021,12,1,20,30,20.6,0,47,40.49,62.15,0.9,340,0.9
2021,12,1,21,30,20.200000000000003,0,45,42.44,65.2,0.8,176,0.9
2021,12,1,22,30,18.400000000000002,0,42,49.74,70.91,0.6000000000000001,11,0.9
2021,12,1,23,30,17.1,0,34,65.2,78.68,0.5,16,0.9
2021,12,2,0,30,13.100000000000001,0,17,76.64,87.78,0.8,17,0.9
2021,12,2,1,30,11.5,0,0,72.81,98.34,0.9,11,0.8
2021,12,2,2,30,10.4,0,0,77.12,109.33,1,8,0.8
2021,12,2,3,30,9.600000000000001,0,0,79.81,120.7,1,5,0.8
2021,12,2,4,30,9,0,0,81.4,132.2,0.9,181,0.8
2021,12,2,5,30,8.700000000000001,0,0,81.26,143.47,0.9,182,0.8
2021,12,2,6,30,8.5,0,0,79.73,153.75,0.8,10,0.7000000000000001
2021,12,2,7,30,8.5,0,0,76.68,160.99,0.7000000000000001,13,0.7000000000000001
2021,12,2,8,30,8.3,0,0,74.65,161.08,0.7000000000000001,182,0.7000000000000001
2021,12,2,9,30,7.7,0,0,75.02,153.96,0.8,345,0.7000000000000001
2021,12,2,10,30,7,0,0,76.38,143.72,0.8,334,0.7000000000000001
2021,12,2,11,30,6.4,0,0,77.48,132.47,0.9,326,0.6000000000000001
2021,12,2,12,30,5.800000000000001,0,0,78.59,120.98,1,322,0.6000000000000001
2021,12,2,13,30,5.1000000000000005,0,0,81.03,109.61,1,321,0.6000000000000001
2021,12,2,14,30,4.6000000000000005,0,0,82.98,98.62,1,322,0.6000000000000001
2021,12,2,15,30,5.6000000000000005,0,16,77.69,88.03,0.9,322,0.7000000000000001
2021,12,2,16,30,8.6,0,34,79.13,78.94,0.8,320,0.7000000000000001
2021,12,2,17,30,11.8,0,42,75.97,71.16,0.8,319,0.7000000000000001
2021,12,2,18,30,14,0,47,63.940000000000005,65.42,0.7000000000000001,327,0.7000000000000001
2021,12,2,19,30,16.5,0,49,57.04,62.32,0.7000000000000001,343,0.8
2021,12,2,20,30,18.8,0,48,45.480000000000004,62.28,0.6000000000000001,181,0.8
2021,12,2,21,30,19.3,0,47,41.02,65.31,0.6000000000000001,13,0.9
2021,12,2,22,30,17.6,0,42,47.17,71,0.5,13,0.9
2021,12,2,23,30,16.3,0,34,61.2,78.74,0.4,10,0.9
2021,12,3,0,30,12.3,0,16,75.52,87.82000000000001,0.7000000000000001,335,0.9
2021,12,3,1,30,10.8,0,0,71.22,98.37,0.7000000000000001,314,0.9
2021,12,3,2,30,9.8,0,0,74.96000000000001,109.34,0.7000000000000001,311,0.9
2021,12,3,3,30,9.4,0,0,74.43,120.71000000000001,0.8,320,1
2021,12,3,4,30,9,0,0,74.32000000000001,132.21,1,329,1
2021,12,3,5,30,8.6,0,0,74.86,143.48,1,334,1
2021,12,3,6,30,8.1,0,0,76.83,153.79,1.1,335,1
2021,12,3,7,30,7.6000000000000005,0,0,79.86,161.09,1.1,333,1
2021,12,3,8,30,7.300000000000001,0,0,82.29,161.25,1.1,330,1
2021,12,3,9,30,7.2,0,0,83.73,154.12,1.1,326,1
2021,12,3,10,30,7.300000000000001,0,0,83.84,143.88,1,322,1
2021,12,3,11,30,7.2,0,0,84.78,132.63,0.9,320,1
2021,12,3,12,30,7,0,0,86.43,121.14,0.9,321,1
2021,12,3,13,30,6.7,0,0,88.55,109.77,0.8,325,1
2021,12,3,14,30,6.6000000000000005,0,0,89.16,98.78,0.8,328,1
2021,12,3,15,30,7.2,0,16,85.22,88.19,0.7000000000000001,330,1
2021,12,3,16,30,9.4,0,34,83.93,79.11,0.5,323,1
2021,12,3,17,30,11.8,0,42,80.56,71.33,0.4,308,1
2021,12,3,18,30,13.8,0,45,71.02,65.58,0.4,307,1
2021,12,3,19,30,15.5,0,47,63.92,62.47,0.5,320,1
2021,12,3,20,30,16.900000000000002,0,47,56.24,62.410000000000004,0.6000000000000001,335,1
2021,12,3,21,30,17.5,0,44,52.800000000000004,65.41,0.7000000000000001,351,1
2021,12,3,22,30,16.400000000000002,0,41,55.160000000000004,71.07000000000001,0.6000000000000001,185,0.9
2021,12,3,23,30,15.3,0,33,64.46000000000001,78.79,0.5,11,0.9
2021,12,4,0,30,11.8,0,16,75.3,87.85000000000001,0.5,160,0.9
2021,12,4,1,30,10.3,0,0,73.95,98.38,0.7000000000000001,299,0.9
2021,12,4,2,30,9.3,0,0,77.34,109.35000000000001,0.8,287,0.8
2021,12,4,3,30,9.3,0,0,74.85000000000001,120.71000000000001,0.7000000000000001,283,0.8
2021,12,4,4,30,9.4,0,0,71.44,132.21,0.6000000000000001,252,0.8
2021,12,4,5,30,9.1,0,0,70.41,143.49,0.4,189,0.8
2021,12,4,6,30,8.6,0,0,70.62,153.83,0.4,154,0.8
2021,12,4,7,30,8,0,0,71.57000000000001,161.19,0.5,166,0.8
2021,12,4,8,30,7.2,0,0,73.97,161.4,0.6000000000000001,198,0.8
2021,12,4,9,30,6.1000000000000005,0,0,78.78,154.29,0.7000000000000001,229,0.8
2021,12,4,10,30,5.2,0,0,83.42,144.03,0.8,248,0.8
2021,12,4,11,30,4.6000000000000005,0,0,86.34,132.78,0.9,257,0.8
2021,12,4,12,30,4.3,0,0,87.39,121.29,0.9,265,0.8
2021,12,4,13,30,4.1000000000000005,0,0,87.62,109.92,0.9,273,0.7000000000000001
2021,12,4,14,30,4,0,0,87.69,98.94,0.9,279,0.7000000000000001
2021,12,4,15,30,4.7,0,14,82.84,88.33,0.8,285,0.7000000000000001
2021,12,4,16,30,7.1000000000000005,0,33,82.97,79.27,0.6000000000000001,291,0.7000000000000001
2021,12,4,17,30,9.700000000000001,0,41,78.13,71.49,0.6000000000000001,300,0.6000000000000001
2021,12,4,18,30,11.600000000000001,0,44,68.46000000000001,65.73,0.5,313,0.7000000000000001
2021,12,4,19,30,13.200000000000001,0,46,63.800000000000004,62.61,0.5,323,0.7000000000000001
2021,12,4,20,30,14,0,46,60.35,62.53,0.5,329,0.7000000000000001
2021,12,4,21,30,14.100000000000001,0,44,60.97,65.5,0.6000000000000001,332,0.7000000000000001
2021,12,4,22,30,13.3,0,40,68.27,71.14,0.5,330,0.7000000000000001
2021,12,4,23,30,12.700000000000001,0,33,80.92,78.83,0.4,328,0.7000000000000001
2021,12,5,0,30,7.800000000000001,0,16,100,87.87,0.6000000000000001,290,0.7000000000000001
2021,12,5,1,30,5.800000000000001,0,0,100,98.4,0.8,280,0.7000000000000001
2021,12,5,2,30,5,0,0,100,109.35000000000001,0.8,279,0.7000000000000001
2021,12,5,3,30,4.6000000000000005,0,0,100,120.71000000000001,0.9,281,0.7000000000000001
2021,12,5,4,30,4.3,0,0,98.9,132.21,1.1,286,0.6000000000000001
2021,12,5,5,30,4.2,0,0,88.93,143.5,1.2000000000000002,293,0.6000000000000001
2021,12,5,6,30,4.1000000000000005,0,0,80.95,153.86,1.3,300,0.5
2021,12,5,7,30,4.3,0,0,73.5,161.28,1.4000000000000001,307,0.5
2021,12,5,8,30,4.7,0,0,67.17,161.56,1.5,310,0.5
2021,12,5,9,30,4.7,0,0,64.2,154.45000000000002,1.5,312,0.5
2021,12,5,10,30,4.1000000000000005,0,0,66.09,144.19,1.5,313,0.5
2021,12,5,11,30,3.4000000000000004,0,0,70.12,132.93,1.5,315,0.5
2021,12,5,12,30,2.8000000000000003,0,0,74.48,121.44,1.6,317,0.6000000000000001
2021,12,5,13,30,2.6,0,0,77.8,110.07000000000001,1.8,317,0.6000000000000001
2021,12,5,14,30,2.6,0,0,80.16,99.10000000000001,2.1,315,0.6000000000000001
2021,12,5,15,30,3.8000000000000003,0,14,76.2,88.48,2.2,314,0.7000000000000001
2021,12,5,16,30,6.9,0,30,75.86,79.43,2,314,0.8
2021,12,5,17,30,10,0,50,76.99,71.64,1.9000000000000001,319,0.8
2021,12,5,18,30,12,0,50,65.75,65.88,1.9000000000000001,325,0.8
2021,12,5,19,30,13.200000000000001,0,52,63.09,62.75,2,329,0.9
2021,12,5,20,30,14,0,62,62.1,62.64,1.9000000000000001,331,0.9
2021,12,5,21,30,14,0,52,65.58,65.59,1.8,331,0.9
2021,12,5,22,30,13.200000000000001,0,47,74.18,71.2,1.5,329,0.9
2021,12,5,23,30,12.600000000000001,0,39,85.96000000000001,78.87,1.3,327,0.9
2021,12,6,0,30,8,0,16,100,87.89,1.4000000000000001,322,0.9
2021,12,6,1,30,6.6000000000000005,0,0,100,98.4,1.6,319,0.9
2021,12,6,2,30,6.2,0,0,100,109.34,1.6,315,0.9
2021,12,6,3,30,5.7,7,0,100,120.69,1.8,309,0.9
2021,12,6,4,30,5.300000000000001,7,0,99.45,132.19,1.9000000000000001,305,0.9
2021,12,6,5,30,4.9,4,0,97.54,143.49,2,303,0.8
2021,12,6,6,30,4.9,7,0,92.38,153.88,2.1,301,0.8
2021,12,6,7,30,5.2,8,0,84.66,161.36,1.9000000000000001,302,0.8
2021,12,6,8,30,5.5,7,0,76.56,161.70000000000002,1.6,306,0.9
2021,12,6,9,30,5.7,7,0,70.02,154.6,1.1,316,0.9
2021,12,6,10,30,6.1000000000000005,7,0,65.26,144.34,0.8,329,0.9
2021,12,6,11,30,6.5,7,0,62.92,133.08,0.7000000000000001,344,1.1
2021,12,6,12,30,6.4,6,0,64.29,121.59,0.6000000000000001,184,1.2000000000000002
2021,12,6,13,30,6.1000000000000005,6,0,68.49,110.22,0.5,19,1.2000000000000002
2021,12,6,14,30,5.9,6,0,71.23,99.25,0.4,191,1.4000000000000001
2021,12,6,15,30,5.6000000000000005,6,5,73.9,88.62,0.5,329,1.6
2021,12,6,16,30,5.7,6,56,80.26,79.58,0.5,282,1.7000000000000002
2021,12,6,17,30,7.1000000000000005,6,65,83.91,71.8,0.5,256,1.8
2021,12,6,18,30,9.3,6,55,87.37,66.03,0.4,240,1.8
2021,12,6,19,30,10.200000000000001,6,64,82.04,62.870000000000005,0.4,238,1.8
2021,12,6,20,30,9.700000000000001,6,88,84.11,62.75,0.2,286,1.8
2021,12,6,21,30,9,9,67,96.07000000000001,65.67,0.2,184,1.8
2021,12,6,22,30,8.200000000000001,9,54,100,71.25,0.2,178,1.9000000000000001
2021,12,6,23,30,7.800000000000001,9,30,96.7,78.9,0.2,319,1.9000000000000001
2021,12,7,0,30,6.7,6,7,100,87.9,0.2,181,1.9000000000000001
2021,12,7,1,30,6.1000000000000005,6,0,100,98.4,0.30000000000000004,191,1.9000000000000001
2021,12,7,2,30,5.7,6,0,100,109.33,0.30000000000000004,326,1.8
2021,12,7,3,30,5.4,6,0,100,120.68,0.4,284,1.7000000000000002
2021,12,7,4,30,5.2,6,0,100,132.18,0.5,291,1.7000000000000002
2021,12,7,5,30,4.800000000000001,6,0,100,143.48,0.5,318,1.6
2021,12,7,6,30,4.4,7,0,100,153.9,0.5,328,1.6
2021,12,7,7,30,4.1000000000000005,0,0,100,161.44,0.5,328,1.6
2021,12,7,8,30,3.7,0,0,100,161.84,0.6000000000000001,327,1.6
2021,12,7,9,30,3.4000000000000004,0,0,100,154.75,0.7000000000000001,326,1.6
2021,12,7,10,30,3,0,0,100,144.49,0.7000000000000001,326,1.5
2021,12,7,11,30,2.9000000000000004,0,0,100,133.23,0.7000000000000001,324,1.5
2021,12,7,12,30,3,0,0,100,121.73,0.9,319,1.5
2021,12,7,13,30,3.1,0,0,100,110.37,1.2000000000000002,313,1.5
2021,12,7,14,30,3,0,0,100,99.4,1.3,307,1.5
2021,12,7,15,30,3.5,0,13,100,88.76,1.4000000000000001,302,1.5
2021,12,7,16,30,4.800000000000001,0,34,100,79.73,1.6,299,1.4000000000000001
2021,12,7,17,30,6.7,0,44,100,71.94,1.6,302,1.3
2021,12,7,18,30,8.9,0,50,93,66.16,1.4000000000000001,310,1.3
2021,12,7,19,30,10.8,0,50,83.55,63,1.3,316,1.2000000000000002
2021,12,7,20,30,11.9,0,51,77.05,62.85,1.2000000000000002,323,1.1
2021,12,7,21,30,12.100000000000001,0,49,75.79,65.74,1.1,328,1.1
2021,12,7,22,30,11.600000000000001,0,43,79.16,71.3,0.9,329,1.1
2021,12,7,23,30,11.200000000000001,0,34,87.12,78.93,0.8,327,1.1
2021,12,8,0,30,7.6000000000000005,0,16,100,87.91,0.9,314,1
2021,12,8,1,30,6.4,0,0,100,98.39,0.9,309,1
2021,12,8,2,30,5.800000000000001,0,0,100,109.31,0.8,306,1
2021,12,8,3,30,5.800000000000001,0,0,100,120.65,0.8,299,1
2021,12,8,4,30,5.5,0,0,100,132.15,0.7000000000000001,289,1
2021,12,8,5,30,5.2,0,0,100,143.47,0.6000000000000001,275,1
2021,12,8,6,30,4.9,0,0,100,153.91,0.5,214,1
2021,12,8,7,30,4.3,7,0,100,161.5,0.4,178,1
2021,12,8,8,30,3.7,7,0,100,161.97,0.4,221,1
2021,12,8,9,30,3.4000000000000004,0,0,100,154.9,0.30000000000000004,269,1.1
2021,12,8,10,30,3.1,0,0,100,144.63,0.2,220,1.1
2021,12,8,11,30,2.9000000000000004,8,0,100,133.37,0.30000000000000004,154,1.1
2021,12,8,12,30,2.9000000000000004,7,0,100,121.87,0.30000000000000004,182,1.1
2021,12,8,13,30,2.9000000000000004,7,0,100,110.51,0.2,246,1.2000000000000002
2021,12,8,14,30,2.8000000000000003,8,0,100,99.54,0.2,279,1.3
2021,12,8,15,30,3.1,0,12,100,88.89,0.2,273,1.3
2021,12,8,16,30,4.2,0,48,100,79.87,0.2,230,1.2000000000000002
2021,12,8,17,30,5.5,0,49,98.42,72.08,0.30000000000000004,157,1.2000000000000002
2021,12,8,18,30,6.6000000000000005,0,62,96.12,66.29,0.5,130,1.2000000000000002
2021,12,8,19,30,7.2,0,75,93.76,63.11,0.5,134,1.2000000000000002
2021,12,8,20,30,7.6000000000000005,0,79,90.91,62.940000000000005,0.5,128,1.3
2021,12,8,21,30,7.7,0,69,89.49,65.81,0.5,114,1.3
2021,12,8,22,30,7.2,5,111,92.36,71.34,0.5,105,1.3
2021,12,8,23,30,6.9,4,56,96.77,78.94,0.4,102,1.3
2021,12,9,0,30,5.1000000000000005,4,7,100,87.9,0.30000000000000004,92,1.4000000000000001
2021,12,9,1,30,4.6000000000000005,4,0,100,98.38,0.30000000000000004,97,1.4000000000000001
2021,12,9,2,30,4.5,7,0,100,109.29,0.30000000000000004,105,1.4000000000000001
2021,12,9,3,30,4.5,4,0,100,120.63,0.2,112,1.4000000000000001
2021,12,9,4,30,4.4,7,0,100,132.12,0.2,107,1.5
2021,12,9,5,30,4.3,6,0,100,143.45000000000002,0.2,73,1.5
2021,12,9,6,30,3.9000000000000004,6,0,100,153.91,0.2,196,1.5
2021,12,9,7,30,3.3000000000000003,7,0,100,161.56,0.30000000000000004,332,1.4000000000000001
2021,12,9,8,30,2.7,7,0,100,162.09,0.30000000000000004,314,1.3
2021,12,9,9,30,2.3000000000000003,7,0,100,155.04,0.5,312,1.2000000000000002
2021,12,9,10,30,2,7,0,100,144.77,0.7000000000000001,314,1.1
2021,12,9,11,30,1.7000000000000002,8,0,100,133.51,0.9,314,1
2021,12,9,12,30,1.3,8,0,100,122.01,1.1,311,0.8
2021,12,9,13,30,0.7000000000000001,4,0,100,110.65,1.3,310,0.6000000000000001
2021,12,9,14,30,0.2,0,0,100,99.68,1.6,313,0.5
2021,12,9,15,30,0.1,0,11,100,89.01,1.9000000000000001,314,0.4
2021,12,9,16,30,0.8,0,35,98.77,80.01,2.1,316,0.30000000000000004
2021,12,9,17,30,2.2,0,44,86.06,72.21000000000001,2.3000000000000003,324,0.30000000000000004
2021,12,9,18,30,3.6,0,51,66.46000000000001,66.42,2.4000000000000004,333,0.30000000000000004
2021,12,9,19,30,4.800000000000001,0,56,53.29,63.22,2.3000000000000003,335,0.30000000000000004
2021,12,9,20,30,5.5,0,57,49.01,63.02,2.2,336,0.4
2021,12,9,21,30,5.800000000000001,0,56,49.42,65.87,1.9000000000000001,335,0.5
2021,12,9,22,30,5.4,0,51,53.77,71.37,1.4000000000000001,333,0.5
2021,12,9,23,30,5,0,40,61.480000000000004,78.95,1.1,332,0.6000000000000001
2021,12,10,0,30,1.2000000000000002,0,17,88.44,87.89,0.7000000000000001,322,0.6000000000000001
2021,12,10,1,30,0,0,0,94.83,98.36,0.8,316,0.6000000000000001
2021,12,10,2,30,-0.4,0,0,99.02,109.26,1.1,313,0.6000000000000001
2021,12,10,3,30,-0.7000000000000001,0,0,100,120.59,1.3,312,0.6000000000000001
2021,12,10,4,30,-1.1,7,0,100,132.09,1.4000000000000001,313,0.7000000000000001
2021,12,10,5,30,-1.3,7,0,100,143.42000000000002,1.4000000000000001,313,0.7000000000000001
2021,12,10,6,30,-1.4000000000000001,4,0,100,153.9,1.3,314,0.7000000000000001
2021,12,10,7,30,-1.6,0,0,100,161.61,1.2000000000000002,313,0.7000000000000001
2021,12,10,8,30,-2.2,0,0,100,162.21,1.2000000000000002,311,0.7000000000000001
2021,12,10,9,30,-2.9000000000000004,4,0,100,155.18,1.3,310,0.7000000000000001
2021,12,10,10,30,-3.3000000000000003,4,0,100,144.91,1.3,312,0.7000000000000001
2021,12,10,11,30,-3.4000000000000004,0,0,100,133.65,1.3,314,0.7000000000000001
2021,12,10,12,30,-3.5,0,0,100,122.15,1.2000000000000002,316,0.8
2021,12,10,13,30,-3.7,0,0,100,110.79,1.2000000000000002,317,0.8
2021,12,10,14,30,-3.8000000000000003,0,0,100,99.82000000000001,1.2000000000000002,320,0.8
2021,12,10,15,30,-2.4000000000000004,0,11,98.86,89.13,1.3,319,0.7000000000000001
2021,12,10,16,30,0.2,0,37,86.78,80.14,1.5,318,0.7000000000000001
2021,12,10,17,30,2.4000000000000004,0,47,72.9,72.34,1.4000000000000001,329,0.7000000000000001
2021,12,10,18,30,4.1000000000000005,0,52,61.58,66.54,1.4000000000000001,342,0.7000000000000001
2021,12,10,19,30,5.1000000000000005,0,55,55.38,63.32,1.5,345,0.7000000000000001
2021,12,10,20,30,5.5,0,57,53.870000000000005,63.1,1.5,343,0.7000000000000001
2021,12,10,21,30,5.6000000000000005,0,55,54.410000000000004,65.92,1.5,341,0.8
2021,12,10,22,30,5.1000000000000005,0,50,58.2,71.4,1.2000000000000002,337,0.8
2021,12,10,23,30,4.7,0,39,68.59,78.96000000000001,1,334,0.9
2021,12,11,0,30,1.3,4,13,90.69,87.88,0.9,311,1
2021,12,11,1,30,0.30000000000000004,0,0,89.98,98.33,1,302,1
2021,12,11,2,30,0.1,8,0,92.97,109.23,0.9,299,1
2021,12,11,3,30,0.2,0,0,92.10000000000001,120.55,0.8,298,1.1
2021,12,11,4,30,0.5,7,0,87.48,132.05,0.7000000000000001,292,1.1
2021,12,11,5,30,0.6000000000000001,7,0,85.66,143.39000000000001,0.6000000000000001,272,1.1
2021,12,11,6,30,0.5,0,0,86.71000000000001,153.89000000000001,0.6000000000000001,237,1.1
2021,12,11,7,30,0.2,0,0,89.87,161.65,0.5,204,1
2021,12,11,8,30,-0.2,7,0,93.45,162.32,0.5,174,1
2021,12,11,9,30,-0.4,7,0,94.06,155.31,0.6000000000000001,149,1
2021,12,11,10,30,-0.8,7,0,96.31,145.04,0.6000000000000001,139,0.9
2021,12,11,11,30,-1.2000000000000002,7,0,98.4,133.78,0.6000000000000001,137,0.9
2021,12,11,12,30,-1.7000000000000002,8,0,99.54,122.29,0.6000000000000001,138,0.9
2021,12,11,13,30,-2.1,0,0,100,110.92,0.6000000000000001,136,0.8
2021,12,11,14,30,-2.6,8,0,100,99.95,0.6000000000000001,134,0.8
2021,12,11,15,30,-1.8,8,7,92.28,89.25,0.5,133,0.8
2021,12,11,16,30,0.5,7,56,86.32000000000001,80.27,0.7000000000000001,135,0.9
2021,12,11,17,30,2.7,8,101,69.06,72.47,1.2000000000000002,148,0.9
2021,12,11,18,30,4.5,7,167,63.28,66.65,1.5,162,1
2021,12,11,19,30,5.5,7,186,63.89,63.410000000000004,1.7000000000000002,167,1.1
2021,12,11,20,30,5.6000000000000005,7,178,66.44,63.17,1.7000000000000002,167,1.1
2021,12,11,21,30,5.1000000000000005,7,166,70.94,65.96000000000001,1.7000000000000002,165,1.2000000000000002
2021,12,11,22,30,4.2,7,73,78.17,71.42,1.5,160,1.2000000000000002
2021,12,11,23,30,3.8000000000000003,7,51,83.84,78.95,1.4000000000000001,157,1.3
2021,12,12,0,30,2.2,8,11,96.64,87.87,1.1,156,1.4000000000000001
2021,12,12,1,30,1.7000000000000002,4,0,100,98.3,1.1,155,1.5
2021,12,12,2,30,1.4000000000000001,7,0,100,109.19,1.2000000000000002,156,1.6
2021,12,12,3,30,1.3,7,0,100,120.51,1.3,157,1.6
2021,12,12,4,30,1.3,8,0,100,132,1.5,158,1.7000000000000002
2021,12,12,5,30,1.3,7,0,100,143.35,1.7000000000000002,157,1.7000000000000002
2021,12,12,6,30,1.3,7,0,100,153.87,1.7000000000000002,155,1.7000000000000002
2021,12,12,7,30,1.3,7,0,100,161.68,1.7000000000000002,154,1.7000000000000002
2021,12,12,8,30,1.3,7,0,100,162.42000000000002,1.7000000000000002,153,1.6
2021,12,12,9,30,1.3,7,0,100,155.44,1.7000000000000002,154,1.6
2021,12,12,10,30,1.5,8,0,100,145.18,1.6,156,1.5
2021,12,12,11,30,1.6,7,0,100,133.91,1.4000000000000001,154,1.5
2021,12,12,12,30,1.6,8,0,100,122.42,1.3,152,1.3
2021,12,12,13,30,1.6,4,0,100,111.05,1.2000000000000002,150,1.3
2021,12,12,14,30,1.5,4,0,100,100.08,1.2000000000000002,150,1.2000000000000002
2021,12,12,15,30,1.6,4,7,100,89.37,1.2000000000000002,151,1.2000000000000002
2021,12,12,16,30,2.1,4,35,100,80.39,1.3,154,1.2000000000000002
2021,12,12,17,30,2.6,8,53,100,72.58,1.3,155,1.1
2021,12,12,18,30,3.1,7,67,100,66.75,1.3,155,1.1
2021,12,12,19,30,3.6,7,155,100,63.5,1.3,154,1.1
2021,12,12,20,30,3.9000000000000004,7,140,100,63.230000000000004,1.2000000000000002,155,1
2021,12,12,21,30,3.9000000000000004,7,138,100,66,1.2000000000000002,154,1
2021,12,12,22,30,3.6,7,103,100,71.43,1.2000000000000002,152,0.9
2021,12,12,23,30,3.5,8,51,100,78.95,1.2000000000000002,151,0.9
2021,12,13,0,30,2.6,7,11,100,87.84,1.1,158,1
2021,12,13,1,30,2.4000000000000004,7,0,100,98.26,1.2000000000000002,164,1
2021,12,13,2,30,2.3000000000000003,7,0,100,109.14,1.4000000000000001,166,1
2021,12,13,3,30,2.3000000000000003,7,0,100,120.46000000000001,1.6,166,1
2021,12,13,4,30,2.4000000000000004,7,0,100,131.95,1.8,166,1
2021,12,13,5,30,2.5,8,0,100,143.3,1.9000000000000001,165,1
2021,12,13,6,30,2.7,4,0,100,153.84,2,165,1.1
2021,12,13,7,30,2.8000000000000003,4,0,100,161.70000000000002,2,166,1.1
2021,12,13,8,30,3,0,0,100,162.52,1.9000000000000001,168,1.1
2021,12,13,9,30,3.1,0,0,100,155.56,1.7000000000000002,168,1.1
2021,12,13,10,30,3.1,7,0,100,145.3,1.6,164,1.1
2021,12,13,11,30,3.1,6,0,100,134.04,1.7000000000000002,159,1.1
2021,12,13,12,30,3,6,0,100,122.54,1.9000000000000001,155,1.1
2021,12,13,13,30,2.8000000000000003,6,0,100,111.18,2,155,1.1
2021,12,13,14,30,2.6,7,0,100,100.21000000000001,2.1,159,1.2000000000000002
2021,12,13,15,30,2.6,7,4,100,89.48,2.1,163,1.2000000000000002
2021,12,13,16,30,2.6,7,25,100,80.51,2.1,166,1.2000000000000002
2021,12,13,17,30,2.8000000000000003,6,31,100,72.7,2.3000000000000003,167,1.2000000000000002
2021,12,13,18,30,3.2,6,15,100,66.85,2.5,166,1.2000000000000002
2021,12,13,19,30,3.6,6,57,100,63.58,2.8000000000000003,164,1.3
2021,12,13,20,30,3.4000000000000004,7,39,100,63.29,2.8000000000000003,166,1.2000000000000002
2021,12,13,21,30,3,7,45,100,66.03,2.5,176,1.2000000000000002
2021,12,13,22,30,2.3000000000000003,7,29,100,71.43,1.9000000000000001,193,1.1
2021,12,13,23,30,1.9000000000000001,7,34,100,78.93,1.6,202,1
2021,12,14,0,30,0.6000000000000001,8,8,100,87.81,0.8,219,0.9
2021,12,14,1,30,0,8,0,100,98.22,0.6000000000000001,219,0.8
2021,12,14,2,30,-0.4,7,0,100,109.09,0.5,196,0.7000000000000001
2021,12,14,3,30,-0.7000000000000001,7,0,100,120.4,0.5,171,0.7000000000000001
2021,12,14,4,30,-0.9,7,0,100,131.9,0.5,160,0.7000000000000001
2021,12,14,5,30,-1.1,7,0,100,143.25,0.5,151,0.7000000000000001
2021,12,14,6,30,-1.4000000000000001,7,0,100,153.81,0.5,139,0.7000000000000001
2021,12,14,7,30,-1.8,7,0,100,161.72,0.5,122,0.7000000000000001
2021,12,14,8,30,-2,7,0,100,162.61,0.5,110,0.7000000000000001
2021,12,14,9,30,-1.7000000000000002,7,0,100,155.68,0.4,138,0.8
2021,12,14,10,30,-1.6,7,0,100,145.43,0.4,190,0.8
2021,12,14,11,30,-1.9000000000000001,7,0,100,134.16,0.4,220,0.7000000000000001
2021,12,14,12,30,-2,7,0,100,122.67,0.4,226,0.7000000000000001
2021,12,14,13,30,-2,8,0,100,111.3,0.4,224,0.7000000000000001
2021,12,14,14,30,-2.1,8,0,100,100.33,0.4,226,0.6000000000000001
2021,12,14,15,30,-1.8,0,9,100,89.58,0.4,232,0.6000000000000001
2021,12,14,16,30,-1.1,0,35,100,80.62,0.4,237,0.5
2021,12,14,17,30,-0.1,0,48,100,72.8,0.5,252,0.5
2021,12,14,18,30,1,0,59,97.8,66.94,0.6000000000000001,287,0.5
2021,12,14,19,30,1.8,0,63,89.74,63.65,0.6000000000000001,319,0.5
2021,12,14,20,30,2.3000000000000003,0,62,80.46000000000001,63.33,0.7000000000000001,335,0.5
2021,12,14,21,30,2.3000000000000003,0,64,76.2,66.05,0.7000000000000001,345,0.5
2021,12,14,22,30,1.9000000000000001,0,51,77.49,71.43,0.6000000000000001,354,0.5
2021,12,14,23,30,1.6,0,39,84.59,78.91,0.5,358,0.6000000000000001
2021,12,15,0,30,-1.5,0,17,100,87.77,0.6000000000000001,350,0.6000000000000001
2021,12,15,1,30,-2.5,0,0,100,98.17,0.7000000000000001,338,0.6000000000000001
2021,12,15,2,30,-2.6,0,0,100,109.03,0.6000000000000001,325,0.6000000000000001
2021,12,15,3,30,-2.4000000000000004,0,0,100,120.34,0.5,317,0.7000000000000001
2021,12,15,4,30,-2,0,0,98.36,131.83,0.30000000000000004,300,0.7000000000000001
2021,12,15,5,30,-1.9000000000000001,7,0,99.18,143.19,0.30000000000000004,221,0.8
2021,12,15,6,30,-2.5,7,0,100,153.77,0.5,161,0.9
2021,12,15,7,30,-3.1,7,0,100,161.73,0.5,168,1
2021,12,15,8,30,-3,7,0,100,162.69,0.5,164,1
2021,12,15,9,30,-2.7,7,0,100,155.79,0.5,152,1
2021,12,15,10,30,-2.6,7,0,100,145.55,0.5,147,0.9
2021,12,15,11,30,-2.7,7,0,100,134.28,0.7000000000000001,153,0.8
2021,12,15,12,30,-3,0,0,100,122.79,0.9,163,0.8
2021,12,15,13,30,-3,0,0,100,111.42,1.1,166,0.9
2021,12,15,14,30,-2.7,7,0,100,100.45,1.4000000000000001,165,0.9
2021,12,15,15,30,-2.1,0,7,100,89.67,1.6,162,1
2021,12,15,16,30,-1,0,38,100,80.73,1.8,158,1
2021,12,15,17,30,0,7,73,100,72.9,2.2,155,1.1
2021,12,15,18,30,0.6000000000000001,7,114,100,67.02,2.6,156,1.2000000000000002
2021,12,15,19,30,1.1,8,108,100,63.71,2.7,157,1.2000000000000002
2021,12,15,20,30,1.3,7,146,100,63.370000000000005,2.8000000000000003,159,1.2000000000000002
2021,12,15,21,30,1.4000000000000001,7,132,100,66.06,2.9000000000000004,163,1.3
2021,12,15,22,30,1.4000000000000001,7,74,100,71.42,2.8000000000000003,164,1.3
2021,12,15,23,30,1.4000000000000001,7,53,100,78.88,2.8000000000000003,165,1.3
2021,12,16,0,30,1.2000000000000002,8,7,100,87.74,2.2,170,1.3
2021,12,16,1,30,1,8,0,100,98.12,1.6,170,1.2000000000000002
2021,12,16,2,30,0.8,7,0,100,108.97,1.1,168,1.2000000000000002
2021,12,16,3,30,0.6000000000000001,4,0,100,120.27,0.7000000000000001,171,1.1
2021,12,16,4,30,0.4,4,0,100,131.77,0.6000000000000001,177,1
2021,12,16,5,30,0.2,4,0,100,143.13,0.5,178,0.9
2021,12,16,6,30,0,0,0,100,153.72,0.5,175,0.9
2021,12,16,7,30,-0.2,4,0,100,161.73,0.5,170,0.8
2021,12,16,8,30,-0.5,4,0,100,162.76,0.6000000000000001,169,0.8
2021,12,16,9,30,-0.6000000000000001,4,0,100,155.9,0.6000000000000001,173,0.8
2021,12,16,10,30,-0.6000000000000001,4,0,100,145.66,0.6000000000000001,174,0.8
2021,12,16,11,30,-0.6000000000000001,4,0,100,134.4,0.5,173,0.7000000000000001
2021,12,16,12,30,-0.6000000000000001,0,0,100,122.9,0.5,174,0.7000000000000001
2021,12,16,13,30,-0.6000000000000001,0,0,100,111.54,0.5,180,0.8
2021,12,16,14,30,-0.7000000000000001,0,0,100,100.56,0.5,186,0.8
2021,12,16,15,30,-0.30000000000000004,0,7,100,89.77,0.5,190,0.8
2021,12,16,16,30,0.6000000000000001,0,40,100,80.83,0.5,189,0.8
2021,12,16,17,30,1.4000000000000001,0,50,100,72.99,0.6000000000000001,192,0.8
2021,12,16,18,30,2.1,4,115,100,67.1,0.6000000000000001,203,0.8
2021,12,16,19,30,2.7,4,130,100,63.77,0.5,213,0.8
2021,12,16,20,30,3.2,0,104,100,63.4,0.30000000000000004,235,0.8
2021,12,16,21,30,3.4000000000000004,0,60,99.94,66.07000000000001,0.30000000000000004,297,0.7000000000000001
2021,12,16,22,30,3.1,0,53,100,71.4,0.30000000000000004,177,0.7000000000000001
2021,12,16,23,30,2.9000000000000004,0,41,100,78.84,0.4,13,0.7000000000000001
2021,12,17,0,30,0.2,0,18,100,87.69,0.7000000000000001,12,0.6000000000000001
2021,12,17,1,30,-0.8,0,0,100,98.06,0.7000000000000001,181,0.6000000000000001
2021,12,17,2,30,-1.4000000000000001,0,0,100,108.91,0.6000000000000001,343,0.6000000000000001
2021,12,17,3,30,-1.8,0,0,100,120.2,0.7000000000000001,325,0.5
2021,12,17,4,30,-2.3000000000000003,0,0,100,131.7,0.8,311,0.5
2021,12,17,5,30,-2.7,0,0,100,143.06,1.1,305,0.5
2021,12,17,6,30,-3.2,0,0,100,153.67000000000002,1.3,303,0.4
2021,12,17,7,30,-3.9000000000000004,0,0,100,161.72,1.5,303,0.4
2021,12,17,8,30,-4.5,0,0,100,162.83,1.6,303,0.4
2021,12,17,9,30,-4.800000000000001,0,0,100,156,1.6,302,0.4
2021,12,17,10,30,-4.9,0,0,100,145.77,1.6,301,0.4
2021,12,17,11,30,-5,0,0,100,134.51,1.4000000000000001,303,0.4
2021,12,17,12,30,-5.1000000000000005,0,0,100,123.02,1.2000000000000002,308,0.30000000000000004
2021,12,17,13,30,-5.2,0,0,100,111.65,1.1,310,0.30000000000000004
2021,12,17,14,30,-5.2,0,0,100,100.67,1.1,310,0.30000000000000004
2021,12,17,15,30,-4,0,7,93.82000000000001,89.84,1.2000000000000002,310,0.30000000000000004
2021,12,17,16,30,-1.4000000000000001,0,35,93.19,80.93,1.3,309,0.30000000000000004
2021,12,17,17,30,0.9,0,44,97.60000000000001,73.08,1.3,311,0.30000000000000004
2021,12,17,18,30,2.5,0,53,90.08,67.17,1.2000000000000002,318,0.4
2021,12,17,19,30,4.1000000000000005,0,56,81.17,63.82,1.1,323,0.4
2021,12,17,20,30,4.9,0,56,76.5,63.43,1.1,327,0.4
2021,12,17,21,30,5.1000000000000005,0,54,77.04,66.06,1,331,0.5
2021,12,17,22,30,4.5,0,48,84.69,71.38,0.8,335,0.6000000000000001
2021,12,17,23,30,3.9000000000000004,0,37,93.44,78.8,0.6000000000000001,337,0.6000000000000001
2021,12,18,0,30,0.8,0,18,99.97,87.63,0.9,344,0.6000000000000001
2021,12,18,1,30,0,0,0,98.62,97.99000000000001,0.9,177,0.6000000000000001
2021,12,18,2,30,-0.6000000000000001,0,0,100,108.83,0.8,9,0.6000000000000001
2021,12,18,3,30,-1.3,0,0,100,120.13,0.7000000000000001,16,0.7000000000000001
2021,12,18,4,30,-2,0,0,100,131.62,0.7000000000000001,23,0.7000000000000001
2021,12,18,5,30,-2.4000000000000004,7,0,100,142.99,0.7000000000000001,33,0.7000000000000001
2021,12,18,6,30,-2.7,0,0,100,153.61,0.8,40,0.8
2021,12,18,7,30,-2.9000000000000004,0,0,96.93,161.70000000000002,0.7000000000000001,40,0.8
2021,12,18,8,30,-2.8000000000000003,0,0,92.63,162.88,0.7000000000000001,31,0.9
2021,12,18,9,30,-2.6,0,0,88.45,156.1,0.7000000000000001,22,0.9
2021,12,18,10,30,-2.5,0,0,85.52,145.88,0.7000000000000001,20,0.9
2021,12,18,11,30,-2.3000000000000003,0,0,82.5,134.62,0.7000000000000001,18,0.9
2021,12,18,12,30,-2,0,0,79.60000000000001,123.13000000000001,0.6000000000000001,16,0.9
2021,12,18,13,30,-1.7000000000000002,0,0,76.64,111.76,0.6000000000000001,22,0.8
2021,12,18,14,30,-1.4000000000000001,0,0,73.62,100.78,0.5,32,0.8
2021,12,18,15,30,-0.8,0,7,69.26,89.94,0.5,36,0.9
2021,12,18,16,30,0.7000000000000001,0,41,73.03,81.02,0.4,32,0.9
2021,12,18,17,30,2.5,0,58,83.06,73.16,0.4,193,0.9
2021,12,18,18,30,4,0,66,82.34,67.24,0.4,353,1
2021,12,18,19,30,5.2,0,95,78,63.86,0.4,181,1
2021,12,18,20,30,6,0,58,74.05,63.440000000000005,0.4,37,1.1
2021,12,18,21,30,6.4,0,83,74.3,66.06,0.4,80,1.1
2021,12,18,22,30,5.6000000000000005,0,59,85.48,71.35000000000001,0.5,109,1.1
2021,12,18,23,30,4.800000000000001,7,56,95.43,78.75,0.5,118,1.1
2021,12,19,0,30,1.8,0,16,100,87.58,0.8,127,1.1
2021,12,19,1,30,0.9,7,0,100,97.92,0.8,126,1.1
2021,12,19,2,30,0.5,7,0,100,108.76,0.7000000000000001,125,1.1
2021,12,19,3,30,0.2,0,0,100,120.05,0.6000000000000001,120,1.1
2021,12,19,4,30,-0.1,7,0,100,131.54,0.4,106,1.1
2021,12,19,5,30,-0.30000000000000004,0,0,100,142.91,0.2,54,1.1
2021,12,19,6,30,-0.30000000000000004,0,0,100,153.55,0.2,168,1.1
2021,12,19,7,30,-0.2,7,0,100,161.67000000000002,0.2,230,1.1
2021,12,19,8,30,-0.4,0,0,100,162.93,0.30000000000000004,131,1.1
2021,12,19,9,30,-1.1,0,0,100,156.19,0.5,126,1
2021,12,19,10,30,-1.9000000000000001,0,0,100,145.98,0.6000000000000001,130,1
2021,12,19,11,30,-2.2,0,0,100,134.73,0.5,134,1.1
2021,12,19,12,30,-2.1,0,0,99.93,123.23,0.5,121,1.1
2021,12,19,13,30,-2.1,0,0,96.72,111.86,0.5,92,1
2021,12,19,14,30,-2.3000000000000003,0,0,95.32000000000001,100.88,0.5,83,1
2021,12,19,15,30,-1.9000000000000001,0,6,90.48,90.02,0.5,103,1
2021,12,19,16,30,-0.4,0,37,92.39,81.11,0.5,127,1
2021,12,19,17,30,1.4000000000000001,0,52,87.13,73.23,0.9,143,1
2021,12,19,18,30,2.7,0,88,84.16,67.29,1.2000000000000002,149,1
2021,12,19,19,30,3.6,0,70,81,63.89,1.3,153,1
2021,12,19,20,30,4.1000000000000005,0,101,80.04,63.45,1.3,152,1.1
2021,12,19,21,30,4.1000000000000005,0,62,83.63,66.04,1.2000000000000002,147,1.1
2021,12,19,22,30,3.5,0,94,90.37,71.31,1.1,141,1.2000000000000002
2021,12,19,23,30,3.1,7,58,95.15,78.7,1,139,1.2000000000000002
2021,12,20,0,30,0.5,8,14,100,87.52,0.5,139,1.2000000000000002
2021,12,20,1,30,-0.4,7,0,100,97.85000000000001,0.4,143,1.2000000000000002
2021,12,20,2,30,-0.8,7,0,100,108.68,0.4,145,1.2000000000000002
2021,12,20,3,30,-1.1,7,0,100,119.96000000000001,0.4,150,1.2000000000000002
2021,12,20,4,30,-1.2000000000000002,8,0,100,131.45,0.4,156,1.1
2021,12,20,5,30,-1.2000000000000002,8,0,100,142.83,0.4,158,1.1
2021,12,20,6,30,-1,7,0,100,153.48,0.4,160,1
2021,12,20,7,30,-0.8,0,0,100,161.64000000000001,0.4,162,1
2021,12,20,8,30,-0.6000000000000001,8,0,100,162.97,0.30000000000000004,158,1
2021,12,20,9,30,-0.7000000000000001,8,0,100,156.27,0.30000000000000004,152,1.1
2021,12,20,10,30,-0.8,8,0,100,146.08,0.30000000000000004,149,1.1
2021,12,20,11,30,-1,7,0,100,134.83,0.30000000000000004,146,1.1
2021,12,20,12,30,-1.1,8,0,100,123.33,0.30000000000000004,152,1.1
2021,12,20,13,30,-1.1,7,0,100,111.96000000000001,0.30000000000000004,163,1
2021,12,20,14,30,-1.2000000000000002,7,0,100,100.97,0.4,165,0.9
2021,12,20,15,30,-0.9,7,4,100,90.09,0.5,160,0.9
2021,12,20,16,30,-0.2,8,53,100,81.19,0.8,154,0.8
2021,12,20,17,30,0.6000000000000001,8,89,100,73.3,1,153,0.8
2021,12,20,18,30,1.3,7,133,97.95,67.34,1.1,155,0.8
2021,12,20,19,30,1.8,7,184,96.68,63.92,1,156,0.9
2021,12,20,20,30,2,7,192,97.05,63.45,0.9,154,0.9
2021,12,20,21,30,2.1,8,167,97.15,66.02,0.8,150,0.9
2021,12,20,22,30,1.8,8,124,99.24000000000001,71.27,0.6000000000000001,152,0.9
2021,12,20,23,30,1.6,7,74,100,78.64,0.5,155,0.9
2021,12,21,0,30,0.4,7,15,100,87.45,0.30000000000000004,169,1
2021,12,21,1,30,0.1,7,0,100,97.77,0.30000000000000004,175,1
2021,12,21,2,30,0,7,0,100,108.59,0.30000000000000004,174,1.1
2021,12,21,3,30,0.1,8,0,100,119.87,0.30000000000000004,178,1.1
2021,12,21,4,30,0.30000000000000004,8,0,100,131.36,0.30000000000000004,168,1.2000000000000002
2021,12,21,5,30,0.2,7,0,100,142.74,0.30000000000000004,132,1.2000000000000002
2021,12,21,6,30,0,0,0,100,153.4,0.30000000000000004,103,1.1
2021,12,21,7,30,-0.1,0,0,99.47,161.6,0.30000000000000004,108,1.1
2021,12,21,8,30,-0.2,0,0,98.27,163.01,0.30000000000000004,124,1
2021,12,21,9,30,-0.5,0,0,100,156.35,0.30000000000000004,127,1
2021,12,21,10,30,-0.6000000000000001,0,0,99.55,146.17000000000002,0.30000000000000004,116,1
2021,12,21,11,30,-0.7000000000000001,7,0,97.43,134.93,0.30000000000000004,91,1
2021,12,21,12,30,-1,7,0,97.95,123.43,0.30000000000000004,63,1
2021,12,21,13,30,-1.4000000000000001,7,0,100,112.06,0.4,48,1
2021,12,21,14,30,-1.6,7,0,100,101.06,0.4,34,1.1
2021,12,21,15,30,-1.2000000000000002,6,2,95.8,90.16,0.30000000000000004,183,1.1
2021,12,21,16,30,0,7,36,93.51,81.26,0.4,349,1.1
2021,12,21,17,30,1.3,7,77,87.88,73.36,0.30000000000000004,181,1.2000000000000002
2021,12,21,18,30,2.4000000000000004,7,152,82.72,67.38,0.30000000000000004,68,1.2000000000000002
2021,12,21,19,30,3.2,7,156,80.79,63.940000000000005,0.5,143,1.3
2021,12,21,20,30,3.2,6,84,84.64,63.45,0.6000000000000001,155,1.4000000000000001
2021,12,21,21,30,2.9000000000000004,7,144,89.86,65.99,0.4,149,1.4000000000000001
2021,12,21,22,30,2.4000000000000004,7,47,96.55,71.22,0.30000000000000004,151,1.5
2021,12,21,23,30,2.1,7,34,100,78.57000000000001,0.30000000000000004,158,1.5
2021,12,22,0,30,1,7,9,100,87.37,0.30000000000000004,181,1.5
2021,12,22,1,30,0.7000000000000001,7,0,100,97.68,0.2,169,1.5
2021,12,22,2,30,0.7000000000000001,7,0,100,108.5,0.1,127,1.5
2021,12,22,3,30,0.7000000000000001,7,0,100,119.78,0.2,102,1.5
2021,12,22,4,30,0.6000000000000001,8,0,100,131.27,0.2,102,1.5
2021,12,22,5,30,0.4,8,0,100,142.65,0.2,83,1.5
2021,12,22,6,30,0.30000000000000004,7,0,100,153.32,0.2,82,1.5
2021,12,22,7,30,0.2,7,0,100,161.55,0.2,118,1.5
2021,12,22,8,30,0.30000000000000004,8,0,100,163.03,0.2,159,1.5
2021,12,22,9,30,0.5,4,0,100,156.43,0.2,178,1.5
2021,12,22,10,30,0.5,4,0,100,146.26,0.30000000000000004,168,1.5
2021,12,22,11,30,0.4,4,0,100,135.02,0.30000000000000004,146,1.4000000000000001
2021,12,22,12,30,0.30000000000000004,4,0,100,123.52,0.30000000000000004,138,1.4000000000000001
2021,12,22,13,30,0.2,4,0,100,112.15,0.4,143,1.3
2021,12,22,14,30,0.2,7,0,100,101.15,0.5,140,1.2000000000000002
2021,12,22,15,30,0.4,4,4,100,90.24,0.7000000000000001,133,1.2000000000000002
2021,12,22,16,30,0.8,4,28,100,81.33,1,134,1.1
2021,12,22,17,30,1.2000000000000002,4,54,100,73.41,1.1,139,1.1
2021,12,22,18,30,1.8,0,100,100,67.42,1.1,142,1.1
2021,12,22,19,30,2.3000000000000003,4,116,100,63.95,1.1,143,1
2021,12,22,20,30,2.9000000000000004,4,114,100,63.43,1.1,146,1
2021,12,22,21,30,3.5,8,151,100,65.95,1.1,150,1.1
2021,12,22,22,30,3.7,8,105,100,71.16,1,149,1.1
2021,12,22,23,30,3.7,4,43,100,78.5,1,146,1.2000000000000002
2021,12,23,0,30,2.3000000000000003,7,14,100,87.3,0.6000000000000001,145,1.3
2021,12,23,1,30,2.1,8,0,100,97.59,0.7000000000000001,149,1.4000000000000001
2021,12,23,2,30,2.2,7,0,100,108.4,0.7000000000000001,158,1.4000000000000001
2021,12,23,3,30,2.1,8,0,100,119.68,0.6000000000000001,171,1.4000000000000001
2021,12,23,4,30,2,7,0,100,131.17000000000002,0.5,182,1.5
2021,12,23,5,30,2,7,0,100,142.55,0.4,191,1.5
2021,12,23,6,30,1.9000000000000001,7,0,100,153.23,0.4,201,1.5
2021,12,23,7,30,1.8,7,0,100,161.5,0.4,215,1.5
2021,12,23,8,30,1.9000000000000001,6,0,100,163.05,0.4,220,1.5
2021,12,23,9,30,2,6,0,100,156.5,0.5,210,1.4000000000000001
2021,12,23,10,30,2,6,0,100,146.35,0.5,192,1.3
2021,12,23,11,30,2,6,0,100,135.11,0.5,173,1.3
2021,12,23,12,30,1.9000000000000001,7,0,100,123.61,0.5,162,1.2000000000000002
2021,12,23,13,30,1.8,7,0,100,112.23,0.5,155,1.2000000000000002
2021,12,23,14,30,1.7000000000000002,7,0,100,101.23,0.5,143,1.2000000000000002
2021,12,23,15,30,2,7,2,100,90.87,0.5,135,1.1
2021,12,23,16,30,2.9000000000000004,7,42,100,81.4,0.4,135,1.1
2021,12,23,17,30,3.7,7,93,100,73.46000000000001,0.6000000000000001,144,1.1
2021,12,23,18,30,4.5,0,90,100,67.45,0.9,156,1.1
2021,12,23,19,30,5.2,0,117,100,63.95,1.2000000000000002,166,1.1
2021,12,23,20,30,5.9,4,125,100,63.410000000000004,1.3,175,1.1
2021,12,23,21,30,6.1000000000000005,7,137,100,65.9,1.3,178,1.2000000000000002
2021,12,23,22,30,5.9,4,70,100,71.09,1.1,173,1.2000000000000002
2021,12,23,23,30,5.6000000000000005,4,47,100,78.42,1,168,1.2000000000000002
2021,12,24,0,30,3.8000000000000003,0,17,100,87.21000000000001,0.7000000000000001,178,1.2000000000000002
2021,12,24,1,30,3.3000000000000003,4,0,100,97.49000000000001,0.8,191,1.2000000000000002
2021,12,24,2,30,3.1,0,0,100,108.3,0.8,198,1.3
2021,12,24,3,30,2.9000000000000004,4,0,100,119.58,0.7000000000000001,199,1.3
2021,12,24,4,30,2.6,4,0,100,131.06,0.7000000000000001,200,1.3
2021,12,24,5,30,2.4000000000000004,4,0,100,142.45000000000002,0.6000000000000001,201,1.3
2021,12,24,6,30,2.2,5,0,100,153.14000000000001,0.5,203,1.3
2021,12,24,7,30,1.9000000000000001,7,0,100,161.43,0.5,209,1.3
2021,12,24,8,30,1.5,7,0,100,163.06,0.5,222,1.2000000000000002
2021,12,24,9,30,1.1,7,0,100,156.56,0.5,238,1
2021,12,24,10,30,0.30000000000000004,7,0,100,146.43,0.5,256,0.8
2021,12,24,11,30,-0.5,8,0,100,135.19,0.5,271,0.6000000000000001
2021,12,24,12,30,-1.2000000000000002,0,0,100,123.7,0.6000000000000001,284,0.5
2021,12,24,13,30,-1.6,0,0,100,112.32000000000001,0.6000000000000001,293,0.5
2021,12,24,14,30,-1.7000000000000002,0,0,100,101.31,0.6000000000000001,296,0.5
2021,12,24,15,30,-1,0,7,100,90.94,0.5,293,0.5
2021,12,24,16,30,0.4,0,33,100,81.45,0.5,275,0.6000000000000001
2021,12,24,17,30,1.8,0,50,100,73.5,0.8,256,0.6000000000000001
2021,12,24,18,30,2.9000000000000004,0,80,97.22,67.47,1.2000000000000002,246,0.7000000000000001
2021,12,24,19,30,3.7,4,141,95.44,63.95,1.4000000000000001,238,0.7000000000000001
2021,12,24,20,30,4.2,7,88,93.94,63.38,1.5,236,0.7000000000000001
2021,12,24,21,30,4.2,4,115,93.4,65.85,1.4000000000000001,234,0.8
2021,12,24,22,30,3.7,4,74,96.5,71.02,1.1,229,0.8
2021,12,24,23,30,3.3000000000000003,7,45,100,78.34,0.9,224,0.8
2021,12,25,0,30,1.5,4,7,100,87.12,0.7000000000000001,211,0.8
2021,12,25,1,30,1,8,0,100,97.39,0.8,202,0.9
2021,12,25,2,30,0.9,5,0,100,108.2,0.9,198,0.9
2021,12,25,3,30,0.8,8,0,100,119.47,0.9,194,0.9
2021,12,25,4,30,0.6000000000000001,8,0,100,130.96,0.8,183,1
2021,12,25,5,30,0.6000000000000001,8,0,100,142.34,0.9,175,1
2021,12,25,6,30,0.5,8,0,100,153.04,1.1,172,1
2021,12,25,7,30,0.4,8,0,100,161.36,1.3,171,1
2021,12,25,8,30,0.4,7,0,100,163.06,1.3,169,1
2021,12,25,9,30,0.30000000000000004,7,0,100,156.61,1.1,166,1
2021,12,25,10,30,0.4,7,0,100,146.5,1,163,1.1
2021,12,25,11,30,0.4,8,0,100,135.27,0.9,161,1.1
2021,12,25,12,30,0.2,7,0,100,123.78,0.8,166,1.1
2021,12,25,13,30,0,8,0,100,112.39,0.6000000000000001,176,1
2021,12,25,14,30,-0.2,7,0,100,101.38,0.5,190,1
2021,12,25,15,30,-0.1,8,2,100,91,0.5,201,0.9
2021,12,25,16,30,0.4,7,42,100,81.5,0.5,197,0.8
2021,12,25,17,30,1.1,7,66,100,73.54,0.6000000000000001,198,0.8
2021,12,25,18,30,1.6,8,73,100,67.48,0.8,211,0.8
2021,12,25,19,30,1.9000000000000001,7,154,100,63.940000000000005,0.9,212,0.8
2021,12,25,20,30,2,7,47,98.11,63.35,0.8,205,0.8
2021,12,25,21,30,1.9000000000000001,4,104,96.75,65.79,0.6000000000000001,207,0.8
2021,12,25,22,30,1.5,4,58,98.66,70.94,0.4,223,0.8
2021,12,25,23,30,1.3,0,36,99.93,78.24,0.4,234,0.8
2021,12,26,0,30,-0.2,7,21,100,87.02,0.4,222,0.7000000000000001
2021,12,26,1,30,-0.9,7,0,100,97.29,0.5,221,0.7000000000000001
2021,12,26,2,30,-1.5,4,0,100,108.09,0.6000000000000001,230,0.7000000000000001
2021,12,26,3,30,-1.8,0,0,100,119.36,0.7000000000000001,243,0.7000000000000001
2021,12,26,4,30,-2,4,0,100,130.84,0.7000000000000001,255,0.6000000000000001
2021,12,26,5,30,-2.1,8,0,100,142.23,0.7000000000000001,258,0.6000000000000001
2021,12,26,6,30,-2.3000000000000003,8,0,100,152.93,0.7000000000000001,258,0.6000000000000001
2021,12,26,7,30,-2.5,4,0,100,161.28,0.8,265,0.5
2021,12,26,8,30,-2.9000000000000004,7,0,100,163.05,0.9,272,0.5
2021,12,26,9,30,-3.3000000000000003,0,0,100,156.66,0.8,270,0.5
2021,12,26,10,30,-3.5,4,0,100,146.57,0.8,263,0.5
2021,12,26,11,30,-3.6,0,0,100,135.35,0.7000000000000001,254,0.5
2021,12,26,12,30,-3.6,0,0,100,123.85000000000001,0.7000000000000001,245,0.5
2021,12,26,13,30,-3.5,4,0,100,112.47,0.7000000000000001,234,0.5
2021,12,26,14,30,-3.5,7,0,100,101.45,0.6000000000000001,222,0.6000000000000001
2021,12,26,15,30,-2.9000000000000004,7,1,100,91.06,0.7000000000000001,210,0.6000000000000001
2021,12,26,16,30,-1.8,8,45,100,81.55,0.9,201,0.6000000000000001
2021,12,26,17,30,-0.8,7,86,100,73.57000000000001,1.3,198,0.7000000000000001
2021,12,26,18,30,-0.2,7,123,100,67.49,1.5,200,0.8
2021,12,26,19,30,0.1,7,148,100,63.92,1.5,202,0.8
2021,12,26,20,30,0.1,8,176,100,63.300000000000004,1.5,200,0.8
2021,12,26,21,30,0,7,147,100,65.72,1.5,199,0.8
2021,12,26,22,30,-0.2,7,104,100,70.86,1.5,199,0.8
2021,12,26,23,30,-0.30000000000000004,8,71,100,78.15,1.4000000000000001,198,0.8
2021,12,27,0,30,-1,7,20,100,86.92,1.1,198,0.8
2021,12,27,1,30,-1.3,7,0,100,97.17,1.1,200,0.8
2021,12,27,2,30,-1.4000000000000001,8,0,100,107.97,1,196,0.9
2021,12,27,3,30,-1.4000000000000001,7,0,100,119.24000000000001,0.9,188,0.9
2021,12,27,4,30,-1.3,7,0,100,130.73,0.9,184,0.9
2021,12,27,5,30,-1.2000000000000002,6,0,100,142.12,0.8,183,0.9
2021,12,27,6,30,-1.2000000000000002,7,0,100,152.82,0.7000000000000001,185,0.9
2021,12,27,7,30,-1.3,6,0,100,161.20000000000002,0.7000000000000001,189,0.9
2021,12,27,8,30,-1.5,7,0,100,163.03,0.6000000000000001,192,0.9
2021,12,27,9,30,-1.7000000000000002,7,0,100,156.70000000000002,0.6000000000000001,196,0.8
2021,12,27,10,30,-1.8,7,0,100,146.63,0.6000000000000001,201,0.8
2021,12,27,11,30,-2,7,0,100,135.42000000000002,0.6000000000000001,208,0.8
2021,12,27,12,30,-2.2,0,0,100,123.93,0.6000000000000001,215,0.7000000000000001
2021,12,27,13,30,-2.5,0,0,100,112.53,0.6000000000000001,221,0.7000000000000001
2021,12,27,14,30,-2.8000000000000003,4,0,100,101.51,0.6000000000000001,229,0.6000000000000001
2021,12,27,15,30,-2.6,7,2,100,91.11,0.6000000000000001,240,0.6000000000000001
2021,12,27,16,30,-1.7000000000000002,7,32,100,81.58,0.7000000000000001,253,0.5
2021,12,27,17,30,-1,0,79,100,73.59,1,275,0.5
2021,12,27,18,30,-0.6000000000000001,0,87,98.79,67.49,1.3,294,0.5
2021,12,27,19,30,-0.5,4,138,93.72,63.89,1.5,302,0.5
2021,12,27,20,30,-0.5,0,110,89.61,63.25,1.5,308,0.6000000000000001
2021,12,27,21,30,-0.7000000000000001,7,147,88.32000000000001,65.65,1.4000000000000001,315,0.6000000000000001
2021,12,27,22,30,-1.2000000000000002,7,130,90.77,70.77,1.1,321,0.7000000000000001
2021,12,27,23,30,-1.5,7,66,96.31,78.04,0.9,323,0.8
2021,12,28,0,30,-2.7,7,19,100,86.81,0.5,322,0.9
2021,12,28,1,30,-3.2,8,0,100,97.06,0.5,319,0.9
2021,12,28,2,30,-3.7,7,0,100,107.85000000000001,0.6000000000000001,318,0.9
2021,12,28,3,30,-4.2,8,0,100,119.12,0.6000000000000001,315,0.9
2021,12,28,4,30,-4.5,8,0,100,130.61,0.5,311,0.9
2021,12,28,5,30,-4.5,7,0,100,142,0.5,310,0.9
2021,12,28,6,30,-4.6000000000000005,4,0,100,152.71,0.5,314,0.9
2021,12,28,7,30,-4.6000000000000005,7,0,100,161.1,0.5,321,0.9
2021,12,28,8,30,-4.7,7,0,100,163.01,0.5,328,0.9
2021,12,28,9,30,-4.7,7,0,99.10000000000001,156.74,0.5,333,0.9
2021,12,28,10,30,-4.6000000000000005,7,0,97.82000000000001,146.69,0.5,342,0.9
2021,12,28,11,30,-4.3,7,0,96.03,135.49,0.4,191,0.9
2021,12,28,12,30,-4.2,7,0,94.49,123.99000000000001,0.4,59,0.8
2021,12,28,13,30,-4.6000000000000005,7,0,97.06,112.60000000000001,0.4,90,0.8
2021,12,28,14,30,-5,4,0,98.66,101.56,0.4,95,0.8
2021,12,28,15,30,-4.6000000000000005,4,2,95.10000000000001,91.16,0.4,91,0.9
2021,12,28,16,30,-3,0,44,94.52,81.62,0.5,95,0.8
2021,12,28,17,30,-1.4000000000000001,4,81,94.9,73.60000000000001,0.7000000000000001,116,0.8
2021,12,28,18,30,-0.30000000000000004,4,110,96.96000000000001,67.48,0.8,133,0.8
2021,12,28,19,30,0.2,4,149,97.52,63.86,0.8,136,0.8
2021,12,28,20,30,0.5,7,166,97.02,63.190000000000005,0.9,132,0.8
2021,12,28,21,30,0.4,7,153,100,65.57000000000001,1,130,0.8
2021,12,28,22,30,0,7,102,100,70.67,1,129,0.8
2021,12,28,23,30,-0.2,0,43,100,77.93,0.9,128,0.8
2021,12,29,0,30,-1.2000000000000002,7,14,100,86.7,0.8,131,0.8
2021,12,29,1,30,-1.7000000000000002,8,0,100,96.94,0.8,137,0.9
2021,12,29,2,30,-2.1,8,0,100,107.73,0.7000000000000001,141,0.9
2021,12,29,3,30,-2.3000000000000003,7,0,100,119,0.7000000000000001,144,0.9
2021,12,29,4,30,-2.5,7,0,100,130.48,0.8,144,0.9
2021,12,29,5,30,-2.5,7,0,100,141.87,0.8,144,1
2021,12,29,6,30,-2.5,7,0,100,152.59,0.8,144,1
2021,12,29,7,30,-2.5,7,0,100,161,0.8,141,1
2021,12,29,8,30,-2.4000000000000004,7,0,100,162.98,0.8,137,1
2021,12,29,9,30,-2.4000000000000004,7,0,100,156.77,0.7000000000000001,134,1
2021,12,29,10,30,-2.3000000000000003,7,0,100,146.74,0.6000000000000001,130,1
2021,12,29,11,30,-2.4000000000000004,7,0,100,135.55,0.6000000000000001,120,1
2021,12,29,12,30,-2.5,7,0,100,124.05,0.5,105,1
2021,12,29,13,30,-2.6,7,0,100,112.65,0.5,91,1
2021,12,29,14,30,-2.8000000000000003,8,0,100,101.62,0.4,85,1
2021,12,29,15,30,-2.8000000000000003,8,2,100,91.2,0.4,93,0.9
2021,12,29,16,30,-2.3000000000000003,7,45,100,81.64,0.5,119,0.9
2021,12,29,17,30,-1.5,4,84,100,73.61,0.5,135,0.9
2021,12,29,18,30,-0.7000000000000001,7,106,100,67.47,0.4,118,0.9
2021,12,29,19,30,0,0,74,100,63.82,0.4,78,0.9
2021,12,29,20,30,0.30000000000000004,7,95,100,63.120000000000005,0.5,43,0.9
2021,12,29,21,30,0.6000000000000001,0,98,100,65.48,0.5,25,0.9
2021,12,29,22,30,0.6000000000000001,0,57,100,70.56,0.5,12,0.8
2021,12,29,23,30,0.4,0,44,100,77.82000000000001,0.5,6,0.8
2021,12,30,0,30,-1.8,0,22,100,86.58,0.5,330,0.7000000000000001
2021,12,30,1,30,-3,0,0,100,96.81,0.7000000000000001,305,0.7000000000000001
2021,12,30,2,30,-4,0,0,100,107.61,0.8,298,0.6000000000000001
2021,12,30,3,30,-4.9,0,0,100,118.87,0.8,310,0.6000000000000001
2021,12,30,4,30,-5.300000000000001,0,0,100,130.36,0.8,321,0.6000000000000001
2021,12,30,5,30,-5.7,0,0,100,141.75,0.8,326,0.6000000000000001
2021,12,30,6,30,-6.2,0,0,100,152.46,0.8,330,0.6000000000000001
2021,12,30,7,30,-6.5,0,0,100,160.9,0.8,331,0.6000000000000001
2021,12,30,8,30,-6.300000000000001,0,0,100,162.93,0.8,328,0.6000000000000001
2021,12,30,9,30,-6.2,0,0,100,156.79,0.7000000000000001,321,0.6000000000000001
2021,12,30,10,30,-6.2,0,0,100,146.79,0.7000000000000001,315,0.7000000000000001
2021,12,30,11,30,-6.2,0,0,100,135.6,0.7000000000000001,311,0.7000000000000001
2021,12,30,12,30,-6,0,0,99.14,124.11,0.8,307,0.8
2021,12,30,13,30,-5.800000000000001,7,0,99.64,112.71000000000001,0.8,301,0.8
2021,12,30,14,30,-5.5,8,0,100,101.66,0.8,295,0.9
2021,12,30,15,30,-4.4,7,1,95.96000000000001,91.24,0.8,293,0.9
2021,12,30,16,30,-2,7,47,95.03,81.66,0.8,295,0.9
2021,12,30,17,30,0.1,0,64,98.32000000000001,73.61,0.8,295,0.9
2021,12,30,18,30,1.4000000000000001,0,80,95.09,67.45,0.7000000000000001,292,0.9
2021,12,30,19,30,2.3000000000000003,7,110,91.53,63.77,0.6000000000000001,292,0.9
2021,12,30,20,30,2.9000000000000004,7,141,87.71000000000001,63.050000000000004,0.6000000000000001,294,0.9
2021,12,30,21,30,3,0,87,85.76,65.38,0.6000000000000001,304,0.9
2021,12,30,22,30,2.7,0,51,88.73,70.45,0.4,319,0.9
2021,12,30,23,30,2.3000000000000003,0,42,96.57000000000001,77.7,0.30000000000000004,325,0.9
2021,12,31,0,30,0.2,0,22,99.35000000000001,86.46000000000001,0.30000000000000004,342,0.9
2021,12,31,1,30,-0.5,0,0,97.53,96.68,0.30000000000000004,306,0.9
2021,12,31,2,30,-0.9,0,0,99.60000000000001,107.47,0.30000000000000004,267,0.8
2021,12,31,3,30,-1.2000000000000002,0,0,100,118.74000000000001,0.4,265,0.8
2021,12,31,4,30,-1.5,0,0,100,130.22,0.4,274,0.8
2021,12,31,5,30,-1.7000000000000002,0,0,100,141.62,0.5,282,0.8
2021,12,31,6,30,-1.8,7,0,100,152.34,0.5,292,0.8
2021,12,31,7,30,-2,0,0,100,160.79,0.5,306,0.8
2021,12,31,8,30,-2.5,0,0,100,162.88,0.6000000000000001,317,0.8
2021,12,31,9,30,-3.3000000000000003,0,0,100,156.8,0.7000000000000001,322,0.8
2021,12,31,10,30,-4.3,0,0,100,146.83,0.7000000000000001,320,0.7000000000000001
2021,12,31,11,30,-5.1000000000000005,0,0,100,135.65,0.9,314,0.7000000000000001
2021,12,31,12,30,-5.5,0,0,100,124.16,1,309,0.6000000000000001
2021,12,31,13,30,-5.6000000000000005,0,0,100,112.76,1.2000000000000002,305,0.6000000000000001
2021,12,31,14,30,-5.5,0,0,100,101.7,1.3,302,0.6000000000000001
2021,12,31,15,30,-4.2,0,4,100,91.27,1.4000000000000001,302,0.6000000000000001
2021,12,31,16,30,-2,0,36,98.09,81.68,1.6,304,0.6000000000000001
2021,12,31,17,30,-0.2,0,50,97.17,73.61,1.6,310,0.7000000000000001
2021,12,31,18,30,1.1,0,61,94.47,67.42,1.7000000000000002,318,0.7000000000000001
2021,12,31,19,30,2,0,66,90.82000000000001,63.72,1.7000000000000002,323,0.7000000000000001
2021,12,31,20,30,2.4000000000000004,0,64,89.49,62.97,1.7000000000000002,325,0.7000000000000001
2021,12,31,21,30,2.5,0,58,89.86,65.28,1.6,326,0.6000000000000001
2021,12,31,22,30,2.1,0,50,93.59,70.33,1.3,324,0.6000000000000001
2021,12,31,23,30,1.8,0,39,98.01,77.57000000000001,1.1,322,0.6000000000000001
